cpu_usage,memory_usage,cpu_request,cpu_limit,memory_request,memory_limit,network_bandwidth_usage,network_latency,disk_io,pod_lifetime_seconds,scaling_event,cpu_util,memory_util,resource_pressure_score
3.345496144976717,2135.3103654478373,1.5695415604262677,3.6791523748987336,3174.582782544709,5134.413852441214,459.0157332207024,13.72254182,9.993579253,119648,False,0.9093114105548262,0.41588201231903,0.6031999807679219
2.758187760089938,7442.200271014058,0.3431192821029727,3.7227157472441808,3551.4591733029038,3698.3493662000033,507.7708077585147,55.49395319,935.7924417,144516,True,0.7409072318305561,2.012303201265299,1.266698423207006
1.3197031994167192,5142.897754392874,0.2492708317142125,1.318147276872012,1578.313252872322,7418.271121609108,527.7025308333953,173.9100156,328.3523591,68857,True,1.001179626428976,0.6932744394739843,0.849480496365848
3.7523123887910255,2952.4493307875427,0.3114965439141706,2.8525947514374552,1392.9623718903026,3628.480704997248,473.5303146161347,67.39572922,778.2977085,72080,True,1.3154027825008827,0.8136874824517207,0.9917966835972156
2.901598224342328,5052.061408875653,1.3218195330189506,2.3641494510099643,2482.6420630117427,5590.519939577594,888.5677979028444,31.38605968,971.8009216,36448,False,1.2273323058195245,0.9036836399073267,0.974654024028648
3.981147016708452,1864.3576193697163,0.9398209214821096,1.1613451723398422,658.0308129868714,6373.698239679009,431.2604527072189,30.67230832,990.4250417,179401,True,3.4280450666034983,0.2925079834295859,1.5
3.318025936065785,7075.217690722407,0.8984588769486973,1.6667856433341024,2870.9759651603003,5808.180739908498,456.0078591371376,122.2863904,852.1192625,173976,True,1.9906722611051646,1.2181469562215659,1.5
2.1373575438161923,2616.6617232099825,1.3917091019310803,3.700911061001408,3733.779058911038,2728.5813199527274,885.4646167062156,156.6628299,964.4159038,197616,False,0.5775218401806221,0.9589824950851505,0.7697774263356406
1.0087064844572766,2782.899896366289,1.177825445857284,3.2155748323848665,1718.2591228947929,3955.681045737604,667.2600715796142,181.7216342,33.56696706,81781,True,0.3136938878251111,0.7035197892563783,0.5486290811033869
2.347924943734636,1391.0491967578782,1.289343501001528,0.942822536284742,1168.9983558411666,720.5404286511127,679.5823723189294,173.6510926,966.0354782,30122,True,2.490312188203095,1.930563698460928,1.5
1.9621373977842715,6804.3768066778575,1.2889493635686455,3.0866732589893635,4076.852465358658,2283.2242308086275,896.3383844725221,184.8172232,727.8139041,176039,False,0.6356800987567482,2.9801614365698352,1.5
2.900312873900767,4105.216055150266,0.5683368281957988,1.90556308982114,3946.942359075202,7572.247506801985,897.9053956328539,112.2596122,511.2440461,143325,True,1.5220232630291621,0.5421397083125584,0.9850168013646837
2.6668690780194058,6395.672218165562,0.5231688448929848,3.795571144864592,438.01630973782113,5502.636125423961,251.0183954988168,69.26555206,244.3312186,115311,True,0.702626369947329,1.162292412440865,0.8738546553568127
3.197417476289361,6876.254001568321,0.4552418950909564,3.9615471293380327,3051.951277132111,4737.991279248181,700.6037769466631,12.17721911,809.369023,107949,False,0.807113121410857,1.451301531565532,1.0223766849460638
1.654919600199643,5019.486902393639,1.8935077836544771,2.161271413241449,2094.204198725256,6938.733217743423,886.3892298,82.5968176,290.8814417,32170,False,0.7657154137814657,0.7234010509057514,0.7114108671210994
3.577135457362344,4718.104983723441,1.6175507342300344,0.8064707383153393,2588.2690946406906,5933.120068146697,4.246276727505438,50.72727713,804.556242,11943,False,4.435537276029931,0.795214815937814,1.5
1.566552416788607,5973.048973098541,1.163764668303056,1.2930874250780633,4050.5817109444015,4305.733422775611,409.9103968574505,112.2501551,728.7843315,177731,True,1.2114812772328658,1.3872314853762808,1.2255594777344192
0.0962981281332333,3459.3300044422194,0.907532739395834,1.0957458343161517,3377.24598407301,5968.277244592403,721.5228120415467,123.4768657,944.7534159,101436,True,0.0878835558702137,0.5796195220315793,0.36212984082337507
3.387441494862468,5056.482112749957,1.6150546468198177,1.593095947694955,3594.952410838528,2498.0428112770514,453.1653413519812,198.9402053,903.2279239,126526,False,2.126324766213219,2.0241775232590196,1.5
0.9519643559445724,1528.4136995373335,0.5115768869330062,1.0202198620115517,643.6560536859906,3705.024528241891,510.9178419357806,178.4516574,745.929323,158468,True,0.9330963435383991,0.4125245831638454,0.6947769571882266
2.332462686795525,6571.782716729667,1.0268975056394705,1.3833108334803086,2837.4876945948035,4308.724394530621,384.8498169364455,18.28108621,496.5181137,23345,False,1.686143811064801,1.5252269844751465,1.4542596252818318
2.963707748176461,3272.9227203830515,0.5660768215918364,1.6087981482903175,601.1267752922079,7133.32146789382,851.4128645820799,37.89732774,192.0703548,39218,True,1.8421862985979418,0.4588217052400122,1.054406876407594
1.0325248336112267,6343.86628559445,0.1069197347476864,3.3727085619574733,1884.3450912889757,4177.224883142656,800.0224807354986,42.03115464,520.4451508,145624,True,0.3061410461362003,1.518679616622192,0.8421899893173465
2.8975825768422725,3438.895405958917,1.1212051153218072,2.15066956468954,1485.2320932235496,6011.43364878532,265.6840319533921,65.05550909,974.6442219,137836,True,1.347292618598029,0.5720591137326662,0.8962439491274905
0.0859806413486978,4625.312251275544,1.9572602481073769,2.34452401180138,1773.8793516877083,1383.924006272968,66.8578733982026,155.8436867,790.9305409,7694,True,0.03667294693633312,3.342172132984205,1.5
2.468560283798883,7420.6840057158015,0.166650428423897,2.2377814267370573,1092.5711668187687,7858.716473404406,390.9561137212585,9.903278472,383.6590761,80569,False,1.103127924459719,0.9442615762872648,0.9262781194629156
3.182329786319108,2459.503625768233,1.6716564419155582,2.158620715430713,3261.291116607653,2797.310494573386,800.3926726573526,196.9202472,87.68343969,120595,False,1.474241532719934,0.8792386936167019,1.1575501839203413
2.2137521980092427,1143.3279625891391,1.7112362019309657,2.135669828836696,3693.4377851061577,417.893472519144,809.0427830498934,31.21019715,577.2262929,108955,False,1.03656058233238,2.7359316070696242,1.5
2.9079710036721784,263.73921748005614,0.3250947825195808,1.3241253524706789,1099.5608825614577,4161.899796325977,502.1179657139199,134.7863927,692.6993005,188949,True,2.1961431386409718,0.06336991045519853,1.0841904673440375
1.2176774424304249,2690.4853213923143,0.8592374964088038,3.0636371301307217,1816.655269996776,4921.178462541102,445.6816270541008,65.66790165,760.6178417,68272,True,0.39746125054869585,0.5467156579109993,0.4577215491728005
1.42262354354861,5008.464353200352,1.3431176749865648,3.398157028026376,2418.8889169137683,1996.519362741711,450.2629146459796,23.33586103,809.50777,168469,True,0.4186454931805684,2.5085979350653047,1.3289303124029628
0.4454599505126571,2540.287211851606,1.2826487186616375,1.547931358243939,3178.6707102220985,7059.632218808227,362.5805547864004,40.9170058,225.1586655,154656,True,0.2877774006985756,0.35983279762421,0.3118880703474599
2.6738714285896865,5126.059033074683,1.831809670500297,1.1124107374607497,3226.738783006977,4631.715485269907,872.2341359991775,68.62681085,80.44584333,151239,False,2.403670636102068,1.1067301193845325,1.5
3.0362314882882058,2903.9481132770534,1.351249085238626,0.9493236525087152,2711.614499467354,3890.8583421607127,649.693344891141,102.6922809,347.1613148,169218,True,3.198306796589096,0.7463515392128234,1.5
2.113562315910169,6930.247405429167,1.645061822720942,3.5158808607968366,4047.211153512568,868.0915848826725,454.6261415205455,22.25975979,566.8173708,92938,True,0.6011471373589193,7.983313648159043,1.5
1.3358849088096094,1438.7564415951838,0.8438643093677183,1.1030398619197483,1782.9770397251234,2876.048005551002,525.9004592613371,11.72854332,913.8999407,50446,True,1.2110928569632642,0.5002546683219524,0.7759720850015158
2.576766328788912,2038.3656852926488,0.5003929566412124,1.8099795304336104,4083.399553162286,4040.449406742549,353.7689854558617,2.886477992,580.5088632,33603,True,1.4236431196149972,0.5044898424879697,0.8691034231281277
0.071349249437167,7402.241650443222,0.289364119808111,1.8089046455031712,1826.20754384689,5299.0672327355405,369.6859983937271,166.9686224,194.2047967,74700,True,0.03944332288117784,1.3968952126740735,0.7298569665788892
1.0840793379686913,4533.277370789282,1.2248285752534525,1.2563634371198786,4040.402416424981,6784.547356996902,606.4773423207607,87.23935988,538.3234178,46019,True,0.8628701242561928,0.6681768335577962,0.7326014250069899
3.3447944483275847,4064.529876786314,1.0405253008460638,1.1278853366376236,4036.921563540993,4756.007493635583,256.49813011622234,199.0112294,650.2761663,13929,False,2.9655421292706263,0.8546096450375228,1.5
2.844469607181696,5383.554613822024,0.2535433991276444,3.203345387209515,1108.3869165807985,4206.230488308875,520.3971579816634,74.25816057,252.4642535,199826,False,0.8879681630869642,1.279900050058026,1.012678810882319
1.3854569138732042,1850.9656778306328,1.7693590069068907,2.6975331529675546,4092.276316722856,1974.0839561780688,224.954506877936,98.23624364,634.5003315,34561,False,0.5136012503675123,0.9376327035637165,0.7021853530849353
1.910579736598081,6206.00130668297,1.020392777543167,1.1113553443101774,2681.63155832792,4361.978890318456,384.2853048851478,123.6168523,989.7784875,102912,True,1.7191423312420864,1.4227490460888355,1.4756745858980715
2.6537944636955517,4781.156113489766,1.1111541758929395,3.696443745584329,1477.965618815994,7398.02517906307,693.9871760887997,114.0410547,647.9283884,23380,False,0.7179315927461655,0.6462746472361973,0.6709272102436852
0.799464878217274,5504.072315180526,0.1768282283422456,1.8413938195111836,1430.4960906470671,6625.503392054611,981.646266935471,64.77362723,750.1444828,103135,True,0.4341626628609175,0.8307402454808701,0.6016010031070864
2.553110825433984,4430.088060823893,0.6235643122754181,0.6210466433988215,3077.2443353090766,1843.7075477110648,771.9568419275236,91.69613927,783.4627143,131917,True,4.11097417818304,2.402814949649127,1.5
2.378404803295417,1786.689327199073,1.5186338908825183,3.2641903813852364,3476.338222446727,3287.8955776143243,358.9895556855968,128.0709042,81.72361685,85712,True,0.7286352193865805,0.543414255252008,0.6364732975425227
2.329639787860428,4060.587133497317,0.7851224147951431,3.0050332748514834,3753.0211488586174,1719.8036903200789,487.9247197115511,19.26832826,341.3977807,4300,False,0.775245662705649,2.3610759495349787,1.420981233935779
1.2705183007154974,4365.90823264074,1.0176185625413257,2.024660500155864,2131.369225560311,5751.615408505039,109.35507827235702,159.1510338,615.3846988,150581,False,0.6275213415268128,0.7590751331227225,0.7035632937377712
0.2185047621532994,6338.078319910993,0.7884298404860498,2.7012677548996376,3834.0745126585703,5041.822166875016,227.83641506606355,185.7380931,730.9333259,26111,False,0.08088967888032958,1.2571007284420568,0.6949873278276685
2.6299526752372824,7388.996197112918,0.5603749799166297,0.6019071594432184,3269.21327527358,5244.368919738695,191.02019884443388,36.15274815,987.4157775,182262,True,4.3693587368379605,1.4089390561166206,1.5
3.3065704223937096,6619.768877492592,0.5582699163927117,1.803015480809854,1048.610362282053,1607.571281023446,993.67256707977,67.84915422,24.89602813,135261,False,1.8339102596047876,4.117869578486314,1.5
3.3085271706544788,1685.0995234222555,1.1677789636462432,0.934827513664225,3869.079799711805,1872.8558446680352,394.0481894600675,176.9282877,709.4080122,85123,False,3.5391808468551345,0.8997486524763425,1.5
1.6013047452440796,7936.989852651679,0.604391630785112,3.499797673723194,393.1161621252589,1030.6936197202735,699.9392394529029,198.814818,520.8536874,176219,False,0.45754196013239873,7.700629646960576,1.5
0.2872783239435614,3847.208320834208,1.4441267165204028,1.159730254869851,3403.01259747843,1183.146780445676,426.5970431683113,155.965227,735.9976821,67448,True,0.24771111646534075,3.2516745860841874,1.5
3.541835333523249,3436.698283332078,1.8762791739081768,2.103035705221932,3971.1437863004376,990.1040618909574,780.4650020479907,154.9226907,464.1127149,194276,True,1.6841528846019267,3.47104755160526,1.5
2.567612433908091,2077.382498615427,0.8322042301692444,3.8515056279480793,3434.587449370268,293.75871385026767,608.2915596956487,45.50705422,326.2636403,141727,False,0.6666514384984992,7.071730619717251,1.5
0.615534792827868,7123.5981489135465,0.6233477619639461,3.265005607608769,3787.77015781684,929.9364445353796,47.4782480340652,90.55107239,829.4667966,170445,True,0.1885248230105955,7.660306446869469,1.5
0.2650432406324632,2433.546848703233,0.4202964212262342,0.7642831051543925,2740.276452289774,3260.865587906467,319.87504798928734,98.96394629,287.0014106,31381,False,0.3467862786168005,0.746288610294828,0.5413777136876752
1.625868742715828,3941.1223503654937,1.3039783580991104,0.8181800155244182,3670.042289601699,6730.566729718588,686.4770788183723,191.1191554,682.1437062,114506,False,1.9871748572334171,0.5855557946373292,1.253311623715938
2.083553884750056,4138.163078652582,1.4516364874817107,3.084505898564321,1409.7681256999974,1788.0328065009437,360.4062400424266,60.49001717,451.4370927,137302,True,0.6754901036920498,2.314366415030334,1.3756878015793044
1.2738329702017084,6035.167580320429,0.1433203576886023,0.6323177569194116,1272.7419310581863,1763.0034641203813,17.889868742174354,97.31401719,782.2889759,139348,True,2.0145424380698183,3.4232306967747994,1.5
0.2658085297550352,8058.934279016377,1.9112921205561464,3.651321982358856,430.0910386000936,7482.146310114194,971.5357373473678,16.92042821,228.0090639,12132,False,0.07279786834505544,1.077088571102306,0.5259111704945586
0.3592406176548737,2858.4064631700057,1.02881867348205,1.8987357400691371,1291.5393775051614,966.3530780412636,632.7921553438293,190.1898759,972.2585139,18379,True,0.1891998032553965,2.957931759275691,1.5
2.550190623326083,4839.812470261372,0.7801689800032672,2.230657094188671,1446.3968115132332,3653.0788867043166,677.6398257876773,89.69049287,541.2666914,23117,False,1.1432458564447239,1.324858460229647,1.1555031012083354
3.382266656787055,1145.889319633891,0.8564514347386375,2.2322623846764245,1050.3149015047,8137.927908174262,99.53793383268572,177.0948719,806.1588397,48213,False,1.5151736484166396,0.1408084874212362,0.8337609434748023
3.312334745944089,2370.2161398870776,0.1561288195453043,3.2027571735399505,3833.886046559838,7112.856494921834,454.0822490068284,39.08549447,645.9995994,194520,True,1.0342131895281452,0.33322985515679165,0.6348968727130491
1.513466529583737,1545.1536993872687,0.6751778626236964,3.202950017814762,3663.3163839556832,2558.4991309951924,443.88135168850073,115.152831,292.243985,108796,False,0.4725225334904781,0.6039297336725351,0.541993945890184
2.979106879846062,6877.105096873472,1.955958800303441,3.152388696368643,458.9106125768417,4806.748658404883,752.3150534269982,127.177735,679.4180434,131737,False,0.9450312831810762,1.4307186799579648,1.132691824099538
3.184792983648676,7925.941592188813,1.422760679168723,0.925771613380971,3606.027086526144,5551.4928903147165,606.556367680857,173.9356462,988.1999148,28593,False,3.4401460332874203,1.4277135443312752,1.5
3.370830387515418,4888.015622308577,1.6087709375803945,2.9464359039620813,551.1847922020288,7157.179407203732,935.2666028391296,196.3285794,175.0661114,179097,False,1.1440361689003602,0.6829527867787993,0.9203332062387124
3.779348750744586,5190.55496011692,0.1828336247631931,1.625432676475658,2467.801587524323,5430.613655100377,785.826863186919,117.5546755,536.5104443,26291,False,2.325132551048868,0.9557952910692159,1.5
1.1518654857400237,1818.4604340337476,0.1652099738060709,0.5225392253008194,1813.752911493894,5686.134743161199,224.7202042028433,82.738392,905.2040694,197028,True,2.2043575402772295,0.3198060749265626,1.1772528892783276
2.349166047465336,7283.922321698666,0.7055100247177863,2.0794079822959843,1464.803541651053,7120.495390646604,534.4868927004316,61.68760075,163.9282492,32119,False,1.1297277579668328,1.0229516235968337,0.9995570273529034
3.8154820916913774,4687.529330360486,0.2258238528024612,2.632776356365925,2619.767270239115,4718.929013288095,234.8189356805307,33.86660816,4.21319872,188410,True,1.449223225224773,0.9933460147773919,1.1160935824905736
0.3083673461119502,7528.314988697647,1.944521139403162,2.2342967930211874,2906.2955314818428,5353.850431007307,370.5920331490976,55.46417521,802.8669045,90138,False,0.13801532950313664,1.4061496644901739,0.7226130829978978
3.737218582049525,2586.2099903691487,0.6523502625988548,2.5719055418439067,2335.498770013177,550.3266045410145,874.9167271618853,191.9567349,493.753499,152038,True,1.4530926848415562,4.699409340434668,1.5
0.9393711744581896,3927.326373442848,0.374969667536691,3.057809460448869,3854.065202976844,4229.063416976427,621.79975510958,61.44891428,930.9751535,48197,False,0.30720385930012656,0.9286515678031714,0.5868668755707459
1.163282870516555,6486.748041447037,0.1186397229793898,1.1389374700072197,3311.6028408489005,5029.1362801196765,52.93211915297069,186.3859141,176.7726749,128493,False,1.0213746406416329,1.2898334184737663,1.1332592604522156
0.4479130163844163,7915.948241393512,1.641149202631366,1.3257428992932443,344.7385304119409,5531.427150312393,724.755594267813,149.5785216,788.298914,44281,True,0.337857874830274,1.4310860515473596,0.8708322262676015
3.887531518742586,4493.344989723815,1.6259158351855747,3.455221677768913,1816.9792559195223,5847.788150234189,425.2305670148235,1.360677162,846.7759522,42016,False,1.1251175050902424,0.7683836817473431,0.8527560382058542
1.0151165425696784,6942.859526888217,1.2728944046920905,3.296100763728329,1128.481363473153,4028.015960685579,454.9588930322641,73.27439083,145.2941566,143978,True,0.3079748792165466,1.723642506119286,0.9508739338070185
1.7559471101693522,6751.877990168706,0.3483142385800523,2.094362049338629,3076.2858753147784,7044.826766173859,175.79584065516684,25.90635358,375.9121512,166992,False,0.838415818462733,0.9584164683267755,0.8215308577637546
1.547292067007819,3244.968470988203,0.509513626611716,2.001565053666422,3804.3929689526753,4454.627763854516,123.7636175218696,131.1868644,617.1993282,105942,False,0.7730407218755162,0.7284488496636891,0.7412797003537402
3.671485332639232,4669.745516926678,1.221773283635401,3.148133719585831,2739.276238678715,7440.098412915687,206.1869245622597,115.2792742,701.1983951,27321,True,1.1662414920801905,0.6276456650348277,0.8649028833524053
1.276714718215966,587.3475344328144,0.1046055245444142,1.6406704600980002,784.83674401218,2595.1010615041537,364.0401873425647,122.3491381,578.0196164,61257,True,0.7781659822007909,0.22632934914143613,0.5132123538656357
1.4154003467902003,7181.9854661756,0.4394444144778838,0.5034262609378459,1001.3023524755488,4994.397379099244,954.168817585988,51.34175894,45.92230175,191489,True,2.8115290065011957,1.438008416149074,1.5
0.7753791128092633,5137.801359144867,1.1024887675560855,3.3473869993705705,2763.420673640905,5309.438589914298,243.0450573311257,94.25620726,696.0104523,64199,False,0.23163705938930965,0.9676731863773426,0.5868291819863749
0.8781470303078507,5036.539332280606,1.6996517003777794,1.8361528364987507,1059.6951801957252,5976.823536600754,96.32408137884964,143.1319034,491.9457755,150843,False,0.4782535171357622,0.8426782722620582,0.6660026711934157
2.042431561295374,208.99793114100797,0.9730671002002436,0.5768673571061251,2726.476463594008,1321.4222000096297,554.3427570325694,150.1347273,217.0104253,193335,True,3.5405505192576063,0.15816135901252723,1.5
1.942842875032604,6237.174034472913,1.4553355919698376,1.890222138877793,1134.4159926123923,1278.492069533031,776.5921042066968,37.5148691,94.90011699,65461,True,1.0278378436241402,4.878539474924158,1.5
0.5538647369633023,7337.3650982825475,0.249122645418534,1.494107135122594,1346.6764591191447,7734.188309777433,310.304305148173,197.2701289,967.708368,154247,False,0.3706992311623126,0.9486923260011758,0.6923852662110785
0.5250334344232939,6119.929896919699,0.1428987087456087,1.7765492029278618,355.26069779837223,815.7180089833346,85.25342550491332,11.08811855,142.6526674,79400,True,0.2955353772485614,7.502506775649996,1.5
0.0488223637213947,103.94968430506832,1.5500391476808446,1.852787946635168,1934.283403177119,5288.217771617288,253.9351038466048,46.90214425,537.5789487,10733,False,0.026350742112349345,0.019656846365769216,0.04416019332930443
3.913059674841986,6610.900656993304,1.63319229875757,3.5697729219679872,2547.121768678276,6963.849101823616,574.3258389521096,128.0489523,994.5671009,141453,True,1.0961645640250373,0.9493170457000277,0.9845067797106405
2.23374824685476,7243.810938896368,0.8890427123554236,1.925291276268692,589.4628267027878,7624.958015361099,460.0271945554579,13.36726148,774.1283683,189739,True,1.1602125424737435,0.9500132228076675,0.9562868514558377
2.8668492001278416,6745.63136005746,1.7984615588652155,2.4317091865567173,598.9742473464728,1947.3987260134595,267.42668124508816,16.92212781,131.0084191,36810,True,1.178943615886759,3.4639189532605856,1.5
3.545422384517217,598.2002200471889,1.3848789386370035,2.2907773030370704,3791.995260860895,5928.691689233236,307.72772468941747,75.06044537,455.0878294,85517,True,1.5476933668425108,0.10089919518544833,0.7794060078903154
3.220449632359068,6913.625468891091,0.3715655767773922,2.135352634244609,1040.758961294005,2711.675053676571,649.7086484322612,157.3771297,244.9967232,140362,False,1.508157515791672,2.5495774122964368,1.5
3.74168106377909,64.99301022956206,0.9943676529952344,3.9768345603384896,2866.1422969124114,6321.458994980718,909.8246239196044,54.71716551,56.00224468,88202,False,0.940868941400387,0.010281330666051244,0.4553828623952367
0.6588691401384463,5831.272239731459,1.5530496218330505,2.1813371151871737,1725.7182201284145,5092.520192055175,274.7332005045204,85.7105245,876.7008798,141025,True,0.3020481490472241,1.1450661006084457,0.6940671026386934
2.2262238934081373,5706.978048905747,1.2336377136605203,1.2091296291026243,2729.137366985684,1420.8034827640315,607.1181154137525,138.4328912,522.6908849,76606,False,1.841177321808782,4.0167258274076465,1.5
2.3295462498761914,5124.80158794453,0.983710131651264,1.7763662423110822,3679.005932874069,8104.220927948781,79.48641938583711,174.5247022,595.8488514,197159,True,1.3114102728247874,0.6323620287347326,0.9619811204976664
0.6152129631950909,3312.693829034425,0.6803967543658962,3.741501802780208,917.6320437965652,7447.490982456997,413.40448865129264,182.0044301,850.9828257,67897,True,0.16442937387029163,0.444806692132003,0.3651805884743523
1.7881697167867157,3483.993857170485,1.718118274874539,1.5773735281905474,139.44892567590665,5593.622230827966,339.0356259528219,175.5951754,221.2488014,187758,False,1.1336367392961377,0.6228511173576222,0.8782384871301038
2.145741732410241,1796.766800015915,1.6066573424767172,3.5603946579974264,844.4359750537263,3871.723508719964,991.979078063506,119.8858542,413.6751661,89605,False,0.6026694610725177,0.4640741508284698,0.5399921384695534
3.385475036764148,5612.0250673500295,0.337587468883583,3.4738654249396976,3058.490514501227,4707.724691909652,810.2515439447809,168.0696348,538.9165403,89621,False,0.974555329030222,1.1920886274004832,1.0590450461284509
1.430437483949905,8018.380778986996,1.3172123712963664,3.591467629085381,3675.2574215385857,6379.188177282837,860.7876861227231,24.4131084,461.5439795,139157,False,0.39828761759619946,1.256959436670106,0.7570706988613721
0.0733649114542065,2695.216918196151,1.059054279234133,1.4768530176692587,1229.6546425223912,368.98370485419554,574.4303381472812,50.98259645,683.0115769,109796,False,0.049676481613253505,7.304433435500184,1.5
0.5232213492488698,4030.373820566136,0.4857891203798571,0.532152827875334,677.1896684522168,798.7078235929139,461.0488208606398,127.4065434,680.0579642,58888,False,0.9832144801774181,5.046117862461584,1.5
0.468594844097975,2625.304212000374,0.4415892442940347,2.378453993052381,1475.07873938623,6398.649856158281,498.3773949461884,50.04035157,913.3164848,83663,True,0.1970164856878816,0.4102903379004869,0.2983143346015716
3.8563344456801385,1556.3013335388605,1.3331279064220816,3.7472224560373766,1635.1055500275984,4361.432791537004,895.142362744304,172.7860374,119.5836622,156669,True,1.0291178230823055,0.3568325840540064,0.7100917240710954
2.80937042448146,7924.3658389176735,0.5146950771116953,0.912236068522464,2630.256523741027,6124.652343065429,636.7438639675709,90.52169835,393.0276406,9176,False,3.079649491805626,1.2938474534960507,1.5
2.231459414215173,4927.388417564874,1.6584296399011973,2.4909195683156624,854.5435410074505,1088.1252044359503,998.100575036546,72.84602558,292.7132026,43496,False,0.8958372429049655,4.528328535125466,1.5
3.9378439585991543,2497.0112994033016,0.5907478450458291,2.8018177761900533,3396.837933796636,7532.49446970271,493.6917379905608,53.37591809,94.62717609,82324,True,1.4054599077081928,0.33149859042251034,0.8083257772301512
2.016274877722673,8158.9960354205405,0.3688784382538428,1.4292633158745067,3852.7981046563,7222.663935508835,44.0220845480096,157.5827519,259.5829943,34910,False,1.4107081911500738,1.129638054205841,1.2219663587992948
0.272101771954774,4397.518556892953,1.917332134512376,0.838476075597332,3502.513863663658,2340.570647325705,453.54641023558185,12.50630097,501.092412,118919,True,0.32451903561099554,1.8788232519444168,0.9977587014746478
2.233777462066896,2149.2151748087,1.516671025763147,2.633222813282842,2801.315632021687,4296.6953511225975,251.16307833078864,67.11323563,837.0576617,126742,False,0.8483052032261718,0.5002018990587668,0.6403929792319443
1.600775310677694,2092.508659444362,0.6767420315613109,3.767988942341604,985.49594960995,4608.746847904761,647.9582744780457,193.7490666,430.4126014,161243,False,0.4248353459465175,0.4540298541113476,0.4923874459705177
3.674942918628483,3430.053686094945,0.8662140952344674,1.7355475094272,2901.9884633511865,6721.606474971135,724.9625805716223,82.55509821,203.6749317,50056,False,2.11745330001831,0.5103026632631558,1.2237777767176865
3.3515039996376057,2523.6782698235875,0.7491094910725687,2.278563592660789,1170.015972395122,7945.599896355283,276.80112173648587,194.7203122,360.2491741,115,True,1.4708839110520426,0.3176196010906113,0.9022104273760922
0.7587184824443023,980.4448340652324,0.3550170376700086,1.5062942604275753,1739.491111220626,3877.167382847912,993.2113912377952,14.21358289,696.920696,156424,True,0.5036983799769331,0.2528765815346836,0.34756725343284234
0.2760805787748941,3697.738024048027,1.1180068753463857,0.912139356942776,454.7606446083669,2521.8226200947106,399.4321499244545,168.0051441,851.7893938,8067,False,0.30267335139104506,1.4662958421884793,0.8800591496491037
0.7332337194958445,1595.476449868711,1.0870519050211571,1.375224491010704,280.18306237501224,6459.762354401283,165.92554796954883,154.3981164,474.9960355,88477,True,0.5331734499459896,0.24698686454535976,0.4282899846988617
0.5979484086332616,345.9470262519726,1.4475922036837796,2.409073993819206,2063.805191184644,5133.285282000036,818.347596992157,36.37695827,19.58948389,1312,False,0.24820663954728503,0.06739290866955117,0.16021270166605023
1.0308113068099094,4865.751973360261,1.5177796767925429,2.5992695892541104,1545.9341071569322,4248.187465759279,586.5661055247675,82.12215992,217.1567966,12937,True,0.3965771440155109,1.1453712933888225,0.7349478682541727
3.80847749177877,7745.031475639495,1.7155526622860957,2.3816926689400546,1954.6294299041,298.72342356955767,655.3040986631601,69.7085832,837.5299915,157215,True,1.5990626928414724,25.927097906030017,1.5
1.3129674989340463,3462.7515789998606,1.3608260633474114,3.8872550180829646,1990.4254800868036,7787.879893166992,343.0167918095077,89.12957296,932.4567743,25996,True,0.33776203389391063,0.44463340807212637,0.39665357938978874
0.4023704297831707,619.4525238476281,1.9885162398432343,1.4640671165790518,2163.616182545917,2349.947514246348,239.8078872667859,91.09144998,852.3617723,30700,False,0.2748304025111559,0.2636027059449837,0.2878517065137661
2.742095721795948,7908.59001328122,1.2977255230988072,3.4078421539414987,199.666190952411,760.4159434504063,607.7086218143093,148.5585842,742.0833526,119006,True,0.8046425841589716,10.400347429586297,1.5
2.968163666745099,7829.803901676306,1.626913711367643,0.6800776427822354,2295.9187363708243,6969.593590985773,528.7536873877922,79.95803699,417.1430772,130035,True,4.36444181602615,1.1234233098870607,1.5
0.0102101007182295,6265.196242558543,1.4927434487232314,1.844892129513669,2612.1507142351634,413.882483495509,146.09392124938503,182.0361501,667.4439123,165511,False,0.005534250496624147,15.137621129812578,1.5
1.979012450486647,172.23381584019353,1.3211033283454523,3.01907950266728,3707.343129202531,648.0816621243506,202.76044870238573,196.7088735,772.339263,97592,False,0.6555017160815158,0.265759433787816,0.512945886943094
3.3232012043514265,6892.449317353944,0.2920019256279305,3.858539007069703,1614.6775417827253,7355.599479622607,466.5269180640642,11.75051846,569.6668902,186999,True,0.8612587139857519,0.9370343417298925,0.8151085639388324
1.5246544221124974,1612.5995478927107,0.8730739530665929,2.062801241250837,859.7646765706168,6626.842749404819,426.1835968380324,81.26444892,304.3457926,186309,False,0.7391180752198432,0.24334356625471465,0.48274985023163747
1.9768842879858728,4250.7917476997,1.4153877249110782,0.514968513664658,2363.228522028357,7849.105418967343,878.0566634555253,191.4203984,228.7835966,53419,False,3.8388375147061544,0.5415638496695571,1.5
3.057110324737883,5752.892888330316,1.587426477399814,1.5644493809710216,3394.9828515233303,2576.60249503896,657.6249213962097,82.8610121,356.745812,58318,False,1.9541114003503255,2.232743660372255,1.5
1.8259381969950288,6367.740136072635,1.1636094959736616,0.7998850429817996,613.5676187201145,7144.6849000735165,15.531813238643387,42.25876715,142.8133878,143030,True,2.2827479151759316,0.8912555590962251,1.4494360884462094
3.269344330647315,860.2096730668336,1.0461774528469794,3.605052419687713,2965.8442811895466,3227.0187044930794,684.4208237106672,169.4231313,630.5580038,72137,True,0.906878192925785,0.2665648239356567,0.6127815362465816
2.19397302309177,1161.376303858844,1.9088868686413196,3.097953870452117,686.8634072499024,3980.582082314065,286.6300415176517,91.4783618,107.4708031,66433,False,0.7082004466939121,0.29176042085079457,0.49573270108757594
2.102580558580541,422.8863123269584,0.9747623807557616,2.807972711388312,762.2426790600412,4719.232891595173,15.653843317904204,126.0319705,305.2126033,99857,False,0.7487892604026509,0.0896091212176662,0.4403105907657031
3.18321190194294,3028.514419516183,0.9368343411258464,2.594298250278792,2617.972429240428,5123.818854089698,899.7000481387695,43.80210122,556.5425957,103760,False,1.2270025910082891,0.5910658641860135,0.8400371846672234
1.6353151841462932,6918.952783968226,0.5657485765305484,3.3740277160135435,2604.5260911963337,4976.383285385062,46.49323866546684,130.2161388,546.0961198,3036,True,0.4846773165814778,1.3903576926837327,0.9088896664262893
2.266334457607498,5349.034867524852,1.5114017842060974,2.5609225376117077,1333.3306061688982,4378.11748950286,628.7376152407928,121.3579085,39.52567421,28491,True,0.8849676393388377,1.221765948293561,1.0087238337974231
0.1613092709817096,7288.8289012124,1.3134107539418505,3.375605009835368,3156.3403872988547,2851.5653177560944,837.790556544197,64.44411345,564.1574998,55464,False,0.04778675903281048,2.5560799373138408,1.2039699107287016
3.675000666656144,4884.0014181948745,1.0576760830985488,3.008696372368429,1776.0670646622025,593.9376513929662,930.2784296416368,163.5600311,609.4462836,109756,True,1.2214590607905522,8.223087723967833,1.5
0.1238491543126389,3197.400249772145,1.92556660523578,2.48947786854464,2179.075415937636,3761.421882533007,191.6966306547264,177.0888861,138.6418479,126647,True,0.04974902815103694,0.8500509511495979,0.4934759794047765
1.89553785947915,141.9992839454053,0.3409831939650012,1.9289045009113963,1028.4531580200417,4680.986813213396,819.4909855976505,131.3159464,683.098972,98915,False,0.9827012565330545,0.030335330899509738,0.5215404142106227
3.320547313291881,5973.011476315671,1.034734270391612,3.055532749175111,663.6621236558028,7391.812872792521,431.77107783334986,25.81667262,29.98198589,31860,True,1.0867323308696275,0.8080577225504214,0.8655670013563876
2.972836414567904,3525.792802904253,0.6680594648213418,2.6491003390865626,1400.3549880543794,1158.6750422421385,731.3557170718253,155.6207504,81.33612641,171790,True,1.1222056214704752,3.0429522267421762,1.5
1.7309953040009365,2283.71814770967,1.0875333771818347,3.5835042472352234,1647.634439196377,7808.908447006381,545.8304055273879,66.52562101,827.8039566,80824,True,0.4830452823632528,0.2924503677966291,0.38224394697303776
3.134955163299926,206.35505199670388,1.8815047750533047,1.5025927793266407,1276.4866020736756,2605.2086196164105,637.3886280618752,71.2866731,89.45031184,25660,False,2.0863623997596994,0.07920864776958969,1.0101589810917109
1.1453099521330024,1194.289726731141,1.1751342607380115,2.03098256237852,3636.016970417615,405.0095924745891,401.5279965488522,77.06401507,788.6126984,117793,True,0.563918868349535,2.9487936729727675,1.5
0.6528457207625347,5867.133816394266,0.4101773033861485,3.6861646159736834,1679.3561748422117,7223.384079833131,325.2952299650768,29.91919021,251.5895869,53288,True,0.17710699647717495,0.8122417070362348,0.4601701518296814
1.0965551555699444,1383.882868797337,0.1302919570718453,2.4436952636998583,1600.9565314631425,5526.952520770551,932.8938951179884,59.59437705,320.8015523,127331,True,0.4487280894351878,0.25038805080127813,0.34440670223182684
1.563172097625249,1613.0466750796322,0.9991309777745292,1.969561345867676,3709.6831523844494,2456.265003799469,967.5289921048244,120.0072107,652.6459046,51184,True,0.7936646945474607,0.6567071028279876,0.7126855149480024
2.378687658076595,3268.867310393237,1.1034114449535648,1.501454996758284,1019.3680664119208,691.6851980481425,260.6941506530185,7.283191537,165.7835966,134480,False,1.5842539929323916,4.725946593756328,1.5
2.892965577138096,3224.875547201139,0.6578035452884928,3.799942141338928,1640.7127433574074,2403.4457579319283,713.2980472808393,3.824063195,399.8844878,23712,True,0.7613181222808366,1.3417717188817473,0.9483029253785541
0.3133627096724827,3788.606941138829,0.5028913835183875,1.1140897541278083,259.9882744756977,6742.140549738582,443.90648177945127,178.7995538,152.6050035,174532,True,0.28127215714828,0.5619293921014147,0.4688622278616897
2.947078630715664,513.5305414486975,0.1414642056368869,1.9436197569525728,2550.0154653751392,7899.767867048268,833.0315761937317,105.7570521,471.3194355,199265,False,1.5162827522671787,0.06500577612232691,0.7644712308466985
0.6902319792274962,1315.8440214833354,0.3088530630579937,2.0734745100861027,2354.6176346057828,4119.7209701252,758.433999915655,131.0349427,329.6908533,103835,False,0.33288648738312504,0.3194012484597822,0.3590628949567236
1.7585425578031506,1496.742262918614,0.6353977401777576,1.0936501118961743,1937.0940364138555,3505.131659916004,956.3328950458088,156.7272119,610.2348728,121742,False,1.6079557170240393,0.4270145625649528,0.9941193001141799
0.8240224074917766,2964.0012295441948,1.0612834846061767,3.1780211938504817,1288.1944770297623,5855.284334469482,533.3590819293212,146.5741767,166.9976857,82560,False,0.2592878077082884,0.5062096150633031,0.4177787616687127
3.616722546911467,6381.944502066511,1.441373415560609,1.8598934862521976,535.8562956398564,4458.562282092622,840.2879627133693,165.5849101,318.63474,38311,False,1.9445847996460202,1.4313906808631056,1.5
3.319126432490622,6557.082021032409,0.4678839909301043,0.8684801196061571,3242.5554747903816,5156.549640945784,570.01478301218,149.9901591,652.7964222,32226,True,3.821760033189662,1.271602617318767,1.5
2.6830818570990265,3070.3899149616536,1.1757084225138252,2.949868856793487,1135.1431215802058,1052.5703759318708,372.0966374031951,87.79000251,290.8633487,57222,True,0.9095594000257151,2.917040021505744,1.5
3.0266847310360223,2081.4631051568967,1.204545185719931,3.029682345304685,2926.197283382716,3421.4204308986145,814.2003811122288,126.0906056,123.3787445,56460,False,0.9990102548923768,0.6083622713394072,0.7863782805247523
1.0396220182893847,1201.876333321893,0.6569312177143877,3.4921051820847717,2960.6744124575207,3863.48098697083,282.6514866116945,90.63188583,191.8937278,134665,True,0.2977063021802891,0.3110863848078984,0.31928367886492565
3.4295993599313093,5039.7260484657545,1.2261436621149988,2.6077398424544374,996.8302556277343,4671.504417977028,383.73253390881735,133.2503152,587.9583598,84786,True,1.3151611172770252,1.0788229222245624,1.1439341873883038
2.442280139413743,6191.859735638409,0.5412667117059735,2.253346156087748,2276.5745575320134,2351.117286021697,217.65956508177695,161.4447297,40.99796883,15058,False,1.0838454841791973,2.63358181653371,1.5
2.141780722179033,6984.16781460478,1.8974893567698372,1.7428277263550105,264.67316465004893,5541.945025925454,184.39214226477077,101.0057025,430.2262898,104445,True,1.2289106151345113,1.260237656756303,1.1706318625453096
2.455919716601232,4400.265242766459,0.7387556257822008,0.9641192002771846,1317.3216940118523,2224.5172023814184,387.8714705860111,136.3032177,379.6816765,83380,True,2.54731693817343,1.9780765174923145,1.5
3.1952911545407474,5859.788010860114,1.2641195746731897,1.5339970260570506,2111.0965660806487,377.4582116485183,823.1117151277855,93.79820576,169.853414,157056,False,2.0829825725094593,15.524335713200216,1.5
1.714373401639815,4841.350867880261,1.6906362809860356,0.5932801277736139,2165.466003125885,1569.4240281254006,216.3335257652552,180.1400045,273.8164481,76558,True,2.8896476246822247,3.0847946622674183,1.5
1.2384616595791944,1082.416708979422,0.7501303629682694,2.4581472785299274,308.53727256695635,7406.424052952697,800.8595061491491,29.75017651,30.56938911,124917,True,0.5038189398077503,0.14614565694516946,0.3073627763742658
2.086545827886584,440.45992134850894,1.0108306935980749,1.9868832856532683,1399.2873056385174,6291.066756977236,354.47849898851416,70.52674971,605.8809865,67376,True,1.0501597113394794,0.07001355068915686,0.5393499234646933
1.3765304358843382,6297.942174989608,1.2740950433372948,3.228610172346227,3054.212109877106,1809.8711783032609,127.27204228856336,67.21547646,867.1305779,24130,False,0.42635373614346245,3.4797737247874747,1.5
0.0563291740964166,3887.7943197542527,1.0046626848767788,3.657008649538741,614.9367882387722,8098.012093495983,942.984500834766,155.6282525,801.4416318,82747,False,0.015403069582690712,0.480092431869383,0.3008060365467394
0.2623692657883278,7782.90147108207,1.6403509090159358,2.39779039028671,483.461342376398,7694.647119914786,775.0425499653472,182.1194154,622.5848475,191887,False,0.10942122273487503,1.0114695773282962,0.5954827254415308
1.1940182374024313,2646.717306996192,0.1672826408473995,3.887100995397994,3301.783511068075,7953.646046869012,84.08540250899944,108.563077,496.0988105,159442,True,0.3071744036601174,0.332767801215559,0.3422687391128742
0.3201546321576605,4332.603218662292,1.841301798594838,2.4986219661451505,836.8627275801176,6004.298302890829,165.54414230053004,85.24647347,585.5018574,188872,True,0.12813242994063714,0.721583605507197,0.4250058242710053
1.5924485379873174,2291.0010755320336,1.7499622103525867,1.8125208474319363,1028.8762054683154,1530.0736561296524,451.6151579446551,42.88052009,7.298613031,177514,True,0.8785817066114658,1.4973142403025523,1.0905986532511458
3.3588690705844235,95.3406218711225,0.2921616702954221,3.486476401039303,1457.0160748694043,6342.026353170985,887.3468100324376,91.83586422,405.1337887,63375,False,0.9633990656538202,0.015033148168553329,0.4862236016183611
1.5432531957974835,6959.879239496991,1.5192801140628267,0.9949112900169376,1239.1451371161888,7623.744135328598,584.0851836257433,165.9020043,681.0209515,2431,False,1.551144971554438,0.9129214090923955,1.1918010580491056
0.7120881522257969,5609.8028851017225,1.9962254957522612,3.5035823026365094,2482.2028104704536,6198.100279030776,175.05555363449955,154.4803084,332.721049,196314,True,0.20324567470393462,0.9050842405979704,0.5760074110635711
2.490094664118711,2502.2330031694078,1.6207561286177825,1.2292713390900245,1695.2091142556412,1615.985528963664,256.10371769579297,185.2465472,342.3289476,8243,False,2.025665578680488,1.5484253768198477,1.5
0.1568139144277127,4296.566749560792,1.8293820158763423,3.149854473205448,2919.03015222588,3415.662929057308,635.7705396012482,36.33091743,653.7664421,174233,False,0.049784479244100406,1.2579012734985255,0.6066284676810577
3.9249781189847335,7923.333183690027,0.5047810839910416,2.935828058873898,3839.043297144144,3131.6436220512264,794.1000263538792,5.503536822,138.7319346,178612,True,1.336923247326343,2.5300877549949816,1.5
3.9482470604280784,4082.5402273929785,0.6990129834458101,1.6092407876553263,2194.911136040244,5545.727303454382,281.88887997407886,68.55147212,854.3005238,81,True,2.4534828083110463,0.7361595699294198,1.469623146641194
1.507739449409041,5338.7587732108,0.5877917730217755,2.4488494612060263,3463.0153989084884,6933.740365525393,687.1057388473383,49.08128447,204.8049681,116566,False,0.6156927396320064,0.7699680823044917,0.6480939836225179
2.8383121040377275,3481.2077552746923,0.8110214480554394,0.7603007233021075,375.8669929901176,4467.798846379825,156.76110610437212,10.81134425,917.361186,60022,False,3.733139117073812,0.7791773699293274,1.5
0.1608553329892026,2018.7041115332777,1.2495358645903445,2.7755085193054896,2334.943363948581,4418.996268244218,524.9954493587991,93.47643678,885.9011459,17002,True,0.05795524456693383,0.45682412668760564,0.2784003083444874
0.7236242348483013,3011.058198510438,0.4767919642129525,2.291069446703382,464.8111238639224,4643.563179941571,804.7523515526494,97.93619315,36.67500287,166371,True,0.31584547558959747,0.6484370043393892,0.4829071280330291
1.3731756294261994,2358.2857022234584,0.8479211583688385,1.2830714956338602,2076.099711051537,7943.414113111213,788.7001905101072,122.0013467,724.6346425,37902,True,1.0702245072659178,0.29688565500243047,0.6762150897680546
2.620412402620312,6095.023853922437,1.1058362179003185,2.953949522925537,3100.600584321103,3206.622863120708,965.429866646575,120.2638265,593.2374261,45318,True,0.8870874384263908,1.9007610536681436,1.31467836669297
1.041103461862288,8102.4758877177155,1.3689376880822368,1.5344172828831149,1607.097861365599,2594.014795566237,764.8273362097058,46.37652483,654.6198126,75117,False,0.6785004281271294,3.1235272437316737,1.5
1.8968081177989384,1791.1643114999831,0.5521729992736648,3.434564287232162,2538.8479938407863,1754.5860400868962,617.0486806937935,22.16430483,26.90681766,46245,True,0.5522702173839102,1.0208472366453047,0.7189877033670882
1.832595026927251,7593.104654586139,0.6679952672897026,2.1434930478500247,3704.31412601669,7831.084517546598,60.16959202184135,49.35989578,545.5281152,141678,False,0.8549569002840886,0.9696108676394892,0.845741448869185
2.1539698159251657,465.0194618674577,1.3141800520105134,1.9995672259239132,636.5764603785033,3906.425023456327,356.9384490523562,142.3766288,293.5305019,137621,True,1.0772174652504845,0.11903964851652986,0.6095213379684284
2.2408442572395764,6858.678459844239,1.7021804367351874,2.797154479662909,3499.526380729429,1857.6839061114265,460.04267349223215,123.398069,361.1743484,6738,True,0.8011153736472401,3.6920589307946488,1.5
2.329372538821086,4622.00788348052,0.5448715349362504,3.5444265574193885,3465.88911030855,519.1596260655967,209.1734340592427,20.98587506,778.9882887,67995,True,0.6571928756013413,8.90286463453469,1.5
0.9855976611298538,5631.355555109286,0.6453571348918345,0.5771542351854986,756.0802665370907,2801.6390448537654,722.2458626511958,15.12375882,367.9963529,18406,True,1.7076820949446663,2.0100217990048748,1.5
3.601224492193975,6158.941886533159,1.0900096121608254,0.8961863799666248,1854.180517679631,4209.568795630128,354.3938495358637,90.44659132,471.1368272,150386,False,4.018383401391001,1.463081418567991,1.5
1.538114836372933,7556.81876568588,1.036210619653581,3.4854059469609338,1311.731826415403,6323.433102339946,390.2144785672447,22.16637391,689.8424824,91298,False,0.44130136301991274,1.195050005620282,0.7474439997337655
0.3110387042065095,5659.549249424888,0.2611809531178553,2.374233832625872,3337.609395973538,3963.5767792796314,410.41648871125824,193.7897128,562.4550837,48629,False,0.13100587184229995,1.4278893946456124,0.7984213039092933
3.3775504818977526,2294.53394718146,0.4822792419709379,2.9133619078231137,4018.0732222333854,2245.2484084179937,825.1272325255012,84.95295317,452.6604756,67499,False,1.1593305018156776,1.0219510400527316,1.0240635062988679
3.7355674394258256,7604.908345508608,1.05796397635381,0.7752267838574495,1221.7119738143615,4212.55809341348,98.50408203195292,150.0725891,643.6099677,111686,True,4.818670740666758,1.8052945918048995,1.5
3.8658273200937776,269.29724112715667,1.140402865372573,0.7108368704051706,1370.4322067364933,1762.764973964233,911.0752406556084,21.92407076,547.9723104,15242,True,5.4384093490830665,0.1527697934505539,1.5
0.153613005402081,6748.083784195706,0.900589660512608,1.073638679854472,1944.4242383983392,4080.583252597361,611.7414379064904,127.8484385,9.467194022,152564,False,0.1430768704663586,1.6537056996072144,0.8724919305717878
1.4158582439201537,6741.751920020195,0.9991740231642836,0.5050031624620173,1477.3702571557474,6199.512185769863,983.6181258630276,6.990804943,412.8635205,47245,False,2.8036565817943018,1.087464903191497,1.5
3.6714480319473033,3639.7115247961465,1.9557286122622424,3.689011758019767,709.7877073915283,3555.4259870477954,620.8292144070917,82.83153018,148.4905381,158097,False,0.9952386377536161,1.0237061710837723,0.9499510068351815
2.076508703534436,5189.754459597393,0.4375806853077453,2.172284928673891,1353.083771547664,5211.095146195948,635.2138741688312,148.6145945,596.5684383,76548,True,0.9559094758773657,0.9959047595571081,0.9526417845161717
1.727374713038167,4906.802232616194,0.6332232877550791,3.768977455019084,549.0465123978491,6812.396149398149,366.49212372879424,164.1306554,685.3269985,73817,True,0.45831376688764336,0.720275527771446,0.612450479391955
0.4773771315349782,4335.1808175007045,1.9087140960294604,2.582104445339364,3503.400989745161,1312.2924922665215,615.4533391735883,130.758261,286.4784147,34669,False,0.18487902281319768,3.3035171958575287,1.5
2.6486913112119352,3200.088826827471,1.159643584605308,3.664277773059208,3352.7302065378994,3684.84781006205,235.08795009681103,53.35594713,468.167013,174439,True,0.7228411033259388,0.8684453173942993,0.7427633544856581
3.5799948706439118,3657.4602424648874,0.226598739926701,2.9269017407722004,1978.5226987674369,5309.747589090835,198.5033108657748,181.2740758,691.3572142,199965,False,1.2231342096797542,0.6888199825713971,0.9510384792771625
1.897565747619748,6731.6547844955,0.3517990490576568,1.6606516643614542,1938.244596960996,3566.991563907069,119.0321124457474,72.40235677,671.835078,197497,True,1.1426626340008257,1.8872079347546427,1.3996517432190911
1.6702468047763008,2620.162619628368,1.3490777004490155,2.24857976221255,1891.2213794156437,5642.316319429562,398.57427953765176,70.92036515,138.9333735,93072,True,0.7428004512200921,0.46437712294529576,0.5786987195357878
0.7362066949657158,5816.527962237481,0.8245889062965573,0.7077429978107923,3975.539232429555,1660.96418609096,231.4736147203611,179.6061321,802.7102426,95148,False,1.0402160911897025,3.5018984800777933,1.5
3.385883519594062,848.4667556554041,0.4850719256895841,1.4996919912461897,2706.075077520389,6975.714586599006,110.94962646549078,112.3171759,928.3272892,167180,True,2.257717772475897,0.12163151817646836,1.1268794339080102
3.933347865593838,5703.425768371799,1.3837986895434675,0.9107846937121832,1820.896747580296,8048.964648401835,187.28266576922948,26.7927571,242.1773778,57441,True,4.318631586715297,0.7085912308977097,1.5
3.338295491153192,6850.09920864649,0.570462886411629,0.5871092089146687,1038.105258977398,4069.120984994234,89.95050896845925,92.04603686,749.8236328,55619,True,5.685977590688402,1.683434636675656,1.5
3.764570002063346,2974.1617960417907,1.7519882105846365,2.161756932041208,1065.1237498985438,1734.1746673987386,223.82607862514547,150.2614523,841.3467107,5020,False,1.7414391992116833,1.7150301236887528,1.5
2.120954198450285,4960.916847253297,1.92293658867167,3.046803161407532,2954.4573507673917,6180.400993192528,137.7710971428721,146.0375859,572.4744223,163772,True,0.6961242292220278,0.8026852710552065,0.7475008358614772
0.0245630852649969,1500.437191748737,1.7121943987237755,3.97835171543684,575.2790622558455,2438.4993365770565,712.5249816396987,54.16157112,946.7617609,79016,False,0.006174184900621556,0.6153117077487511,0.30675602686569453
2.995177590040881,3397.489958720612,0.1970410702600444,1.813772020690385,2832.866921977068,2277.968818867545,767.595909954542,37.23271642,13.72773689,135032,False,1.6513519364737341,1.4914558658964274,1.4328843992265876
2.8765954574738206,7900.604130529542,1.6749802991034837,0.5992046382993867,1567.729183922133,4940.203280912801,67.79585208006011,164.6504994,503.1529232,30151,False,4.800681558401091,1.5992467677302744,1.5
0.8747648561031385,2030.4806027229731,0.6448749185482566,0.5740159066277227,2538.6139951542086,3648.94389199439,570.3970715550639,65.2495835,654.8873006,120903,False,1.5239356994592235,0.5564570632673455,0.9688094736228613
2.067370615218622,5035.380329237706,1.6135278331977607,3.5765909726477947,2467.899246310417,3091.0381989972834,430.99853368072536,115.723127,445.9739321,110702,False,0.5780280868013363,1.6290255905741093,1.051049797871325
0.102341434873133,4133.305811842412,1.2147398288567248,2.518731324778315,3551.1598615694447,7894.719134754825,225.34337296960285,120.0672845,313.3988563,70723,False,0.04063212031955024,0.5235532437275517,0.3139316641591762
3.0060916947797063,7125.672675638385,1.5390416880051514,3.775985291593205,181.36876617029023,2725.0767844204474,472.81147748505913,17.16919254,818.6251118,166850,False,0.7961076822424965,2.6148520708707212,1.5
3.652997439231859,7027.127629599737,1.0762699568931209,0.7664298053603027,1953.3804641815043,6603.3568107311,194.55592051785464,112.4063532,556.6392215,185230,False,4.766245581053553,1.0641750597386759,1.5
3.1026880392165794,3140.603048393831,0.8060847715403204,1.1815212206180856,2635.5261510054597,836.7868336815789,457.0536052095176,35.32439405,603.2413089,62598,False,2.6260090458505987,3.753169765856701,1.5
1.4940407857113756,2290.4794250112427,1.8207564141442076,2.3026816895396856,1353.5571825742447,823.1159556710625,345.91431754474723,89.046723,908.0611014,91693,False,0.6488261680596729,2.7826935032029456,1.5
1.862978165400607,288.0842119716963,1.7784105740695464,2.6867499871257783,4021.591572259287,3062.141183935211,73.97471461679706,76.09018546,633.5214229,94351,False,0.6933944285598184,0.09407933683429806,0.39241754473428747
0.0979712692060816,7495.355265418982,0.4139138547073031,2.286525799870377,1314.1392599022072,4945.95051031714,24.79907705759132,51.7796805,266.596922,66949,False,0.0428471991719649,1.5154529444377554,0.727131204693109
0.7400406774417041,116.0985290763574,0.3946671102760997,2.06172664304838,3673.3592500140912,7459.197289300846,959.2201987111588,162.6437274,92.95518686,134039,True,0.35894201638947437,0.015564480272873287,0.24986957538506516
2.4073770031743686,8087.09368304713,0.431553117599096,0.579387160829818,3283.0234880759217,2673.578144555704,55.88722496428533,185.0905158,679.0831847,63177,False,4.155033129649124,3.0248203877976514,1.5
2.9194344586243437,3185.8505245412525,0.3690988208803633,1.2845584425920162,800.8846913958582,3388.6253280933875,951.3234197176683,20.79535352,704.2734014,90371,False,2.2727126217946254,0.9401601579226859,1.4561929577171098
3.397196783741593,2085.0322708643544,1.0381865068372609,2.9004404533017216,2229.668102071944,2013.1089987292803,246.30263725893263,88.92982868,542.124333,177701,False,1.1712688700798939,1.0357274599362212,1.0376240825702667
3.833628170563209,7891.85395786524,0.4136210278711379,3.4623841598962946,1219.8248679000742,5251.628165168989,523.7162894341435,44.02418488,857.5281049,91191,False,1.1072217542308418,1.5027442362931551,1.1965021444155826
2.7343365946251983,3126.2716595478214,0.4708708778844009,2.3299081194585307,2363.1698607071144,688.097629836199,514.1053896945696,180.1311102,479.1048854,129479,True,1.1735807941129721,4.543354779101147,1.5
2.53496949285406,106.2904699993096,0.8467220045200248,1.7068481561687507,3508.446400964992,8174.268674536916,914.8250987758912,76.15178733,378.5014713,81016,False,1.4851748812672676,0.013003055590453545,0.7122652303227532
2.9917816074366974,7693.423623008365,0.4169671247037375,1.195642709927436,2872.514415803072,2935.1526540583886,519.3592999965392,51.93756369,453.5465314,144283,True,2.502235057647959,2.621132365892336,1.5
2.8902886000443533,7850.154917575777,0.5282106460012108,2.478151333172735,217.4724814356362,603.0975126500995,773.9540192564516,129.7377449,237.4986954,111731,True,1.1663078824310882,13.016394098633642,1.5
2.195059122008313,5700.912568507064,1.3268265710259557,2.630337280571002,1669.7098339502604,3775.1431788236,564.8891452453906,16.51041577,560.0491546,92983,False,0.8345159017082026,1.5101182384222707,1.0633425796974476
3.7108699819092,113.07478370768511,1.9702957185341472,2.4355789827752394,1233.4830173898222,1049.299622517956,946.8665642361008,14.88641911,931.351412,154773,True,1.523608343044773,0.10776215026989393,0.7415617427154042
0.8930654462530585,6871.149630641045,0.4130824732280784,0.944269711920795,3194.5704214803523,6373.483059851182,98.37458284975098,42.86517196,58.34321124,198322,True,0.9457726846535598,1.0780839244473335,0.9321732753028963
2.700280520231817,6565.255653653899,0.3253623035110478,0.7255386842609,260.9959805780097,6820.042325367334,850.008439000489,145.184029,344.5841146,182790,False,3.721754410970043,0.962641482190163,1.5
0.6213329349065977,540.9740396407478,1.9341938692007388,0.5706667956527565,2381.738371380979,3086.5962122419173,262.8180415849815,121.0539184,753.3176008,161898,True,1.088782194544355,0.1752655683694212,0.6293631806388298
2.896207069544237,7124.946910153005,1.680246784680857,3.1627142795588883,1944.0938803267525,4520.436776294795,22.705724852878472,33.36783331,773.8394829,76030,False,0.9157343654241864,1.5761633800388752,1.1380419618391118
2.86608026516403,4266.958543571173,1.6292586927990351,1.678810496889194,1004.538537987417,3902.138165074307,342.40966361003854,139.0329843,270.3598306,25579,False,1.7072079089729983,1.0934924295271402,1.329848560040991
3.2525625220714947,788.2915696889822,1.733965048882153,2.8619460191610075,2392.092145734465,7952.621835457109,819.3203693888172,162.9624349,378.6855428,191164,True,1.1364859308349453,0.09912348228042563,0.6375252803147439
2.402561244405609,2898.1150036470453,1.7340575727557213,1.132294897615847,2924.680142907927,1310.4626194614116,863.0910165917303,53.55270912,980.149367,17256,True,2.121849288215583,2.2115205412166765,1.5
0.4823453617075821,7936.688748153724,0.6999433964400859,0.6010904628768552,1161.8277737031474,1886.9000150969996,735.2952246719177,23.33817303,605.9383265,11514,True,0.8024491969974951,4.206205246937538,1.5
1.6274179820984274,8033.862889967476,1.2392854308589938,1.8890225976131327,3985.205390794051,3129.043746742908,521.9338887873475,127.9748355,403.0189016,23493,False,0.8615127858406555,2.5675137638336287,1.5
2.1635764213458586,4464.041425700676,0.3908729154533139,0.5228902674191821,3059.01822159289,5381.4073687291175,933.3262206428444,146.8478599,478.1412467,138737,True,4.137717640657023,0.8295304776239939,1.5
2.3425406530765853,3272.499606864286,1.2401324603619095,2.998214160289064,3598.7552036540364,3764.5381156573458,121.38479951277958,137.5380246,402.6219664,45377,False,0.781311723088858,0.8692964463247469,0.8115594222165112
1.5636534722290585,5996.516089446692,1.4165848093168558,3.964455658156742,1781.1819964574445,4247.391448398763,202.67748255640672,30.09614075,921.0632349,52907,True,0.3944181024181187,1.411811499101531,0.827855052731327
3.234595512059976,517.441244858308,1.987520386823488,3.561079036997573,2410.0873663585608,687.5212350266611,367.7568142925359,74.66397358,991.3089287,79476,False,0.9083186781690917,0.7526185632442666,0.7847628294816685
3.480183809939707,7603.780488618513,0.7976348231298083,2.669178456176122,2333.1905594597606,2722.997901667218,998.047907660688,62.92621161,363.7389672,40842,True,1.3038403251182795,2.792429799953388,1.5
2.351004454590905,112.18246717389684,0.2451420510041721,3.8882299556468585,1805.576942844276,8088.992147757056,757.2424344466034,101.0126422,242.2632655,181434,True,0.6046462983832154,0.013868534560406843,0.32885028571339747
1.650113857886924,5832.8459576869645,0.2378951019049486,3.902787193236181,186.49786649612253,8167.960876161954,109.63131317907391,69.95769326,475.1952789,37048,True,0.4228038459137221,0.7141128667738734,0.5465998788014894
3.5476432650078467,1986.1707883699971,0.1842301128893089,0.9389528798114596,2198.0892335182366,7615.095211126814,725.0612881431965,114.8475592,918.6646317,99833,False,3.7782934191828543,0.2608202173502806,1.5
1.8683986645045356,3564.0630537843936,1.3396466267886329,2.843456814754966,411.4177390941228,5773.630061414879,984.0158880417752,186.7471988,622.2252241,28554,True,0.6570868239399374,0.6173002106570175,0.666870485724925
1.8285818622577623,2498.1371879844064,0.7018408333078188,2.938610767661161,838.9323142584919,5455.944585667877,691.9502975869233,48.99912019,426.718038,156879,False,0.6222604436492573,0.45787436956175176,0.510566187559461
2.383720886733891,2735.5737928376284,1.1382246582459117,1.2622369370214477,1212.3418961892712,286.597272105788,795.0933576622308,2.13540261,510.8900755,61953,True,1.8884877540274623,9.545009843230018,1.5
3.741710134905659,5534.91700154345,0.8400220931340785,1.2838671569899636,3524.8684346815016,8092.669823215201,461.556549974085,72.21286946,880.9442725,165408,False,2.9144037217015497,0.683942026768676,1.5
0.5920910980471636,2041.988329356759,1.5497804674444633,0.6535655220164407,3600.9947997139816,5346.518811578513,943.4101347219996,195.9038586,790.463443,351,False,0.9059385358668499,0.3819285783775165,0.6775159655190391
3.2810362588554,6124.325640478465,1.6114237990375104,1.2516963674867747,3291.9317746710235,6583.059090965314,757.4573285435011,195.5303794,542.7214598,89382,True,2.621269600848679,0.9303160665765955,1.5
3.461931312826311,7047.837957371355,0.2692528353166782,2.8021427805223165,329.3047419835635,1448.2000915308531,867.2389448833643,39.6946091,752.6001515,13892,False,1.2354581291974285,4.866618911102717,1.5
3.276856901968724,5524.312926577261,0.99312423732534,1.702241448801593,3180.6353088978803,3148.494024292388,545.6169560058919,182.8750218,337.5001055,170929,False,1.9250236088729231,1.754588981970274,1.5
3.061659722445822,2744.28592529651,1.7155025862873492,0.7282653172476421,386.7641389872237,5518.267459257455,163.59977663787905,149.5124311,873.9711672,79500,True,4.204038618752603,0.4973093357762828,1.5
3.485946582665763,6435.862599839227,1.1436366743685922,0.8409444376802726,2178.30078454297,5736.933491919751,145.66105715960177,9.136795663,608.0030625,164538,True,4.145270818379919,1.1218297384451223,1.5
0.9409607319173574,7074.907936638507,1.6437564264402869,1.498924564476659,2029.643969632752,2617.732591422196,993.1085097760666,148.8500992,308.3338065,39438,False,0.6277568107565691,2.702685506196824,1.5
1.4539846980439082,6415.274920795413,0.3249734188238834,2.7002094079802053,3159.595647479438,1078.635313641636,775.3965746271058,16.70455523,435.0460829,167790,False,0.5384708886932662,5.9475847246173394,1.5
1.2705121141941058,950.0781143457716,1.7889267769404806,1.8335486984291585,1138.972214084347,758.8836566993093,534.6436374701276,6.223448145,795.8551526,10071,False,0.6929248306073084,1.2519417234864463,0.8783024305957855
0.5384160225822434,6049.870691071843,1.7705882274774492,2.254613933516457,3416.084617108076,7790.838469392452,171.65532718051057,168.2179096,168.6038575,189986,False,0.23880619904459324,0.7765365325007296,0.5410336503700081
2.586860586446282,4921.770572561185,1.9076499017021664,1.5991321554118128,3038.5004715763075,7899.824621173903,939.2971052118148,107.7261579,577.0458895,17401,True,1.6176642812337334,0.6230227641695156,1.06218535597581
3.3113769921139893,482.6117333168804,1.3523968730368343,1.5909487645785765,1291.2857838926109,1045.809497141912,410.4295939823148,49.11274271,435.3934724,13527,True,2.081383753176602,0.4614719355430753,1.168847406622342
2.516791435352746,3566.224272747256,1.0089558417963067,3.165260461044021,555.4883092565047,1400.971254992387,246.4043079519538,18.10772203,36.44883957,20514,True,0.7951290805918492,2.5455370747211354,1.5
1.0421090612802897,3692.186444215489,1.447447390106252,2.652140898530284,771.138725201858,2169.7982891165366,130.25848984283505,159.8067012,730.1615152,38257,False,0.39293111045747087,1.7016265802371828,1.0224737544304046
2.3496687582459037,5733.646545729943,0.1069379063945889,3.1033657805059764,2539.2014271874777,7064.092369287453,276.1214676742767,141.5552966,758.9834342,20557,False,0.7571353708512698,0.8116607548687289,0.7767531273191928
1.6185799521351498,3180.632861204517,0.3746570272478934,2.551337721947861,1100.1503193710782,4755.024182226876,582.1503349824638,187.6785232,484.7636936,72396,True,0.6344041809154288,0.6688994080038645,0.6803487106803501
2.353862737569969,2995.742928466366,0.2061863852502212,0.5484505898547003,3774.140176769179,3002.921514106243,259.02887680324625,175.9388056,534.3071165,151811,True,4.291833192048127,0.9976094657806522,1.5
1.7669526527035586,602.6593391470333,0.1427506319405597,1.5534766356254186,3604.4640455762087,5649.787773781416,331.0327764728972,43.74484822,294.9819221,111642,False,1.1374175026293163,0.10666937647411888,0.5817168419605981
1.2274568572301074,3311.370471547364,1.0179699752679603,3.489950779470663,3594.601630949529,5521.281625152373,24.55634875389368,168.1036284,199.6321613,152378,False,0.35171169540235925,0.5997467066093068,0.5122285475757433
3.2368663504809225,4722.540213864055,1.545697435605054,0.9604493350428251,1512.247589623659,1452.312059776313,376.5337175637877,194.0098718,382.7583344,58826,False,3.3701548454731864,3.2517393068674836,1.5
1.721741976485614,3513.692085044955,0.1066819138724032,3.6297512646697294,2460.001071472747,1741.9311745993136,842.2989144531493,10.85998762,471.5894447,88298,True,0.47434145664546473,2.0171245191912157,1.1265910042261087
2.513945136157173,510.0283741586027,0.9963528735245666,3.834520106240695,2253.890773991285,4480.11687726556,162.89290774702414,67.35487238,210.2254488,92533,True,0.6556086318225552,0.11384264920250381,0.3799387074389386
2.2066604185946246,7577.390594671128,0.7570705526478952,3.843460778806783,2769.0410748028858,8146.500791219903,625.6554324778007,23.11684819,469.7188328,65454,False,0.5741335664536491,0.9301405337010109,0.6884845816955342
1.2838486188217924,468.9953319322185,0.3292474372548521,0.6736855912174337,417.90108219366016,6000.218452447375,444.22303456339085,190.4574034,650.8756108,143964,True,1.905706059106389,0.0781630428243427,0.9879929697303134
3.750260694096829,970.6152583574684,0.6581304163180971,3.8857332452556688,601.6115518330835,1996.4549518496908,675.5031507898511,197.6037529,811.633208,102084,False,0.9651356622434362,0.48616937585896236,0.751913185224235
0.7377556985995297,5030.6286277304425,1.9096049091867315,2.6158490055024384,2305.438053040088,2992.4200900991173,838.3004623857188,118.0319023,940.90407,56690,False,0.28203287537422295,1.6811237976559268,0.9424508144650465
2.450423357130021,3310.5382587990757,1.852993663029671,0.8540045797148752,3800.059483248402,5775.20006861232,781.8676721841222,170.5571492,396.1698684,69898,False,2.869329446241016,0.5732335189941405,1.5
1.4281683326027506,6153.866933554969,0.640758362201389,1.5518646504160958,2088.873958401793,6267.793504583159,793.0544853785955,82.29244784,371.9114469,190411,False,0.9202912199389305,0.9818234962707837,0.8971078583948181
0.4175537537792406,6361.081757063159,1.3715965160180783,3.712727102644816,1057.8920890611455,6774.932598425708,205.94069033415815,183.1002708,65.22396531,104716,False,0.1124654815098876,0.9389143971118428,0.5646933578294864
1.1643379257948672,3306.272780999645,0.3605597031510438,2.0683763307548637,1997.4048954682048,6314.643948550282,866.9888368190573,117.3385738,687.6146866,17853,False,0.562923364360185,0.523588155945849,0.5476137471347945
0.7370879219978148,6645.853094808472,1.8154705276883087,2.9480033809315507,374.1758976815728,7862.866627428006,868.4160837638345,110.035372,7.029158876,90022,False,0.25002945272588084,0.8452201224907655,0.5478933823943303
0.0331031111536757,2285.2860367286285,1.7052789776503532,3.674166894162725,2652.457358874511,7777.042431030515,834.2838882771864,113.9603068,459.2284083,196926,False,0.009009689297614226,0.29385027234986566,0.193281001218726
1.807465857486048,3619.4367641589015,0.1085487977071206,1.900339182077308,429.6344378798364,7162.889584306026,902.3664361374744,153.5694694,909.3941996,77126,False,0.9511275268148377,0.5053040007183449,0.7321976062496467
3.7568135894069634,4920.920603844003,1.2230933493061444,3.8495510763145697,2184.445763991489,5846.656442153909,324.75240115896963,119.2328608,730.6214969,161765,True,0.9759092785162706,0.8416640607652108,0.87753893964378
3.20283848957854,3786.636442514197,1.7180221031058414,3.368020921136326,206.98217166718064,2531.7720275716897,63.55987300748367,84.96219894,843.9699214,58422,False,0.9509553573505081,1.4956466853180477,1.1434623556688281
3.9654100815202615,4259.723234396744,1.1114585231030043,3.071967952034208,1503.5861985476452,2929.8912049330456,917.9081008978532,173.7602871,481.5665428,133296,True,1.2908366404206109,1.4538844397262198,1.3220257703087448
2.5087479873035945,1946.637188215872,1.5404266608228223,2.4385668921721537,3660.9390803673223,5376.064399146931,996.3096153068508,47.37183312,478.7779222,64501,True,1.0287792254448687,0.36209335367386397,0.6495843406976755
1.3450787747175248,3026.7100491493647,1.0489871360582372,1.3731697145164845,383.983858110704,6821.192595239224,751.1805517543539,119.6926221,660.5765402,172576,False,0.9795422815954451,0.4437215349729462,0.7003295910101379
1.1663858656240067,609.3941798789965,1.2514186678477417,2.5181524235934942,2731.157961944212,967.8944622512696,957.0595819196416,159.6703998,835.2435254,59587,False,0.4631909456730133,0.6296080854021738,0.5716141903184192
3.5965291651454785,7128.96666463789,0.9255823791416924,1.845761448400345,3938.4335746578527,8084.212533148062,81.82032924937421,44.37550753,444.5240068,178811,False,1.9485330673307713,0.881838105384393,1.295860180470576
0.6242354784648132,6635.914519550874,0.7423203620806403,0.6240430501254584,268.70222854071653,870.5408876605254,615.8615637167378,61.69198702,689.5626808,127262,True,1.000306754530095,7.622748805930703,1.5
0.7707040954646338,4009.1691635116167,1.3866177213515272,0.7823725870312682,1696.6049062188902,1171.7391722974726,634.4415768513072,124.0269667,799.4763649,118520,True,0.9850845021354637,3.421554262992791,1.5
0.9049903053398088,4409.137749089348,1.5932240188450846,1.216138133917016,3403.4405615326536,2909.108557184747,978.9923092226278,78.23594133,541.8689415,191519,False,0.7441503032839345,1.5156319060986172,1.0560294835292907
2.158394498635844,7478.427860105706,0.1474106532845209,3.2992608787576456,1311.6841976380076,3049.1563349782773,660.4482740093068,128.8943159,348.4723283,162160,True,0.6542052671031373,2.4526219832891454,1.4625351026627678
2.460506631943165,1289.133954878732,1.268089209121953,1.2991060594571742,888.7795155669427,7093.620224854747,991.714672249839,182.302825,705.8393174,160600,False,1.8939983537394343,0.18173145923150935,1.025252008364713
0.9326886388904247,6439.4684355942645,0.9227964917947508,3.4230247471390807,1132.9997295846672,3362.918989873618,229.39440833445525,61.19194612,96.84125602,100705,False,0.2724749119021244,1.9148449466281736,1.0148973543686468
0.2544579230441277,4957.589781961033,1.6544413453427982,0.7056094476756919,2655.163533973785,6165.845204830124,822.8808990894555,100.6009925,703.01526,156729,False,0.3606209685277789,0.8040405842938412,0.5744104347247866
2.545107126269459,2838.166844723907,0.2435109401676157,3.749948798665537,1096.6424952050215,7383.132492887672,568.9564802886072,132.3359952,348.5926085,35886,False,0.6787043195018677,0.3844122866647133,0.5445865711460325
1.1530438060573185,2747.490783304451,1.7661075804694888,1.292530238131948,2235.613449468279,3872.370496559504,766.2650442115229,81.03722123,633.5779028,93881,False,0.8920819644744324,0.7095113406725959,0.7612454573933995
0.6350276579077794,897.3979085021529,1.993491310536815,1.1338948604924797,1904.2929247563784,5797.256293600874,864.6518420579065,1.829065883,571.8691744,161267,True,0.5600405469616679,0.15479700446190747,0.32259165361696057
3.862624610545252,5740.915420761226,1.1780990835669134,0.6682512222653394,2196.384197227605,4058.261693143829,578.6096764742042,156.166201,558.3718314,160937,True,5.780189697613216,1.4146242537896234,1.5
0.8838206821679111,2369.571428684388,1.500548733435341,0.8389098794155666,940.9966528801584,6082.4754747960005,514.7480668924882,4.472379581,664.5373056,174227,True,1.0535334608887552,0.3895735277706627,0.6516348788230922
0.5551467660764926,4955.392055729567,1.4621884947403911,2.417341707466119,787.7468335248731,7203.788828913862,481.2228037734989,117.6917853,539.3142188,147904,False,0.2296516602142865,0.6878869123914644,0.4717525693934438
3.0119342126332747,3683.98458337108,1.6678208231985496,1.2320164685176225,2354.9147445757926,518.884932129399,250.0786758609299,121.5697535,49.52757476,198761,True,2.44471713234494,7.099810281930796,1.5
3.189829266991232,1502.856308940206,0.856504121019713,3.5043706068840623,3759.781712174468,7675.838022555285,195.2520776688513,17.86268291,98.04838923,122800,True,0.910242869427735,0.19579051881088483,0.506648539440842
2.1315481406017467,6724.475841847353,1.991532328437633,3.052385928737499,1707.5221903768706,6996.117808550723,596.5552712274974,98.51868045,600.2152941,4516,False,0.6983217365183052,0.9611724709191519,0.7960437199306521
2.533359639499111,3123.4592649235865,1.8188842927825764,0.6622295700609822,223.20136052911764,1643.5669670932025,388.8343765830021,155.6176728,299.1936344,84195,False,3.8254948563697746,1.9004149666911916,1.5
3.121273834615204,1950.5732018278527,0.1291453300062306,2.3969484423627843,3131.496016077233,7326.889378009864,54.894937416638086,134.7017355,763.6941819,39852,True,1.3021859282682322,0.26622118895583047,0.7731504591016989
2.5513315027673804,1410.37397716929,0.905020796796044,3.739322220220302,1049.0967778051074,3653.1282063103567,595.05730522595,159.66424,338.460086,49007,True,0.6822976652489187,0.3860729482055842,0.560618321739674
1.4247863415975082,3142.6329679787905,0.6748214641721697,3.63024695885055,747.1703583695896,5109.698814823566,161.11473831852774,57.09905909,284.4221917,164308,False,0.39247631504726194,0.6150329170570242,0.4819356309973704
1.3153894200553269,4124.304399168529,0.932543517965706,2.8411851427488,677.3590874014507,2486.606725083568,278.2888036996062,0.987017946,502.7632432,31989,False,0.462971925796706,1.6586074331361407,0.9552043405791564
3.3199705976475844,1975.4557749620333,0.7627241776842206,1.8603548110477928,1470.7228122015376,2687.3561791842853,778.0666187020112,81.85064164,319.3617782,98641,False,1.7845890436290814,0.7350926496191386,1.17479204120942
0.9304343033698764,1531.7955733075132,1.7874992710341746,0.9774435890042918,1855.9204374805688,6274.883601510956,422.1823129942048,164.2964117,59.61260648,4916,False,0.9519049098401535,0.24411537652978138,0.6203773239787163
0.6287897451170439,5047.658499569991,1.3057943445155262,0.9519148113545772,1284.3106505187052,7807.539990983434,801.8410873927403,22.36601419,803.7598828,165109,True,0.6605518446240276,0.6465107453503648,0.5993638937635584
2.784239977938055,3197.6856420929157,1.269257657647746,3.491143551598078,2367.7134706203715,4312.652950958203,223.25857837057384,199.5084091,751.913474,101431,True,0.7975149515546596,0.741466025139114,0.7923199174219654
0.505047828586612,4128.492540111278,1.6964990091551622,1.80334312886144,3457.249102931766,7038.918544483254,116.5042797945366,183.4549577,321.6066863,44069,True,0.28006181432796146,0.5865236986952287,0.4817132799134257
2.1120595616425133,5183.5471504643865,0.4952481621077998,0.6454048631574167,3630.0654325052415,5527.059993782541,527.0888522736103,166.9779433,681.8153906,162238,True,3.2724517736948022,0.9378489025553504,1.5
3.7126027707112743,1970.5377503854115,1.1653189106298447,0.5379574764700162,2157.2070291470745,5711.230387224477,5.157392050861631,71.09859155,403.3156692,145568,False,6.90128129418591,0.3450285869133039,1.5
2.9688720108231728,2414.474287739419,0.5888457895739406,0.8951430775955125,1302.3001118096224,2623.28669871217,577.138031757313,110.1528536,865.5904139,101291,False,3.316641516299807,0.9204004609958714,1.5
1.0467315507374997,2337.8892457861584,1.2502839242683474,2.168237390169488,1731.1693933304382,6271.465519356753,243.64218726342224,148.6720138,103.3780024,67236,False,0.4827566726441359,0.37278196590534185,0.4593464825538912
3.3606481858837984,1318.339731559674,1.915681131263247,0.7296807220068124,920.7586276934196,4229.707418895491,343.5988711948605,92.44179129,904.0183702,95952,True,4.605635696398084,0.31168579778320643,1.5
0.4021037199408011,2104.4360139133123,1.4364998680042615,2.806328021280759,3913.8173782843833,358.9629232166538,683.4002151133227,135.6034722,491.8270413,113545,True,0.143284595958491,5.862544212625062,1.5
0.2283556368486405,6739.116628333272,1.907462425112471,3.522908531891141,1437.7721568773422,7170.098823349565,976.477046879738,52.7684782,796.3544129,19813,True,0.06482018194945141,0.9398917355849151,0.4785110221121105
3.91688680959399,6608.384891537585,0.7788846763279732,3.975081441514676,3965.9343245578098,2458.751200071076,416.0008873118869,84.20686508,87.95099116,11232,True,0.9853598930897869,2.6876997105924563,1.5
2.701841574645575,989.8939092937808,0.7706714504492593,1.87496993902118,3109.888301854454,2709.178300625283,198.65956201945755,174.2927314,338.1590452,136857,False,1.4410045075450926,0.3653852936515571,0.9000429817114505
2.6721560623365326,3121.608492520503,0.997330985456654,2.930147843424157,2984.0555780809696,5859.428389617763,22.443646160857924,65.59740295,409.0479935,2537,False,0.9119523290884651,0.5327496616425736,0.682922578267621
1.6690720514456587,4978.1564770235855,1.495651998017105,3.213312232727209,3801.108743997703,1990.67112009789,542.1089539308543,84.38795795,790.3342138,198245,False,0.519424012090188,2.5007428018938884,1.4012793124002956
0.9656448858575026,7167.105316120041,0.4694870567557209,2.001338938284918,1513.7770384072849,5410.9731388088985,369.5407784126922,183.7232558,277.486659,98582,False,0.4824991833646354,1.3245501559398174,0.9050561834327098
1.6653669827443345,6139.256697229269,0.2334339056503507,0.5533539703832038,3139.6180123709705,3772.6653806250074,28.671405125493155,65.08677673,353.4442244,70184,False,3.0095816824253903,1.6272995551449876,1.5
3.601586238241928,7090.067875039754,1.92127020595744,1.3795026068018568,2544.4276173999583,1016.8782326050735,410.9613537490284,92.19969686,533.9027542,152157,True,2.6107842128746515,6.972386310112852,1.5
3.9338268871263664,3080.68522836771,1.132904982415355,1.6850890140256871,789.8624988156223,1990.2091228974457,834.6115220403766,130.1520834,332.2474379,183369,False,2.334490652952383,1.547920362426424,1.5
2.3708449622758607,1792.4391692926563,1.678808345905139,3.7379839871576825,1744.8196658573877,1521.3122399421757,247.07399436321853,94.4865058,746.2055589,197263,False,0.6342574864321812,1.1782191196874658,0.8628692214346897
1.1152017459310817,5833.143812491979,1.087264214599816,1.4673626594590965,465.9499467534785,7773.318999442666,229.4867945318082,130.907921,602.4497864,52245,True,0.7600036560413186,0.7504058192079599,0.7451541513853879
1.990446732571072,2610.3422728666064,1.0294432018498156,0.752159929831145,3039.0436147864502,7947.139413642477,236.6225458706324,106.4773923,334.217377,109922,True,2.6463043394422434,0.3284631282618614,1.3918970112790694
2.4281143784632397,5281.40011212424,1.423375974224016,2.931143516797916,916.3999750223928,3020.955147301489,995.8458562437336,91.1913288,84.91870488,153482,False,0.8283843954291943,1.7482550560519479,1.2050945124368586
1.5723502836644117,274.1597410138029,1.938554134409032,2.2284288086715227,4014.9003453163073,259.4640422457726,322.0084401500724,49.70517883,165.1613368,199201,True,0.7055866321415649,1.0566386678639323,0.8178600218402039
0.8983730883533947,7528.431050165758,0.1636921777884199,3.3485644470525333,968.8513425063728,506.4588302207201,633.2979558475647,22.1291686,825.0763461,51630,False,0.268285957840292,14.86484307524058,1.5
0.9521544918455738,401.62007662409,0.9445239079094562,3.1572439562621084,1845.549166908081,450.0059666191381,556.7863727222841,40.81344486,297.4168387,48990,True,0.301577642861401,0.8924772236887324,0.5577363779799368
2.4336066017892515,3013.532821476767,0.4298056253202588,1.0827422740359327,3317.340866222544,5845.160324964466,151.93324017115694,52.20439948,176.3231119,80093,True,2.2476303110320575,0.515560335974108,1.2695443423853041
3.8582704682244486,7737.943819208996,1.0625609436931052,0.8984567824067777,3890.29056929386,7564.526966716577,271.5464642612287,162.0541727,47.56952144,141416,True,4.294325836756582,1.0229250093538587,1.5
1.0188390770183964,5424.251874465587,0.1218826946181623,1.1785738651556583,2749.6823506463206,3688.945449663671,819.1576759558335,156.6931331,368.0074564,33318,False,0.8644669992040217,1.4704071792359308,1.129059011050886
3.0890047198991293,3293.0679841015726,1.475542694560187,0.9212518331849638,1858.1767401400923,4804.4832072951785,982.4013925855272,180.4055894,394.9831045,95370,True,3.353047728732397,0.6854156506189734,1.5
0.5623240074248592,6633.078540210484,0.4935800775946323,2.587530721293672,2145.390686120618,5534.805121029048,300.40088114939,74.36682446,376.9593444,73945,True,0.21732062366513427,1.1984303681822877,0.6742804064640975
0.031339932761234,2551.975083724019,1.121412977709081,0.9363016989030006,3970.237692235607,6178.434269980451,432.7565756884616,143.1247887,509.0499857,118854,True,0.03347200942382498,0.413045598900423,0.2725127314946922
1.445361353418725,5745.316557437022,0.271239225258529,1.1969201828864375,3432.459211142509,1458.5160748379635,313.63758616755746,44.17796001,412.065982,148651,True,1.2075660236316992,3.939152027608716,1.5
3.3695728373982297,4693.506314231507,0.9761940058602132,2.31102533369183,951.5184191568384,3102.5691323778037,374.2643457113861,61.54436834,271.3790046,39530,False,1.4580417316212002,1.5127805739244338,1.3676497095132962
2.67839993315618,7750.093535810008,1.4048709091596576,2.3250126188220435,1851.8267526805096,4729.087905131978,57.117793039503816,142.9564925,192.6641251,16551,True,1.1519932233830001,1.6388135914667263,1.3273587058552578
2.099340848520044,4466.033117920836,1.5876792462117502,1.4657810048799935,2178.7038246125103,7015.041001996008,541.5119826712108,135.1686803,365.9267702,105008,False,1.4322326522844175,0.636636780314394,0.998592030231571
1.4115809333734712,3923.478895750459,1.1560096013176258,3.9352078553463623,1942.8816312827205,715.4835445126753,563.1515320080214,24.96786973,910.3062611,158930,True,0.35870546780654394,5.483674530822529,1.5
0.172553368578197,5313.209747774449,1.0713757052494293,1.154288677574512,2000.4485166297504,2513.65309038159,409.12042824906615,76.85717488,444.3188747,191052,True,0.14948879118522507,2.1137402635198663,1.0568910129506444
2.3028669811315488,2537.0493925730707,0.2764798023008251,3.987789911504666,2765.438254763346,768.2366839839856,799.1404718458344,98.59943069,697.7831363,153630,True,0.5774793694643923,3.3024319746276594,1.5
2.8229095339542063,4870.863798362085,1.0095253102421766,0.6819619677949776,3825.641561132261,5377.374888375339,940.8696628191236,26.08356207,892.1183352,36088,True,4.139388305909997,0.9058069966417958,1.5
1.0391230199890544,2457.0378617042743,1.706604680586973,2.9186865487413534,1197.675991355351,1254.6906594950592,986.1063518751214,22.1468615,228.2087975,110717,False,0.35602406994101266,1.958281781371361,1.0525137583572521
3.7304893128642567,4419.571180575444,0.2908216014799823,1.3603806149709148,3911.741541437297,5169.463514785227,412.1358360552448,10.61601758,275.3900027,164790,False,2.7422373779610476,0.8549380737633706,1.5
2.3635346604894165,4933.789087736931,1.0596030620543715,1.1989005249325275,852.0592946025812,6733.919979041908,17.485432885666953,66.36714461,234.0991808,84770,True,1.9714168439500759,0.7326771185817129,1.2500339300592305
0.6907183479101993,3479.852316727316,1.941354254645661,0.8352675605398172,3180.2115547589315,2681.294843978815,988.6377397845883,21.97462881,364.7537604,19787,False,0.8269416335553225,1.2978253112461455,0.9671351131275082
1.8583326541223173,6948.511343953156,0.9981297370049114,3.967945147147878,2214.905610034841,6388.966418538605,184.85246156097853,52.43107189,106.2027062,19480,False,0.4683361581048848,1.0875798818887765,0.7263841330129683
1.7087033985699684,2906.012066572587,1.857515323783094,1.9050527957875,3853.2303884647113,3980.3171862624695,392.8111706459443,195.5612652,490.3898177,168061,True,0.8969318359136597,0.7300956003888841,0.8299667720633025
0.3386136031459847,2942.976458903013,1.6483824621286478,1.4356226357876123,1950.15703990758,939.77029456688,41.8230520714733,37.69546287,338.8802887,100239,False,0.2358651631980233,3.1315912758529745,1.5
2.9655026834978244,2052.766310807998,1.88864857094247,1.1567252737648268,3764.251807305173,6276.344146267584,690.2310623907134,15.54668904,455.4738173,23365,False,2.563703056424859,0.32706401412065217,1.3086204177665848
1.5595267628999183,3927.263874176856,0.2750366659762611,3.80238730958844,1066.6308376885256,3259.886513484764,473.759031826454,5.771094875,96.36138125,109300,True,0.41014400316960714,1.2047241082555211,0.7295768997239593
2.8895745640947776,281.7663988015365,1.0053798516093693,3.65198747278133,3822.0104051904273,616.1638152967399,639.6149204454821,37.62447644,146.2606374,18273,True,0.7912332105183499,0.4572913750356284,0.5806528793331203
3.607928179976402,5787.130903229095,0.5989710740418901,1.81929814471904,311.8761623977192,1713.690323116654,403.0708228019574,169.7327247,673.4543661,164528,True,1.9831417996591132,3.3769992289663846,1.5
0.5598544829744387,6435.697537558784,1.9239361653094584,1.470246314085491,4086.78991529077,1006.4047937675798,941.6602233019232,91.72946354,363.3027834,157154,True,0.3807893254494221,6.394740536828474,1.5
2.9497535637949923,6761.360152697088,1.1014739497139574,1.506771545879742,3900.278665739162,2014.3003716232563,660.4489542209955,44.31663926,140.6816123,173599,False,1.957663465438809,3.3566791947179446,1.5
3.691629685539804,4352.79328186604,0.527712448683607,0.7052886955051929,3976.372123204269,2271.3163228399385,574.1538364539222,15.87950223,932.427748,148414,True,5.234203348023568,1.9164187903634269,1.5
3.5122977929783663,6870.2379703796605,1.7844786719069086,1.386683403879176,277.1553919313746,3418.918012234754,104.5371804366626,181.2838049,443.7841901,64280,True,2.532874663588124,2.0094772509269667,1.5
3.6106542032743087,33.91014046055079,1.1692414855172355,3.155015919303373,1764.529488966164,1362.7097515292764,164.45066584413703,151.1851408,598.0596712,131260,True,1.1444167481902252,0.024884345619169013,0.6017964566825811
1.2375019229598,4049.61849517762,0.2580110905486428,2.945617675485821,1524.9532375791673,6670.627912203706,670.8406786084839,57.44636665,782.2574736,65941,False,0.4201161315477126,0.6070820540240128,0.49096935609318687
3.948364312998848,2388.314868830056,0.953806972677158,3.4612113896413126,2650.2729182472963,2912.633480407613,621.2721831731159,178.5492976,430.0971058,195588,False,1.1407460359310742,0.8199846922297395,0.9716251998240605
3.053556059501408,7444.650188064933,0.3080144423371262,0.6292555187361908,3388.152879422125,4537.405177510484,508.1043738358251,72.25951137,58.0146737,162517,True,4.852641122628687,1.6407285431160954,1.5
3.4096435253721697,8037.501527458833,0.5510743681897783,3.246866258968231,407.0865810991303,486.5590756717705,488.3280624362022,135.7937089,990.1861281,109319,True,1.0501333295823323,16.519066055530352,1.5
1.6297303760612367,3003.9998978527483,1.805121166461866,3.301683841477916,1874.0283860399431,776.7253669702234,457.27207065832863,80.16191046,342.5977244,73954,False,0.4936056753774624,3.8675187160462485,1.5
0.7980915583777493,1710.3356050301982,1.365457697097441,2.635690828773177,3400.854871896513,7966.822639044468,263.79867682222056,26.52405985,357.2665385,144548,False,0.30280154518262975,0.21468227451598593,0.2461329758616099
3.882783042595056,2989.452809785599,0.4590380020087541,3.648881807081207,1767.1952658829648,715.5424721502393,295.2807661374971,62.29500607,270.3402108,96866,False,1.064101876623697,4.177883105421077,1.5
2.8837847913144623,3894.9675907263018,1.4183907418193438,3.8934116917443,825.1998971220431,3810.0421408789166,761.3682423468965,151.2786841,302.8277226,3386,True,0.7406830509977325,1.0222898975089825,0.8689955743274003
0.4602721720941858,2675.328055751723,0.3122251208348737,2.305421804633613,2659.6999105477967,1984.2370597052384,767.6459069298196,85.95068333,159.7247198,8791,False,0.19964761828897326,1.3482905388335285,0.7395579696328954
0.7557414034459558,3362.879832205353,0.6277180634830124,1.844302164349732,758.1698844602257,6303.340426181134,572.9896832275608,119.2011051,330.2981155,55729,True,0.4097707025907623,0.5335075696854341,0.48409027777781755
1.0589161673434573,1326.3383780601423,1.3910186862073588,3.9729392951778055,3760.333584128388,5531.63006054142,292.6678829103052,21.59757284,88.94039302,21910,True,0.266532111904306,0.2397735140101814,0.23863894576853267
2.1295980479856342,6404.052599675177,0.9911863633752092,3.968765937747678,2948.5374702753857,7713.08236520083,269.8268463983936,88.53591376,196.7264127,195629,True,0.5365893440934091,0.830284482341081,0.6593719505725426
2.033432040158425,1569.162128236746,1.070508397082807,2.9726900182016105,3496.1718211279385,7211.093955484905,812.939461827546,185.7148573,981.4737495,54892,False,0.6840374689827639,0.21760389445842754,0.49861863735412737
1.7996847438733243,7852.764025272131,0.5320378257849034,1.8620051055434343,3312.6008475361423,4649.862869022727,251.53874701018475,187.0874046,794.5666082,96772,True,0.966529990699509,1.6888162607758257,1.2884722776116229
2.6920305873159243,1158.6429695912711,1.617414998951997,3.1683400552978807,1809.866858721345,7515.543996500578,752.0790933991564,169.9083517,530.9945485,68278,False,0.8496656579361924,0.1541662147113499,0.5366991905850783
2.033890522313201,8121.125677917605,1.894123486201768,1.1091653972893103,3435.378963867725,4588.383438669026,46.77225650916539,174.6735127,887.7140845,10255,False,1.833710908736347,1.7699317820097888,1.5
0.3391553240076219,6677.546092442535,1.804514825973791,2.868856412947934,1809.5881099576004,3763.3273787307,532.3092394274983,190.9803738,630.8419969,14838,False,0.11821965165536691,1.7743728936280783,0.9471800680666714
2.7915162925778616,2148.548731605156,1.0910794574717626,2.859285869188782,3817.381175578975,4378.319218070255,344.8938753557547,66.61919559,782.184341,78970,False,0.9762980842037203,0.49072455070130866,0.6934778887831845
1.247175996570166,2652.840429042397,1.0837876691381063,0.6809473244172324,731.5870712030146,3861.9363829819695,882.8372895101966,111.1636724,540.503449,40321,True,1.8315281084471737,0.6869197638898192,1.1888969035741113
2.008536547329811,3255.096574019024,1.6954407885209812,1.7427558095528697,827.0988023713327,5000.328172209713,948.3517845026272,98.62794713,559.9690611,70204,False,1.1525053503277554,0.650976588188526,0.8608928455501462
3.19241855022748,2421.563856387461,0.7490873516347647,2.805337661895744,1219.826427679258,304.7084091933653,351.512869514812,12.24794501,876.4988591,195112,False,1.1379797361328778,7.947151359723736,1.5
3.394442884792169,7891.815069909504,0.4128745543083818,1.2503106172639908,2690.6828760138565,3253.0561426057857,788.7596597980039,76.82778979,608.847352,179662,True,2.714877505673425,2.425969525740179,1.5
0.0613081317617232,462.6979292183187,1.4738367804465975,1.6711612419756552,198.12375711549493,4959.232098993606,150.03043768026237,77.5295067,453.0504652,97736,False,0.036685924455332634,0.09330031744610526,0.09726799489882124
1.832361469015536,7366.835126176506,0.2104729549736967,1.504813088764284,896.3678749871448,7483.804309172651,522.3198214410644,42.70535405,276.9439565,91591,True,1.217666343435305,0.9843703577554599,1.0122743883439569
3.1266227362887187,7122.137352935755,0.7204002654644595,0.8412407469045144,3730.524706596446,7447.242101930292,11.049277833831804,31.96497258,796.6234027,68836,False,3.716675673542872,0.9563456182166259,1.5
1.2185958332711389,4745.726048139956,0.7147603550971668,1.530424754283312,2443.414758571134,2410.299937003365,637.6004201459701,109.7057866,912.1033375,157943,False,0.7962462928113746,1.9689358877348697,1.2991982219933622
0.2142146368226347,4444.295911358455,1.7447946686019746,1.7102405581461682,2848.206916203542,7022.665559270717,208.3409373374139,8.192594521,710.2946163,86867,True,0.12525402379698608,0.6328502864355584,0.3452442336241044
2.2058820742135934,2952.1466272222115,0.7573873717534635,3.431544427155393,3556.7433587006267,4121.827914182646,222.8377182947464,143.3330175,649.8870445,61450,False,0.6428246750742207,0.7162226778920235,0.683255256317924
3.123435920162449,5164.357624296683,0.3411786751871487,3.438060681873772,2035.5676684294688,6003.548805797012,633.9891186490349,137.1401747,799.0065105,112174,False,0.9084874586834495,0.8602174797762573,0.8645039949325116
1.947015636216408,579.955228009132,0.6628050522100806,2.7104983698692435,3773.945371917373,3465.9690683716653,484.6788546679836,168.7252065,253.9581984,180647,True,0.7183235893208613,0.16732844881223083,0.4829265485052117
1.9432013671266584,7374.312717138293,1.1072072881022823,2.618355862329936,2983.70388860008,2408.471802877077,896.1243418983775,42.05717052,469.5499141,103073,False,0.7421453488954546,3.0618223162369484,1.5
2.0483410920346814,339.4375612552367,1.399570284510258,1.2955692080412675,1439.759019799791,738.2200781977102,471.4326065302657,132.0651851,671.8302045,134825,True,1.5810344196873012,0.45980537622890705,0.9844265685350242
3.200638190391822,3796.793888855622,1.904891115409856,1.2348562028371772,344.65600527449595,4359.040908076565,622.0478674320425,12.1224628,56.31932393,3377,False,2.5919095609096465,0.8710158881394734,1.5
3.970763185922392,351.8639170373553,0.7562498324825065,1.7753384204516334,2208.8254229141776,5486.2952155009925,278.7179574882046,57.81800337,588.0624994,75080,False,2.2366219891136416,0.0641350680472066,1.0642567118837887
2.480649199179772,5175.822230327856,1.8566686280697555,2.2200543175973344,2635.008156445241,8066.663357181054,680.3246555005669,184.5614118,621.3603546,141359,True,1.117381706445255,0.641631118159733,0.883858931792911
1.1610109606583352,5535.153861052792,1.2383378735065171,0.9886208415042934,3851.274546927577,2494.9439043245848,162.13485435162778,95.08353524,645.8264768,85512,False,1.174373164658929,2.2185484207640673,1.5
1.7922616118511523,2465.9009988005864,0.4409991526962578,3.664102958726149,831.6781278745791,3962.558854354897,519.2316818181886,173.393982,374.0734987,19267,True,0.48914049165631324,0.6223001572502156,0.5868663791337883
3.040158705694327,5437.802813781551,0.7288339257322025,0.9511666805013956,3552.7828592297096,6129.87858204718,703.9064643479506,133.6916232,378.6639521,197555,False,3.196238442512835,0.8870979645209226,1.5
2.619636097739624,6086.950080474716,1.3766651820411735,2.791277749180784,2209.5215577469,3186.035040020172,137.255300211397,187.600089,707.5047597,199212,True,0.9385075204360954,1.910509458340944,1.3758805094735727
0.0224297862168656,6143.714379630073,0.9011700961010888,3.3626730118874204,3807.028918381806,6477.213445621599,936.843104498242,89.52762679,77.462196,183070,False,0.006670223202598245,0.9485119535213907,0.47460668537542383
2.2670375850834694,4611.186108508666,1.34853693929192,1.3125064275391678,3977.585902155328,2289.2407827487486,216.52237241519367,3.670031673,818.6748835,69342,False,1.7272569568112532,2.0142861953374838,1.5
3.099917412520696,2095.2332012775696,1.602846794180361,2.663017199014434,2685.7216405686577,3541.457868865481,674.3000904164014,173.4308463,884.779446,139731,True,1.1640616702011108,0.5916301360256349,0.8767978365630121
3.011411151796043,6195.670341390524,0.7182579434161893,1.7687896782879338,3063.8074160763194,2012.2990375723216,763.7209300534156,62.41956937,439.0849843,27889,False,1.702525453555013,3.078901407112039,1.5
2.843897740988796,6261.183324231817,1.5965823644225947,1.1801912060447133,3887.908871582975,6698.125093349971,733.3486813889255,174.8273723,925.6315889,158424,False,2.409690325374892,0.9347665557206859,1.5
0.7891580081230116,229.49221941358337,1.5746394486338395,0.587573158830398,3688.162729432692,3415.5173028995478,701.8089911407983,79.21994448,400.9993945,117962,True,1.3430781396068856,0.06719105745755369,0.6742407492807179
1.354852416263094,2680.1734301033057,1.5944596880639992,1.2929038838177576,2393.5557266231767,6190.677081611357,31.296237089591727,36.49038387,244.963006,11399,False,1.0479134491799695,0.43293704296602603,0.6846323530341938
1.814993572167062,3512.35264319342,0.7645554324280723,0.8465044808630605,3794.342763027552,438.8094399455474,446.131383279713,184.9970384,206.9890423,56351,True,2.144101382919072,8.004277746679735,1.5
3.744178220174768,3895.750738520765,0.7148938076029806,2.950854056633487,3571.9751411105035,4060.191829986453,515.0053397858219,107.2162514,158.6079231,91461,False,1.2688451815882653,0.9594991814892314,1.0563761336410147
0.122951843501069,3667.829267522809,0.1985848423171655,2.677973257092215,2062.5147706710454,3703.5012544713936,617.2807552023525,174.1852075,734.9868917,56243,True,0.04591225743692248,0.9903680367609207,0.5534399285300011
0.9160376541174866,313.6506006241989,0.191231971792936,3.4171114484518643,718.4207781459506,5740.126545931705,985.0206212369336,195.1278855,633.0287603,104409,True,0.26807360540110436,0.05464175712151432,0.24280959628482743
0.9751909084738616,5699.009753377797,0.8110757873782808,2.4724235227265274,2875.46804494329,449.6592254414531,83.78724456399256,184.9051481,41.62268889,6678,True,0.39442696814802886,12.674063864938452,1.5
0.1963653419415911,2664.2012146209,1.8383969878203483,1.1784840120427018,1204.826223240851,747.5159390306289,442.6891013707851,17.77013706,92.82105955,95041,True,0.16662523488629308,3.5640727801894583,1.5
0.2071970757695433,4121.908383746407,1.6043468134093193,3.12535233586608,1599.960427361675,4496.5134645463,816.4580415706389,109.3511662,857.1427782,161222,False,0.0662955683735919,0.9166898787982655,0.4970323386296964
2.490824437189292,3959.421171974616,0.7808062561989647,0.7669563788710879,2046.714556548457,7707.685021093324,477.621586139992,141.4755549,107.0040885,83048,False,3.2476699563874405,0.5136978432078273,1.5
2.118803813718211,7845.542406720247,1.9777447009270213,1.354482513641514,3405.9949180475905,3687.9921814290624,721.2272759812842,29.5016912,494.7423581,33464,False,1.5642891126978948,2.1273207801522105,1.5
0.3849057849969752,5617.068209094761,1.1652997177300486,3.285254569929873,3741.557056151045,6673.157366031296,752.627582193484,178.8344174,584.4883621,76996,False,0.1171615957431255,0.8417407083558168,0.5209450035855605
1.1934774133740649,6194.078621077687,0.7351421046247962,0.6245160404109712,3783.641341423524,1055.1689311470795,791.4142045389624,7.911446623,450.2286547,34344,False,1.9110405900032483,5.870224598514143,1.5
0.1060884484525863,1606.8807821769697,1.367074374890985,2.9734895938887456,432.52202790373633,2361.9740755947805,914.3168789480128,195.7766546,172.5945142,183929,False,0.035678084427313864,0.6803126241307371,0.4201079654838147
3.20932170948911,4338.844459099876,1.5663389380842072,2.013689707225751,1514.7956967711082,6447.725160072936,728.0433339641144,115.7595797,462.6681346,27168,False,1.5937510651328237,0.6729263966297641,1.0778987316305877
1.4982595611748135,2152.4303903259038,1.5137692314806428,1.9320135992084084,1131.435577338153,2929.0166131880205,614.5521681244633,61.89351739,838.9852011,1324,False,0.7754908072582296,0.7348645207062435,0.7106141866062891
0.277069248928901,6088.232060619497,1.9056960831326195,3.4286242872569863,1069.7871549036286,3584.0931913065374,931.90661350903,83.61535651,673.311729,78459,False,0.08081059483480785,1.6986812936918712,0.8425892012252575
1.1497482011184217,3332.8808926856527,1.876642009689004,2.1284676958668127,3839.90906822216,4036.045967613211,757.9230193548195,175.5135162,760.5580181,28458,False,0.5401762324957239,0.8257787246736522,0.7024578428269953
3.661366690247079,3104.18756108462,0.1906407571022934,3.8375396437533658,2594.459107477868,776.3828458115343,498.9584451058423,157.0699078,578.3021673,157279,True,0.9540919641351402,3.9982691192019044,1.5
1.2334914564145278,5832.604676946888,0.496480402603411,2.398416116234882,2741.406405790595,6021.448167327403,246.5278103912757,156.1084448,821.5925215,53778,False,0.5142939683281219,0.9686381936535092,0.7453926883580435
3.3423008131169984,3045.218662697913,0.9785636689931562,1.1640132761389883,2907.440901932992,2559.7245066176683,17.627882690331887,99.77047402,568.4348942,20421,False,2.8713572347268306,1.1896665651461427,1.5
3.781230290877375,7527.601224897495,1.6114085506250913,2.727175436263482,2876.4460052827726,745.1978325798154,492.1345187624888,25.23727887,417.830831,134221,False,1.3865000594013848,10.101480285759903,1.5
2.433172781438661,1265.8485415902096,0.3497804784341377,1.0609827016692497,2365.212533000446,806.8420914170154,229.8268151790035,0.000563767,967.3498375,124583,True,2.293317774448883,1.5688925422794593,1.5
3.687536697718783,4430.8883932419385,1.576508370986621,1.0525332951557098,2299.681892642101,7003.916334472662,901.509631269936,163.5255023,962.7520512,24587,True,3.5034836533979696,0.6326301144976367,1.5
1.6448172887829862,4517.171430375195,0.902957888663244,1.5403988344697073,1076.4829985810734,3406.093032189155,890.8736222783094,15.87025402,480.1548779,159791,False,1.0677859423097285,1.3262031853973546,1.0852321653461
1.5419628347334955,6537.471944691559,1.4678755540903032,1.5307594183922446,2530.125996440957,755.4081683622372,440.5779996740432,85.85851108,926.5408255,116544,False,1.0073182035586057,8.654224576642983,1.5
0.7192071387609444,298.0675221387428,1.567773768768879,0.6930394144629988,3997.3333696900254,1699.33636747341,671.591401887667,128.5987744,968.9328412,22015,True,1.0377564190368622,0.1754023086121026,0.6102364607209676
2.628082700067716,7444.94704983193,1.5198203672450676,2.484988830428726,328.7193369255067,4556.926840138331,900.7974960239396,15.63594715,686.3952468,190236,True,1.0575828793690887,1.6337648835222829,1.218926369236886
3.74610156735166,7632.341337191217,1.272244995973863,1.3384158025676625,1939.4596912422896,838.4582273517827,230.03377269318796,18.06648451,709.3993626,60968,False,2.798905064674186,9.102828356988821,1.5
0.9771634534502618,1860.8360599322232,1.7135759044093215,3.696271154301469,1734.2713941386305,3133.4221311508973,544.4209430166753,69.43909149,584.4570662,183303,False,0.2643645848190875,0.5938670186946297,0.4209322156921201
2.2107174207644373,627.2092543356885,0.7273594664493905,1.3027215759190076,2557.6264549633647,4626.104834285592,584.3841775138264,48.99373167,469.599576,146411,False,1.696997857893791,0.13558042384851568,0.8491630534829461
2.3223623277740346,3402.808602893728,0.105820431905473,3.5937724976810284,2235.1443909451523,3421.0273033368426,956.8948859383316,82.7096183,406.9106286,72002,True,0.6462183354829113,0.9946744939977479,0.7797666453521411
1.3951690780084332,108.97351129872276,0.4969569590444688,1.7569320968620064,2229.927855808744,5828.280746569317,118.26476272036368,45.39447068,211.8523778,16368,True,0.7940934577988732,0.018697368232333374,0.3884586300108107
1.2017425470291885,7607.833790146678,0.4340504762119618,2.7332244239878247,744.6252156048807,6655.95027671242,211.47946263896824,136.9210567,62.46549158,5311,False,0.4396792655601105,1.1430124133621697,0.7806884424814924
2.304512610114978,6404.46900880444,1.8603313769034984,3.5893575230354937,3261.334476600269,5177.455335819648,823.3926039649548,2.770542824,337.4076107,90777,False,0.6420402407074312,1.2369916478581364,0.8469499583469473
0.4870442573507185,2633.1847068959414,0.9910688040697766,2.6913835637962618,357.855354882144,2121.413114089902,115.47047026439728,30.55249844,202.4567441,67382,False,0.1809642010667294,1.2412408918214646,0.6552722582153172
0.405098099565365,4755.447888429696,1.9409213760221895,1.376100170362443,3939.367159301021,4782.968348006963,747.2663852954965,2.763802795,893.4700857,46538,False,0.2943810442793743,0.9942461545698956,0.5812644771400821
1.7773248708409533,6908.312839524367,0.7202536008370485,2.817430158557888,2359.265737914974,1658.5616437997496,597.0040203274046,71.0050492,290.525084,24112,True,0.6308316941275978,4.165243336709657,1.5
2.7480519951145266,6527.75526698289,1.7444053690767634,2.22084644977901,1458.0851405059366,6382.603033208641,482.49917476219485,31.57408327,55.48988967,188229,True,1.2373889054774911,1.0227418550074758,1.0328497253408495
0.0067174676647883,2420.147927440552,1.2641717547284872,3.964821018030954,3979.611073172972,1995.1286297240524,103.13229220458442,20.25447422,452.6182987,152720,False,0.0016942671409306766,1.2130285186485723,0.5567549549930573
2.047355197977045,3081.506142630067,1.3366875135289915,3.956201891492377,1544.9648360037816,1387.1369953570738,425.93131473596367,5.358903158,98.48929991,25181,False,0.517505106317925,2.22148652276075,1.2352263366599006
3.686705823999716,3818.1551292290815,1.1784798334121034,3.6000896302217287,1826.1717510971284,5368.164580000226,947.297202098738,168.1917547,839.8858413,92122,False,1.0240591703583453,0.7112589548284046,0.8650094968764922
3.037200448974364,268.0104835198917,1.4743854918653383,3.8843884596240335,688.428736690229,3008.6497110307864,959.1458473922048,86.68586375,70.36963503,120370,False,0.7818990553198369,0.08907998908885584,0.4352940485680306
2.329448078791845,2859.5507376391715,1.0451754282114565,1.4519731077653666,2576.585587034805,7602.753931462899,493.94750117135,183.2572789,793.5285268,3165,True,1.6043316931986742,0.3761203851974234,0.9828543708804752
2.041409819386313,1602.8604676851364,0.6401444365311629,3.896496377571237,3214.074199028661,3185.767424189416,156.97282346648123,166.1492409,489.2554338,115662,False,0.5239089422045918,0.5031316646066325,0.5452631082033321
3.281675907019744,5528.177976494256,0.5500638192911986,3.4123731867451386,3211.159014391385,3715.508819407753,743.1225358287711,78.74810261,132.9513517,122915,True,0.9616987257045043,1.4878656581651108,1.1416876050010059
0.3415339479458685,2554.9472407053163,0.9017325792843338,2.208635326156042,2992.217534405489,1827.7833466442291,292.1247380143544,55.05574169,801.1896188,153666,False,0.15463566541091964,1.39783921546189,0.7261482656412619
3.344975404413796,5183.643533358288,1.033061946625805,2.4577719088389385,1052.7486318061597,2144.9602341528707,991.6837585326786,16.49351039,374.7913869,48575,True,1.3609782223508906,2.4166618328888747,1.5
2.1627013593682545,7474.511683596675,1.353001925005232,1.3433580403201977,3819.2297094850296,7347.661022113037,648.6820727037334,177.7671073,264.1455712,189381,True,1.609920575554218,1.0172640871815686,1.2711382800669522
0.0985611061636544,7697.838459046432,1.8646833665758649,1.0479759620091782,1373.717532352718,2181.4895184697048,614.7107537105665,66.43250991,832.0157522,99757,True,0.09404892448655872,3.52870751399149,1.5
1.284656443322286,2992.842531278182,0.7044273701489666,2.1573659712930544,1086.9630889637,3199.04308943935,410.2177043758823,11.1188524,88.93012654,1253,False,0.595474233367124,0.935543050427355,0.694518556692121
3.123886207622101,679.5822765468956,0.3105795313603708,1.2368671744160749,3201.07422997057,2679.6018983479203,320.03541243734344,120.3345368,371.6858186,49722,True,2.5256419982645983,0.25361314929365875,1.3108467254046738
0.6332591469239897,5247.371403521165,1.1160450310988004,1.5072062141136675,4035.208905263115,8037.065487954263,193.99094390493687,57.05432684,650.9198726,163569,False,0.4201540047009302,0.6528964347413726,0.5114068027320908
0.7270055416163999,6001.071160270238,0.7469562233492782,3.3975675906750755,2488.905491952553,7272.758300453729,646.0829047773325,91.8223317,70.3388937,78357,True,0.21397817945801895,0.8251437641026379,0.513527212094143
3.430884417941497,1426.904208361585,1.475260605619657,3.669853156365364,3736.950913046269,1702.667621751967,750.0766747011438,134.4510442,354.9458842,87214,False,0.934883042147772,0.8380403722338511,0.8650574166720313
0.6760276885450445,5531.219238963333,0.2881543458221287,3.403411018766567,2604.470374136716,1992.243803219512,877.3440422879702,26.30303871,115.4177692,137956,False,0.19863233861119292,2.7763766800270013,1.3519087779236958
3.053988883781958,5031.270041189589,1.58410916952792,1.2443341223238114,194.1153985427188,5352.008178849324,851.1755732107117,131.0612077,907.3125649,138766,True,2.4543138170677015,0.9400714408719821,1.5
0.4243533324938804,915.076635684055,0.7606429398117288,2.822671729864939,1163.153690169875,1946.9730277808808,971.5157400102456,38.30187913,85.97959741,84307,True,0.15033741885981416,0.4699996467116139,0.2983072791027453
2.4050721299407645,7067.768511014235,0.5349454730287425,1.7854424391055148,1223.9236252563023,4623.282043535164,987.6187751481888,54.0678649,932.8785033,60645,False,1.3470447045612803,1.5287340125330477,1.3211409333550777
0.8576402498018179,8047.367973797037,1.8119586659775555,2.428373303783767,2529.9530429832785,409.27202720575616,646.9692767743664,155.4145034,566.5913246,15076,True,0.35317465205651666,19.662638585579877,1.5
3.0948743040393487,389.2860121128424,1.9735773877393088,3.896201341988862,1772.6387610191666,7932.422410960108,57.968022942817,11.65679134,646.5209451,13764,True,0.7943310003914051,0.04907530031757972,0.385362649222446
2.726478454490778,3831.962423876078,1.4863713314625857,1.3082970304719304,2198.350203348453,4552.675064451646,731.7498774001543,100.2376193,472.7278834,83373,True,2.0839888091150613,0.8416946891192046,1.3666885793503687
2.3569811511208743,6911.253217858396,1.298818846477731,3.721936561024119,1178.641077003681,3075.732842549129,703.7140150951698,24.62241574,360.3281795,95879,False,0.6332672465554025,2.247026503733468,1.3084463912070814
2.969472993332746,968.2156145725776,0.7024900617818092,2.4394823833098878,1555.1007740168816,2643.439231296172,166.64503765867556,32.93854393,890.5498057,168647,True,1.2172548555357523,0.36627118291331257,0.7290599967629569
1.3866479248832202,2621.908893994876,1.3315132633356117,2.368312932217352,3619.561557030816,4351.230483915111,52.41315271306091,186.8249102,17.4612209,127698,False,0.5855000496428953,0.602567228530995,0.6280654604893692
1.324441646093545,3444.0228897161605,1.1662827916257408,2.4422305504691124,3728.8589578982055,941.7932991911832,937.4580668824564,71.4827475,371.5092436,44368,True,0.5423079747860687,3.6568776705217876,1.5
2.9267033694579383,111.29791738383392,0.4050177984105974,3.630751140358458,1704.7492191735832,8116.424329173898,593.956936154857,118.7602123,585.3655303,161750,False,0.8060873494848343,0.013712678496868252,0.42830456780369897
2.028283979046793,732.8133518549876,0.9865611370422456,2.485174998429483,1525.5970430087832,6044.177757337037,347.9905479528054,4.33596232,958.3885576,130105,True,0.8161530532761363,0.12124285240356826,0.4239966662543994
1.3369854195660782,4606.0601877657255,1.9717581570614129,1.3722656796650337,3615.151483326732,3308.818350966535,312.78660730848605,90.05665233,252.1171611,359,True,0.9742897932145613,1.3920559238400618,1.1098948556585502
2.935889902515126,8186.263156419757,1.9003923293261016,3.7604933488952224,2312.567609647341,6513.093710276952,445.4801457629042,98.99997714,395.3296672,61718,True,0.7807191369341233,1.2568931938206005,0.966437582325792
3.823531401924431,7134.8405269666455,1.6334246500719478,1.0377159948965826,749.5929199441528,5586.134239781108,893.1332186740357,33.77364911,194.8962704,128773,False,3.684560839543231,1.2772411509339208,1.5
3.734284638725743,2237.8290900039137,1.3182229263819851,0.9054543852568572,699.6607489736436,7313.267118394575,309.55744679815666,179.3946619,730.0984986,66481,False,4.124206117197493,0.30599580918755925,1.5
0.2663324227153087,8123.297170537955,0.6618135311777235,3.360834773517458,3651.309982448508,1251.0491919330989,55.898625283354654,86.01643596,315.7704913,191359,False,0.07924589020800757,6.493187651152864,1.5
3.5146626015964446,2865.843035597748,1.720907990468492,1.178767342186135,592.1389042918058,4989.735658486841,558.3629407133379,76.08414953,513.3805783,73558,False,2.981639797925161,0.5743476671252119,1.5
0.9780761378838284,3743.816442418644,0.9517449050473726,2.880174235291588,2876.7905809607264,8072.304543644203,202.11631182774448,121.91684,530.153864,131632,True,0.3395891075998396,0.46378533189788834,0.4224917508896962
1.9363009651541527,52.96683828539608,0.4079644613242303,2.050040156853213,3779.226655287018,1574.048839998827,277.83024277571786,116.7265936,887.6403356,45833,False,0.9445180935422535,0.033650060217817315,0.49855316763202107
1.998397911813356,3396.026463993503,1.2832269121414484,3.7936130887431103,1346.584746056263,630.8834745249138,854.019384212538,108.0811649,981.3511447,180369,False,0.5267794417316337,5.382969432141027,1.5
0.0675550919540493,2824.0661670495747,1.6338749051537798,1.725153507514435,3245.894966236369,4411.558833132769,709.9476547146242,172.7338113,21.19476673,166802,False,0.03915886470446128,0.6401515367310597,0.3920776021016068
2.0465052497592864,129.04665780003688,1.8387692863271223,3.923979789373266,1963.899793413964,1472.4336771897133,789.9968872687757,134.9156672,674.082347,36174,False,0.5215380399673547,0.0876417455750493,0.3416051517231341
2.400573455865362,2090.724794698356,1.225545637018543,2.33767873149859,146.72987947932202,836.0959224322892,916.8120975789728,189.003991,958.4125855,88197,True,1.026904337458773,2.5005800603782906,1.5
2.130048705281457,5678.703889448667,1.7669449219254114,1.9150580759941715,1105.3647188226223,5488.867812755729,167.90577712596578,74.60106925,861.5428095,184256,False,1.1122626617540126,1.0345856526581287,1.0033913525128122
1.909409491661079,5318.975192351315,0.6903740155586487,3.840280688352687,1482.488546060174,4076.121211954726,489.48283405576296,49.2363286,54.10261347,40585,True,0.4972055819374365,1.3049109470656937,0.8355765927310779
0.3439793995686577,2768.244733122365,0.4537111744152996,1.20693658624235,289.1219669992596,2105.228617424924,396.0138701690825,16.84993873,550.566171,51805,True,0.2850018124297502,1.3149378214293381,0.7283998546636733
0.299606984596835,5925.300656007543,0.606453753191224,3.380445648672163,1104.006962502097,6643.891906625774,804.5910076387796,137.3016929,706.3237085,105698,True,0.08862940780755123,0.8918418207867829,0.5098796042443426
1.086090670915584,7959.252137396697,1.002208366820557,1.320345777536995,765.1664090475923,1241.2871527865973,826.9280755183623,74.39802495,353.8544697,52228,True,0.8225798626491159,6.412095793561282,1.5
0.7973599375560889,1817.859293818603,1.5757208342498756,2.267107316057923,2484.894869028236,3553.98461300212,623.6748914286874,22.72499871,779.530559,163422,False,0.35170791439843885,0.5114989205796034,0.3998083399513569
0.8348934416950295,6084.522604886854,1.927085617243676,0.7347260682820471,2619.695037164494,3590.881557142264,532.4571057534831,163.4290953,656.3195854,199018,True,1.1363314048673794,1.694437008397089,1.355580217358471
3.989372926323042,5551.34798595284,1.384207832105265,2.96788629822724,3396.807085186781,6187.341151079647,76.24988628264006,198.2133982,765.4488234,12182,False,1.344179386025187,0.8972105868264526,1.107756302684406
1.2579917685152582,6670.212263262233,1.0667422778006068,1.1898840379517353,1557.8560751306863,5940.203911628107,75.69438124140271,146.3749092,774.8726082,47584,False,1.05723807627732,1.1228928099727726,1.0542641622399889
1.075186320021658,4490.293271706256,1.612388381957145,2.499088994134312,4087.339288697064,7201.956521424663,300.3685373520121,91.8587897,170.3257759,469,False,0.4302311331505706,0.6234824186628831,0.5201116692435952
3.098340557167393,2649.056115986349,0.4069316301943089,1.8247639939247904,2423.824362304206,1866.712581929305,806.9303988960872,119.3205352,138.7853728,68758,True,1.69793949767928,1.4191022979174253,1.462343592852611
0.3455635162473922,2618.045734926446,0.8132476614102677,0.962565214945257,912.542571808104,1763.909258445534,535.942642790045,111.3515768,87.11174043,88208,False,0.35900233239231755,1.4842292600410751,0.8851435526790392
0.1762441789977216,5598.92771707948,1.3283243699993037,2.418499584214288,3759.8461440827687,7391.376738533114,84.72575984946185,123.2263181,68.96924814,100075,False,0.07287332496344179,0.7574945662197627,0.43529370251692406
2.30386283414297,6076.07579476097,1.2204765589070232,2.863436014456176,833.5078613564997,4492.314722309553,129.34858912243075,160.080192,504.6735203,105401,False,0.8045795393828558,1.3525490017949224,1.0507674158223006
2.2922818208860107,4935.890428425871,0.224396887893864,1.2170837043905762,2021.829076406689,2684.176042291359,671.9150642083715,137.1361291,168.2836992,11963,False,1.8834201207333485,1.8388847634499565,1.5
3.6693070271564654,6061.924445652793,0.4271427571034245,1.9897221384983637,3166.306821096102,6887.39743455241,619.793553434848,104.9564285,628.9355682,68237,True,1.8441294450270491,0.880147327401412,1.2784155314556793
0.1966374199153038,1836.7241934187575,1.9888985726883563,2.912572927259516,3256.1054540126,6386.553251675743,871.7509512863041,22.11541277,649.1338985,69211,True,0.06751328028961752,0.28759240246673495,0.17085795431580617
2.02124552945346,2666.512825387252,0.5307291367475533,0.8365771472738432,3005.2129240309077,2373.521508080412,492.6156817540587,2.402284903,66.58085827,117630,False,2.416086932272964,1.1234416099394675,1.5
0.2958313237896393,2044.1128076764617,0.3363859105353852,2.336161040407202,3507.786618295444,2527.025786237069,257.3573574101101,186.5009556,649.5865367,47882,True,0.12663133749835037,0.8089006523005839,0.514262564006428
3.9634546133420487,64.4080906191175,0.8071078020895789,2.795783514152708,1729.7226206986911,7136.237192475521,957.0895769257536,173.4485047,830.2022328,16309,True,1.4176538260650662,0.009025497453756746,0.7287510506928712
1.4811553598556193,5621.97745032271,1.325962564015286,3.850862897792241,2652.5877975650965,5184.45369631904,44.75466359249614,171.9392615,404.0001283,172495,True,0.38462937127037605,1.0843914862678625,0.7470499357782545
0.8085835017025205,3387.0894904792194,0.6538312577438805,1.5165084366048878,3312.321981262971,2192.375194407692,697.591137577126,155.5562937,430.5701229,195627,True,0.5331872536927638,1.5449406185465255,1.012954615246058
3.4824597205705845,541.6801106387948,0.2689031985677844,1.286699672489658,4079.884991317016,6061.689657047977,256.3236871438133,63.90196022,789.1792544,43503,True,2.706503381110633,0.08936124103938867,1.2900978347636858
3.9260592482630576,1938.3789056926607,0.4432433534055771,1.667334713061133,2129.122572992713,6090.223708923001,1.9718386911999897,71.74638215,833.3192502,107654,True,2.3546903107203514,0.31827712708391914,1.238717267171344
3.2071892292962656,5820.332568856243,1.743951358068578,0.8503736334403662,2442.1332741643105,647.0700823004602,933.7035178559596,145.3672833,253.0147533,72177,True,3.7715015278865023,8.994902900113885,1.5
2.4486469825718182,6400.813474533753,1.301377469303665,3.112519236382999,1694.5526675164144,1876.684117929796,409.4532678539805,92.90148613,546.3508476,82205,False,0.7867087750784697,3.410703703393569,1.5
3.4104703714933016,5530.583016304878,0.4426870588489331,3.0549621136402245,725.7382049319247,5686.207060608281,70.22458785531904,101.942002,970.6141841,105024,False,1.1163703929077764,0.9726313087762606,0.9910341696179323
2.8906170047153714,41.93891626213736,1.3682235651000334,1.290416250835268,2132.7555322240264,285.72998031160137,629.1548885918635,6.575641458,964.9124305,68672,False,2.2400638265214745,0.14677814372024575,1.0773675073687679
3.0214788464398605,3119.895868324605,0.4650833068779317,3.330389394010677,3185.15418806774,1404.3373945406845,585.2638245031229,74.10303266,940.5966009,121223,False,0.907244643713134,2.221614177783404,1.4450470018117467
3.662838214621237,1637.5386097993803,0.6266933386015415,1.8259291715176569,789.8250299526225,6154.090584745579,472.06153682061415,8.949739872,493.8336389,73239,False,2.0060122077816365,0.2660894549703788,1.0269217070520973
1.6203988318393905,6797.546171737197,1.084916410631821,0.8079603263823489,280.0342402072496,1106.2423140400738,187.1816696279596,111.5364816,718.4688717,180649,False,2.005540090755005,6.144717191993288,1.5
0.1250285114665752,5051.1535703557765,1.2547863275144169,2.6688718848223507,3367.85497386687,3991.180533795103,346.71975309780754,82.02270302,699.7026366,190516,True,0.0468469338414735,1.2655788246910484,0.6316129222113493
1.7749965117357331,4593.585361155908,0.6964904388805357,3.1639863584713552,879.4741079768469,4534.717423083744,693.5823113782272,98.10972684,443.3276713,121125,True,0.5609998747255749,1.012981610884841,0.7573584685477958
2.230194420500121,7216.818561398467,1.1436061056262907,1.2427519936816869,1717.6704038302712,1744.0636049961654,740.7341079996954,80.64778716,760.4368494,153191,False,1.7945596846989798,4.137933121582685,1.5
1.276000138439028,4599.689052105657,1.233822586434742,2.7717252063158404,647.7213004647125,940.6444999876604,462.8578127764673,187.0319484,838.9086639,164697,True,0.46036298084978555,4.889933494828346,1.5
0.9642883132305092,7843.273565730507,1.8190692931818824,2.020125659212588,781.1547815097244,2618.529594887658,146.07228954774308,62.79520085,115.9986892,25911,True,0.47734052161183443,2.9952968941226374,1.5
1.9448328134272,6742.153493913811,1.4856713060265008,1.5090873886286715,2602.605652494882,2903.329375373245,839.50283128385,104.7681906,548.6062589,183391,False,1.288746787850177,2.32221447169591,1.5
2.053847787371679,4691.408731359772,0.8524878432054064,1.827264477102836,1712.3830693767682,1659.6498378496456,0.4591218778259298,78.50784482,511.470563,28323,True,1.1240007613059564,2.8267461132714184,1.5
3.32924676124168,1913.3440526125803,1.725470093359388,1.943904104493981,182.4212533992702,7206.835391885692,841.6160470109141,192.8835428,933.1915265,168590,True,1.7126590971673579,0.2654901837360347,0.9866324151463179
0.7311672576772517,6997.695210773601,0.4189579459889823,3.9712143617518914,2218.9638535005315,517.9561512769321,815.2958158307689,0.873471875,507.5935014,112296,True,0.18411674791535332,13.510207727066808,1.5
2.75130030864264,2976.5647077477934,1.590718518889056,2.918221393727542,2311.6711578543773,464.238496270627,108.57778012538488,74.22257214,676.0796997,47666,True,0.9428000808150584,6.411714507193508,1.5
2.2629708467416854,7649.3326641670255,1.2363742932555852,0.7912985633029049,2493.354662293573,7771.611478657226,763.1729066507347,179.0732819,201.0935405,178806,True,2.859815614324348,0.984265963911053,1.5
3.707600121454648,8010.338329962393,0.6693655830916134,2.063874075803179,3361.393983774185,2957.1142159651454,9.130305097541203,111.8592867,359.3809073,179027,False,1.7964266175421473,2.708836298580079,1.5
1.9364972190290173,4510.709117743164,0.2369815988274489,2.6164228768773823,2565.0942109573266,2583.99682334666,44.34822872988931,91.27572741,889.0121794,101441,False,0.7401313052303147,1.745632608849531,1.1642427301797038
3.3271668988604164,1508.8858342505046,1.7931779513894994,0.9002648264325905,1179.8174082408275,1083.8411484491264,203.89051326518336,147.6217649,986.1985794,147550,True,3.69576052002852,1.3921651111119109,1.5
1.8138573587438176,2541.267604978487,0.6155690828379942,2.2426968097341464,1336.7016968305536,3793.472377253735,269.3794506579728,163.737748,628.0677313,45782,False,0.8087836670954949,0.6699053931554707,0.7472988724048872
3.130580740052292,4852.478977571757,0.5360377091531813,1.3851575606090405,3336.9573470790788,5535.22175083668,311.69634613442696,199.1838549,574.9797528,84322,True,2.260088360336023,0.8766548469285124,1.5
3.9466777057913833,3543.536117208784,0.9899071563258564,3.7710937315033912,2079.8060777038218,2492.790603410708,520.5835527712811,89.50339706,568.2645736,83123,True,1.0465602130917548,1.4215137488639848,1.155395870916781
2.6279529788659453,201.1739920421969,1.7863052199989684,1.8510508582627896,3869.907427921985,3917.038622191829,91.16035052578076,198.1609068,921.0427598,134335,False,1.4197079174930716,0.05135869502309597,0.7610845384470327
2.9390727527049503,7310.960273174467,0.360212130653141,1.353873018377263,2734.8320677659403,2454.2243465837046,491.1398107128976,11.02586694,261.5580819,166426,True,2.170861330382636,2.978929078090371,1.5
1.7460277715057102,6511.513913943954,1.099174920663294,3.099854759045648,3665.1415898139344,5714.871419379715,871.6504886836843,162.1139783,323.7308971,111985,True,0.563260973163235,1.139398148263379,0.8472733175266116
3.161032450789043,3367.07373081657,0.7034268128167807,3.243897821346193,3921.786144785493,7675.316692916454,82.72358920723444,116.1412521,641.8311493,61460,False,0.9744546993846247,0.43868857339598144,0.6939992292251921
2.82636038846922,1927.8818250391032,0.3474310840613193,0.50527912208625,1910.4567018604448,5876.809108941673,612.5646697748545,21.81013935,119.268202,9879,True,5.593650462241551,0.32804908054232124,1.5
1.0770886284610817,7359.014237904964,0.6336618024471247,2.5514834039881134,771.4950193439569,6623.535982896941,226.7043160993454,195.1921534,352.4877051,47389,False,0.42214196049073693,1.1110401235527532,0.7875517627384281
0.8312780224769916,3644.3757738992554,1.8424982396058351,3.811780415490332,1679.6314490078855,4089.583544678877,160.19369318731825,148.9260991,956.7426627,131765,False,0.21808124125345715,0.8911361592673573,0.5736289990044962
0.8311900218451354,1459.491655685185,1.4479491108855402,2.4825935470628684,1431.7928133335631,2280.531957322932,393.2306407504154,128.3245359,425.8500122,109593,True,0.33480699570073075,0.6399786025180163,0.50283139986191
2.277253337711993,4263.140850697526,1.699539254051016,1.5949175064663654,1940.330488715224,2426.527279263088,712.0694845499936,146.4848531,682.4714591,157074,True,1.4278179910002926,1.756889726883808,1.5
1.9944998054889287,6710.028870249968,1.005530542389394,2.0408043717357263,1584.3024738858471,4776.674169036792,996.9234354716758,13.91995905,342.9830864,149917,False,0.9773101507433732,1.4047491269847876,1.0788883480862936
0.0092826427843122,4054.6226542989616,1.1020890169801103,1.252009010319667,3225.373438525688,8113.982619381483,781.3012624609574,53.68872699,279.2816257,164952,False,0.007414192145270569,0.499708077278126,0.2550559168200233
2.201734548180984,1950.3525599637123,0.709983645501364,3.760187432391062,1969.468946825061,4554.148848535322,695.0684451661105,86.32373114,786.3426839,81457,True,0.5855383547310488,0.4282584132406464,0.4993809138072106
1.4210261025899098,4582.086032660579,1.6719665635118992,1.5534289876911789,4029.951172650688,4012.605014223124,253.9337711226579,4.434404663,460.4160616,14906,False,0.9147667508993712,1.1419230189059086,0.9277281382594795
0.5938553432487748,7135.899151178377,1.9211479765153732,2.2929356644358503,3321.668405451825,1560.3445340993485,977.0832212957168,141.6230963,15.06820493,144647,False,0.25899334790169,4.573284291167161,1.5
2.930732611626404,2750.7835589535844,1.892204241356147,2.684757128375298,889.4272709282402,4726.53919018844,274.65635679502566,128.9843648,759.6197846,5767,False,1.0916188615471143,0.5819868296198191,0.8176304364172363
2.1176355213925637,1136.7896253187882,1.00055754977977,3.64711275394002,3435.0272584056074,3421.8517088109834,666.6495202111385,176.98692,572.8282889,105888,False,0.5806332525561774,0.3322147543855962,0.4992965963874968
1.494492409249781,3563.9978940312603,1.9720693824168924,2.39593499548881,1430.6957627524343,1182.0214790199807,561.6965995437415,27.23487259,806.8074804,48320,False,0.6237614076768692,3.015171851167218,1.5
1.6450018110373872,297.0240291902828,1.3402005297509048,1.7741045574031908,2340.161884558347,4420.070013807262,308.3379773675114,181.226519,223.8897616,174492,False,0.9272288247860649,0.06719894214237568,0.5381278036959043
3.6437883283106793,5168.856596460483,1.1288818659741664,3.064704535040208,1404.6794143164907,956.2610252772038,482.6504814819489,91.63276293,707.6077147,183412,False,1.1889521804459018,5.405277904698502,1.5
2.063475353585234,2261.218335526063,1.1922914845903347,3.740355644814485,3250.840829136212,6355.008642593782,569.8014009325296,1.322338069,158.0306671,28480,True,0.5516787701103242,0.35581672069093134,0.40903430077844743
2.070209864039905,5612.934051899694,0.6342242260032216,2.282490682697527,1305.6878456738746,3859.202254442685,366.050696035195,34.47093478,372.3752524,177187,True,0.9069955784431424,1.4544285788555646,1.079880532109928
2.3523273193493357,6392.519698685895,1.628879592739717,3.315047961368174,2907.6294708946025,6279.131325173253,265.1835464745943,102.3709537,377.8024491,181892,True,0.709590520912998,1.0180579711782751,0.8286397533399609
1.1555977306809253,5994.809572120678,0.7838700129234601,2.140184826133632,3738.078557267753,8057.580661251535,935.7741727585976,0.373141665,963.0550168,44666,False,0.5399520530273666,0.7439962221173153,0.577963340046204
0.5017184628507847,7031.053914605902,1.4018610540202523,1.2100757053281257,1559.0926800631637,5183.1286481885445,560.4874333340989,53.40067216,764.9606756,7930,False,0.41461707397692465,1.3565269918018845,0.8237216627185238
3.3717601657488125,4.269156867457241,0.6592940458680618,2.221681432040338,2189.2391824762244,2629.914196622872,101.212248939201,97.09717907,505.9563567,122977,False,1.5176607228478967,0.001623306521298698,0.7322382161617635
1.1982101951359674,3271.372036737804,0.4499644150720552,1.668187723153728,1797.8199234188132,7042.074104883356,318.9424226598672,79.97266001,456.9988718,14503,True,0.7182701684199967,0.46454666445567655,0.5722636347405463
1.4257029638953762,1784.3778999592605,0.4613374031408391,2.3852948200374358,2950.9672016487334,4568.7519952062685,345.8274964183535,82.41547383,239.6120939,118095,True,0.5977048850372784,0.39056133960454525,0.4859375651523288
2.359046668037981,5796.914746545913,0.5303524593891238,2.3909485786038784,3272.9674004440376,5154.870552996063,317.6034175786423,107.3379393,288.2446879,80991,False,0.9866568032837706,1.1245509825755247,1.0037255326480854
0.6239854920091403,21.339874315345696,0.8898677643223979,2.2947825604999186,1750.7442948436303,7002.054192755639,630.0139237926361,75.41924905,853.7962526,3514,False,0.27191474732074733,0.003047659119002018,0.161451883369775
1.4217081749997025,2241.1633603282253,1.884243007209657,3.300333375856445,3883.309807622507,3545.852040383674,679.4031731255072,140.4607829,886.7660621,152186,True,0.430777010172118,0.6320521370242147,0.5485205969686057
0.3552668605561178,1502.481361421459,1.0384764716754755,2.885944810071249,622.4049461751264,425.239663716532,761.5335742151865,156.8532939,589.0821729,30294,False,0.12310240175554331,3.5332577981008066,1.5
2.779967929011544,5305.149029503678,1.311073234919124,3.851377721773383,1965.8035355010743,1245.5294355623855,219.49318784039608,164.361475,669.3337733,96323,False,0.7218111045001299,4.259352588362496,1.5
1.2603271628217572,7077.781299864113,0.2110429150318766,3.672171121318725,3389.218384408028,5352.69690631824,485.4115229609842,12.57820175,916.5079371,52383,False,0.3432102638939368,1.3222832195462677,0.7557626987606737
2.1378462114917243,2464.741465783088,1.5954417379960113,1.4588552036315812,1628.3652318513043,2557.647960575016,160.82951051731186,89.76773738,671.0694943,130037,True,1.4654262744812752,0.9636750259661555,1.137990375559231
2.321821296476404,4010.9962223698567,1.0067055075478852,3.356720487682553,2615.732352313803,6159.775812965517,200.9699119517201,90.17773515,711.2304934,52196,True,0.6916931610192557,0.6511594485753975,0.6493835134432077
3.750406941280212,2247.3645885840333,1.9209226008804443,0.9410623649226108,1061.126616580414,7167.757562755785,502.8725623538336,63.85018008,415.1264573,145250,False,3.985286305974338,0.3135380303524735,1.5
3.2427693967938844,7986.495001377379,0.6991273864280668,0.976042463987724,770.2619377107628,7413.531577141851,575.3147263084345,55.03506548,650.2184575,23952,True,3.322361673879996,1.0772861647915362,1.5
0.4388053935525353,7094.12298540278,1.2058525448223696,1.3313462881461675,3000.9637465896567,890.4654415261764,66.40690683371164,152.403027,594.1342732,17985,True,0.32959498806922816,7.966758334020625,1.5
2.017727993951763,341.92074392473205,0.5758197710297334,3.203246764580605,2164.929256821135,2557.938501096578,608.0962697423756,162.330512,667.3997113,72311,True,0.6299006952451397,0.1336704317341803,0.4247920132200855
3.5557379646934564,7466.512513276464,0.6400527195876085,3.0013578987398275,3304.300465157044,6673.626930331564,857.5841096116419,52.10140577,88.82697757,187968,True,1.1847093548813488,1.118808796191833,1.0626402098296446
3.439531454532464,4121.50562916313,1.6958475784933449,1.6524363714679862,3109.137700796195,4903.90312067381,200.5271863115733,131.6549119,337.0708144,151513,True,2.0814897520000204,0.840454129476434,1.3807182205208983
3.929879207449921,6819.506132150751,0.5113192319716983,1.0508413797602665,2174.1665777186545,2110.169289420801,162.03486334929207,149.8213508,961.978682,50380,False,3.7397418329725745,3.2317341376865714,1.5
1.2620886147672152,2748.682942855342,0.5148908516430141,2.797865085868831,1731.8460804382707,267.76832578330857,6.983149177397618,2.047283442,243.485591,16817,False,0.45108971481574484,10.265153372974215,1.5
1.2807564613293083,1801.329824508099,0.1943371652907626,3.664138147652077,1759.5190106462858,7687.695393794669,602.2944891663249,199.7223318,10.95861486,61676,False,0.34953816154880385,0.23431337117333986,0.36261865501181867
3.774655882073312,5213.420245410861,0.5038776895570704,2.489319304229678,3379.841659776976,6092.88605800272,315.5345102395667,29.79852196,498.8503604,39630,False,1.5163399726663065,0.8556569407214862,1.082301497466949
2.449074265418329,7573.217242085892,1.4388256385681772,1.6123156425438143,1454.5211406523729,6739.887239140644,64.99914998146083,27.2094318,173.520701,163170,False,1.518978469114063,1.1236415346806097,1.202787028066195
2.2996331728057178,2271.7014346777496,1.5549508985487002,3.835062600337265,1897.7019857495773,7746.010321745241,856.5170889028742,41.5062476,245.3658719,70468,True,0.5996336469109619,0.2932737422266489,0.42256649880473457
1.9472623262555315,4751.468618337125,0.6037448697978574,1.0465597873308603,1403.5778784891645,6344.073175078477,517.6923842632011,32.40245244,133.876168,140416,False,1.8606299317040274,0.7489618241248276,1.1905214586148365
1.4336012717735098,955.1755108539636,1.0897664308084902,2.9563347113935783,3960.573052029486,4146.556556431622,811.5578446761318,161.5779654,637.4077083,87837,False,0.48492505984637607,0.230353908749191,0.40268417708817644
2.980710253850659,43.246830179904464,1.3780763825788964,1.986839500174669,2603.149513327965,651.2909588873819,708.2811197388886,88.65801349,242.8198397,1396,True,1.5002262403995772,0.06640170498817073,0.7493223688218759
0.2018849538448437,4186.669152415993,1.648522333616924,1.0305818949683485,3938.595362141825,5850.077508104664,669.1669570972009,141.4555337,157.973622,13941,False,0.19589394975456492,0.7156604584982241,0.4809444608712106
3.845985571237917,7650.247097727241,0.6817128297726028,3.9276546845347697,2491.788873962573,7724.517967950718,40.4757070923335,139.0129024,790.1068111,58691,False,0.9792063969307618,0.990385047776183,0.9558395144407723
1.51522289934096,534.2833294182956,0.5699954680198868,1.02593392057531,1342.022913564706,6302.171211977844,45.00633160414436,64.79539677,605.4876161,89518,False,1.476919119286118,0.08477766016862003,0.7351691325265237
3.341241012523608,2081.957037758835,1.423882572666999,1.421257128891317,1742.3229667019104,3962.428945611549,476.0432342283382,101.5481707,387.5689483,147803,True,2.3509037131277593,0.5254244469264768,1.345134112318703
0.6865283656933401,3584.033059201629,0.5341809086413173,2.081111822628838,2120.9654524210146,7162.705499232493,917.3013839475036,161.9430263,283.7697729,84382,True,0.3298852220929211,0.50037420344663,0.4546079575784132
0.431062193867767,6998.25490875295,1.236287984594388,1.1926019621920052,1643.8839410631483,3893.729103445949,756.8375027125613,174.4676341,747.6890151,198276,False,0.3614465228859355,1.7973142766306425,1.0586974035851036
0.4674602431994636,753.5165366272804,1.9463647563383537,3.113295008240749,409.8587431472641,1989.4234751816932,880.6497138034972,116.9124889,15.47039815,63082,False,0.15014962983350064,0.378761257041918,0.2964803678010369
2.567261984825872,3900.790826886116,1.9096356931431555,2.0625508343117023,2801.6758524886704,6504.159518269358,858.784097896055,152.0892302,589.8538739,97340,False,1.2447018019707599,0.5997378777887522,0.9060609750569375
1.7868064362586762,5564.609829354455,1.633319306479715,1.2264199032867684,2426.3936939526498,4524.962931331918,515.4289095338592,75.22775061,195.3277556,21112,True,1.456927578019987,1.2297581024573738,1.2466315841678801
3.990238943404625,837.3530410651238,1.4813014045632684,2.846581903338405,3170.824624690058,4417.203513923739,461.0735845963623,174.7021273,128.6808745,128782,False,1.4017645292272947,0.18956632589738856,0.803471203738565
1.2068548689038625,2042.5592745198287,1.960468972699448,3.8731009341593214,1023.3330900679024,3238.083516101008,283.4390534367237,88.70444953,123.4566415,13975,False,0.31159904629925966,0.6307926474819561,0.46843927926861656
1.2938520546519556,3818.065097544486,1.752193943514042,1.220796733965953,689.3432400473885,3224.0653948349545,559.3980861453208,126.0092534,102.5639866,44934,False,1.059841461573388,1.1842393465333851,1.0728563213707132
3.433695375220845,697.4492250942794,1.258340462293584,0.8488883812155326,2365.7341274173677,300.2895003950138,576.2077603869751,199.118999,227.0556725,48607,False,4.044926761015793,2.3225894407038377,1.5
0.1346133021852797,7047.242994986445,0.5937069496163433,3.694210165453932,1483.2944103380817,3226.775148834786,611.0144129916439,123.5423967,80.8501939,8441,True,0.03643898417180461,2.1839894841595244,1.0609790399895511
2.5179232204575546,1288.7299546176428,0.5712780625361603,2.7862717262449523,3410.3414176584747,4072.533377157381,369.2352473495837,93.97649927,720.1300755,114452,True,0.903688715300655,0.3164442952216463,0.5960595381005072
0.7549038394865581,6177.633574224582,0.3032267199944707,1.8206671919690047,1609.991760056174,3566.6061210268285,800.4786931359873,86.68781052,774.5821484,190488,True,0.4146301027372536,1.7320761987348243,1.0093722878684093
0.8512050177249457,8135.546736764351,1.3770055863034838,1.4976861276887572,2410.946035395223,7030.37355726191,254.78385838429617,78.0204524,790.5549453,166142,False,0.5683463535127875,1.1571997802597092,0.8155154788221226
0.6291776005085143,3443.3562170449595,0.6325737895250719,1.5727749529445614,509.8825343020257,2662.86705301594,217.27221582136423,14.51251238,492.2870009,177059,False,0.4000427392919913,1.293101062575371,0.7691727327074377
0.3650620440856604,8043.703802420056,0.7944473355559708,0.9515999076592752,1931.7975593483,1403.9901712813228,317.05089545459674,85.93515253,798.7687098,96495,True,0.38362935674749526,5.729173865476537,1.5
1.8460466578774453,5447.026429050834,1.6504397650833464,2.435073503185005,701.9518867403677,4329.062059275188,257.80186842002985,32.58233911,643.7395017,4665,False,0.7581068486663842,1.2582463252339189,0.9236540619680526
2.812113206647864,5968.413252343294,0.1659015771967703,2.9518494393264003,3055.3308764996355,6479.807116189123,12.13824166016375,101.65479,20.3026444,91174,False,0.9526611406808184,0.921078844540103,0.8940227562656387
2.8065979047842124,188.70112688039356,0.9864582666750076,3.347254029038295,1069.349229432698,4160.449537229451,277.05207078479646,43.61137098,561.9261569,79050,False,0.8384774630066297,0.045355946550116905,0.4195360258049668
0.4214287936214433,2913.882679512373,1.6818557455373115,3.7742453888699674,2158.946583741208,3607.64750576983,309.8532242626269,132.7111163,592.7813682,158515,False,0.11165905725291604,0.807696060672338,0.48008150762686197
0.3703381191908823,5723.802649600883,0.4238294937663818,2.7372789731511844,2370.252462618478,3682.7252487704086,671.5233390072896,5.210830782,155.3254169,116102,True,0.13529420549719848,1.5542301587547758,0.762892013284534
2.286194836280562,8020.259134017747,0.1203719260569973,1.3493511764229342,2534.2854268580404,4627.925296239475,695.2044693943012,0.479645628,577.8362255,81959,True,1.694290694621438,1.7330139574210013,1.5
0.7088258609624227,1818.5208947592143,1.5368382428069156,1.9037902198854717,310.4734815766711,1846.2688501280595,782.9115646119018,103.3985266,800.1874993,139937,False,0.37232331652683237,0.9849707932017098,0.6624941927472601
1.9569862100003563,3438.4307139649745,1.7893518670030784,2.6091275898193254,3745.8880730718433,5593.806399878777,114.56363083428968,180.5251438,315.7717922,63886,False,0.7500535687035157,0.614685326511265,0.704417038491349
2.503939499309962,7196.950482589407,0.508877583404718,2.341829417855165,1484.8899073732891,6195.878535227357,737.1947857890302,145.30996,289.4286827,148802,True,1.0692232367548071,1.1615706215847799,1.076529895512314
3.561933856082576,3650.9867378489353,1.4686171147173843,0.5088181353713903,162.0331794509716,2692.0520271840014,768.631320009788,181.0108212,295.7705567,180490,False,7.000392887116358,1.356209575307432,1.5
2.559269570450073,3790.564160627324,1.67896491852315,1.1419274547601503,150.33270910703564,6027.948075867817,602.1412809102007,33.85853153,707.2595023,118193,True,2.241182063361071,0.6288315878455507,1.3084395282349288
3.538527824133632,486.5343912241242,1.8607010495999887,3.160289697982529,2928.197026718651,2345.610377417382,994.7605455876168,47.62278002,378.0588579,180117,False,1.1196842829656661,0.2074233622518315,0.6210156244237871
2.1053580009840007,280.4925236379632,0.8219787915382926,3.84507623293832,3072.827618675975,2789.769298207221,83.55357273071074,44.00331669,171.351549,76998,True,0.5475463491210901,0.10054326847659834,0.3136473399647977
1.3833445318350075,893.7873670447943,1.376064160095909,1.8955063612178535,1314.7565557549772,6368.757449536078,447.0036529140364,8.468202153,243.5167643,144862,False,0.7298017196547398,0.140339363523659,0.39579861879777506
2.2298465075500395,85.9036139996706,1.3322133722320582,1.4947305350498763,558.3842068669279,4986.344219014396,462.34163719602896,121.387254,832.3243473,183968,True,1.49180401648222,0.017227774539685225,0.7397727016430462
1.2155410013449104,4883.207805974774,0.3170865160057652,0.5743002753022382,2769.964844652761,4310.987491406124,585.2126353846023,55.69910336,580.811682,129482,True,2.1165563330939956,1.1327353221452452,1.490037573216299
0.9517827296570932,7867.036195243677,0.239108579394325,1.5325729547111655,2413.1399265206687,7917.461771280393,394.5690842753574,163.2374723,815.3392515,178218,False,0.6210354330577604,0.9936310930842432,0.8082385333393871
2.959708245850999,7786.29297558834,1.1339127308829131,3.814137038687667,3924.805465198058,641.9417897165055,168.51608337631006,81.62119127,229.1026222,90047,True,0.7759835160211841,12.129281950778813,1.5
3.682262849127509,3636.8402700966553,1.0071823150094914,3.799683289524392,1059.5076840145448,2404.705577456067,199.9896430123188,196.5582721,802.3676692,23794,False,0.9690970534787298,1.5123848435664529,1.2149699041491797
1.5154037002528424,4456.493965820751,0.6396972841056331,1.2856842282602137,1296.6443673986764,7412.6322728429695,438.6379403854168,190.5797775,35.86876391,187066,True,1.1786739607356953,0.6012026229260591,0.8962575384480221
3.594041029546574,5755.967288493386,0.1288037180565051,0.6413908749099586,302.1050566583563,1213.685800503835,996.7890943737486,99.0618316,661.6954404,43098,True,5.603502585764937,4.742551392923416,1.5
1.262580708074441,6188.782820627703,1.2548991231879905,3.971302263141281,299.0443915516213,4976.568356959413,961.540660576998,160.7061605,75.80730086,15783,True,0.31792603697450844,1.2435844090696555,0.7830523334211625
3.1558020523993524,7279.129916965407,0.8950268719846871,2.915303993583238,2580.4712915630703,1898.8151160093207,878.1062419708808,146.5753556,13.78511866,25856,True,1.0824946478483255,3.833511673548402,1.5
2.95196985152465,7885.937658830142,1.717292800853789,0.7788438784767603,2081.84733648112,7616.17745895966,394.4824896901027,147.0911296,64.37419621,108742,True,3.7901897195472576,1.0354193688748305,1.5
3.382329539782368,7718.704131492869,1.6210806258417756,3.285147175981213,768.6125104365896,4212.668716756421,519.6766214961754,186.5974192,907.8027237,19408,True,1.0295820336238346,1.8322599398710107,1.3811503002059136
2.31431948586492,1964.6980001125849,0.5654837370973861,1.2537180415844285,2451.4980563671284,6333.7900167454645,969.6467964691864,7.005833108,542.0287796,21828,False,1.8459634169232393,0.3101931062772943,0.9737742043648657
0.4934400590354131,1609.947753904317,1.0968455485604596,2.94803809537004,2514.57891123884,4574.991012113923,485.1402522373765,158.2846013,106.5895816,58509,True,0.1673790757423711,0.3519018396515979,0.3128379704075214
2.398393017779322,1707.0655013976757,1.381474108990914,3.573447843941633,1707.402579239242,5803.740918916338,519.6770591822624,119.8697282,381.8315097,79273,False,0.6711703797986415,0.2941319271402424,0.49433548627462337
2.9755803040500823,1723.5058843513416,1.859859408451096,1.0378483344162055,1771.019402999107,316.06836733642035,166.45203927201325,172.7717016,336.209047,90748,True,2.8670638457593256,5.452952769120057,1.5
2.6216077458041283,4746.534105451258,0.9189412677393112,3.577919548726148,3483.700625066099,5591.016900228516,383.392196613057,82.14975042,933.1100717,25919,False,0.7327182675248344,0.8489572092705177,0.7528388345869526
0.5853201347250412,6787.447328864506,0.5050495842284817,2.932590783392375,2450.4561345084294,1078.0330957085555,744.6550881515243,95.82061712,120.5208396,2163,True,0.19959141195163285,6.296140025373897,1.5
0.1980350515523361,5413.409450620381,1.3331790326892048,1.0537257825428332,2987.602351780324,3403.424811964376,731.3556815884743,67.83761357,65.57665555,16162,False,0.18793776036938317,1.590577065196076,0.8342587318102349
0.7353949087284284,2607.2394062869844,1.726896467929569,3.93005179675773,3429.217264418599,4043.92874303792,522.4918875474965,76.36536431,904.6496991,143960,True,0.18712087260891883,0.6447293143161615,0.41252455732808935
0.2355000458455567,4834.788815225496,0.6126810795845714,2.8499822437523163,1430.5270531893725,4239.692270573011,70.47022631193222,107.4405749,609.8573554,18854,True,0.08263208085935796,1.140363145609078,0.6040812112094461
2.5630537101534245,5274.149455272861,1.8885520403295184,2.701319788848923,869.7131305886498,2820.471569109714,542.8896916339578,25.74201571,453.5787487,80555,False,0.9488150095811404,1.8699530642911961,1.281319773021721
3.329718974943068,924.0955325714584,1.951813310853007,1.375436447199114,3912.8090726791006,1192.7542731277508,405.1595714648248,124.6914683,787.5303547,154845,True,2.4208436244945744,0.774757678606719,1.5
3.792314575324967,5329.979407491643,0.1350300090707424,2.129328936052899,2240.5312285052623,3038.431554427788,712.1669743737405,93.27257734,112.2782235,115884,True,1.7809896489572268,1.754187747941955,1.5
0.8952279813567428,5655.12280655455,1.3588648311951572,0.634119994348473,3594.508770339733,5241.345230551964,238.0220395158865,86.37797866,332.3162895,110925,False,1.4117620916754914,1.0789449190470641,1.1640176534051685
2.2774621544851903,1134.268571400612,1.9776632689429687,2.871633493317284,2396.95909627482,4733.692194867364,229.8927648196024,194.7344976,59.08087938,56507,True,0.7930891482830352,0.23961603848912225,0.5621082753852475
0.9773236642462724,3651.0534250539895,0.5700417279600125,1.5252936855838286,2582.213634085684,3563.564520076051,605.448421173053,193.3084983,494.5887984,49699,False,0.6407441614288374,1.0245509526937149,0.8460605695475112
3.3013811601119705,2927.9315126686824,1.940604383016288,2.6482673069441707,1039.9658916731291,5922.31467665403,652.6249620696378,109.5861021,796.4060885,42943,False,1.2466188382254306,0.4943897229433451,0.8382602364619852
2.4402107516440363,3396.5040381485387,0.4066202929512397,3.9434228545725545,3319.028475066977,6274.617390098974,639.8761440979117,24.99853177,806.6851399,54341,False,0.6188050895960667,0.5413085494211551,0.5345534449103153
1.7315979267931991,3488.243653643276,1.3524095436527606,0.8058791154431655,1129.4939313721443,5257.33381783286,759.4416971277726,119.8559332,42.21153698,128001,True,2.1487041231200594,0.6635005068819605,1.3254346324746542
2.6023708939524477,6981.66371877028,1.4134710941396178,1.961249682566793,3526.907785458653,2881.288399870228,330.0064999884251,125.5072766,194.2833425,130779,True,1.3268935567923354,2.423104787657364,1.5
3.802228592036111,7770.4110459735875,0.1470669449235566,1.8494257326142107,420.8886110054906,334.00771408721835,603.7046559054733,2.550994689,166.733129,8711,False,2.0558957675828373,23.2641663500034,1.5
0.6868741953175905,5347.301778485826,0.8162406309055388,2.018222704767542,3142.984728553274,7410.500449862308,3.428460023876312,27.98401618,251.622127,40359,False,0.34033600620933363,0.7215844346738549,0.49185961118649263
3.8386455143434937,562.8063829294188,0.8404289307545204,1.7706048416836937,3035.0874492244902,3682.964463645544,362.5120225609699,66.96296026,444.3180809,89443,True,2.1679842142016614,0.15281341656484987,1.0778485610802717
3.0627509086009623,1364.733838236294,0.7890763878587536,3.156832400057041,2745.618537384917,3119.1514581797974,643.3628942024453,198.714889,815.0020346,194310,True,0.9701971946145848,0.43753368699677075,0.7328605180405814
3.809096714445884,6121.120637223247,0.926107117661271,3.231730210803405,3317.793847901873,6459.894723774206,317.0131135517178,43.73244913,180.8409679,110338,False,1.178655174574047,0.947557336151047,0.9786671751367988
2.641850366183972,6009.838870105062,1.776104224968462,1.2165538828065392,3841.1649472328536,3378.8417100145034,497.80487631294056,119.610751,935.3043797,138027,False,2.1715833814988588,1.7786683674804633,1.5
2.7505407981400896,3067.598532451958,1.0687038095848729,2.709692914965147,1054.4723297018368,5208.66254852841,258.89720790245406,55.4865218,783.7722794,117461,False,1.0150743532136055,0.5889416915153577,0.7495572318427584
0.8997748278229345,8106.259693731219,1.1269581175768906,1.621253607790041,3063.53267571623,4336.166124084555,85.22672423518473,53.2369652,243.8336106,162965,False,0.5549867513094889,1.8694532127901689,1.1176229435653597
0.6234394797161671,7591.102268346019,0.9177551246528052,1.9943154214214165,338.8159806820315,5625.9075608632365,896.3111312123909,85.47158951,919.4818703,175045,False,0.3126081062261027,1.34931158837454,0.790610056298703
2.3305575524202684,4325.9539006057375,1.6557290713469617,3.362078859009846,3765.295738972711,3842.7335314974553,411.850127689277,100.3590475,249.3344822,132307,True,0.6931892311167863,1.1257491220824332,0.8687139929582628
3.230508866467677,5632.975984600406,1.430013412965605,3.072838306657302,777.0873428369746,6476.421240542611,188.48664991524967,183.1990467,402.9019438,138151,True,1.0513107078098043,0.8697667700284879,0.9561066774445929
1.1492788118393436,6071.897433128404,1.4404199869939245,1.1267256325313535,1868.3081272626923,4261.49729085644,214.8565180524671,171.5238523,860.1288708,159335,True,1.0200156618800458,1.4248272419958052,1.1859621014890676
2.169758053576071,762.5511457195598,1.8181851645188412,3.391732901578326,870.5352881186096,4537.444272165707,230.2441240054596,130.4503557,628.6583797,66271,False,0.6397194227313603,0.16805741289854767,0.4287406252366009
2.762959913378657,3102.9471389168766,0.3771898926838065,3.3264973325576284,2298.835588672356,2677.558455495005,801.2777883645394,73.86688046,530.5455085,188987,False,0.8305911012600189,1.1588718563323979,0.9322007582232346
1.7513393305610192,5568.238571143693,1.0979838916698756,3.572333143589763,1224.0808091509816,8086.949345207639,239.837007845618,27.77216278,653.9909795,815,False,0.4902507044878885,0.6885462407100285,0.5443480856527968
2.014491293668877,2807.6690615025964,1.207253061650384,3.2588635358158786,3446.6636289120293,7066.975615679518,926.8051339899624,83.99895378,259.2685294,16178,False,0.6181574200243752,0.3972942902018678,0.4989629662957483
1.925632267132103,2756.0494002026207,0.635927391739196,2.7858273761703853,3628.233509821609,7844.471528431917,978.8184103403024,153.7539895,983.825014,151904,True,0.6912242992438843,0.3513365291545916,0.5460480741388232
3.386148169426458,5828.770427730474,0.6513896347966943,3.002827674794334,1949.937690941846,1394.9687505811223,595.197772797593,29.32861287,337.3447625,151967,False,1.1276528021227776,4.17842365366527,1.5
2.287484600355082,6356.272360265536,1.107691491900587,0.881654737203426,2109.497727884808,2318.000439136069,922.0418822269654,13.47824943,740.5895801,123116,True,2.59453265467413,2.742135959168505,1.5
0.2109949982433505,1674.571796686344,0.2677383749032112,0.8525396074518177,3079.065477683045,4264.845062703946,361.8895913473854,87.76013397,389.0525529,40711,True,0.24748967544666206,0.3926454001665436,0.33195152842205866
0.9781262822919324,7758.895756993119,0.841007014492931,3.108660985143018,2481.196155360875,3775.843070117194,99.55353897283116,52.94106529,604.5334802,173229,False,0.31464542847264,2.054877708330559,1.0927623853260398
0.5913209774108319,2079.0506177926063,1.4366980680566417,3.7847487258204975,309.7384768371885,2037.972635414691,734.5222575404589,174.2267205,701.3657151,4761,True,0.15623780176974295,1.0201562968235833,0.6165119020586829
3.726800032025518,557.5116409588281,1.255661639232917,2.283134386807037,1698.76354456464,4352.5989889016,850.3690585577285,126.5484507,790.6135163,107811,False,1.6323167051593224,0.12808706757785465,0.8554713197062914
2.7235216060525964,5205.840774817537,0.9169057514294284,2.435170262333661,950.5024640132164,3536.223777202718,757.5522121796716,23.56134561,23.23482194,183513,False,1.11841070407615,1.4721468722953388,1.1775344487832626
1.4260901318370758,7974.903818917589,1.7847947528405277,3.8294609066958034,4030.661064252967,4300.1323024091125,831.9275046549172,32.59625663,283.6532051,171967,False,0.372399612943939,1.8545717331988005,1.0184391999304359
2.9362192685631383,5335.960356910586,0.7998089842225529,3.693983033944568,3531.3163955256377,7736.327625376927,744.282515687913,35.30397812,777.3735383,178340,False,0.7948651758052507,0.6897278159107023,0.685723130620613
1.778554706890294,5126.540238857831,1.2654094369609048,1.586823209176676,210.01035933822536,3873.62938921622,465.0425843697705,170.9309246,540.8379544,121139,False,1.1208265519298433,1.323446236701461,1.1854090136399702
0.3856849749851103,4590.807323532062,1.839753997763764,1.6349238293655948,2553.7711951490764,2371.618847405833,873.2968486533442,24.52453713,606.4328227,96647,True,0.23590379695607713,1.9357272888170602,0.9894992409615175
2.478006234123576,7514.677002288866,0.1801583702753111,3.283173765653247,3017.7229866140524,3348.4729876605406,156.54254029904547,161.5184707,412.5011172,66018,False,0.7547591617866651,2.2442101303301523,1.430315068084266
0.2711816045878685,2768.09067614629,1.080170104682498,3.607456140869108,1531.567691072147,854.3588644061759,777.5507703422029,104.0549928,411.1204008,100056,False,0.07517250905510009,3.2399624891002863,1.5
1.8687050412588408,1422.8825697722568,0.8787022406337077,2.2306559145720857,1823.7360024913255,4665.737348271016,893.8322049300939,95.60841201,959.5713905,138188,True,0.8377375422689421,0.3049641381966284,0.5620315944930256
3.002431181263029,2736.574128213453,0.2950539678319533,2.1203625135373736,2417.403331274448,512.2418976991962,827.4724210182148,146.3690147,853.19478,152723,False,1.415998323916692,5.342347307322573,1.5
1.858740603614212,7988.051931286648,1.589568512677403,0.7467908894524884,241.8515674059243,7849.4493010312835,92.30309769347056,104.9394679,727.0316508,64364,True,2.488967314544552,1.0176576246208122,1.5
3.374778655373834,2361.716327095104,1.4725749987966803,1.5400330356666465,1537.01162832167,4281.778988374048,901.6602347994497,40.97465283,935.5262231,194300,True,2.191366279715349,0.5515736176379255,1.2548152654398548
3.162175537762748,5448.658976169781,0.3702613996197784,2.610101596014534,3760.908388816352,6521.511961688685,873.5509090944163,176.0971724,850.9828021,3847,False,1.2115138855427352,0.8354901451293837,1.009221825014256
0.4634750051484575,1787.8964154044434,1.438403569273727,0.9582130811878018,3057.028248372418,1804.7734556801731,986.1570861162984,98.42023564,571.297638,172823,False,0.48368628080891285,0.9906486649538969,0.7126728177946895
3.0934835707746595,7576.280916960812,1.7118243207651471,1.5637178365247302,340.6985127992136,7121.456705796973,248.1102545499556,168.8100718,641.4259693,52734,True,1.9782863124228511,1.0638667380691562,1.4533944470419322
0.9679919119141154,5194.11385624054,1.1285813308225046,1.4906535382052182,2399.6378563545063,1646.3117094461206,31.0265537218527,175.9875012,979.4982249,32066,False,0.6493737395920047,3.155000248909746,1.5
3.61568691170901,1941.7031260688652,1.0982631208522091,1.7676024309662033,1236.788956425832,5261.162991801669,587.2981892312364,112.8864483,205.7539503,84745,True,2.04553060283019,0.3690634805888938,1.1430242961140429
1.893220934331746,4725.577379380807,0.1929726062414243,2.246877674545633,2540.631775981036,2258.9411641055804,747.3763114550162,99.8523844,475.8603816,46528,True,0.8426004286656001,2.0919435407959988,1.3704831270827378
2.245168046225928,6011.273027322506,1.0605725043537646,1.4878712517801942,1315.9372191137368,6632.821685142035,750.978498516704,191.1132936,49.44814851,90766,False,1.5089790427502445,0.9062919692054844,1.1824518541409994
3.2614696941619394,7811.907330071146,0.151785669802707,1.9396010069671432,2481.3678222192943,2244.3613456777293,356.4930269790524,75.41199423,548.4332538,3129,True,1.6815149099900828,3.480681638736522,1.5
3.420249768205996,5394.155917409165,0.5534008907211507,3.3265195286590576,2340.528543945248,7191.6220843378605,838.3828693781562,17.92417196,945.007373,67859,True,1.0281763598749594,0.7500610923934206,0.8091711202603513
2.242660305147956,6057.70120678584,1.342720661804222,2.884333370075124,1017.8568836356984,6492.280452015143,234.5187116944224,123.7134607,525.5029221,68959,False,0.7775313182880197,0.9330621575308756,0.8316388461716024
0.8168714245808015,4483.90929777884,1.118606768254843,1.9845905039792917,574.9692580358815,5703.186636043273,907.3517593040364,179.192531,82.88011104,43030,True,0.4116068334178081,0.7862112154378751,0.6286361890962887
0.4739495447883284,2572.803548816809,1.7961504077366512,3.4514190671238056,1303.6325771180132,7309.581057242779,250.19495923163248,182.7706755,225.6402977,2159,False,0.13732015679658716,0.3519768818919576,0.31159124210906114
2.7870884107199525,1382.2280109061758,1.1931180565370731,1.8924704981197649,2681.0055582284317,2176.381277278293,138.55679437930135,129.5350376,294.4802926,143641,False,1.4727241142014662,0.6351037957832639,1.013305838283318
3.6698523844841,3253.4200556530905,1.5756133535097736,1.4156359423647822,418.4776514370938,7654.466589598579,701.4615412720325,52.87669809,621.7496707,149420,False,2.592368335876933,0.4250355027545653,1.3842765097174845
2.1286877171800023,6133.179052419083,0.2796646759480811,1.670182213874852,847.5090981120968,3555.909635792269,577.047845259419,85.53585272,811.8586122,134793,False,1.2745234771228555,1.724784845194134,1.392467078194697
2.0387232362032317,1477.911741944934,0.1400141411522076,1.4448473870725744,1931.3241638387613,6891.394155224646,524.0284764775867,163.734444,579.1585431,115428,False,1.4110291809467392,0.2144575841174331,0.8133561871688463
2.563632451720784,6830.140635175965,0.7921943161260514,3.2229887643349846,2120.353450072256,3807.158967309931,942.3303562357552,171.4478862,912.9935168,165230,True,0.7954205998695596,1.7940255954712583,1.2509955903558225
0.2179368909669756,1002.8536676019012,1.5463716405633308,0.569188829031787,2705.2785297993705,1175.121636867675,150.44184833700848,63.00480493,514.4195523,35403,False,0.38288964393073277,0.8534041373126581,0.5878422695575429
2.0968765037573287,7711.952368756192,1.178549028709214,0.577956718469679,1556.5525983548987,7613.659993914314,149.38317275585754,183.6291158,412.4198734,46233,True,3.6280794195628268,1.0129100030612785,1.5
1.1973197178523818,4105.357601952802,1.063986127989547,3.4341448636564538,1135.472812020742,382.6296796061477,758.1841955398264,49.81733521,213.5231502,51151,False,0.34865138680438984,10.729323442575723,1.5
3.2685439280396205,2706.198692622086,0.5890646909240864,1.689333462873505,2187.297039371852,3887.171461050819,457.9703027966915,177.6647835,612.4194546,161079,False,1.9348116076907174,0.6961871167870564,1.2728034335015346
2.1242209246098773,2621.003777891264,1.2590688822394418,0.906565432936526,1915.3486736950256,3937.205411545992,783.6407874814162,124.5641784,900.3072413,30978,False,2.343149765350518,0.665701558150707,1.416280339981941
1.072510531712945,4954.831286135888,0.644608403215457,0.8323666600541229,348.86455093045066,1369.3839284492558,441.5913645780968,149.719619,993.8273059,126691,True,1.2885057687647397,3.6182922696695012,1.5
1.4375073965566163,5196.853561053938,1.7637243878057347,1.268542117065435,2413.002837035437,1209.7866833268226,780.0433116722112,33.5204856,960.3744962,194481,True,1.1331955352704546,4.295677600341329,1.5
2.905594984779691,2138.187132314706,1.078291118048534,1.3796226631530717,1882.92665450546,1773.5540997200644,471.28331430829417,92.29014846,332.5169163,124179,True,2.1060779561718133,1.2055945355411488,1.5
2.4650652927977443,7054.696548880884,1.4431682800446413,2.272973928436378,3279.628009095537,2376.4710581617437,605.3130690408558,53.26294471,22.65801665,98390,True,1.084510551329974,2.9685598407284193,1.5
2.209152669294092,881.538654843881,1.4357489328437854,2.7528072443551923,1765.3797128432325,8133.74815713597,631.8792017040404,78.60437178,927.3931372,101563,True,0.802508737695079,0.10838037245622135,0.4492118489256307
0.3511203777980682,3054.0083350017057,1.2992411111538424,3.0431298732853445,2714.791277750456,2542.028216527148,886.3900048674886,10.81604252,840.2029927,131393,False,0.11538129394316876,1.201406150389867,0.5979636871528508
1.3914856528849788,7566.174789285605,1.3392244585584645,0.6365871372330858,1494.9501790149131,4431.216156790012,705.9436910113453,129.7736349,145.9388437,13738,True,2.1858491723283375,1.7074713847990424,1.5
1.60208017750158,7197.288499514346,0.8340858085999783,0.8521263250866398,2685.930137988746,2862.023236277953,465.6971814293341,18.77526281,256.2465112,16206,True,1.8800948289490529,2.5147554379606047,1.5
1.6824932681425944,7691.348400521868,0.7934919309738261,1.858461785009614,312.94836865493426,7313.212743305983,418.1908702090394,111.0419392,332.383067,25776,True,0.9053144791026261,1.0517058192393347,0.9361936138655736
2.728251525270433,6371.108172833738,1.0693255400329986,1.7624955191115648,1403.2642530755656,7815.031534953553,75.6301834209675,60.07716364,489.3692147,89964,False,1.5479471849656101,0.815237679275259,1.093479080067448
0.0407609942464297,5357.797448482355,1.752768770061871,3.1803425290115417,1127.714613310069,4050.164433704059,130.18515986236412,58.41510096,492.7802381,140527,True,0.012816538174131871,1.3228592406208919,0.6302687580605524
1.1463948259873065,3397.849441414146,0.8337369346747918,0.5054003293225615,1981.660260608948,5615.106078726552,508.0792515321237,146.6067934,736.7824021,33923,False,2.2682861311899014,0.6051264914980228,1.366356913949401
1.5965279387552729,4266.591677778323,0.6010549958243405,3.111351334665456,2620.114692644576,7436.545486725718,295.5505541150754,34.41319772,675.0866923,101076,True,0.5131299084862201,0.5737330168719447,0.5062991021820555
2.8659629664318365,6259.262253067551,1.0283997266227178,1.08141284318974,1390.5688960976831,4755.673790825057,449.2174770219679,111.6224818,812.8043301,152832,True,2.6501999992698333,1.316167282925743,1.5
2.490229884568988,7884.593013467974,0.1082757003817327,1.0879923234709477,165.45685407484712,3673.7603673559856,377.48742549516544,38.9130833,458.3467909,192699,True,2.2888282775712128,2.1461914286468127,1.5
1.1301442962928467,6758.344376417412,1.8420353843216848,1.4005998235567876,650.7002739195002,4428.996692149737,16.435610976814342,144.4560553,250.7521722,119717,False,0.8068996371306395,1.5259312310777837,1.1220194937122507
1.2406479405571234,1271.7382628916248,1.278341044923513,3.31371377311065,1111.9236404591063,3177.696087633974,45.42214580422521,151.9161222,314.5713769,18861,False,0.37439792664849736,0.4002076433427335,0.4245490505998794
1.0862213883581329,6949.05983022296,0.9514094193865148,1.867646516105991,1028.6721521680038,6748.736581779451,905.4163625651006,107.2143696,286.0070449,162807,False,0.5815987112080354,1.029683074007462,0.7786970324741642
0.1939381084333717,4906.535233425073,0.9579086763788704,0.9107776094469864,3669.687945915664,6846.342356524627,854.8323789858334,76.60307473,450.4650513,6923,False,0.2129366087672267,0.7166651880960108,0.45663166593149984
3.851197154068457,7877.302905932989,0.5009617983730525,1.9676467231329784,207.95689335146844,579.6602489025184,362.3800951359368,74.32543068,199.7259524,175409,True,1.957259477289159,13.589517147773574,1.5
3.5278185890707845,7409.704481780245,1.3223452269192697,0.7107696748347601,1950.030498056556,641.3094188670866,725.6362455919992,174.9129676,781.044265,144984,False,4.9633710477587325,11.554024082970635,1.5
3.987898314543435,4696.5975580396125,0.4738086289631447,2.74777844724342,1093.343184935983,5116.35383800732,970.0537215891536,77.74530542,616.7056859,67509,True,1.451316741794581,0.9179579258636363,1.1050557121047062
1.4139525347628146,3440.859619738071,0.3679740528731375,2.716602420626124,651.3863766920342,5362.003581372054,215.04860709648133,79.16306688,477.4757568,37407,False,0.520485442971623,0.6417115480955901,0.5625798108619046
2.300554356302309,3510.7794072351157,0.958147285945773,2.115390187175473,2896.7368792455995,7739.741709533453,331.5193211537052,189.8386004,521.687701,113032,False,1.0875314080201264,0.4536042078067149,0.7884534241963708
1.0313073227511085,3851.55792110967,1.5271466490373615,2.571779673746806,3189.5986966666032,7618.374929897788,705.7064719351355,75.80243313,117.4091512,50087,True,0.40100904920815245,0.5055616133420967,0.4458672372799159
2.833347541983516,5529.22411888494,1.2888215635492268,1.048651519979779,3270.242722442909,7454.778169440655,395.6379124632131,167.3296064,945.3012915,161946,True,2.7018936091796655,0.7417020322360719,1.5
1.709815357274349,3097.70031512332,1.9612073157614565,0.591263375059888,2864.5145064222115,2701.3858790454774,209.8050867177359,12.54659516,336.2905392,28020,False,2.8917949895106823,1.1467078206062034,1.5
2.095223189601082,5880.106068364551,1.250233170532944,2.7601561558638106,2148.864056614423,5232.552893848655,378.7183164696922,187.5478278,714.6853502,157614,True,0.7590956135051545,1.1237547305357198,0.9410793868838949
3.3924501200562998,1340.440125101607,1.305654233832561,1.3185707430155094,764.3756478453465,5658.890695088435,859.6787495362078,75.38704953,234.5923747,174771,False,2.5728217960275197,0.23687330204630958,1.302065490927529
3.154159151535319,6641.595181051005,1.8815537501379045,1.056086763305397,645.8147355804701,1732.7197454337345,368.3534381701816,58.08009564,346.3391844,68777,True,2.9866449182814807,3.8330463969840856,1.5
0.7775482539160787,2164.781558566433,1.7874731727583495,1.62245844373337,3005.3321615909163,563.5517699905225,540.4399100310853,184.5907539,23.17308562,144080,False,0.47924048697753374,3.84131799419514,1.5
2.92430458569232,6715.701312548243,0.8095824010775299,3.3026515784846766,2006.805251446616,3500.281520070937,829.7772641531689,193.5996628,197.7262995,167487,False,0.8854411768112921,1.9186174803715572,1.3586497815994205
0.3006923512786934,7587.550625791039,1.6888746549150733,2.9156178370394,3108.093934746887,6880.797507937125,702.2815630730737,77.20073757,192.1777267,122123,True,0.1031315710609226,1.1027138374492125,0.5812401953077599
0.8685448806750107,1176.7760639167254,0.1967701144585081,1.676003405065633,3970.15358740552,2522.960960517072,242.5370139114834,105.304612,941.864363,14484,True,0.5182235070802205,0.4664265844244862,0.49575765915203057
3.659411785465456,5631.766900645325,1.8664933778544712,1.7232355250130524,884.5045528717317,5526.195680759838,653.3049795967178,166.4461498,331.2236658,72391,False,2.123569070379203,1.0191037786146342,1.4974461077591812
2.1872334557979167,2531.660215397116,0.1778949514843209,2.234295586646877,1836.642413023772,954.5396340047512,236.93123893151025,167.9264391,887.6977425,93636,True,0.9789360413786468,2.6522316335083507,1.5
0.2014360344218251,4192.556973843173,0.206949361551159,3.133995993273006,3714.0174700716575,3648.718379465108,113.7175768238785,114.1727334,727.8452133,53929,False,0.06427448234768544,1.1490492103445762,0.6030959193339402
3.305775471985115,5572.257312953931,0.9897524534195132,0.9640129224104754,2527.5004658009902,7698.983349860003,53.8624784168793,195.5756511,892.7422853,74857,True,3.4291781426964927,0.723765341346204,1.5
0.7028640557914758,1247.6024615137685,1.83471647306959,3.976549003272812,2969.7482831919783,6178.028076805303,401.163992938241,130.9933702,16.58477132,81824,True,0.17675222371477764,0.20194185681929916,0.23592495875979647
1.2916793764159689,7339.381879321393,1.268609311325841,0.6245273047061626,1522.1661768170634,5368.24193510447,114.67151957942067,88.1466373,748.7014034,83995,True,2.0682479347732645,1.3671853777602476,1.5
1.9016236456777225,4753.339835000643,1.041680871186887,3.445415667897352,2054.335589453174,6311.891941980489,719.3508458645139,70.13268879,499.1549197,88943,False,0.5519284977622848,0.7530768710777557,0.6223272931260693
1.0841748715192585,3025.664305126329,1.9389920408887693,2.0407429179745047,322.16765524766265,4167.100326524853,4.521578753217126,159.171373,252.3669409,78982,False,0.5312645364124531,0.7260838634339992,0.6454118321509698
3.513583504309315,3274.365699620312,1.4444194252237013,1.5847740048238874,2880.004625228866,7012.586282942604,694.0176298213336,14.58924786,793.8517888,24531,False,2.2170866486500223,0.466926974876294,1.2151025295300544
3.970636226666162,5571.391914304125,1.2428713411628285,3.0812112094079183,1159.7965875099694,4895.758479090713,27.002458755079783,57.88765266,700.3552173,15231,False,1.2886604222008955,1.1380038326974196,1.120949783984589
3.50021457633681,3501.4147896757186,1.8170283872899544,0.735239851924675,886.1126760188407,6035.885798898537,286.91465378288194,77.80389155,447.4512045,198488,True,4.760636690921256,0.5800995753986228,1.5
1.4271553971061537,2206.4012663660005,1.909294550026861,3.512582040761015,1466.5797280863353,963.7594503264658,98.63032287436346,1.48723599,944.3588838,166098,True,0.40629798087192115,2.289369264632612,1.2137940594178678
0.439053342274907,1743.964097583952,0.5570084150768503,3.477989616712636,1328.1959062507956,5302.240316271858,60.13668571820008,134.3811928,361.9705156,21022,False,0.1262376442780332,0.3289107986869345,0.2720237453360067
2.1730438863283954,3883.750085292632,0.1905027492745799,1.4389163438810604,3414.7219073922224,4114.319040609102,691.5782213943759,193.8863888,296.6654795,152307,True,1.5101936852517481,0.9439593881795091,1.201335666795966
3.005782780320355,5196.299616040088,0.2613185183687613,3.98362948146491,1668.4931727750322,1405.7393019291724,553.2596171078154,40.6506037,359.8547118,32640,False,0.7545335327424825,3.696488819237276,1.5
2.39835424785641,215.51418532165096,0.2393769445967083,3.3176301596715927,3090.427376081965,2474.6907286002897,340.43001898887337,112.101337,511.7166636,87771,False,0.7229116596836579,0.08708732074834283,0.4205638485986233
2.0967182680530927,6822.445904804231,1.376311537944554,2.35394531399014,2949.035873201609,3391.5297230825845,700.6744003081088,183.5990785,428.4824601,23197,False,0.8907247610498712,2.011613183384296,1.3978739519829446
1.589605849724728,2091.457551828342,1.676892205865259,0.5804903313147839,2754.7151940105327,2409.0982002010687,31.784757403404583,63.79708178,566.5332232,73898,False,2.738379996346113,0.8681495635112071,1.5
1.5431072478760406,1210.5486647345842,1.251852641378376,2.7850176270659333,1669.353375090213,1421.1434383789174,357.2186959517698,140.2654082,128.1220723,20521,False,0.5540743005736128,0.851813146506612,0.7027991207959287
0.6097271010424512,5553.373267361487,0.3012053395008799,3.156128608745888,2930.867339067342,4181.5823761526335,415.0305756562162,191.7945157,193.6984422,128565,True,0.19318823262290893,1.3280554504208875,0.7804802500620942
3.496932736976432,8010.593641979686,1.198604783556383,3.9071051628265834,916.0184697819589,8060.455349608278,120.93186207168183,41.92196538,308.5619256,9863,True,0.8950186125596821,0.9938140332698662,0.8709407737847626
0.5779241721230339,1017.496022879798,0.3689715084965154,2.09383552691473,420.4277580905399,6429.452747812536,257.98458986446406,101.6693491,545.2480666,53189,False,0.27601207863853905,0.1582554631990601,0.2462674380644889
3.7000641660939055,1335.3263196300386,1.0700495133569048,1.8404063509044613,3267.0897242833685,1730.5157733933358,621.6111420688828,61.47003396,279.6058895,89814,False,2.0104593498148784,0.7716348729026534,1.282684896006695
3.831038466844081,4489.272230833708,1.2828625244990186,3.0333290824911034,2791.71357290585,2968.477849943809,470.6838261332027,167.4188888,975.8039588,78422,True,1.2629810678888809,1.5123145451148885,1.3326128394127659
0.9315162603981606,564.6410045878265,1.364378577983196,0.569888823006323,852.5594760199562,7714.177759462011,893.4105649032016,176.8211629,437.48658,160670,True,1.6345550013231684,0.07319522859348908,0.8569196980092165
0.736502479342056,7809.622731178941,0.7277432862418236,2.698043529525741,1865.6273790782136,2636.7268990900147,491.6057510193196,73.31829348,748.4086385,112444,False,0.27297639875184626,2.961862577012557,1.4923456061663285
3.1009761308428203,6132.031462636332,1.084977924442336,2.690492562746996,2131.4161891091608,4014.0273203253687,897.6244999731996,194.1600979,249.9137802,85849,True,1.1525677570017008,1.5276506540099064,1.3032019565581734
3.657914203710426,488.645512617074,1.7046082543577403,1.6250650593364593,1538.4790289629352,624.8691616957192,973.4666395744912,23.48869881,812.2220255,179677,False,2.2509326206739018,0.7819965230945803,1.376565321873275
3.608604199893739,6764.755316989393,1.7628222355658505,1.2101215941412928,697.4684221854544,5410.590534545973,462.6723568088776,24.46533742,174.7180245,135565,False,2.982015390312101,1.2502804033214043,1.5
1.596857392071362,4150.365179413699,0.4424944568344059,1.0747371459297228,3148.4209054520074,1102.4844631873038,262.3845332337178,118.2814071,631.4901908,87166,True,1.4858106582696664,3.764556612118012,1.5
1.4280300850696928,2437.336389979624,0.4036133503743128,3.673575160823782,2373.071673132929,315.7358305284246,908.07109962761,82.07491007,698.5593869,7657,False,0.38873022432437165,7.719543195908062,1.5
2.433443913997179,6710.792337795838,0.4306498648347318,2.593264030571679,2197.177615409955,2978.649284300376,281.6875872374358,0.505618435,552.6827901,51277,False,0.9383706969051027,2.2529649163174645,1.436353896684151
1.8740475734800637,7421.126883279797,0.4719099158794331,0.6563035727113605,3082.559890359869,1284.7656233166622,566.3315271022525,184.9883796,588.4535192,87815,False,2.8554540854985944,5.776249568653369,1.5
1.9078617408108616,3012.017352081376,0.2705399521059706,2.1544903046296096,3956.3880525325335,7410.809909493612,771.0564053262677,132.3681359,735.6327278,30072,True,0.8855277051762586,0.40643565122570446,0.6475836830123798
0.8087102075002224,7731.45201814253,0.353039082184642,1.2392493814266423,2538.7032821541343,2088.064782394632,436.7842469500611,155.0109572,229.3096328,136027,False,0.652580156214456,3.702687809126912,1.5
2.249089243738265,3173.5962794893258,1.3282801142455236,1.6344550925391246,727.1411706205945,1395.6046113111397,429.33924701440094,91.96115878,243.0747077,34268,False,1.3760475145247302,2.273993831414621,1.5
1.2122248148303414,5617.299598690403,0.7514609509277781,0.7561563407669701,2255.615323173619,4115.140780164938,536.5120788850707,28.65840709,336.3298703,69738,True,1.6031383277993203,1.3650321817423279,1.3500094195881414
0.4155412103973726,2695.892002208885,1.8257788867528983,0.7263986211247405,550.8286346824866,6936.432556881982,487.472225924085,102.0679336,40.68933318,129483,True,0.572055929426227,0.3886568462552841,0.4833671340383704
1.9101091049098236,5002.098684894333,1.5036180301024653,3.324066445940444,305.45380441154884,1094.0285239402538,420.700397030738,197.2735948,545.657977,86557,False,0.5746300687257614,4.572183056349013,1.5
2.892883047866869,6235.865713282401,1.3213419691890422,1.088809400540936,4040.6416837096417,4697.027278536498,489.10073097934594,111.2456855,601.5172387,121903,False,2.6569208435459886,1.3276196500816906,1.5
2.401029978951104,4275.966930784233,0.1201324300185629,1.4602260090302994,1720.3260335875907,6123.185733457763,863.9954849567981,20.03727368,54.41015605,137650,False,1.6442854187073068,0.6983238980848734,1.064195267248374
2.0058117859057965,1289.8519166288088,0.6427873116622514,3.093039265885832,2907.3060457557453,4018.543962043959,433.0257388186761,118.2230592,744.8923288,191168,False,0.6484919734245171,0.3209749422902355,0.4953860253803841
2.795758565032404,2397.935111424877,0.5364787215966219,1.0848122617591784,1853.94515407066,2023.057780822304,993.7713411644902,175.6831922,524.6137095,130764,True,2.577179560377687,1.1853023344023796,1.5
0.1934564716727771,3266.9290806515464,0.5289238962680496,1.5224769831554386,3835.165338736645,3388.563448990514,658.3130723986718,120.2123449,530.6249077,78516,False,0.1270668435361052,0.9641044439231887,0.5511478775435592
2.833475271042695,4905.999197472686,1.662919223659198,2.093564047325416,268.7965194498651,6977.500969463697,691.9445408797493,108.026369,874.8460217,120966,True,1.353421177270099,0.7031169494981313,0.9794684846654895
2.166330294497332,2308.21443145803,1.1624490787593391,3.500743017355548,3183.687705365553,625.8579733708673,680.0479512006452,124.7002235,402.2047541,176994,False,0.6188199662007198,3.6880802450081775,1.5
2.4405908544158725,2775.5034436617934,0.3777053961971786,2.461647482243782,1554.9646025527877,2624.240032376524,960.592119968144,63.71335663,353.0304115,105687,False,0.9914457210362075,1.057640843962983,0.9539533843041962
0.7310802831516514,422.8212316827967,1.7755321430680688,3.251326982143878,2457.1938000429213,4241.382569410435,612.7950316843794,70.58713301,353.1746809,112888,True,0.22485590108617334,0.09968948206477883,0.18134757696632087
1.426132318288762,2882.753822381519,0.6598459289400753,3.429351599886296,934.8307341097257,2783.477658026085,135.23806316466303,136.7233798,133.6585871,113196,False,0.4158605091631718,1.0356662332221376,0.7215653585393278
2.2817368345137967,3455.499677262192,1.4602407235652963,0.9616894425256276,883.4252618409298,6343.696988061523,200.33975891634813,155.0201936,236.1224737,29679,False,2.3726312892550054,0.544713860580121,1.3903342748891114
1.8399882046499905,6247.6337044242,0.8013859482093917,2.132359570628998,626.3983695871306,1030.3281614229215,774.742558206914,179.8731503,134.3258373,164162,True,0.8628879327417106,6.063731859694345,1.5
3.6896349541061353,7394.737519389732,0.3851453112451215,2.483636770309211,3920.167545001848,1556.281338310301,435.5138182653457,196.9206193,429.9485312,37264,False,1.485576921970702,4.75154288148624,1.5
0.4459249503453741,5549.125261837437,0.3339317840455539,2.788070178383492,2793.486677171952,1980.2903994749952,69.63271436294738,165.676783,655.8353556,128060,False,0.15994030346238108,2.80217752936964,1.4158115734806997
0.7483618008007924,7169.21721618609,0.276208650510445,3.719598751349999,1930.664501127232,3835.7410459196713,395.180594159756,91.71888665,457.7586594,63987,False,0.20119417432727282,1.8690566251711385,0.9774834621554029
3.7541074429232095,1500.0279278103271,0.92992428756837,1.6171042645194749,4033.710426584237,5830.09526814495,995.63907064418,19.58141199,446.9198912,66385,True,2.321498498144305,0.2572904658606588,1.1702481221863277
3.056954087089122,3098.456014864769,1.004683966071439,0.7592401125124655,3775.674971010086,8075.586985319953,166.18536678677089,97.26327846,846.0962838,8165,True,4.026328443902504,0.38368183267836187,1.5
2.418767496875805,508.3771503485623,0.8266884636696615,1.184104599609553,680.8259311978819,3129.015488534939,974.006378344847,38.48930559,960.4110122,81916,False,2.042695767736737,0.1624719187389263,1.0115747945430502
1.09609668865829,1895.1926920077567,0.3337736260856538,0.6611366883632557,1679.9508305080903,5669.281762380675,455.9433743542512,60.11093306,784.2272876,164499,False,1.6578947289661246,0.33429149777830514,0.9265465820126354
2.6458823736608603,1516.9022569790295,0.6051456020058001,1.3824303670250344,2284.276522761218,570.5090626608312,769.7695898038035,13.74585444,278.2666256,85899,False,1.913933983829337,2.65885741980224,1.5
2.3308475883875714,3353.006926535149,0.7995158497535167,3.976702820803581,1252.8018264048692,2626.395140608386,493.1077456311025,75.15727452,790.4199259,190421,True,0.5861255183738003,1.276657450897427,0.8758401175055869
2.64610096311367,2576.697801656781,1.5919804640686934,2.0035185626252043,1902.723273001473,7455.467573098371,713.1688611046078,30.10520128,418.9915332,74243,True,1.3207262921089191,0.34561183132345585,0.7649084189594103
2.563739926343442,6682.848163809529,0.4398281817449454,3.45426970504466,4060.774550059681,1626.5364356912198,34.183042994901825,193.7930514,162.8508338,89342,False,0.7421942705878043,4.108637232501294,1.5
3.225394370445391,1062.4034175841598,1.6712331148850676,1.911750071375953,1072.9571222575173,7988.180369498424,879.7495551794565,32.92366907,823.3182793,115595,False,1.6871413955185932,0.132996923993827,0.8355280840017043
1.0497887981803895,310.66679315868805,1.3687107939388543,2.767826779850568,595.955432241338,1759.3085264422264,811.9183740714852,34.6842687,242.1953338,134221,True,0.37928255718174286,0.17658460032041762,0.2674865751169343
0.8848788254130149,2703.7991086808406,1.5866174572238103,3.3023111162964844,1354.911146148819,7224.879894226738,175.99247499065996,155.6677639,907.603877,29599,True,0.267957356618792,0.37423447142244676,0.3668391440190516
1.9238526373058755,2531.4464688047065,1.6158985177137242,2.5248272208876523,748.6655281479622,2842.617098753024,298.5816210374681,93.69821891,310.1105165,139256,False,0.7619736746405297,0.8905337511072621,0.790488850914762
3.188257549135503,2195.451058093104,0.3766401598459238,2.0458860486077253,3394.33675146842,395.23118084753446,511.46352240201975,60.80731219,263.0783317,6698,True,1.5583741787236924,5.554852853032299,1.5
0.1162842183751853,6577.75563904868,1.9121352918961203,3.978285595410629,2203.846105466271,7358.610213034984,971.351415862776,92.12200663,228.2366717,174301,False,0.0292297237985145,0.8938855908555953,0.46147410301140135
0.847064143341687,927.3961457071435,1.267153142216044,2.877517763423003,2367.739069711138,2214.2544525530343,262.95362546490054,75.6214004,680.8500428,80018,False,0.29437310856456306,0.4188299787402601,0.3587612900289736
1.489780213614364,3050.178641348528,1.4695000088876586,2.05927021392739,3713.2882547905538,6400.846073154586,222.5444144279274,0.664768455,109.9056063,16731,False,0.7234502204171022,0.4765274162215174,0.5403224015944966
0.4361207489934915,4454.029599005406,0.3256984618465629,3.5900443010166443,714.8924314289399,2295.9237141162757,93.85473361618402,29.48914156,520.7823595,8260,False,0.12148056986077278,1.939972817772752,0.9424021830364995
3.0177559144263144,489.52610692987946,1.8911642086490463,3.503891246563694,2197.5094257345318,3225.324231213265,684.9382113500722,184.5510576,798.521552,97412,False,0.8612581957638283,0.15177578180844145,0.5481632722684353
2.394013739976244,2586.7078439746747,0.7681808138802209,3.2629933985128754,2646.871393034482,1969.3641105614524,478.3593820268963,37.07312568,117.6829166,32777,False,0.7336861323045257,1.3134736379062721,0.9397629699681312
3.613561203426679,2285.7457123405165,1.8777709024951528,1.987443683942014,1573.9310888403438,5157.525995340019,307.7757269366921,17.30478766,395.0742269,195187,True,1.8181946056779454,0.44318646458836475,1.026275980851504
2.6912667827624515,7437.055052453667,0.7343752180403669,0.7816322807215582,2161.9667006761947,4450.892616741304,992.2554178426124,184.7440097,256.019586,152809,True,3.4431322835665736,1.6709131608364327,1.5
2.031163972226673,3652.5579268092,0.6294501936154321,0.893548414654209,829.4047280356253,1806.818858144486,408.50311178216856,121.2328546,708.5619698,82497,False,2.273141181579426,2.021540736263211,1.5
3.89480733914137,2911.015137785933,1.5751153670682352,2.691390362525969,3104.373863799473,4555.1312666209005,742.5177531814224,145.0150018,60.76295329,118847,True,1.4471352599890752,0.6390628429257817,1.011314290584846
0.7196147746261352,5600.749148674113,0.6531151342217469,2.7072072829558875,459.7176478175143,2743.146157007784,861.2455513404232,118.9573543,776.8885997,197168,True,0.2658143369155246,2.0417246570418506,1.0978856974782003
0.2612028234470731,3966.9073681042873,0.8904835832872513,3.330625738454469,3875.302277265104,2059.910460523924,393.8367014394958,64.24877477,566.7127407,120004,True,0.07842452606030557,1.9257668923966555,0.934018342572295
1.5858270776180343,246.6996785943993,0.1036855119181158,2.409532229587094,864.4719828539721,3944.3292713998662,476.38774317050303,2.627229843,412.8517643,76378,True,0.658147004633668,0.06254540672368833,0.325625519676457
2.545989649532541,1712.2166080940206,1.0826046332531525,0.8262865937729823,1006.1389667970528,7661.921048381703,717.2734523463628,98.54897621,255.9521838,73911,False,3.081239109384519,0.22347092812085187,1.5
2.4516943022702864,2123.3867153104184,1.280841449084155,3.317274708953081,875.9841796511344,560.0334345032904,736.878804455309,184.1023125,606.2618678,33179,False,0.7390685964550204,3.7915356132302613,1.5
3.873922038153069,7881.674416552996,1.4152691161730877,3.4369249003405304,2038.895189229156,1754.3200079137257,146.12150799048317,90.11352619,851.0479952,25339,True,1.1271473841694524,4.492723321005342,1.5
0.3853288835486439,3381.045843352127,0.2054722340363238,0.676598184720495,2076.564583137463,4244.004430486718,187.02977434452217,30.93274066,608.9919518,189583,False,0.5695083474092927,0.7966640699683982,0.630247721608083
3.717145332565728,743.609393109019,1.7986177960044925,0.522316712705494,1886.9117784424973,6843.695658475921,152.06466040735344,49.71584186,903.8294983,8473,False,7.116636564576205,0.10865611653542809,1.5
2.011295437328507,3609.2747074667823,0.9965955662730592,1.8871287175515796,572.7414481176113,3010.5931258330547,143.33919178696564,62.6008121,504.5730067,41437,False,1.0657960704142924,1.1988583496380665,1.0504025114544484
0.8183290224648934,4232.519777733775,1.270500498301536,3.0865451400648483,1866.4869895639035,2338.243422741063,38.03421767788484,6.851522546,757.2866795,40272,True,0.26512774646151904,1.8101279510761854,0.9372916587612673
3.919976121919845,4299.435353205912,1.85421233697314,1.434457670129964,703.7061858017047,1287.505585016288,708.5186481850549,26.79409999,687.4849455,173069,True,2.7327215510257186,3.339352776331582,1.5
0.071153276562665,563.4784027702435,0.5392008032542265,1.960687054964628,3519.220362372105,4314.470904994811,182.2013347717457,174.1739486,463.8160211,189130,False,0.03628995259215197,0.13060197068134344,0.162209530794221
2.833581770882824,3423.625346545662,1.582995104365239,1.779599913770572,1432.43328802159,4096.543994786427,745.8765208301023,89.89606661,666.0720033,151702,True,1.5922568644219814,0.8357350366716658,1.1375553260783133
1.7427020171434742,4865.077096989339,0.8623402692763079,3.224854351202916,2641.741916488952,1190.665717310551,190.27728248154156,66.03750016,411.3669758,171568,True,0.540396956562229,4.086014254187525,1.5
0.3961929131008328,4159.1765271344,1.6336735065461332,2.990830859945346,1394.7264376813573,2895.637255529581,780.5146832026179,111.7000554,227.1235766,124596,True,0.1324691362315743,1.4363596537361762,0.7618365732674446
2.325699121247163,6273.677726309748,0.7350262743246371,3.371761546706945,2969.7431982769813,983.040149200841,560.3763223852119,59.76070183,350.6111596,47354,True,0.6897576828233569,6.38191402968434,1.5
3.7185595110719976,3716.658319737009,0.9484050457714368,3.043729281756915,1313.874992950787,719.9591603667948,328.43962189617105,135.5869465,609.2333625,55686,True,1.22171124470515,5.162318252442513,1.5
2.587605031985615,3915.21915338077,1.0738559739273723,2.255332519885477,3813.903312457401,1076.226303157347,655.6602315047988,149.2262173,132.5169813,193057,False,1.1473269958391832,3.6379143849733993,1.5
3.008087437219212,4871.826110436827,0.8218048573961072,0.8707415120572881,313.53484377718075,7970.001660976872,102.29259895693988,150.1931434,922.8281624,23229,True,3.454623376676598,0.6112704008180123,1.5
0.6491571126981648,6914.106899983522,0.3003942890252312,1.3926324835017114,2114.0404198491365,1681.760206064105,414.0513371598677,12.96166741,594.3936393,119126,False,0.46613636709774475,4.111232309422797,1.5
2.428169183794848,7993.858312408563,0.402690355211721,3.724216534394428,3735.6311681479874,805.2291076158094,806.0648352322246,5.299793031,549.5172628,18174,True,0.6519944555788891,9.92743335638974,1.5
0.5204896671016592,8188.573607876772,0.5849118466870905,2.198869095022314,3616.431144020976,4107.970907424844,952.4656785424892,157.4600518,755.3514831,3137,False,0.23670778382038857,1.993337779263045,1.0822696867982664
3.930319591958659,5529.130234399834,1.8470494845136085,3.529635386810637,250.7907165891184,752.7420044121736,374.9575497784198,155.7624108,514.2160363,72328,True,1.1135196834000447,7.345319106208623,1.5
0.3066642756358759,5248.682165937272,0.8924813566391777,2.485098408982732,3348.365264017757,6613.068255665046,230.36322124706464,177.2129517,897.5800316,53586,False,0.12340121064267928,0.7936833497291269,0.50131608878135
2.650971873295556,6304.431303450832,1.6446279878105623,3.4378884952102755,2305.724117965274,6420.445949974498,424.3889079099897,105.0903405,335.8149081,38349,False,0.7711044456166883,0.9819304377905311,0.8414236536886376
3.4714402291926607,2056.287900556842,0.6397800686097166,2.5538062706017057,3910.2840498216783,6866.752131841856,282.68665915388914,151.2337767,337.8541604,70952,False,1.3593195810640597,0.2994556758095522,0.822084153928807
0.5337045691700268,7321.322198779213,0.2863202886614341,0.5497922836837161,1891.4689937415765,6979.782407169819,780.3984690618274,120.7610006,701.8417705,13887,False,0.970736793280027,1.048932727503027,0.9692464771419121
2.0746477010988973,7422.501452804937,1.7915497639279736,1.2996029203088932,580.7876921042468,4963.619535229118,707.3624105539425,105.35012,767.2400306,70114,True,1.5963692234829439,1.4953808201109309,1.4439753971289255
3.65277672877234,341.7380723983033,0.7129511017252602,2.967968734037424,3438.714059476937,3974.177728265917,754.5993020239691,112.5549392,78.80239177,188582,False,1.230732472397335,0.08598962997596658,0.648816109760105
1.323061078102878,1603.095072567795,0.5513004487943264,1.932111194418104,3564.9978881823863,7134.321348789322,458.936076056126,175.7218107,496.5245996,187571,False,0.6847744566413989,0.2247018313262739,0.4971466142785558
1.2798736566500284,5742.014236935844,1.2056518299297834,3.885233375444262,1842.3946708641715,2363.5957942409004,688.5143530140917,111.570077,474.522325,37774,True,0.3294199353169472,2.4293554119944654,1.2972475190581603
0.198369437249799,7699.5474580209775,1.1621514324984437,0.886537143292346,2871.613905600488,4471.26024978653,832.9783934627725,169.9519918,202.505509,61087,True,0.22375736312158248,1.722008343546222,0.9605912412537059
0.8667407094374937,6203.454025851615,0.6153651300556109,3.5039691691086103,3387.460194259111,4515.788039788844,470.9582759398895,145.7432942,411.3649545,54424,True,0.24735961426805966,1.3737256863738803,0.8023777643703457
1.7704685324326714,688.2124927509194,1.4273978098279398,3.0216591991653483,2805.543509321258,6630.828956447632,930.2187765439148,39.41872884,648.0371707,88434,False,0.5859257546304232,0.1037898122794935,0.3300861654425321
1.2963061346480784,7385.079154618036,0.8485484508236923,1.1159031902583327,362.2354413776039,6499.375481582489,230.7553699592726,74.70688622,809.7687063,175113,True,1.1616643668557087,1.136275196656836,1.0714353359673052
1.720018901202935,2791.0742558031334,1.1602287948515155,1.9920290216851888,3543.214124006579,1911.8754179620544,10.300871373473353,21.27177322,355.4882128,96132,False,0.8634502906476571,1.4598619910696853,1.0561290014311304
0.5052039265665242,7991.522059322523,0.7045936250095746,3.172283969961098,1868.9603827992064,5639.877055260685,781.9040438663144,40.65498006,683.9595116,155183,True,0.15925553074530993,1.4169674231553215,0.7296327656079068
1.4116626874756255,8110.301160112755,1.33539493866708,0.7519384153764472,2665.1176288233364,6814.925896341146,180.6791297449576,121.6278791,999.1330163,185319,False,1.8773622696303234,1.1900791413266871,1.4411773724397006
3.731640455548677,1981.1219222356976,0.7869435825194943,3.842626457337204,868.9283405651643,8066.258887852549,246.59740808197483,129.0599695,791.5663191,154252,False,0.9711168977422971,0.24560604234679087,0.6120710099807158
1.5054751906701824,4393.005693910792,1.9091801321538369,3.3992632591235035,1920.9473347892715,2655.495684252444,740.0073084335852,11.31452951,161.6852076,130346,False,0.4428826581015409,1.654307223433945,0.9493940880377958
1.318426979597349,7109.140693398097,0.1717887006576819,0.7573357487593153,2656.3290208296157,984.3248605908084,432.6442397111716,28.76221312,725.3059971,24809,False,1.7408728438930543,7.222352061603645,1.5
2.0002939860772755,2783.8046053702383,1.5976484371178057,2.7976872752793502,2811.350887693126,2350.15637170377,466.941794512993,15.63140354,569.4919186,5533,True,0.7149810090538216,1.1845188846593946,0.8625925557489138
1.6284243662723217,1328.3259590781963,0.6643769234784622,1.6622312610137078,3520.961248067317,8007.258084131608,691.1223000889527,64.38685312,477.9440184,138772,True,0.979661148724927,0.16589023919994753,0.5476993848072755
0.8349633299725867,5122.58952074164,1.9060759027358545,1.2391669337282,913.3573974645136,2977.024525409142,227.8302528226212,130.287336,117.7214579,35269,True,0.6738096647324383,1.7207078662937512,1.1426924084809975
0.2127456280311128,4511.772052105235,0.9385636045224608,1.662356581048385,1008.7493671886332,5590.931377989172,753.0007791853603,163.9364034,51.04702075,81327,False,0.12797825838225632,0.8069804020597644,0.5027195443604398
2.3768131190206656,6428.459816095462,1.713671160501461,2.035230167658129,1185.0149207923102,2963.034855328152,576.066955276508,150.223544,622.3817739,168160,False,1.1678344734448929,2.1695525458859195,1.5
0.1672654770800568,3558.934979563671,1.8114569743187936,2.741442147376223,2017.729815890665,6649.77690389417,776.3863748844869,178.9231285,55.63070316,134675,True,0.061013658897191805,0.5351961472488392,0.35777774584986166
0.1241481612741934,5810.477834869291,1.3227886479715425,3.852662584324402,316.75599841558744,1033.3720408383367,520.0778331100107,190.1484621,364.7174594,48,True,0.032223981813341705,5.622832435579185,1.5
2.5681758477175087,7550.241105542854,0.6703152316319582,3.1652931490214757,3446.971993798252,878.8879780322578,149.29365210082446,86.21914198,511.4305986,5364,False,0.8113545619485123,8.590675132292073,1.5
3.649606610904987,1192.547298964867,0.3696471988720508,3.818442752265836,3202.248755947872,6601.389515197929,211.1818945122893,24.58554474,746.5935647,73899,True,0.9557837820026385,0.18065095174867288,0.5236913937792383
0.605498700260994,1929.5510262362377,0.6328204202524068,2.4214513333214587,2177.631702387353,3218.51431217917,260.83746460495684,38.51250548,828.7721,41402,True,0.2500560064423995,0.5995160619094076,0.4015683691549493
3.697387396381892,7119.602040827225,1.1424208122894506,2.2113342719555864,190.45990808170416,7345.193933001139,224.93627918810887,186.4812839,572.7979904,195646,False,1.6720157468985337,0.9692871426948113,1.2818496306705387
1.2357714460126554,3110.5394532636446,1.958155127897164,1.5264074229725164,406.0192974045241,723.5074974665728,85.51117455546309,93.44673178,108.7679078,176103,True,0.809594226167937,4.299249779520228,1.5
0.6515575886054883,5161.871751427426,0.5015562907073717,3.4871207073551678,3785.451245244238,1002.0696574202192,128.0844349134518,45.12201973,953.9610754,168259,True,0.1868468161668113,5.151210505230953,1.5
2.0304380134995297,7787.319313315551,1.2860813374736502,3.634912374412214,2742.0453233089884,4354.375313905021,352.0039944974213,36.25791278,962.8903876,71320,True,0.558593233003211,1.788389550771971,1.0742756204385353
1.4686278765022918,8076.241860704658,1.5466108919107382,3.0380871603482382,2989.333432143998,4599.348720761552,494.0826584556337,190.1578974,708.8380472,54769,True,0.4834052861500739,1.7559533641127032,1.1028134770400821
3.797480543201357,2494.330172619056,0.7584315093343563,2.151296098065752,1367.2547991604006,8022.331911603501,902.1796250966374,164.8258839,743.6172649,102145,True,1.7652050693582497,0.3109233324914335,1.016690776463287
3.8427398403961455,5691.874166478256,0.4449533082440318,3.9104669445151465,362.5336048297048,4220.900832851809,522.4807038347099,46.52561265,815.3064324,188055,True,0.9826803070425376,1.348497486799305,1.072298474131944
2.8549085230573894,382.4754267675253,1.2157361409711809,3.214960275754444,3512.769001482896,5738.344275902883,518.3702017185183,148.6685451,797.7329784,155634,False,0.888007126116142,0.0666525757799175,0.5039492262878306
3.942826745266101,2803.468195442448,1.1218277694928245,1.640577234770928,1006.6264790004124,2092.050854187173,885.5504094274062,174.6966517,510.6127192,51459,False,2.4033152834169065,1.3400573836392833,1.5
3.575525751252374,3406.668468293746,0.815809063670237,2.810361002223015,926.8115675750776,1701.6541911134375,400.91066109951424,42.78501687,43.38327438,27799,False,1.2722651916102299,2.001974598647859,1.4948056195264974
2.842609521623691,7603.3907566954895,0.3258816240353364,3.1637000541632925,2654.7674408087146,4186.285135291024,566.0363511052823,174.4212804,959.1716286,53111,True,0.898507625391135,1.8162620340362103,1.3088782080552868
2.558699176215062,2313.6012982614,1.9632161179608736,3.8619176309145096,2834.010283005886,7423.373958965012,965.946191398204,68.71173686,654.1154368,135900,True,0.6625461126324034,0.3116643874791813,0.4727589533519427
3.935376512451026,4424.4219470944845,1.9770259732681008,0.8542314641821513,1044.6630657427622,2360.137420518794,317.14863169122464,160.7109007,233.6469961,143499,True,4.60691518697874,1.8746459027149716,1.5
3.222707393030933,7673.560619173923,0.137273913879757,3.468304659359114,518.429795479617,5366.592671632134,611.1040779283493,18.32224202,449.7951709,60049,False,0.9291878252813612,1.4298757307046184,1.0707419503948026
2.468363805196548,3941.626072334389,1.2183228588939243,3.5269822216260427,1578.815312599395,2386.454802437508,636.4598699610538,195.1697218,808.2095543,174511,True,0.6998513035337208,1.6516659216243166,1.1557913577108148
0.5106636379109477,7309.599585848982,0.3196759751011976,0.9566771314953708,3588.207416104654,4128.846991812992,33.863182128733186,6.823967773,690.9143583,99592,False,0.5337883464658445,1.7703730844404424,1.0402854580381546
0.1995584182693237,3681.346076319232,1.865616850458422,2.571089694172935,2698.62437543643,465.7536356192279,132.63091649626435,146.3641999,422.711537,132327,True,0.07761625006912383,7.904062978533174,1.5
2.6799271025492737,3490.1460279258254,0.6790076989595819,3.3918008487382343,1531.7476543292137,6755.652741682889,928.7280655466576,163.4985276,93.96803677,134580,False,0.7901190051966681,0.5166260257687216,0.6698044199214253
0.8048794157778971,3289.8116318841367,1.1567119486055506,0.7804992375544759,1705.7918446197775,2029.6623472560696,125.44929398914572,82.64161729,971.6978281,14796,False,1.0312353245398207,1.6208664631882317,1.2347766677850678
2.179760969854238,6721.087843330822,1.4696877810036018,3.377145347522628,1104.0753049863577,3749.579755626528,680.6376266504341,107.6950328,940.9680357,77499,False,0.6454446285554798,1.7924909668751092,1.1509316371512512
2.758194601866516,7092.372442398045,0.1162381706320096,1.7611041526911158,1976.509362002006,3113.9923538683565,882.534502675244,162.8587543,87.58440685,92584,False,1.5661725806955733,2.2775818416220464,1.5
2.4315572165649546,2081.2684056506296,0.8195157346352852,2.017488145234359,3431.644804215407,637.0348733596269,965.6681654141316,169.9353908,408.6324467,165848,False,1.2052393056531145,3.2671184725056133,1.5
1.970515386443131,4194.243460492717,1.3843690902874848,2.7720408531174368,3610.596727587327,3931.795960661955,629.5735234728876,49.7393021,938.7051661,97513,False,0.7108534036840355,1.0667500301108774,0.8247972478320775
3.577934120908001,3584.519321266155,1.9807373625492528,3.8003024099593943,733.5650036344234,5510.584080620755,816.0989555702375,130.9104135,483.4416225,135842,False,0.9414864380384382,0.6504790178633637,0.7818555892322756
1.6891252555765277,4453.306394705626,0.994329236604958,1.6676650245584208,512.7682868640329,3356.8498329378203,642.801720573707,186.834518,971.2357735,111346,False,1.0128678228746606,1.326632591569217,1.1462151768798048
1.750393619182022,3309.8345580738496,0.9694383877474266,1.6938627269404396,1545.6798510321655,4090.9963128022655,944.8303731082384,3.060573895,463.2929239,137893,True,1.0333733412803463,0.8090534198007169,0.8306227018012967
0.6489174882417621,3055.780595216192,1.492989835570793,1.0847819676853774,3623.958418592907,1263.868791557121,34.388626593363504,9.315340109,40.34799998,198503,True,0.5982002921988812,2.4177989148965273,1.3618584466061874
0.2932302308282404,3557.3278593392515,0.1687902939940164,1.4342047089225605,2853.5527760356404,4718.682778120205,820.267357039816,188.5157563,496.9277697,81082,False,0.2044547926451416,0.7538815440360059,0.5255321655858595
2.2406962316838097,6707.938039394287,0.6651320273602501,2.103285132948315,3041.5706528521846,8177.6148101056915,262.02253167330537,73.01829324,419.7029465,165947,True,1.0653311485218027,0.8202805089675421,0.8850432763227685
0.7991186459690054,3617.605016770545,0.4795951064626028,0.8960733875910396,3081.30088231415,1985.9243215376116,738.3072779415731,174.4509008,943.0386828,171181,True,0.891799449951153,1.8216227958515425,1.3082866857279853
0.3974701457241982,337.85028139518454,0.361941412589604,1.0116846216053257,3159.446751069549,3964.989767408465,752.9300294565097,56.70343071,813.4255212,167636,False,0.3928791091184031,0.08520836146591032,0.24349797598892034
3.84158709966614,8133.31629440487,1.268460645355842,1.538644325887339,1781.0418668728084,2108.0602047148614,169.99249650718252,140.9042974,118.1654185,183545,False,2.496733350455987,3.858199245142903,1.5
1.9693230438577436,4480.688790518349,0.1695412595513917,3.0898771233491424,871.1392096952252,2415.437710512149,44.70783544139334,25.0569816,287.269222,195804,False,0.6373465118174886,1.8550214601531914,1.1340971267657196
0.7443490107710273,660.5039469315097,1.434483069537147,0.7740885153115622,2534.8244738852686,6723.504883082314,834.5309735784881,29.77172987,479.1746976,180007,False,0.9615800189096158,0.0982380407717457,0.4918076139943724
2.6786941703445897,4940.3990846904935,1.1329585445532937,2.9183569511038563,1031.985312806091,1658.9360820224135,963.0456630960427,186.8944127,743.5113804,149483,False,0.917877181355147,2.978052702120739,1.5
2.309955815623834,3843.216572729852,1.323643555152163,3.765624000038798,3479.2023179573807,5275.505737957787,179.43241820322808,58.98017105,323.7808874,381,False,0.613432249785901,0.72850201722823,0.6333676815538822
1.141540892179663,3174.8845091940266,0.4675067315194433,3.4960570912238977,1594.574975047197,2666.2936817388504,750.3459664714358,11.03759559,18.45961486,40321,True,0.3265222895023558,1.1907482396810638,0.6882918788259658
0.545746260629147,2233.327822825605,1.1787967132447306,1.2913429629702835,599.3832960032336,7832.01285017098,398.7126174313676,186.2252098,244.1112279,154863,False,0.4226188190587497,0.28515374850179104,0.41163291755030423
1.98888370489786,6846.333160563312,1.8391913851749413,1.4687905670232528,645.1012196934003,7520.556003909836,28.671750166268215,182.3244401,252.6496474,166867,True,1.3540952641283606,0.9103493353541474,1.1101844724747363
1.380051248995966,249.59702100684532,1.491093080900613,1.7430977684642588,639.4763912646937,7074.324660366559,401.8700533296953,66.98323334,357.7256437,151273,True,0.791722921250095,0.03528209870970641,0.4056520252237937
3.4071440497249363,2404.507636242901,0.907598601701776,0.8095329973200538,3936.299911538973,6215.098771908392,104.80540525220027,174.6111338,871.3817897,59024,True,4.208772035521941,0.3868816448620489,1.5
3.786725851514465,3260.849540721718,1.458664813116267,3.9561981383418745,136.09695973058976,547.9056513568414,337.4829297402964,174.4746131,977.7364317,186001,True,0.9571625995302048,5.951480016121431,1.5
3.6821134538225495,3881.9156450826,1.9517832351374675,3.2361501457390407,2528.3130312534404,1875.2825047594397,903.9273135401468,136.922226,642.672672,129945,True,1.1378063903692188,2.0700431178557426,1.5
3.294226148083365,2681.341833604489,0.920397633891804,3.437685739047727,2926.8554647621327,7555.6871096537825,997.1261857383292,182.2303687,501.4900963,87180,False,0.9582682769390144,0.35487729895851605,0.6820528647162197
3.677512196596241,54.42082224954447,0.6477931240161433,1.7742981942592309,2826.0577378604758,4757.421954329105,21.146550186667668,180.031497,671.2044908,128657,True,2.0726561836328856,0.011439141358605806,1.0278805484309121
2.680587983955528,5761.293883082472,1.2244373145327865,3.856743687175793,4052.309594723332,3240.890513793208,636.2760576711513,38.93449559,672.1696541,19810,True,0.6950390034551295,1.7776885262815132,1.1321993731749098
3.723765467588165,2434.0376511865043,0.3407009773686412,0.7981434812605503,1194.469452339019,5788.99128376866,784.4350775999633,111.7894988,725.6747388,70317,True,4.665528052899685,0.42045971939717186,1.5
0.1125204802280994,494.1463233968898,0.8040739991361574,1.0487151723589785,2093.844502355992,1460.1650302218336,882.8828672654713,68.62586345,236.105176,85104,True,0.10729354919262496,0.3384181327664032,0.23489153803043095
2.833810703277786,2601.581905885848,1.9688607169425385,1.6844946454035343,1439.346567532736,1294.45171109768,82.38700240245889,180.7241918,432.6731032,167127,False,1.682290311055642,2.009794480220465,1.5
1.381429651924524,2295.573199896122,1.865258951263433,2.821226930195183,1581.4267587835343,1793.2490345663296,546.5569808776851,141.224725,773.29893,133553,False,0.4896554571643389,1.280119578690392,0.8670283108605483
0.3794243632158611,5913.131563433613,0.4345512482442407,1.5211959931585504,2030.0751270839903,7979.2449415902365,839.5562690848117,56.75526076,939.2539666,164938,True,0.2494248706264138,0.741064048788817,0.47410454929378015
1.7252079487249734,7107.678219675479,1.339238613420545,3.7128391777424743,946.049159673849,6771.603481604127,998.7724329934098,4.144369966,731.3093212,51964,True,0.46465990081317077,1.0496300083037509,0.6835031483139009
1.2786179977825918,6308.355916693113,1.856249884900788,1.8810576335322025,3644.966701402777,4051.363743868296,727.8930397984172,152.3640125,492.7905942,9609,True,0.6797331965041603,1.5570944289274595,1.0827729751910078
2.1486655774644525,2285.022619279269,0.7361379895865929,3.638633848020436,3454.761944225099,6422.530175923748,855.5573209692141,51.17026689,684.4896094,92742,False,0.590514208545387,0.3557823095155537,0.4514247922463345
2.452898864336261,4414.986618518703,1.9466921362121028,0.9077971766670884,1295.03668211214,1658.3034707730349,896.4922385063561,96.27186196,27.87173333,185081,False,2.702031054239271,2.6623514294390644,1.5
3.147939165422797,2914.8925599911727,1.7241508849544305,2.613527605551914,732.134023978947,3088.033733964707,696.6547655135771,152.2376588,394.9003907,90254,True,1.2044785577382378,0.9439315791750853,1.042921913134844
2.639743272239901,10.634168727287944,0.6773978356512553,1.7574072816613646,1641.238164366835,544.680698061781,819.8773160415182,175.6542609,511.0497168,68316,True,1.5020660251722622,0.019523674596154093,0.7725638664703867
2.4901154673369885,7841.722958059349,0.464895947347588,1.2601485433019155,3458.6995518827694,6290.168902620517,326.02259367696274,77.99607009,71.71866577,176198,False,1.9760475894093066,1.2466633373780764,1.489227441557327
2.746526819513057,38.40232509897487,0.9716178468717668,2.4093909376961777,740.371823522286,4535.962793901171,906.247003684544,124.6545986,898.1522639,15236,True,1.1399252967282867,0.008466190494803558,0.5791186347578308
0.6339429896237183,7221.874219895944,1.226375647746369,2.1355420170054,3869.767139908417,3572.4490455102177,17.944867374907524,15.13489531,921.529668,79953,True,0.2968532989387754,2.0215471587903275,1.0508494950329679
0.5674378627876937,5522.505499037813,0.2958948854116099,0.8424860896113726,3596.050010070364,1246.3290248270418,858.0432198723855,101.2157219,877.1742445,134697,False,0.6735270721471172,4.4310173193416365,1.5
0.4778889897818819,1879.2594463251755,0.6675701868290785,2.289436265662089,2988.3891190382787,1244.175891878148,811.0322235960482,85.93773492,609.4172307,92178,False,0.20873644233430425,1.5104451525562763,0.8166110408481516
1.828224105980517,17.64304572344554,1.200276435427308,1.7868381298741651,1195.3029649148689,3089.165159220257,483.29410159113706,137.1659212,811.907348,5820,True,1.0231609972125844,0.0057112665747491445,0.5315921677124134
3.844431557515804,3992.55876141226,1.0754348233518192,2.8655180146287567,3771.65787278744,7477.318435357486,720.1414103689283,118.6687898,497.3954107,26951,True,1.3416178841911717,0.5339559623405851,0.9033570637782273
3.848087416128053,7871.855641710412,1.0734874087045423,3.935144630018832,2028.8209735159112,1545.9815840722467,861.0438849946007,45.15538154,600.6759358,173708,True,0.9778767491534074,5.091817210321134,1.5
3.917422358775273,4698.997766496064,1.4007484122375782,2.8480285404413923,3030.3334174934616,2626.4368132887166,629.6941195087614,95.63573541,328.8240547,85175,True,1.375485156719317,1.7891151010874908,1.471899619320907
3.341052809359085,3584.4628771660164,1.067798380282356,1.5101633296348889,2266.1772498337004,1326.9903233270195,807.9780815513212,52.18901913,263.9649444,68911,True,2.2123769869248924,2.701197447678354,1.5
2.9947477947100363,5363.177390796763,0.3130149119745284,3.809049078208628,1500.457823085986,5454.9449221691175,573.241325505386,45.97840673,68.59465555,41742,True,0.7862190659668216,0.9831771844326813,0.8192231100466187
2.422150619702429,3050.427044221179,1.6495242933136365,1.8698575458510127,1665.5195680431384,5515.29229633155,78.78180329645834,130.7079613,279.3449669,154520,False,1.295365697622895,0.553085290818958,0.8971728281437801
2.297511257411045,3492.1354862432263,1.6173365477304424,0.713907971281077,530.6441433751729,7905.236440489591,519.5696383076703,87.83518173,244.4624018,184613,True,3.2182131753972305,0.4417496569634798,1.5
1.4833427192507025,3928.2701405631615,0.245814334002829,1.46122938471704,2792.8945748399246,3218.68602735532,259.7905190719716,26.15924639,302.0211108,48268,False,1.01513268185834,1.2204576979415491,1.019098476791844
0.1150151214597885,3057.581510563284,0.2816456501169733,2.416774986580255,1851.251199274516,1090.8040536348365,966.5792063573992,66.46471785,394.9835831,80648,False,0.047590311265271724,2.803052938400432,1.316029907760823
2.202566614947157,6786.475586409938,0.1323774465063702,3.619532315505413,2176.5468350868937,4548.54989413959,182.5539519144479,82.89308126,39.58282117,83167,False,0.6085222659815751,1.492008605569373,0.9866955180849478
2.851752129220172,6367.886742538783,0.6445336921068073,0.8921222284242609,1571.3401835068291,3832.437060228558,721.7037220917307,92.51622585,462.1319868,27061,True,3.1965899310313484,1.661576339233459,1.5
1.1313925355258183,5750.741319602919,1.9148031651374808,1.3641816962266309,2041.9708083976768,5398.6036552475525,281.30513416028623,57.02085161,373.9143317,13745,False,0.8293555831306783,1.0652275450797084,0.8810797709899363
0.2071572619204014,841.3909020516485,1.882408359848165,3.553602625715289,1316.2625936890993,5132.246519280941,583.2631613988433,134.9522442,95.60644978,148027,True,0.05829498271031948,0.1639420278676696,0.1674991959393191
2.464198985796993,6496.102474626266,1.721559199178812,2.382216775003552,3521.939623210657,3973.7373021473136,90.29564607522468,86.01319023,485.9908834,52220,True,1.0344138187757912,1.6347589130970401,1.2441447893254987
1.0824196956224728,2253.227140192226,1.784331815473192,3.936195660354081,3980.028669173762,5298.174200292708,66.18712740457111,195.4871837,474.8286744,128510,True,0.2749912641623713,0.4252837023823148,0.41289111090907793
0.3940103644353345,1911.9585466210629,0.6418918688171283,1.7468108631308858,3547.7486762363087,3278.017755385127,185.80405236448271,46.07589474,633.2411211,73310,True,0.2255597026511675,0.583266683927148,0.38701542719304577
2.229650281987925,7405.174060820134,1.180316903183134,0.7014563230795683,447.100730418547,1479.9554664331606,992.2672044321084,29.7507274,333.8236615,36211,False,3.178597198471345,5.003646544624543,1.5
2.626591423889735,2491.30883173865,0.3991977325880064,2.402771012050054,1867.748194324216,7665.29837334588,326.9648647607425,28.6286367,740.9552504,151899,True,1.0931504989725254,0.3250113315975448,0.6524906252338916
2.1029347897597144,3598.4164653409434,1.092354800516741,2.789024707385188,2722.727421103902,5126.454974078325,586.3955954248287,26.88068549,657.2949973,10874,True,0.7540033726441666,0.701930765574697,0.6686139754048824
2.3838518385957386,864.2475047391717,1.7998695787969732,2.117949360126723,3446.3707204172774,5156.842897172905,121.88362157539888,163.0782274,206.1268229,179500,False,1.1255466055649699,0.1675923664545567,0.6634714921596067
3.820178566244248,4200.353277598209,1.6083173159976094,0.5801246642281597,749.4558581944303,3085.518153272441,789.9647147153063,176.7761041,410.2201594,140743,True,6.585088027999734,1.3613121257387788,1.5
1.691195648944178,3765.114680637451,0.5501702097227391,0.8898506081030666,1580.8850458862694,648.8261960334717,735.9854465689865,37.88260876,542.3658044,169089,True,1.900536711451665,5.802963409696011,1.5
3.404382488752445,6314.741286742805,1.799232851195695,0.68657471791738,241.96404528844403,6008.072896700744,419.8415386246618,83.58173164,15.97511677,150727,True,4.958495326748674,1.0510427210627589,1.5
0.9453984787233868,5608.579439365706,1.5654169039902164,1.9515946771544117,499.0296848743115,1293.6774688293203,942.3160966897292,36.52282969,670.1631428,54505,False,0.48442333101590807,4.335376915936911,1.5
3.890925886174408,4666.212161408052,0.4285914101315693,2.313321914207948,2238.904404422284,5582.545877386366,356.1334035931208,149.7162878,647.6992997,33852,True,1.6819640104185845,0.8358573781675432,1.2078959841228656
0.5360699478076731,3106.05061348472,1.1144858945230056,1.955202084052425,1986.1519331850811,508.7846236018573,860.4602939003489,88.39860116,676.3070335,62839,False,0.2741760956598918,6.104843706539519,1.5
1.2087176107362647,4294.100863661838,1.6225991544735316,2.1079962574571405,346.1763838102191,2411.23416379837,270.24870815783976,146.1123832,891.1215348,22323,False,0.5733961970113427,1.7808726030642137,1.132494928520999
0.1406761817598569,6160.625609044029,1.5300695138043734,2.1407836090303576,1982.3547742671597,4291.315769241804,631.1308512601449,2.840267599,50.88147221,121285,False,0.06571244074086205,1.4356029569683457,0.6770124083322094
3.421117916874626,4257.793859630054,1.93624785722582,2.1407376804080647,2303.5400426140422,3427.69288724898,765.1571970045434,139.7145454,833.9545458,147125,False,1.5981016030515678,1.2421748384246662,1.3479986698529431
0.8651160166714194,5067.745629750842,0.1016100618044294,2.59879477312424,1096.2279187788167,4857.143164924425,936.412583870084,22.05053251,394.3413677,4820,False,0.33289111272925753,1.0433593280313231,0.630340647393997
3.439038794104687,3294.20828644028,0.5866146374732404,1.5845929096646427,3307.820816963102,1926.501531638809,356.35890013978565,72.05341537,959.2558765,76665,True,2.1702966123557244,1.7099432471917457,1.5
0.0894656303089069,1672.640002337048,1.8799789928646664,2.8736141814518934,2274.2779883812987,4427.069020513492,332.7327863538251,85.92527544,133.7230858,5390,False,0.031133476356324234,0.3778210807667097,0.22700264259686245
1.14830760587247,3903.3398286447737,0.9972528486523906,2.4305427396672226,1430.5562221483665,583.5096592818367,168.01661669139978,30.90190989,313.2289147,45306,False,0.47244885460472735,6.68941766406995,1.5
2.451213140529532,3535.9961795759464,1.0293788581458556,2.4430292620302554,3221.880668491478,7785.0801160400515,527.824672819647,171.2475149,774.4454406,81321,False,1.0033494789755393,0.4542016429395925,0.7415425972859198
0.4513890339915245,4430.284599757188,0.1512969499535301,0.7824026825153932,1334.425982897148,3158.4149963859354,949.5457822189474,105.0700174,517.4116761,27989,False,0.5769260090140792,1.4026923641839075,0.9433760600718557
3.0483380801180404,101.6172761656262,1.8692828544009057,2.0478730053367205,560.7734105060676,6028.148019550409,266.4715237523272,32.18890344,554.3415277,76065,False,1.488537904272494,0.016857130219630517,0.6935261335316879
2.7059917693210487,3752.841713816944,0.6959626941993216,2.885282040532428,3770.085990722878,7545.460607999398,523.4051925967814,22.87662239,437.6371616,57738,False,0.9378600751840642,0.497364164798762,0.6572920024909332
1.8959087762529885,1571.8533052237008,1.215028668013954,3.547067143830031,804.9539800803053,2365.163237026038,649.2537517850565,127.5122373,87.90235794,105798,True,0.5345002405862538,0.6645855473956915,0.6033602371263511
0.3893142647864893,7378.870124538348,1.1915942592309248,2.0784074771536987,2968.789444762666,3223.6839718081555,358.7094699912785,130.5284468,461.5254187,143651,True,0.18731364362006467,2.288955799259257,1.179601353549857
3.8717446292798914,6228.714947276902,1.762971775780564,1.780454717438777,3232.354584378573,676.9776839235012,536.7542820140399,192.9285851,141.8854955,54404,False,2.1745806937841046,9.20076848320451,1.5
1.2435673222210477,2942.7584270671605,1.0494102462414738,2.466679158317836,305.3847418634937,4906.646352237287,8.62710028398328,50.19476019,323.1100803,51064,False,0.5041461569420108,0.5997494449799912,0.5218565079479623
0.5560753374162775,6168.702331539043,1.8200843488923448,3.0672198214812143,269.6732193277554,8095.727803374098,150.83533016889317,14.52774511,701.6403114,176916,False,0.18129615367821447,0.7619700761438782,0.43173544350536935
1.5596149490980888,6323.825309535654,1.4973848464383208,2.815334038299583,2390.4271770771634,1143.0934380771148,584.4850663774334,74.59801755,612.5594487,169076,False,0.553971349015736,5.532203311954307,1.5
3.5945559266684586,1757.6483331865702,1.2146722081723775,2.043947093252746,1494.9384714582347,6755.607409082216,903.4755297690956,161.1941152,349.1926494,5418,False,1.758633665176922,0.26017621014557735,0.989081113313836
2.355191019947921,3687.661967276211,0.2357882919975881,1.3665758534450931,1110.0240301339427,4283.798108740176,251.13387251911968,145.2467294,206.5000481,2312,True,1.7234237606253655,0.8608393469550967,1.235559434677703
0.1968385654737785,280.92351800157485,0.4311160141741684,1.865609620123582,336.2660427489891,1137.944980552836,79.76115655327398,86.83895058,712.1761514,15826,False,0.10550892203901559,0.24686915673043133,0.20200017607080895
0.2400802743300336,5188.855196530849,1.4474893062927436,0.8731455473074787,368.49683492328063,2692.7895101939653,925.0216814164612,172.8290566,687.1215656,179180,True,0.2749598851079111,1.9269442245525328,1.0772924050409223
3.810095896923498,4327.62230501984,0.3418269023289185,3.883397723901179,543.3997334220155,3700.807504534129,513.0888954455908,179.4314098,600.6552384,156429,True,0.9811240533900051,1.1693724406223187,1.0574609578801688
0.4839475672753486,7600.527932360898,0.5809269219869861,0.7479316440507069,476.2785801613708,1945.7950610951632,111.27704043929464,123.0220544,18.36127359,191752,True,0.6470469916306245,3.906129725798008,1.5
3.8737048426347416,5283.968390604088,0.9075917578973718,0.5623915709379179,3272.3245877528952,1593.5451687115951,471.60050500214936,126.5234734,902.8482183,198191,False,6.887901872840274,3.3158573042271513,1.5
2.214758594974666,2319.310699655797,0.5318936551532829,2.6458786212259606,776.1322984251234,3353.245124113383,51.82428224268521,53.52698777,852.9796386,55127,True,0.8370594705848575,0.6916615437045851,0.7146944627216046
2.2886010458806587,6963.752386934148,1.565256878765871,1.1162589459679422,1506.7636356771538,5844.409268421108,496.97130229924414,58.4165111,965.690271,129458,True,2.050240227777899,1.1915237393400258,1.4880091480474238
2.375617053113765,1918.0057887642188,0.4019503476992164,2.5444432969439585,3037.0250865766734,3632.5251322245576,698.8030454523454,45.37378378,332.3639535,144366,True,0.9336486776177548,0.5280089520155979,0.6804383456648873
1.4626376050836782,578.173227632742,0.5188309557410767,1.8679486857010792,2950.961022120431,4359.506394596854,421.1475199008519,29.23285545,246.726654,115899,False,0.7830176670602993,0.13262355302809117,0.42665853340492216
2.900116935232674,7286.519694422113,0.4470083740010885,1.314896717821626,1756.8545277956136,1819.0371831761215,747.1520855767699,124.5029898,145.3965606,153267,True,2.2055836708251806,4.005701344539762,1.5
3.1236159206690512,1769.6775124940805,0.9668932363176628,2.2739413731584235,1578.7429571940825,3828.453429150903,117.22852573406072,175.7200133,41.89171158,68019,True,1.3736565875811804,0.46224344759087915,0.9140364016018476
2.949325071125002,785.8470100710801,1.9565219543126715,1.2152492366483372,2588.5222934477574,7751.142487600015,177.2701104818263,148.2869716,672.0819359,132334,True,2.426928201437135,0.10138466828946363,1.2119023186371098
1.6033759316802842,124.8709832506902,0.2783123940390326,3.642289354156058,3296.69564867116,3977.54729845811,55.541985601428536,180.5143792,540.8591982,45965,False,0.4402109046168552,0.03139396564000692,0.3025013436506014
1.202811462,3668.6648023764383,1.721811494974244,3.258819225075377,2422.41389669456,1180.0649921629597,722.8449599570955,182.6340343,747.6188645,155638,True,0.3690941441767255,3.1088667349950088,1.5
1.8093676378828407,3573.606368343275,0.6589232746718375,2.785287611018146,752.1471975141579,7120.374740660003,91.38372183073096,12.23285796,268.1632641,148021,True,0.6496158533536806,0.5018845914716765,0.5242931174724473
1.5871763483413588,2592.011833140677,1.3703873316183934,1.28461600766619,3309.2669890043176,1068.0764652865607,765.7629527993471,152.3356553,161.5836919,137594,True,1.2355249376814956,2.426803618426745,1.5
1.906598877359288,3590.9028452957828,1.6171385316762366,2.9695638162354387,3367.990391456728,3251.4774666677927,97.31353000400212,121.6493979,928.1756084,116185,True,0.6420465608076241,1.104391120960605,0.8467364563228518
0.9190387164764022,7172.691316216202,1.255759826774148,3.123443182833819,2052.1761700308043,7877.943558248922,182.56342548478088,63.71752622,983.7030365,119460,True,0.2942388794803378,0.9104776217640281,0.5739889409168218
0.2407276455947187,4120.900662268407,1.5459891193526114,2.675159797651218,1951.325147465706,2997.429367398339,957.913876541736,107.5217424,242.7013344,83694,True,0.08998623402603566,1.3748115988035408,0.7129329776972722
1.071960551877726,2632.3203423674504,0.8047630963405948,2.924087432842916,651.8885490392636,1660.7040131378492,713.4500415659646,110.75769,781.487728,101455,False,0.366596488614239,1.5850629130525788,0.9336390511783393
0.780245964709974,1885.966572926547,0.6948005316704859,3.962287806060949,776.2892547042509,6432.536561087093,55.82572233260375,93.65561423,207.883613,46906,False,0.19691799434621324,0.29319173777298024,0.26738858125835807
2.3305687928344203,6976.978951952124,0.2361072698631969,1.512264632587552,2845.784833392559,1274.3695068305549,834.5022055969142,81.91004084,611.7489127,115989,True,1.5411107298965172,5.474847686703917,1.5
3.948912251394358,7348.15107879478,1.2793907872636456,0.96073223819024,2284.76012896784,6238.718408122652,562.2871116229277,185.972791,457.5824034,17180,True,4.110310848444293,1.177830220394279,1.5
3.1369568532681584,2605.4072455214364,1.9402972849522229,0.6817704451681765,773.4439676459799,3684.090311644704,687.3135970274978,6.395044571,614.7782781,140634,False,4.601185449317765,0.7072050423354276,1.5
2.023334705022082,1672.139085476464,1.7132470246853315,2.77378311677257,1022.7546960366604,6714.361556037335,818.4376894005808,48.73854497,57.4594251,40133,False,0.729449236076933,0.24903917837488093,0.46469498880471816
1.4038257031750314,1175.5184086355684,1.9476811512768015,3.502762334177946,3764.1760586376654,1246.598207637294,305.4115980391836,182.9324618,408.2120495,128244,False,0.40077663525745777,0.9429809865686989,0.6961794173548539
2.564903866059945,6597.932165769822,1.9539545578671824,1.93618960752458,4053.640361487493,1080.3188086227617,574.153338858702,134.1127776,248.4568204,82778,False,1.3247166142073041,6.1073935832643365,1.5
3.3812217414510486,3097.7909095994846,1.128758111146265,2.8058100057585125,2083.4945927388417,961.9616459812008,566.081258599887,171.4593508,878.6737858,61312,False,1.2050782231987793,3.220285257027532,1.5
0.3980480631802354,7584.403915417454,1.0988206554880788,1.0979305699770665,1755.853378409517,3678.590371416537,977.2696252969848,116.6374583,461.8458371,68408,True,0.362543599314254,2.061769087498349,1.1492736290109387
2.1781898928328487,2834.47982109068,0.9206666645843964,1.903929741993355,1750.9988301190183,5436.872762754932,907.5867932708794,117.6647035,718.3944105,91022,True,1.1440489114390544,0.5213437842406062,0.808273380581773
0.2770653499089741,2154.2670806033093,0.1976101090014698,3.2004989755032724,1142.7328070773196,7657.026620888625,103.84967433641424,144.36588,233.7533005,87159,True,0.08656939604113138,0.2813451208913198,0.23776203701680904
3.6775610158520338,2276.591561915561,0.269493740753482,2.055725375083719,686.4051591842814,1564.4502041261285,17.81089701830596,117.698461,693.7404878,169974,False,1.7889350744465033,1.4552023160954608,1.5
1.970776543952852,7055.334785478065,0.1141430598113076,1.871521974646844,2708.086437717243,7669.517265259518,328.5055773944976,92.39872929,992.5988635,40089,True,1.0530335831569138,0.9199190171350908,0.9340392765461512
2.5546042995658977,5989.15892190619,0.1970833831809425,0.5575406661895943,3723.514523958877,5576.105941985622,782.8296300523173,176.0074868,771.7308377,10914,True,4.581907424112038,1.0740755256704118,1.5
0.0119443899412901,7482.221460254672,1.6336404957474089,2.3188557527648768,1316.8593996851712,3689.1694525629687,616.7880497735964,123.0574678,387.9452278,44785,False,0.0051509822359868795,2.0281587914126322,0.9765331039330457
3.667998902461391,3797.3020432366793,0.8619254547530454,1.3287826539120609,2524.5319981542048,7726.958877828381,862.9042878667003,188.0046638,246.7072803,183572,False,2.7604184410776473,0.4914355185247801,1.5
2.311101513222404,3374.0426100829363,1.0515147266046074,1.6244915333465806,1411.9231908083632,5457.480288051407,760.5518288396044,60.36969099,900.7448038,109098,False,1.4226605944819923,0.6182418316474388,0.948598282182889
1.1084146394172651,7423.683603697272,0.7765952062802574,3.957040946613723,561.8171308573133,5064.934904943851,854.758352237779,8.309574841,72.29827968,10104,False,0.2801119256180243,1.4657016805853436,0.7897719212034848
3.7929783326411375,5934.668425685308,0.2373337105011764,3.609742469594257,1349.9086514487287,2205.170316235264,174.14358714862766,129.852712,385.6371598,144352,True,1.0507611869348368,2.691251727497361,1.5
0.3495281184128389,2082.6015639554626,1.691668600165178,1.0286948000660416,1816.2418320938916,5099.535826554825,680.8298428458021,184.9509337,406.6125474,197755,True,0.33977791917727224,0.40839041716352614,0.4291737204155379
3.322599016422395,6129.946725742678,1.805951042377488,2.2508494322734265,4015.8153810236136,1227.5330583119269,811.6981131911692,4.007792023,772.0768264,107163,True,1.4761527326657906,4.9937121279476715,1.5
2.1164389594398414,3297.820151404004,1.5514452465000608,2.890525142105695,194.10948113322027,1555.273206636132,810.7612056550137,74.87935166,875.2335214,149775,True,0.7321985186745464,2.1204121148697586,1.3211235711847513
2.902131537610486,2353.251474686528,0.33279822155015,3.091744912957772,3245.1137677475763,1936.6543353492675,615.8523098907926,132.6525289,833.6505689,72695,True,0.9386707767437823,1.2151117680208106,1.0355445488764787
3.737149480816503,7272.60619719974,1.1614028375789798,2.1023121409306045,1392.292487086458,1066.386293886626,513.8899670716918,78.69356004,583.1822135,71202,True,1.7776369314621827,6.819860900381259,1.5
1.5249440465031134,7799.117556181473,0.9022663845115976,3.4324969947509816,3426.064893654554,2375.210786323101,23.283948753306973,139.3358956,921.97508,80541,False,0.4442665513090107,3.2835475477825695,1.5
2.2157541152369067,3522.4725151543826,0.7182506966108223,3.704459360434268,1104.507891593639,3672.651205588265,743.709693711116,58.58748369,183.0386651,21743,True,0.598131414470624,0.9591089153349273,0.7300590183533807
0.8168869706312245,2969.4393435117754,0.2595292982254287,3.2308696288955425,966.801562601984,2405.450266251216,959.2401351081892,94.2383831,797.9500638,171384,True,0.2528380317445497,1.2344629959467206,0.7164161196038613
2.5583427297880093,1598.0206237568218,0.6964453153055957,3.3059595553405425,1087.9573503132783,6666.459381919083,375.4459376247168,188.7215532,790.6874781,43021,True,0.7738576086926354,0.239710546778594,0.5504894075298508
3.7358273394658106,3107.8060598490665,1.4151532697425298,2.5135357189677467,2022.69323697092,3618.705095208974,501.10213606918376,56.97178135,630.6931068,152049,True,1.4862831767184332,0.8588171672526907,1.0837879769820935
3.889997913882188,732.9357774367018,0.983117192270778,2.6976665639005875,1187.5250614143863,3736.107574731091,420.5947885403339,8.169199558,391.3465029,20933,False,1.4419856493576237,0.19617630450410117,0.7412584729293675
1.958174097072208,5073.748044153731,1.0794208438191435,2.206026714084776,1447.727116959461,7125.919961606101,863.2391546243789,198.4960443,380.0815461,129236,True,0.8876470973460113,0.7120130552656604,0.8191192410147977
3.052546926091463,5432.452449243343,0.6019825484372856,2.577333146348174,1857.467775105315,8020.320083884849,540.3112377609712,155.0334609,828.3981784,154367,True,1.1843815170092005,0.6773361152357723,0.9153085272377195
2.8361960991728328,4655.187987872518,0.9511191731808604,2.9534634277040186,3055.169498007487,3040.065218968826,834.646255524221,21.78149263,982.8072145,189005,True,0.960294653481793,1.5312789861528873,1.1321015342143768
1.5099220368407678,6017.674716767152,0.8430264688582504,1.95815323474458,1098.0309318346317,976.4692993436064,110.67718735582332,139.5234626,786.565302,18244,False,0.771094538953782,6.162687054933128,1.5
0.5602304750452225,5135.528498893462,0.9495185642996744,3.433214067793772,2329.054640771579,6162.591585369418,12.24715597605286,113.2753663,269.2082465,160602,True,0.16317954569773974,0.833339095560439,0.5050848534596737
0.3449444222615976,200.32843666994177,1.8232362294389772,0.8917350212591864,1414.115406454506,5941.460050951765,727.8276966445169,10.84275324,593.9819394,180140,False,0.38682347021769375,0.033717038390948036,0.19466592468665592
1.079922174768818,6830.516076826519,1.429166113322024,2.643965751633951,3667.4010477959873,5102.9829445356345,600.4918191035699,111.6603327,178.8609624,36221,False,0.4084477136868057,1.338533980953674,0.8419855141872767
2.87959844061656,7015.60814925346,0.7420601077462733,2.493699758969661,1229.1984472536049,7844.959818478904,392.1017882042117,25.10884174,593.8257105,16001,False,1.15474899314156,0.8942822284231237,0.9346215254626292
2.4651713925747023,1671.0904626372248,0.6421813663023617,2.211498535559105,1567.711326915652,5295.988298776045,458.39208958275344,33.48056108,727.5379002,180033,True,1.1147058151886362,0.31553892645644466,0.6603544877211402
0.4337276307693134,818.8480054347838,0.1855194274275281,2.267096067174148,504.65934336860175,2722.292103769531,504.8873319863166,108.2289156,110.6166553,110938,False,0.19131409812546699,0.3007935864046843,0.2755760836013578
3.5519577812490244,6979.869329182798,1.3645368523441577,3.078661203138973,3608.9237459668207,1969.473175433349,121.79803316271708,95.56057753,412.7304593,122296,False,1.1537341698701091,3.5440286329885997,1.5
3.967905348495981,5813.069160118424,1.1953323917778549,3.0185045452727386,481.58118766308974,4751.068334325502,528.7419961134183,59.99263973,703.8504484,63527,False,1.3145264399828884,1.223528846532611,1.1721284978523585
0.673393519527417,5261.61043973338,0.8846416890297104,3.818874357432087,1550.1811251045112,2845.4979234681878,492.5420634562153,183.111911,651.7781843,155424,True,0.17633294006752412,1.849100079985739,1.003023092989891
2.558357517048276,5330.691949563433,1.025950289595104,2.756418774335033,297.7179785832208,5920.9593430061295,823.4717408623618,3.314287545,248.8472915,171137,True,0.9281451036119714,0.9003088249473908,0.8244618148598175
1.3748005150185303,7089.261152542716,1.1247029700401896,2.9411302576650784,2545.264676958692,3741.925397945951,573.1686460972065,171.9043906,37.77563637,102311,False,0.4674393607682659,1.8945490347134297,1.1488678881602126
1.6977021013303497,4864.170449656289,0.1773016382982908,3.7063493635462064,232.354554148159,1250.4428611592543,437.70283421329816,151.3041519,3.154164992,163332,False,0.4580522440695547,3.889958187499171,1.5
2.512899357812256,4915.559742423538,1.4646133389211071,1.9571889291634024,2321.7289479774613,3949.667100652484,654.0965563550074,19.60457417,237.3830096,179903,True,1.2839322951586976,1.2445503927070054,1.1476218818317065
1.5386091122214496,1012.9936006190374,1.6692530109924804,1.0818104023523163,1965.107401312204,6608.198310946723,778.1031029938391,104.2816509,362.2957906,27429,True,1.4222526300572,0.1532934625747661,0.7611492546498677
2.3556772036902403,5107.426038536682,1.993738711738961,3.1356315231772234,3792.825792839544,6801.053738188641,834.2279071882624,41.58336738,209.5637557,80461,True,0.7512606105078019,0.7509756920618,0.696803079121974
0.0567880209949986,7704.122643918217,0.6713317084419991,1.7430612299334516,3381.761620965451,870.0760827071354,440.3533666826052,178.7730363,135.7897516,133112,True,0.03257945701523617,8.854539031912292,1.5
0.9257060542977588,8100.348070432013,1.095784348953987,2.996061440395415,3046.3128041523714,7176.947204582628,8.624589712832087,144.5972223,848.0635338,123442,True,0.3089742195678625,1.1286620673663466,0.7192525328140572
3.6468648316457246,2754.6327094128847,1.4105420328647864,3.292336612810981,2164.9754518753352,6077.076971915746,706.2883907340711,54.59717005,445.6303408,11981,False,1.1076825224288132,0.4532825109324274,0.7297394926485483
2.265795797161013,7388.675946941587,0.3535853185874146,1.8064436906426404,3294.3792871677047,5565.810764046981,900.4557786679472,148.1133257,269.5115827,126637,True,1.2542846226611892,1.3275111675269504,1.2358827887680277
2.2120337038843982,1510.24597342159,1.9452052253969951,2.891555444021579,3065.948011711381,2503.5265652809826,345.8942637159845,187.6255144,499.2980774,184323,True,0.7649975875303683,0.6032474325467525,0.7095458438520118
0.7670540443965095,4781.9362513253245,1.1030322901698988,0.8064896002475602,2926.8382142548617,8037.115961445362,859.7424451140256,17.56959755,402.3456603,184062,True,0.9511010347312847,0.5949816169966495,0.7045241296725546
2.91936643069167,2788.519311031325,1.5875883433394098,3.5551683156319296,3293.014169732888,659.025800632237,313.3117809901046,150.284465,873.526951,107428,True,0.8211610113350548,4.231274866818388,1.5
2.1364772092737687,2624.5810375463343,1.9103392745384933,0.6316111879593398,974.0869979967788,5856.589174649386,33.50860515724141,50.34851433,479.5556124,143721,False,3.3825775531287006,0.44814156479659806,1.5
1.2383724776811222,7437.501717912661,0.9715000027913796,2.0508513349001563,3365.065427067969,7331.473755958326,81.22685400407647,19.78216626,651.8038405,6375,True,0.6038330778902281,1.014462025572103,0.7381262865020815
2.487431789934121,4756.928950730679,0.6922617331609684,1.0073527596641834,3138.185141227674,1011.8882666328116,899.4182498350063,100.3684802,599.3127903,92712,True,2.4692733471936856,4.701041708744119,1.5
2.044692518936417,3450.7411046945854,1.7361872995602108,3.992058286257864,2491.307864401564,3272.329618929983,699.950640209614,37.3801594,298.4580873,148732,False,0.5121899181144429,1.0545212449497736,0.7237146509676875
2.339230672588227,7052.143643167667,1.64106978522714,0.7166308883122658,573.4487977149204,2324.384748568196,891.581555845149,38.6151281,908.9576364,76772,False,3.2642012039086494,3.0339829257947737,1.5
0.3195615017594329,3269.5544420454244,1.5899034550817297,2.4753553424992414,816.9905116006488,4859.133206720079,162.8503489287577,138.7879945,743.2154056,69055,False,0.12909717129324008,0.6728678351214639,0.4302951358956536
2.063634733609099,3213.3828240779067,1.7521534455051957,3.8153666330243055,1306.9089536938316,1660.3178521594589,495.0005570886109,68.73916666,324.893489,96962,False,0.5408744142365463,1.9354021990205568,1.1487024225046958
0.8475490237295151,4749.706805872971,0.4571868397451344,1.7075802401337992,412.3081789698596,2403.895734775979,494.5636903735305,167.4536779,9.359204572,87712,False,0.4963447734194507,1.9758372774598576,1.1962291352394037
0.0435672192644065,7605.6686211533215,0.9310129342147404,1.3930016669452008,2517.764760291569,7085.162196222744,335.4399018144484,18.07915621,578.7643642,142729,False,0.03127576156041946,1.0734642919162256,0.5061748017853609
1.6394753256848205,1468.2060278671588,0.5969216454455052,1.822126201722344,802.2672980320159,6080.263272330684,332.3909261606509,131.9698894,122.8526004,31964,True,0.8997589872623195,0.24147079852726439,0.5795544045338111
0.1458737116922557,5717.458915149427,1.5194632714418637,1.1770463168350704,344.07803221358904,5615.298646044063,728.8952754092162,39.87590036,364.9524286,180807,True,0.12393190112738325,1.0181932029846963,0.533899098565666
2.8228724382554864,1729.8662370293268,1.2356422287279794,2.462629360503109,1263.24268197493,7152.217418093669,952.8281493561964,150.6206776,345.894885,77901,False,1.1462834550934313,0.24186432481921613,0.6999951651531511
1.4081655034829206,1327.8232578286145,0.4139706575251385,1.8280922727719195,1152.5637486032974,3134.133269287969,356.49428115442373,137.9170264,166.4066784,116230,False,0.7702919344742916,0.42366521883946945,0.6062560119831568
2.631525890794888,3455.478846749278,0.73588637135154,0.9470861740692936,3689.348300347703,4501.326353978259,776.0407408432454,68.58983614,73.77875935,79309,False,2.7785466458047,0.7676579244088084,1.5
0.5869914105558758,6228.162887243242,1.259093162117357,0.5260294310258209,2958.4023578157844,5438.043629252813,585.8146059157361,53.46542358,291.0508586,190971,True,1.1158886937608796,1.145294762365431,1.0442717719629357
0.365963088132208,2604.579749936668,1.514886444783336,0.732898669224126,2594.831959840206,8089.500981908601,211.03673177191072,184.3092351,303.1223109,133659,True,0.4993358620554839,0.32197038549591533,0.46176485308750403
1.4298340527946047,887.3608535254252,0.2323243689452935,2.0455896040482964,486.37213795407865,3133.7337514246574,144.50478798019006,78.3921038,965.9867031,136340,True,0.6989834867079034,0.2831640859210995,0.4811719972248331
3.066839775848832,796.1505993535602,0.3465842505258498,0.7129201280524207,3496.792228564463,3576.72184192431,175.938843041067,19.70199461,124.623728,69959,False,4.301793922459441,0.2225922602643966,1.5
2.086963604216238,7003.819758714893,1.2823677264210678,1.8087770538918488,3425.9336688688168,5508.826557555832,277.3562995097273,53.14381341,135.9419532,78662,True,1.1537975041912039,1.2713814247495536,1.1179088905154628
0.5424184409997199,1622.8948559993078,0.9839477258210794,3.307240248280433,2483.0588365395643,2351.4376278096997,659.8860191427971,142.569426,988.1958654,189846,False,0.1640093359629404,0.69017133863798,0.455683362400521
3.615833821840141,7523.2766523839955,1.0800645216844047,1.1670961026530209,1475.4525781239308,2915.7986309131843,832.5315637535459,9.047724666,651.5655595,46433,True,3.0981430881978054,2.58017702938822,1.5
3.8523374440698697,7670.478153617342,1.6517809601299012,1.7217744487577995,3185.0409791209536,7622.148197120563,472.79547112192057,129.6594005,486.7593666,47636,True,2.237421521400596,1.0063407262940252,1.5
0.8147176569146959,5398.16645812748,0.2327127586933172,2.6263476638121923,2830.0290371353653,1697.8260552734014,420.8177126073504,10.14517937,68.34374603,33105,True,0.31020925292231327,3.1794578945124936,1.5
3.5775914111603897,5773.117231492898,0.9864859384244294,1.5683399570295802,1726.2190837834803,7771.469057267092,931.2848404964648,71.29888915,696.5897593,47609,False,2.2811311501653995,0.7428604795578002,1.3964543525902466
0.3666799067742055,1525.0789460779124,1.9993704980510127,3.2691816406213103,2778.706407822825,4950.762478373679,670.4365148081722,172.7157528,286.4828975,78988,True,0.11216256388309884,0.30804930602747277,0.2754742314682768
2.519182266408301,4805.408856200304,0.4162236691200215,3.653477449950951,1804.8577934574355,2043.0624159582044,526.2043103427225,61.42981386,525.4550557,175722,True,0.6895298004131164,2.3520616973390345,1.399438554828861
1.840155891874894,3260.3871590608696,1.027260118150067,2.420025538969627,3864.7791917240816,6086.604335000938,926.1725442482712,133.3269767,657.0926104,133528,False,0.7603866578497837,0.5356660264207401,0.6499034176114112
2.1544220805941685,7831.6377306165905,0.6280339220141147,0.8455147831341192,2233.8747375664884,4974.536012771253,68.35531898118852,31.43411884,133.0335088,81961,True,2.5480566106149496,1.5743453678766988,1.5
3.095903916805136,7676.6781216887775,1.2501597803507796,2.840297160155038,1440.3831689802091,6951.155393672681,75.74538451145563,114.2013552,240.3786057,77632,False,1.089992579031261,1.1043744076807909,1.0445797160251413
3.2111061421041707,7428.394600511042,1.9207491358292124,2.6695929633929207,2492.5466100554286,1697.8255756200017,436.9223335991089,165.8092746,588.1772025,106868,True,1.20284439736409,4.3752401323222765,1.5
3.3959660068210424,753.1616435964115,0.1916839882083197,1.4439644864345724,476.4103186442291,4955.635004237038,210.4167832839753,141.3361155,494.3090361,63014,False,2.3518332250491207,0.15198085468370492,1.1974015894081105
2.986388083706078,4837.876131403913,0.472144442833744,2.070463358896632,567.6709024579975,7247.990200982563,803.0526055789321,6.72830069,18.15854746,76274,True,1.4423759920685373,0.6674782935110198,0.9527993974602095
2.452132138725079,2333.120846038085,0.827211846056596,1.7493291553933574,3234.3037203843905,2968.10665446466,613.584411080997,112.6238711,345.3927985,191497,False,1.40175491239599,0.7860636819578279,1.0408440054879955
0.5112819935845887,5302.045034563051,1.7345678333895704,2.0005123179044597,1842.2463359688652,1690.4390327828592,277.15968046318983,102.2084154,548.8971964,183903,False,0.25557540107763804,3.1364899464597373,1.5
1.3948006362080774,6190.9233211794,0.1221564639188179,3.437747257267373,2323.665083013381,1940.5642359784508,576.2426754437554,17.00724376,233.1938665,133868,True,0.4057308830742564,3.190269718058371,1.5
0.3464909462378887,7419.678139160909,1.225292763955458,3.1622710082082626,1597.3875888178063,1322.292024501431,808.4827740791715,87.12441019,742.0407773,56373,False,0.10957025370951874,5.611225051703134,1.5
3.1139517561694503,6484.998209282941,1.545797526045675,1.8581799015470484,2234.72628131813,326.28025269806864,184.4241363999336,178.1889404,321.0681396,67128,False,1.6758065662912027,19.875546055214215,1.5
2.675203682996679,5169.921909587841,0.8877452221452116,2.9887016136311915,1981.424660225404,7375.37878103547,394.5439431757002,71.4235187,93.12628017,33594,False,0.8951053446386156,0.7009703585909979,0.7539545156062926
1.5910605728263092,7592.649999791119,0.4536278913807843,0.5460058585978285,3120.2812003635418,6778.422852048083,700.452869464232,195.0367151,360.951278,175216,True,2.9139937489287737,1.1201204416418045,1.5
0.4416860726184715,3939.628198664471,1.3912507412919088,2.6576560743703714,2626.29398901012,6969.596484357041,65.00233164902902,35.25710203,165.4418459,149749,True,0.16619377905372226,0.565259151938213,0.3467866595465858
3.974778720751636,5698.257970048229,1.7057582130127755,2.192913238158164,3948.2937757975537,4586.578327435708,716.0238456159535,142.8328571,489.9000396,172397,False,1.8125554805508788,1.2423766830101577,1.4461532800331414
0.1537243419877634,3209.628248932344,1.5146062367439452,1.330242135824068,2086.2418535519323,615.9184939355338,24.709946600023347,96.69326972,52.45529819,8179,False,0.11556108642690589,5.21112497079388,1.5
1.2233686684749916,3275.144751256408,0.492867752791418,1.1442525975314417,3281.1024217341146,4397.593318332216,455.3835214697989,72.20844831,623.6147872,58089,False,1.069141203588286,0.7447584425004871,0.8523678501970411
1.1651993882070362,4336.677281573213,0.5988401128159738,0.5432808949960877,4075.246848502928,3017.2731252659687,661.0877286025303,74.05469759,445.2474077,115602,True,2.1447417978385364,1.4372836332984131,1.5
0.7625186104224988,5856.509036865971,1.5566972089987623,0.9604426253127518,3839.55394876064,2622.0854778119547,867.7876914102476,64.66530272,436.4490218,27448,False,0.7939233395132357,2.2335309371834464,1.3946949434323959
1.5949407617697204,6259.89996197946,1.6947689853967085,1.6089057858656564,1237.0857882733694,8191.858881714572,887.6300610276159,21.89580265,407.5249649,13646,True,0.9913195567209808,0.7641611081934422,0.8009168645078865
1.7189623799303968,3276.817157552503,1.4973335085201107,1.1419660743280666,2052.7407671783285,6921.1128692043285,88.94285728966223,164.3488032,421.3128581,79166,False,1.505264397348614,0.4734523506558221,0.9726169338384979
0.1609223500738394,4880.199085544042,1.4693365153010196,2.377802540169494,755.4810205804594,7346.297798886694,739.9891538494248,153.2059511,406.3300017,124820,True,0.06767689060735799,0.6643072767373127,0.40601449078705415
3.522590187369556,8020.953407582431,0.5407997026507045,2.1412763757535003,2214.685080230128,4521.831431926951,226.93947739519612,26.89248266,535.9286103,124841,True,1.6450882203572441,1.7738284866560188,1.5
3.1311448350171998,5351.863106053674,1.878478017873551,2.070610136558333,2562.087902576845,6107.700379395619,69.43332686114168,199.7968138,93.06597289,185468,False,1.5121839053863262,0.8762484687742677,1.174717283721037
3.0250749045776284,1605.944510740219,0.532121477505773,0.623803340031458,1799.4702812791609,2308.229212579356,607.2304336560973,129.3307942,366.4084451,71277,True,4.849397015136311,0.6957474159379048,1.5
2.223289662051372,4576.335040788761,1.296382093661343,2.017447390416025,1969.971563021065,7295.716584025008,598.1273695000673,143.8001057,679.9072274,23671,False,1.1020305018027745,0.627263269818077,0.8500997456411792
3.4898398454612223,1755.1751569304088,0.347770319730511,2.2076961623541416,492.53819666006007,1805.3238424164624,287.4755411399824,116.6008286,575.119636,48177,True,1.580760217012685,0.9722217780101157,1.2071564983989442
3.681699793868485,2915.158428615404,1.848220724958208,2.3600429616745497,1156.382676806084,2221.1733832087684,997.7486949943082,136.8497325,621.8729933,119317,True,1.5600132258791335,1.3124407348568372,1.3610457985199338
2.217631185725997,6838.859531223175,1.2628436787063864,0.8854940546438612,1966.6537834626924,4492.64007220983,770.8012276285093,76.57962161,251.7351228,113031,True,2.5043970308991845,1.5222362396676605,1.5
1.15510391065389,1699.250576652359,1.110074378302808,1.7345589289118912,1052.8938267295375,3611.69067552878,703.5747260893877,146.2939477,470.487985,50109,True,0.6659348526392511,0.4704861874510029,0.5845542408678119
0.2931914073906148,5185.967118749528,0.9833944023425544,2.1881924488925675,638.2751650808251,1657.8412963911371,575.6685841501283,162.2600457,713.719062,100821,True,0.133987882807618,3.1281444894094674,1.5
1.7404109882592325,6701.538159445347,1.89690459014867,0.567332093263776,4058.3386344487976,1610.4987760764873,748.0981975730434,24.86255197,718.3800906,60568,True,3.0677057427532177,4.1611569377348685,1.5
1.9759304580219783,4650.628826423302,1.967285446057811,2.760452233480964,699.7848991730136,2531.382362578878,613.570772629166,0.621487565,886.1365834,133841,True,0.7157992876156452,1.8371893923793579,1.149155725394063
1.523481522266696,2346.9273807663503,1.5424008362510937,3.855873807864234,3871.346889792872,7825.028516371861,362.8922427364485,92.044471,94.36036891,24403,False,0.39510658363686635,0.2999257287760782,0.3587979747544388
3.96191781408532,7825.141140966883,0.3300387336616416,2.957701272100414,2506.53604680062,3326.194350758619,705.6194288791681,60.8829857,979.1286345,135249,False,1.3395255673491984,2.3525808516960502,1.5
1.4696727350926588,151.20811053028592,0.397917667067498,1.035483927551735,1067.2824312460143,2977.4616388972063,512.639954682757,103.9558009,704.2673391,161864,False,1.4193086697722417,0.05078423463266053,0.7135323553028723
0.47724095318177,3252.5755409187686,0.3052529337612317,1.0215467619469325,3685.136558565995,4240.788672165065,749.7586330319107,42.58558187,708.4542632,59704,False,0.46717439062488186,0.7669742096559707,0.5766648422723125
2.788132626691623,1930.7696305097816,0.3218779296110007,1.2018798442319545,2122.348886959038,3840.085763918843,492.1961668848753,167.1787809,694.5547773,99238,True,2.31980785788573,0.5027933615827944,1.3537802791589741
2.2424911377628067,4790.754346501719,1.4904796746321884,1.7572384036003244,358.15953381035035,1835.0355634067928,345.97031243456166,173.3026993,916.348333,94314,False,1.2761443507175365,2.610714712796541,1.5
1.6926732630349246,4161.002799970935,1.678263866390041,3.0177329924887037,3827.480590218111,5765.08805006343,826.7686891607466,189.9902174,441.1176703,121321,True,0.5609087040965426,0.7217587594700127,0.672218582625853
0.3440318161103604,25.57604831930803,1.729788320179015,3.650281368127572,2960.030994969852,6110.028940327053,915.1316027633036,55.63031647,929.8944675,115674,True,0.09424800095309693,0.004185912794343181,0.07211718773097338
3.545301391996767,2417.0621622586395,1.0744424003092254,3.39998421197925,1744.1329772736865,6987.996569501825,389.41615157884326,68.98373142,504.234977,163471,True,1.0427402388414868,0.3458877144361655,0.6593828376491219
0.1884103649599739,7680.958125897114,1.079549668562065,2.992921640950582,2590.6632313192904,3280.1654968649536,198.05265525997507,73.73065787,520.3455428,8659,True,0.06295196620923449,2.3416373749728843,1.1189395029699636
1.9522751974238388,7196.403270888432,1.1364504240312152,2.501931270737622,2359.571830729586,2486.5610752596963,938.073992487365,10.1400954,894.3193363,53782,True,0.780306973237236,2.894118845338525,1.5
0.9827820517543976,6884.745173646926,0.2487959405278778,3.0236076242325662,3686.8392411899895,5713.68635035199,696.0788958359709,3.586422246,633.7715827,138667,True,0.3250361319510528,1.2049567915147872,0.6902904630277318
3.3876558592031265,5020.932678670886,0.5872936388909764,0.835266378637342,2685.3816000283464,3863.8025776958048,419.9735626801603,22.55684757,240.2284332,172931,True,4.05577416985895,1.2994796127408925,1.5
3.008018107504828,6883.456936337254,0.5607221781315207,0.7983135045498329,466.5381158361273,6356.79278129595,787.2046170140497,105.1407766,112.1439642,70793,False,3.7679612362812325,1.0828506091166124,1.5
1.5784120331790312,7762.490601693366,0.455360732314729,3.563393763284917,991.32434558715,421.8060015390337,602.530181764074,79.19367028,869.1231876,53797,False,0.44295177437033983,18.402987522623103,1.5
1.1340776061371654,6409.38820895012,1.215694865042175,3.9445169505843154,884.0541418594976,7297.222421097498,535.5959138599777,26.44975516,991.0980442,4714,False,0.28750727474042054,0.8783325816602722,0.5378560309922015
0.8813339539720024,6098.145560413587,1.3112565940644696,0.6742128158026026,3292.168960619015,4549.427535414467,753.946927828835,103.1122546,681.8363632,194527,True,1.3072024531607058,1.340420418086208,1.2429989646010018
1.7365465703379548,7076.684633343499,1.285993840263595,1.3575360940676346,3831.0477097444223,1851.6410807244988,304.80188009349354,117.5783041,657.1287882,6774,False,1.2791890386837839,3.8218446885790263,1.5
2.385165982094627,4384.711532532251,1.4557456415513752,2.7994576503729376,3934.440555680092,3105.260884002376,329.4279404051261,165.7267033,20.75532804,186968,False,0.8520097204425151,1.4120267812953489,1.1016999407119248
1.3710371145099345,6428.445730018636,0.2250331258368521,1.6946251169469226,3604.311487765776,6386.119281480068,441.690323715836,125.0303361,372.3979366,103273,True,0.8090499141958384,1.006627882390905,0.8795853884358962
3.341098048605399,2617.2231602882066,0.5830902491405577,3.679916979498621,3485.658060553153,1059.3930819685909,27.881778564017857,18.15943661,600.8489002,50589,True,0.9079273144725402,2.4704929665524373,1.5
3.989199083742161,695.7399676623745,1.8482248539788872,2.439682355253165,2151.681705267295,6373.26379794551,112.00721425685543,103.881474,780.4590693,44491,True,1.6351298520574622,0.10916541188480042,0.8368862446016393
1.1515848122175685,2111.2402579417403,1.284019391128702,3.767850160119389,230.6922153500809,4770.558515800104,335.8117515910297,45.79992408,721.4349004,95394,True,0.30563436910843345,0.4425562018591219,0.3595912912619994
1.350576323578081,8174.567408169429,0.383792650206882,3.817104481717109,2491.912992074705,8080.203603008479,668.6799935661038,1.865975568,802.3916067,76437,False,0.35382211208125425,1.011678394355575,0.6154084427060729
1.6476375746932377,4790.576582772158,1.3786247013862385,3.2897630190985825,3959.102458546005,2533.5371393424034,490.4177310860021,56.19594109,85.2161901,175649,True,0.5008376178740934,1.890864951805964,1.1043709640278503
1.0780433075670897,3738.530678870181,1.4754743613234744,2.145202597248456,686.897391327029,6171.91562955409,5.670407166024183,17.58655359,838.884003,23878,True,0.5025365932398403,0.6057326286773221,0.5075165663406782
1.8534732712055917,6316.105081203886,1.7449952306769432,2.0310007303997266,828.9096077695174,3249.3239059462844,446.0739349698552,179.3208691,416.6710175,132202,False,0.9125906903293504,1.943821318552315,1.3750676557723445
0.9197436658066188,793.4916859503683,0.7559455770373376,2.9641814964641924,3230.4613225132885,821.3335837714039,129.8321230687588,143.4303874,317.6871366,94999,True,0.3102857758939369,0.96610159460509,0.6461069610042676
3.2012271204393232,7981.984864641146,1.177571448228658,1.8729371600435176,1165.5872045887977,4268.461856124221,691.9820050720064,126.7455438,695.17901,31087,True,1.7092006499376056,1.8699909081579154,1.5
1.3351515231171325,4204.662068160022,1.8336607793242112,2.9718985237265785,1816.5353179698168,3642.814806261402,549.604060037201,60.7119089,967.8431162,111188,True,0.44925863490934403,1.1542343738634921,0.7519351949636535
2.018241738023743,4447.896330751856,1.844374409434195,3.081151687049226,173.63653668649056,4400.146242990559,716.1611273996842,66.88154222,114.3219831,61571,False,0.6550281479093407,1.0108519317571572,0.7830949441594708
2.0546620983179675,4966.369288992057,1.6675559676719105,2.01725502497046,2376.0616413074385,5012.578643146471,945.6015410019876,186.2089809,35.74506467,96331,True,1.0185430470324437,0.9907813206664844,0.9973231111880758
2.426072051339599,950.69616068705,0.4337852763409137,3.892634691142965,2307.6120264986225,1395.5505160123057,187.0875144872175,124.8587425,592.2006647,102769,True,0.62324662358199,0.6812337848739207,0.6494607460999408
1.9906826821962231,2956.9545932805386,1.6922403159483386,2.2311212974668697,3300.251822911395,2376.2755718447447,369.1094760141149,84.08351839,873.1423213,92565,True,0.8922337804863353,1.2443651851963606,1.003521523844777
1.1617445887703126,7595.956998875174,0.7164340179760665,2.8118594253216807,2897.8547395991764,3858.250224534211,714.3591851965389,36.48176181,53.88840471,26537,False,0.4131586967505357,1.9687569636112552,1.0901073666522916
2.5724796633670004,2034.1243305974003,1.37812149740047,1.533095017254829,1016.6947472457472,6782.140978214216,491.6167364125282,142.1870713,103.5241444,95948,False,1.6779638290192014,0.29992362836920494,0.961160190785381
2.10311580852951,1658.3645131769615,0.8860737261574757,1.006321949837366,505.50997710890806,1270.6841800430989,2.5049473477475326,160.4873798,821.1410401,151668,False,2.089901466392473,1.3050957412687845,1.5
3.553023400968378,779.1483365856466,0.656703557188141,3.579058381105224,3581.1983748777443,3963.926835428313,179.06645021350164,81.91784501,361.183293,98825,False,0.9927254685199421,0.1965597168508025,0.576147222525911
1.7752843398496654,1158.5967115319936,1.606190548545921,0.9638726151934932,176.81948314757943,3992.560014863383,671.680869460803,101.9549633,146.5524118,93419,False,1.8418227367841011,0.29018892813849145,1.0103951353022298
2.928317884285897,8185.629372761359,0.4780497636875088,3.740150409043129,1826.310255408517,439.07705611532606,691.04134651554,84.01583972,78.19219239,44902,True,0.7829409999834928,18.642808227193154,1.5
2.360760061700246,2284.0881597260377,0.8223464546097272,2.050229597132093,2190.1165299383338,4695.591879526328,977.009401250806,24.47098393,773.3314158,155600,False,1.1514607503187828,0.4864324280818917,0.7492903995283137
2.628552512362817,2954.162500246396,0.3866838841898395,1.0770291055402277,3903.995681003897,2511.251409256859,180.6251156664636,97.80189948,870.9799838,165456,True,2.44055620993469,1.176370668496403,1.5
3.627996681560775,2076.268775195876,1.60063849130121,0.9157204425318798,1366.6494093438,5603.100942122873,277.82992035820274,33.08965657,526.6353481,107327,False,3.9618998890423716,0.37055708906052176,1.5
2.3541511321679494,7555.320094874864,1.6829851271358398,1.580917332002307,3464.916001146369,1563.18604378208,434.2700288984913,120.7963788,397.0617791,139495,False,1.489103570066334,4.833282717751061,1.5
3.7526175618656734,4603.379873576278,1.4088445536531673,1.2491909528043477,1465.4778275487736,2717.173180851692,756.1227268769992,13.77109348,316.4000799,23464,False,3.0040359717666387,1.6941797837262547,1.5
0.8646758070256948,7219.487794531719,0.4172417200833348,2.3410515533819742,795.6018294735239,2761.4656774161417,541.3478000197808,79.96874613,704.2198482,123205,False,0.36935343710099583,2.614368105662102,1.382668796773702
2.718727402851109,3087.4332319618134,0.515518700432236,0.6309824571927047,1633.0724471687831,833.3018376704392,865.8230846211255,74.34515474,292.6373654,156145,False,4.308714233090899,3.705059905889462,1.5
0.3396954208955569,5490.204694100613,1.684028887318201,3.9272662785704298,3791.4801541366464,6814.730525162828,629.3543725643636,111.8207551,50.26895626,55389,True,0.08649663921504469,0.8056378272072313,0.45738449220701244
3.2915850488850147,3638.2287521682574,1.895465512254997,2.3156059976129675,1419.1025530920888,4175.568602695776,875.9616203408041,143.0418122,655.6850301,183953,False,1.4214782786017357,0.8713133700996023,1.1032945513189765
2.5577392669503656,2372.2878075459266,1.0016373418435875,1.772433190303034,3342.702926205595,2001.194860765729,810.131192825043,53.13765372,272.3113577,50922,True,1.4430658587741798,1.185435687883372,1.2094009878935967
0.829663983774918,1711.1998071607895,0.462623984233502,3.1362557311376054,649.7274215897777,5147.720929179463,329.63780452090185,167.2794782,659.3194181,99971,True,0.2645395625740041,0.33241891516079763,0.3522914062802215
2.3990391853665707,5873.927646513572,0.6769455736909592,3.663434394345691,3248.417595256336,6761.333218570333,419.5362755732689,98.69615218,54.1213069,103358,False,0.654860514005339,0.8687528710331549,0.7349861073083671
0.3939619823423483,7988.184920857469,1.7379962488393796,3.4389655056488184,3605.0666159491393,3195.060294143989,290.4301811033437,110.3029876,238.4363944,156422,True,0.11455824931566781,2.5001671902712785,1.2317913617206442
0.8781774600956078,5688.74317248003,1.793691804950401,3.0045879597071274,2062.0182488036544,2825.7802111136966,404.7692133205262,160.2951436,348.2752958,170707,False,0.29227873491927103,2.013158400675764,1.1176137852623351
0.669345070478923,278.285645784129,1.3497244880889403,3.2577185031129847,3500.782191521781,5268.373903665156,80.78513968285917,35.51207161,681.6369387,104244,True,0.20546430404438312,0.05282192395982116,0.133989159013197
3.840675225436924,5567.433534877101,0.5656370379587359,2.193941918563428,3343.533231888516,7327.552274689123,441.66140164122857,100.3406589,409.536415,95125,False,1.7505811992372888,0.7597944477787446,1.1798515786385644
1.7328044876691582,6341.172710240484,1.272505616225168,2.6582455623887924,3984.442214822455,300.6856772898313,564.7725655167723,127.7074859,57.59240217,139872,False,0.6518599561780304,21.08904137472161,1.5
0.6975852089074115,6873.156786558945,1.4628447554741475,3.00964767792821,1960.872781539663,5587.524963450445,654.6473814492645,57.24023871,527.2838342,95999,True,0.2317829366674176,1.2300896783975168,0.6864697603164003
3.2791815535735536,6819.462190136663,1.0441857314755103,1.4582506578756764,1308.5046922187855,1399.9207964745674,28.84522067962203,160.3003981,811.0147364,183700,True,2.2487075779159658,4.8713200078453385,1.5
3.563284604422842,6743.408474829322,1.0901974845561742,1.8703904086140477,1050.8627772751151,1316.8194572460231,577.0974249452445,64.04398679,506.1988443,129163,True,1.905101032870559,5.120981796404653,1.5
3.8855398311720015,8121.813291759639,0.8593932451056624,3.5396385878830694,549.6580822629741,6068.343628686144,43.79287489521844,14.13564199,57.23372132,69582,True,1.0977218823275174,1.3383904714999963,1.1033201000422503
2.809348192712959,1777.6049558212935,0.2060155249854127,1.3479712226196163,2163.4499443427944,1845.920192216067,427.9474800807717,116.4088742,516.9670058,150270,True,2.0841291427009825,0.9629912291734828,1.4294227674278983
3.598358696049916,5420.874556623576,1.6702964308530237,0.8758766066435211,3648.027288862713,4523.653936770892,256.34242007009334,4.508392639,516.5069598,64194,False,4.1082894102513965,1.1983398003461787,1.5
1.839637975265992,6528.807068605637,0.172382885154504,0.8714978015097989,1445.5266548463962,6608.346276710781,331.68023384041965,187.9141424,84.01530646,37911,False,2.110889851000337,0.9879638254772724,1.4884640883484022
3.387218411370635,3767.231881017251,0.4563938737375197,2.217616146356555,597.5053239674435,1947.524756738305,779.5956573255424,30.23439128,532.558141,26637,False,1.5274135199286687,1.9343691863471886,1.5
0.0763124049578989,1880.4277675466228,1.7042196713574054,0.5953475525372594,1645.4627286576208,6596.907596492384,468.7884905013259,40.76944075,947.181591,148675,True,0.12818105399378282,0.2850468556299638,0.20634223995426548
0.5347730836893674,217.1721150928406,0.6515381275547265,1.0654639522055822,2990.3498438522365,6556.704375884718,380.3785120875904,179.1982396,196.1386353,27662,True,0.5019152273215108,0.03312214530495966,0.3303877397876847
1.0189881642342065,19.213026772828925,1.3887450376423722,3.7247199850776034,803.308356622329,7140.447886200964,520.9544081907526,65.3271477,835.6029611,129364,True,0.2735743612250667,0.0026907313205475096,0.1569908135783458
1.4207345037947825,5803.058090376468,0.8760775958934631,1.2796509157418086,746.4438330483628,512.9359259268243,536.1490210548635,35.26236148,323.2545744,90041,True,1.1102507535974648,11.31341710678093,1.5
0.7088843592090015,1998.796700383877,1.8352970407079208,2.9536766953233853,1761.1872671122867,5754.63082613859,538.1809795783365,68.50509059,789.1755475,16577,False,0.24000057972858438,0.3473370856315644,0.29856282943700285
3.641750141549816,5857.518872247101,1.0619270047610574,0.8943472558223224,2904.568012595422,5589.697673735743,936.8516347344676,3.632283706,997.8609229,181764,True,4.071959796244419,1.0479133600949213,1.5
0.5349065506718338,7924.22047692015,0.4521011210381567,3.306922069813868,2197.2092407926257,7204.6555123087965,535.4842119470568,0.608133201,863.2056685,122953,True,0.1617535513766703,1.0998749991976906,0.568036988348004
1.8816042205214736,1267.5736545921236,1.570558591622799,1.8440611505437363,1869.6766270898552,6269.5964907942525,930.9704213209208,16.90220506,41.9497608,153834,False,1.0203583539560572,0.2021778684244104,0.5585944590223214
0.0505994525349886,3760.423933557781,0.2250900698712203,2.8630158441100937,755.155363042301,6309.063947037696,862.79450119939,8.026301977,247.7915756,179444,False,0.01767347357354313,0.5960351590234527,0.2801830121839841
1.9265671220324632,6909.747956309131,0.2412785046563345,0.7725828114968745,3843.3507196472583,5646.282764700581,808.024966707089,9.787779322,564.2423186,11927,True,2.493667474470836,1.223769379437337,1.5
3.382396219115876,2326.410640838407,0.7676553744569037,3.4838827132805705,520.4642782937062,7074.335048983215,228.418892115816,158.6201429,572.5845858,9706,False,0.9708694369511175,0.3288521994507352,0.6642041064850224
1.0329677702373563,1016.7236822251452,1.4582361912530382,1.3795249163552123,2991.790854683855,681.2297870461794,980.885860853138,183.8152919,473.63309,168385,False,0.7487846063570283,1.4924827129788156,1.100500303694486
2.321670596663514,696.3423790094312,1.464256003813543,1.2618960732240554,1957.113902531492,5486.027287074135,880.4010540263849,105.3861141,245.7505061,174495,True,1.8398256449963974,0.1269301704938988,0.9377459959115679
3.0959771191126944,5273.62107300579,1.331947008407856,1.707664747132898,3204.328333056512,1452.241982009156,116.08945807319624,11.90002829,951.0345288,55933,False,1.812987772525575,3.631365250905669,1.5
0.1639100820582735,5285.988213953346,0.8237618104628729,1.1672622286745404,3613.867789695415,734.4149832239898,325.7514221717962,187.0178373,492.3814702,122153,False,0.1404225525414674,7.197549515603521,1.5
2.39885387937077,6702.969978362912,0.7446062673698897,3.061086385255889,2578.002342755018,6938.841145739991,175.46891592667035,99.13931417,92.56850404,192652,False,0.7836606987847359,0.9660071237561194,0.836932239097109
0.0920206429539374,5840.939312936032,0.7454157574126495,0.872000906742645,3434.2346774799853,7179.330102058204,292.9251307220813,22.36004884,994.9653515,178885,True,0.10552802951736615,0.8135772041527868,0.42478010002587124
0.5244548698267866,4084.837562121099,0.2176926716240916,0.8686719398639784,3574.7820397971464,4820.411358742325,562.7172270072011,138.195588,349.473478,52203,False,0.6037426121606926,0.8474043514700068,0.7221307413172123
0.8088725440787021,6283.102987037448,1.1543566900810316,2.300542724472828,2052.0288887386923,6994.193822795788,961.6680039889312,47.23450093,346.8259071,60385,False,0.35160059575223074,0.8983312652361659,0.5860923347353869
2.477350898697084,2487.6651802917995,0.4601544219479203,3.4768158889525096,3793.63416443156,2582.8579307968803,125.94066687081762,171.9252945,593.1128086,150093,False,0.712534187971992,0.963144410564287,0.8400389340280658
0.1376022426730561,2922.843277855057,1.0610115764809769,2.7707046561203166,1178.406553510892,8164.013166753321,101.46583570064492,199.7202398,434.7220768,194915,True,0.04966324819422853,0.35801550264517795,0.28333985691006197
1.967637597882076,2685.7505968896767,1.8590982169844483,2.381653168314442,3221.546200115624,4966.831794605606,356.36297857497857,94.71144278,481.330509,148466,False,0.8261642786175895,0.5407371756107966,0.6624728989407707
1.4133145210260558,6689.883991690753,0.2833859733786416,2.921947010787512,4015.0259829202096,1279.2581525374017,608.4272655105134,127.9030788,383.3366855,26491,False,0.4836891401928622,5.229502718581,1.5
3.347327564049311,3320.0180196426472,1.382702934978521,3.634782261736433,507.1655153819112,6472.2749915306285,854.131447089435,145.8553733,832.0806869,54056,False,0.9209153126919054,0.5129599751979228,0.7181893118180941
1.1385469911873356,4309.518695375443,0.1879472365226372,3.27893438703872,1127.385443110884,3502.36468468838,125.4711008974534,19.71565194,416.3255414,132246,False,0.34723068825567277,1.2304597271053226,0.7198209116039592
3.499034516607712,5515.626091618559,1.664015120956148,2.892089086785737,1104.9778504649764,7128.676781691071,751.0265769026579,192.321897,925.0605924,78124,True,1.2098635974706209,0.7737236881058891,0.9887986260161084
2.1538653638055165,4018.802389535561,0.1484695769778728,2.1696782464509767,2479.684754898105,2133.3637208634045,567.5654479986896,138.854087,954.3741802,99148,False,0.9927114191319626,1.8837867862613247,1.3638681297272164
3.80672847929096,4283.147262185295,0.4356791584327327,3.486458259100686,1624.816229842538,2456.4552389403098,60.54809064097078,143.194228,88.74181203,69879,False,1.0918608813093904,1.7436292721903508,1.3475851049220555
2.615789804009032,7582.894879413991,0.9676345307927527,1.0432700938956685,1139.3276586363015,7144.386260031821,489.7634852016921,151.4397857,55.87071736,166782,False,2.507296348297581,1.0613780669690216,1.5
0.644200190239177,3343.364247165885,0.1880349975078036,2.9332373122192563,1185.4517938528145,2284.1949273600026,172.98385636051762,95.57230072,38.82803144,172732,False,0.21962081551832113,1.4636948036507291,0.8052898068710808
2.1314533151831143,2068.334695227797,0.3354962918730572,0.7120776331758287,2531.105316211094,4006.420149374394,24.951557483888664,163.5400068,314.8610901,89717,True,2.993283628911821,0.516255065019707,1.5
1.009493177343824,5432.150804018673,1.8774398895098097,2.1498907863191663,2234.6580614434574,4687.646065112306,613.2092020404434,87.05602404,764.3449236,170083,True,0.4695553440260261,1.1588227283814156,0.7763087363483333
1.3937108411457024,6547.842000779465,1.5287315219463142,3.6433914648559536,3562.2759073219,5699.360029231649,508.00614502659545,74.94065452,370.7943935,86913,True,0.3825310763496912,1.1488732008588918,0.7266113697221409
2.935848413210987,2183.019583978141,0.9749636666574374,3.117120746251193,1006.0219759031048,3682.350157924126,540.1370422199471,109.8022911,534.2520305,122838,False,0.941845924607143,0.5928332422943599,0.7455201298445303
3.989406605242329,2959.353010194449,0.2612577061304089,3.4792889304506343,3761.5387809072704,5489.618392305009,305.1596579749901,36.33151047,289.7436054,85950,True,1.1466151671716605,0.5390817354087118,0.7767337817001964
0.7217992281437042,5099.374774768063,1.503116612775437,2.576470251733428,695.3407468052151,558.9974385913686,621.4795887237708,14.47535024,673.5373854,5821,False,0.2801503132076804,9.122358017410143,1.5
0.437630711190089,235.2183675035194,0.1193592184896656,0.9492157437000628,3662.383187890173,5541.310635545942,803.1565095090721,77.51368821,921.560803,185020,False,0.46104402824185037,0.042448146825087164,0.2653377536537261
0.6103047637316159,5071.5225879758245,1.5118337818829115,3.3867820466366974,1468.8790079548849,2059.119601957084,201.13016027531597,102.6514643,359.3838462,142707,True,0.180201907039097,2.4629567805059285,1.2407596307227093
1.6295234875752662,7941.747294813238,1.4236885073630965,1.4435918432756596,2154.667174620231,3284.6746495538514,83.803505714661,121.4000872,148.3317454,104170,False,1.128797150225344,2.4178185481700982,1.5
1.4060691265294871,154.61275035600374,0.2420432294321682,2.097805023998453,3052.4315526416635,6122.611359959885,899.1541496141574,34.0076051,233.5480638,83745,True,0.6702569782164587,0.02525274613082154,0.3299873160703875
3.758639910885037,1507.9871620704134,1.5455468840443918,0.8087841414388527,3653.461937739607,7778.327521721486,301.18358685334044,84.5367626,27.64700584,194213,True,4.647266274202695,0.19387036064827443,1.5
0.3344514730311267,6660.4263866379,0.4139077284293576,3.3863944358861766,1341.9197892620818,2881.135961600797,431.37768050585447,8.28329728,712.6789635,199649,False,0.09876326594552151,2.3117362294230444,1.088867429350242
3.5378002506267183,5597.795620839916,1.6923101928351465,2.757632536489357,3916.154675269292,7275.778079372063,31.675350140195068,53.78684604,869.7866034,91038,False,1.2829116718425766,0.7693741561388663,0.9504285896338815
1.5295212826337368,4862.467547653562,0.4241782015850573,3.7893347677487066,446.30991005312114,6644.773751011088,972.2376415939176,161.5542679,812.7229627,76958,False,0.4036383620716844,0.731773229477061,0.5917320057839304
0.6148208692093093,5677.676796980093,0.7623571261230415,1.561070846659706,741.6650617442464,5079.7914253769295,892.78005452362,15.87196014,43.93660493,125462,True,0.3938453380764432,1.117698803045068,0.6881327746501692
1.7811154578523871,5514.922553284841,1.9096036286854443,1.7774351832756723,4014.274417947959,4007.3719477543145,915.7906362031192,6.877999477,621.3519821,25728,True,1.0020699896915197,1.37619432980239,1.073658780328398
3.1804444713361923,2366.796851907565,0.5213567239189102,1.5503697084817418,3226.528669164341,6843.121104780929,141.12798434098528,108.679909,966.1978888,149282,False,2.051409030070467,0.34586511261771224,1.133126541342965
1.3792870074319483,2790.221593816331,1.9696714034493272,3.4562459963889123,2223.667723542362,4144.270328574234,299.0314692313849,196.4310886,408.2562425,83906,False,0.39907072870458266,0.6732721014613415,0.5807937168296251
2.70048770159255,7902.944389094772,1.43640258910748,1.1659169748944649,130.1645431320091,4293.467226133627,262.5325739547463,114.3617843,219.129992,40355,False,2.3161901263568647,1.8406905121227342,1.5
1.9961492200675863,7480.733713514314,1.2144746706170595,0.6893617399820743,3016.418058761069,5957.215843051134,873.9053144241494,60.61895936,227.9680257,139769,False,2.8956442004966685,1.2557432715795522,1.5
0.9055731499279416,5569.713375096992,0.258860825,3.802667681365093,1453.885469893956,7768.062810994285,560.1528767008462,170.2423091,12.94797894,170109,True,0.23814148057801773,0.7170015884136609,0.5149562482711498
2.651285461588825,6689.685850096953,1.1004977543991654,1.186625624096622,620.8583188783742,2732.685048121336,492.3600453426282,135.3209146,489.659817,132805,True,2.234304715358335,2.4480266587062225,1.5
1.7499896977206475,7853.581098098488,1.2834558308540356,1.7158778637779628,2321.512649370372,8077.016703152637,482.6370128727712,153.9288068,761.1423078,54073,False,1.0198795116967527,0.9723368646818231,0.9734805006491631
2.640644169317525,673.1299052846689,1.0977314950038704,3.961049877136277,1319.5846145847352,6849.2348423958165,811.3423428635141,110.6293025,687.3183532,23545,False,0.6666524241230228,0.09827811728980436,0.3995468546936696
3.966771074125656,2771.0250690678195,1.8629639714164667,0.7072402129404085,707.665009721263,3702.1118588975305,623.3365079123242,99.88989279,578.2563259,44426,True,5.608795134595603,0.748498471665445,1.5
0.3700845058075726,505.0329053041751,0.9808583888579188,3.784505033939034,3646.928295827443,5799.959042509262,995.3616623599348,177.0596875,641.8143755,128293,True,0.09778938188727813,0.08707525372430995,0.17174047189223296
1.9783916068042675,834.8813829733963,1.4048723270431935,0.938084150635062,613.5913433648527,6031.80284759193,770.1574097112065,35.1760984,518.5884178,140204,True,2.108968045667221,0.1384132412696963,1.0289139080514524
0.2799385269954006,3340.181880821932,0.8893662144979917,3.293110697084309,800.9424613740374,5174.114489037292,375.9030071179024,157.5289193,441.4467711,756,True,0.08500729788280659,0.6455562371596957,0.4075372163086701
3.534619860515479,280.2650365431182,0.6860607406730779,3.808591291269563,3454.9219403934912,3500.0334362204235,973.3747549370164,82.92117513,302.5392074,117370,False,0.9280646470397708,0.08007495973115407,0.4951334992870018
3.089252197148243,5207.83709638922,1.8777397100062287,3.896833400215562,2356.595957115667,7055.680191140352,99.42210221169844,18.68083085,641.531489,120349,True,0.7927594246697663,0.7381056049267185,0.698231951562544
0.6565651685565799,739.7291959270669,1.242937962684618,2.456063313607957,1161.019053522819,4205.667313086079,554.5404969730836,82.99819695,823.8476926,96575,True,0.267324094454223,0.1758886618181817,0.24095493684359276
2.647846614168916,973.942498084086,1.1348175908966591,1.101858379000305,2752.442805956247,1226.526185086646,874.7776387391567,117.7672301,633.6416392,820,False,2.403071267198592,0.7940658007405016,1.4976096238725036
1.8408628157402915,1571.2875070326663,1.4359194465365397,2.710012641347549,3568.890325434622,1832.9973864309488,834.1221548455018,99.54386137,575.2619868,68456,True,0.6792817525541776,0.8572229932280023,0.7412111773752833
3.522740171439345,812.9839857479365,0.7711276633474473,3.2843585855586093,4065.387414151699,5934.450126407531,260.8299371441204,19.3051871,29.28552492,154820,False,1.0725805380534152,0.13699398736089624,0.5539634787683986
0.9075540433572872,7964.484623795516,0.6772436746951448,3.4698722958462938,3961.589487026435,4669.471937553562,208.8004787877309,63.0363312,394.4804488,97166,True,0.26155250234747746,1.7056499596960062,0.9167669428882551
0.3639718945510117,6076.440912056369,0.96942511617264,2.9086050339603093,2198.324172849071,452.7068378554582,307.6307989737916,31.25064639,293.1952881,119770,False,0.12513619593074748,13.422463259929845,1.5
0.3503741142983032,2546.949881642705,1.9609699664583429,3.168610411618537,620.2508783647369,6199.916686636716,478.4574077111717,175.390538,560.6403308,39169,False,0.11057654877261548,0.4108038881750766,0.3223378046649905
0.2633738996498413,7647.344526123943,1.9508509314266955,1.906960904952849,635.4643750635405,8110.951319241863,41.24616776758994,164.075964,168.1926276,176574,False,0.13811177819850232,0.9428418719563841,0.568487087010988
3.211820643543792,6384.266825407003,0.8862694388181663,2.3526618478691383,3038.517718147196,4947.767189644627,209.622254398536,46.28934951,270.5756966,2201,False,1.365185260800464,1.2903329076352963,1.2181334823840515
1.3067609432712568,1697.648129214087,0.6189759914501352,1.0793097917852803,1512.8514384947568,3505.3643977631327,660.0839761553507,106.9852445,768.6795434,119812,False,1.210736474810701,0.48430004304633834,0.8162720717361585
1.4452471946566696,1291.6621122795775,0.2497724518301576,2.264338938697776,3495.951685139443,1496.0837460865591,935.1135406037122,194.3123066,654.3220452,179815,True,0.6382642331909901,0.8633621712654336,0.7729116764769411
3.09245007847462,28.82417772549616,1.4516803272842602,2.02674944003494,2728.501659945912,6400.652253257001,119.1337002009334,161.6487038,957.8239193,67108,False,1.5258169024605257,0.004503318815098184,0.7694881186006494
1.0260456752208755,3735.2745700051055,1.7759239462583538,3.1674908493588823,2348.2351717066304,3500.8422533354715,762.033555759841,197.6014859,246.5737456,53235,True,0.3239300127728988,1.0669645469970295,0.7247273361988069
0.9127615244630424,1157.485167254641,1.4019664889187071,2.7599813411928875,1973.3125322265637,6473.821562963206,254.77120623788275,180.8589014,829.1690848,182710,False,0.33071281320899293,0.1787947282479687,0.31972984870723176
3.075981793284149,1937.4746039458205,1.9805752728835384,3.1194305065970687,3828.919536287231,4576.980464960692,178.22458341663017,159.1444593,756.7427976,69591,True,0.9860712718900765,0.42330847124101745,0.7138124765045804
2.572778632318121,8142.477934279655,1.4307808579183263,1.11729808395298,2786.597656290972,7651.856602967506,936.4367651943954,194.8469432,421.613952,170406,True,2.302676757968588,1.064117946232521,1.5
0.148263568872351,8124.288034958136,1.4209344166826752,2.9202292550071727,1778.5263518482627,3459.1023138073238,343.3239422787532,179.7255668,836.6640039,4722,False,0.05077119128470465,2.3486694799921435,1.1696329519380655
0.3597527855965547,682.3860756778504,1.2976070786258231,1.482795921956353,1828.490282505752,3015.148636603432,464.3960074702029,117.6685999,964.2482075,12919,False,0.24261770460240023,0.22631921596417212,0.2698702304549421
2.603676776187449,6455.353416779632,0.1254344117250134,3.883613180292693,129.22237724003014,4662.937020002815,522.5446644463075,41.46718993,953.3298288,56138,True,0.67042622034901,1.3843964410635206,0.945408837741464
3.855376865109849,4903.559341773779,0.2213213539322215,0.9288461144243711,436.6649221744366,2021.009022813052,142.94130118104698,138.986043,911.1131716,73441,True,4.15071200118775,2.426292650847347,1.5
3.380411780309555,7475.1915589841665,0.83110704212999,2.302912345580168,2732.141629427128,4198.407715115764,506.0541760174445,16.4468405,92.36481691,57379,False,1.4678849235892264,1.780482522050045,1.4699907718064678
0.563168066896298,4474.758826260605,1.8423902016214355,2.901410849316572,3666.7759768452593,7972.528991873995,492.4505441163175,139.3338128,291.1013824,193138,False,0.19410138792565843,0.5612721923319731,0.4096019696824173
2.0045015469620453,1149.556009980086,1.0917403055757704,3.424428507415969,3326.242750731232,3666.942600656259,369.4688745408176,81.06777301,151.3680075,63449,True,0.5853534267886322,0.3134916836333524,0.4450240493742382
2.899567265999403,2631.401598556762,0.1424221201903851,3.7184568513496825,1758.6666215470282,5133.361615965248,706.5126052539449,135.7062463,222.4043005,52143,False,0.7797768273605554,0.5126078766514796,0.6494427507709446
3.737439249116702,733.8254978167024,0.8957756959906942,1.5754741090921764,1928.150615824344,550.5510476675161,714.3114129122746,69.84472344,956.928755,48050,False,2.3722616927095075,1.3328927437206062,1.5
2.3317005798520367,6573.69191047402,0.5752102415038208,2.101858871545077,375.4899185233477,672.2817487407237,566.858704366889,125.6947564,676.2951164,173379,True,1.1093511091859818,9.778179926807875,1.5
1.3299982946362312,504.0408684158074,1.5384010853130865,2.420915212386581,2499.820491924556,7038.388586510508,956.6821359010472,116.9682839,490.2692055,31478,True,0.5493780775358168,0.07161310606098371,0.3379444056140048
3.477219194977506,5554.8401758396985,0.70301949488197,2.500040924243695,443.6560250556906,7357.958072026043,171.28265298365395,11.13617146,354.55527,7889,False,1.390864353616559,0.7549431677524099,0.9711828252377797
3.078102877363769,3356.2072389056066,0.2350579886637022,3.553745121748744,1325.2205041152397,4666.313681066211,47.432151650255385,102.6358881,964.3424099,28943,True,0.8661572244921879,0.7192416686011347,0.7647599332243514
3.764863784350819,487.9422318742973,1.9617166534948556,1.7184906318816793,3657.911617384352,6286.932500156714,480.8673129534924,118.1934835,654.4384593,28690,False,2.1907955293494474,0.07761213147819263,1.0798945692328308
2.7740579611553025,2946.531177056505,0.5833038490552802,1.3698409669960507,1060.2913511161844,2854.9957640630646,859.783866597966,177.7344647,222.5251209,112458,True,2.025093425366855,1.032061487836014,1.4646085675056497
2.1902229874910955,540.819587690471,1.7891587452650874,3.585540325213265,1781.0726124587436,738.2588145212785,229.0810673191744,102.3256577,398.9669917,29977,True,0.6108486247500781,0.7325609614408773,0.6557095921738416
3.717321154017036,2531.286532315124,0.2123998833575381,2.526074825947382,569.0416272129734,6401.924732261994,407.6311753617576,25.87615722,56.22062141,88183,True,1.471579402262356,0.3953946098684214,0.8530795323134599
1.824698221276956,3116.8063236586568,1.852596914232244,2.3723971627406684,1817.7033540803045,2290.559085645851,36.06627349589686,26.92101084,246.6237606,36283,False,0.7691365850532473,1.3607185869292329,0.9718986081797278
0.7645295599259128,2256.3379622845414,0.9921060887303892,1.82279869206002,2328.899445604673,2157.0897810263286,30.956158649833142,102.5272132,521.6167198,192628,True,0.4194259869892159,1.0460102222379362,0.7107223748125509
2.4082735556852186,6365.400924302753,1.5131608157969108,1.5094360525711497,1862.2980107039543,3576.621062362329,303.8682592869022,190.3488885,2.071876667,81680,False,1.595477964174131,1.7797247210524263,1.5
2.486516656628204,2317.526953446152,1.519048917336571,0.5180966597912461,2379.5054984644357,4372.994051871058,529.0705626625095,184.8799617,922.3077544,95195,True,4.799320378382101,0.5299634359037365,1.5
0.6554901170556495,4738.194761841105,0.8114775878950935,0.912043380349998,965.0435615423482,1127.755402900028,708.3957404738464,102.7682584,461.2431978,142000,False,0.7187041893773902,4.201438313179771,1.5
0.571894451760786,4296.955861092591,1.4292626190408564,2.49291484904074,2433.82936576266,266.42415114084883,171.138366027234,21.47811516,44.05940479,91042,True,0.22940784462534017,16.128251986782885,1.5
0.6226242023557473,5650.545599704075,0.737564452352436,3.042777944943144,337.67527977461805,7259.957764708587,370.6351922582798,93.90647703,870.7874322,38767,False,0.2046235410529901,0.778316593850401,0.4892877244326823
3.363381688206579,6180.05773210792,0.7315353279109398,1.8971145160449887,1876.2780340078543,7913.545225189293,313.1867785933008,97.00523514,507.2124609,180275,False,1.7728924041580707,0.7809467887610568,1.1977420566077968
2.3897732085197414,5156.691077416202,0.5246180846608934,0.6275038582823134,608.2169694492254,2165.4073462431443,274.633552223121,189.5358587,140.8625422,30283,True,3.8083740340454644,2.3813953914866715,1.5
3.963860986390124,2616.6130078157576,1.723540837428035,1.2916008872746487,2295.14486439984,5032.577597132934,548.2728343865936,87.75271944,722.8673069,63756,True,3.068949515670103,0.5199349551582693,1.5
0.0139786377594983,2928.0159167209977,1.56429251203164,0.5863787247263617,848.6111751520133,6797.706814935652,522.0090172419566,89.16447681,205.5318865,127104,True,0.023838883184478337,0.4307358343047307,0.24915170954682264
3.814772372211874,3738.553814006832,1.9150676704661875,1.457174194317261,660.4646148574491,4680.436876420403,415.67446935211206,82.50559378,639.3481087,194848,True,2.6179229423399786,0.7987617207364871,1.5
1.0818423628985827,7321.324782389373,0.3176430996020838,0.8437130095335708,1328.572227825535,4149.676126090812,868.1298566544233,88.04438804,462.4346681,184865,True,1.282238235556449,1.7643123362309452,1.414980663319456
1.8697744122714932,4164.76843641638,1.4541069688997792,3.867919904859544,980.6203455129822,2624.7311143120646,156.83555459619058,26.67948837,199.7825286,44156,True,0.48340554480376335,1.5867409854366032,0.9449089287757405
0.8516384140229181,8178.094823023483,0.3971327946484232,1.6565422636684717,2742.8264517981584,5603.798919153181,192.8923601969116,165.2134492,847.0201473,135115,True,0.5141057482174873,1.459384060625775,0.9706972394138587
0.4181864407293938,7010.8439929104,0.2321361719567707,3.8583752915681178,3640.978465375551,1883.3803162851336,800.2437701539063,34.44409456,847.9391685,45541,False,0.10838404788130057,3.722479166086026,1.5
0.2526640441395851,2054.4843499891804,0.2887604089762339,1.152725351120163,2391.754095711994,4783.277185525859,212.93561415777884,123.4136057,5.482462418,77685,False,0.21918822615103628,0.429513964981271,0.353637804080525
2.264221705642087,2729.920764632362,0.4967923785614557,3.2573044882606634,2107.3177129177598,2473.3017374582923,218.03919348228152,68.14300326,904.2894691,15207,True,0.6951210790029818,1.1037556486472333,0.8435743197488706
3.3219264005331497,3718.934850456616,0.6611198385556039,0.7651039166165795,705.7520054497955,7638.373207869365,378.2266853754419,63.66643372,85.65656517,72294,True,4.341791992689392,0.48687524800939835,1.5
2.8214181886140177,1166.8582803932186,0.2717342991511281,0.7576365189471888,1652.7475512933656,7772.595143931099,413.6498067794264,119.0653986,609.8940626,10040,False,3.7239684124073653,0.15012466989924023,1.5
0.0236148434761553,4690.050597335215,0.8220345648242037,3.179761230897439,4009.18270433624,1434.153386669411,800.343626053413,96.99358327,768.8701374,144142,True,0.007426606696152364,3.270257308360049,1.5
2.6388002300025257,427.2653051918778,0.9362430403380518,2.1898441258092936,3168.499045693686,7618.3233435426755,875.7480164610404,154.4455906,690.8945866,58849,True,1.205016829227735,0.056083902699922264,0.644736915421189
1.9433214845240572,4849.025592367741,0.7630867732209777,1.1823369001157822,1876.501240248853,2102.07610020822,749.8568801040786,61.76814092,754.4841581,108635,False,1.64362614472035,2.3067792786287065,1.5
2.484420043783696,3406.347796581338,0.1654229835273767,3.9965555425402752,1172.3277050640322,7349.715302919209,114.36663780072142,139.7826676,692.2757447,27585,False,0.6216401588064506,0.4634666317979576,0.5582063963487667
0.2075107265393243,2973.399601715821,1.8495074747859452,3.154050432084765,2717.594903521337,5633.563410036031,167.5709118670653,130.0461857,923.3819316,148376,False,0.06579180175326559,0.5278008579598118,0.3321556119003414
3.636544265792383,7126.560568837571,1.383668403555229,1.8160930019488768,1473.6062538848432,6282.050762379601,244.63015375272067,25.34791537,686.247298,43991,False,2.0023986984649222,1.134432184212985,1.4242509388656757
2.5043033022590366,4403.207147746108,0.3244097105939825,2.1969262033911683,2614.5637768958723,1045.7953854495013,766.4739592192739,106.8991375,255.178141,34399,True,1.1399118270252213,4.21039067947612,1.5
2.708605512256677,5286.131465625577,1.4161254807011718,1.1752745949726882,2800.7234415254115,1186.944247977843,999.6373511106592,98.31782488,871.36026,116042,False,2.304655626172193,4.453563400452732,1.5
1.9217254889115851,4976.433213007495,0.1112139971908395,3.0180618341113954,2195.389168005832,7865.5536138168,2.890279842417187,42.49600557,517.9279286,76003,False,0.6367413783409173,0.6326869609830259,0.5924959257933268
0.2949503916685634,4969.96133628418,0.4266383871117187,0.9683090885480182,755.0978008116006,4013.6223530426014,768.9062083919009,30.57671129,560.4201892,7428,False,0.3046032414170565,1.2382732847992874,0.7095865125838616
0.3377677746250933,5810.63499936193,1.8434924030111484,1.5701083391471229,2229.309704472136,7019.75840851652,364.1758872072015,11.90802006,905.9546223,173257,False,0.2151237281402118,0.8277542702159933,0.4752505580896504
3.995213573846432,3021.010905018088,1.5317958558489984,2.9093048967148483,2240.2635571282967,5765.962118909603,419.9936757120033,128.232118,745.1974331,118646,False,1.373253179859078,0.5239387360153955,0.9178680226128847
2.0455087548797564,6840.0470817859805,1.2035363462702404,2.986857875441818,4010.11883946712,7588.436089403206,258.3668710478525,173.5655299,896.6990733,78135,True,0.6848360904152807,0.9013777015841665,0.8006000883471223
0.3468144635212118,1822.2727719700213,1.4433153232319396,3.696418138599444,3598.389646126096,3121.98360452525,629.3279816777501,44.83232663,438.105749,47604,False,0.09382444212011579,0.5836906922717289,0.3273034283543653
3.191301126221588,1631.6177907461934,0.637959647018682,3.725035241741118,2729.7019840512744,5947.102260850616,457.2935982759317,186.6747788,858.6988954,182077,True,0.8567167992786945,0.2743550924309257,0.6023424526145836
0.6230892436142543,5052.3348742098015,0.5985909222418291,1.8410950310275276,2663.7849681312987,6952.9837840223045,460.41533890367,114.7922365,596.9135716,30946,True,0.33843386391230457,0.7266426947655529,0.5366945359498283
0.4872088332843218,2230.0005833845707,0.3711182152417235,1.0671338410074582,1559.2098859107791,1454.842757022811,621.5130316899082,130.4267795,772.9070425,31831,True,0.4565578918071486,1.53281210019922,0.9604457546375899
0.9744235067862396,6850.808716906322,1.2493302159533417,1.1332739387078643,3995.858840786537,6762.299328059081,409.9551664665987,53.51517345,471.0052417,11497,False,0.859829749608031,1.0130886527703524,0.8695773787642289
1.0920629013150591,1175.74383336779,1.2862902317834997,3.1227890810642034,253.2378510784964,7672.365109277785,676.4888226774991,165.8841012,564.9108618,78253,False,0.3497074324454429,0.15324398884416765,0.3092903726101595
2.0069371179941693,6195.666041364076,1.8740467087109032,0.591594728159268,1826.249840278423,7725.184853038891,700.3496354739253,42.54234747,58.46717993,46007,True,3.392413133608474,0.8020087749906528,1.5
2.337451925819773,8042.133794120245,0.4296671387072567,0.5759171994640626,2442.9753860789438,5464.834828059944,984.2248970180672,122.4646206,369.5553928,20207,True,4.058652648926456,1.4716151623385194,1.5
1.6456967486872514,7500.734522553602,1.768116148712294,0.8393948614985801,1875.7743243859616,4036.091571890284,357.3958031522233,31.52927053,930.8612777,68843,True,1.9605728645709257,1.8584153473956624,1.5
1.860926446867536,6929.660130591244,0.728050607905181,0.8728074455033613,823.9051228924717,7029.996536657169,983.7593405326318,15.48458433,364.2873313,80867,False,2.1321132448418423,0.9857273888360457,1.4107724612651324
0.9858261215874607,644.78451947534,1.818678755582884,1.7784904715637089,3950.427360401809,1653.2325296527229,726.7040476472706,66.56901573,991.2164141,194423,True,0.5543046662577975,0.39001441571003237,0.4582361939262698
3.855840578427741,1702.6507451236755,1.6258657818649362,2.6356283621964773,1115.013119996773,6875.922520009501,204.74498331854585,124.5184953,946.4386427,45911,False,1.4629676819256427,0.24762506266194775,0.8320411323627325
2.9868644299930422,4150.514675912852,0.5621628300706412,3.196267827204188,2040.8769875913088,1910.079394491622,446.4882132776292,172.0664576,270.7225914,153259,True,0.9344847356302273,2.172954006890682,1.4844015975458777
2.028968116571433,6635.025130967759,1.3787757419929836,3.0703488481862844,2836.085022896954,4743.510404596404,522.4900753571362,6.161509923,722.0070035,120639,False,0.660826360803797,1.3987584222730365,0.9298946569914045
0.1167653051411488,4275.863495382428,1.652097197243446,2.8235207826820865,4083.2251613137178,485.518818388862,852.5699127221073,196.0106132,495.2224614,37082,False,0.041354490642616,8.806792496250903,1.5
3.8316363960769753,5061.429696780843,1.804913884054443,3.761188153631125,784.977537695328,5462.042425127165,992.1197269834968,186.0773483,185.7563228,8512,False,1.0187300450916803,0.9266551414119325,0.968484647334992
3.184616030184826,6326.637561601197,0.9907319467885416,1.8075798829838796,609.1566198870286,1888.084964990349,668.8923511164048,120.5123957,901.4203006,25456,False,1.7618110814094214,3.3508224871028056,1.5
3.565095303847763,7362.984583216288,1.0657693865153175,2.1061878125528866,2227.771852322344,4161.888345966097,166.81875822862702,54.42589443,340.7483259,155317,False,1.6926760234409148,1.769145149841346,1.5
2.352734763105331,183.9528029017274,1.310855668331161,1.7152872097131675,1970.20488446064,3639.494940469428,235.27452433777108,51.97167138,125.2113595,189884,False,1.371626499723191,0.05054349734236954,0.6659686575469703
3.530369729252892,2302.306863211975,0.9616570072130952,0.5634585575244963,1859.39989153513,694.651500171514,433.805510432524,20.00825894,70.08857883,48299,True,6.265524618595914,3.31433367570528,1.5
3.685784318296738,4137.403200357892,1.8922693086977511,1.5258160414280568,1385.1388657767748,1616.5914786258506,8.90808891303041,196.4795974,205.8612808,16534,True,2.4156135488217543,2.5593375027038165,1.5
3.5527347395505227,1731.2871778325343,0.4910148430018982,2.5539628638160257,2460.742344934405,7859.799937887192,552.7664935016295,43.39185589,873.6862922,31523,False,1.391066956696159,0.22027115083003676,0.7468033556387293
2.1673404166316312,6246.302102288008,0.1291560048907977,3.927895858514644,2935.059892,1333.182942294119,410.1092252190519,118.2511302,541.1808641,63474,False,0.5517813971956542,4.685255038482731,1.5
0.2425041106883814,521.5492397933767,1.4285683707181869,2.789489051295753,1555.0064047309852,4699.091349640268,528.1926395115509,77.94047311,383.4763845,83342,False,0.08693492582120348,0.1109893808985675,0.12804565727264788
3.068167039961279,4479.048671156262,0.3553679850149456,2.004997940772122,2938.554457709871,3906.534502726472,983.5785200764124,80.88953242,985.087759,50073,False,1.5302586837176744,1.146552952977547,1.2450198442164022
0.6030817942735269,4882.711900047522,0.4102659625517099,0.946312115563561,1426.185938483888,7812.817465573119,407.4551460868718,139.5282737,81.41956803,23693,True,0.637296244081296,0.6249617274354665,0.6377971998582765
2.7286349330158246,7763.471854783993,1.234716856361492,1.3373787096111125,1958.8654092061888,8005.646600385664,179.45078770720824,143.7788912,543.8548778,110942,True,2.040284381022399,0.9697495082333819,1.4264221887458173
2.867516710002673,50.525772526685614,0.2714636911419878,3.007323354201127,2900.136890503526,5216.566267649934,511.71482628533073,94.59615329,55.34212587,22850,False,0.9535109526835215,0.00968563800872827,0.48074805157771566
0.4408231204603625,7148.368729768812,0.7013861127415266,1.8543647650331925,1661.3751444762297,3299.143754738541,999.9208855740746,128.607747,956.9095031,196522,False,0.23772177462113142,2.1667345405409866,1.1463248624935456
1.6319415935260864,3902.2784909418015,1.343891403259713,2.862484995018016,2928.8482431895536,2707.6954093038244,467.5608636642677,0.456450499,149.3536932,11874,False,0.5701133896781966,1.4411807458446502,0.905310641769218
3.539514646598776,2609.909947059151,1.554786150559216,3.1913324200359754,1698.6151199799722,6557.499865038706,176.7482119565489,85.51094796,985.6135834,180484,True,1.1091021152402418,0.398003812485895,0.7209635452187546
0.3542280398489192,4661.948742548481,1.405805123867522,1.7914796669050743,1321.9476630798215,6668.96817314107,151.14650339042913,105.6322836,345.6388203,100527,False,0.19772920042775366,0.6990509807237034,0.4563800751595113
0.7016113519528946,6808.47865548166,1.3728501405699352,0.5444858952160837,2107.347152391441,3953.264200926006,912.9647328121388,186.012067,779.459745,63062,True,1.2885734406416793,1.72224225544162,1.447895728053346
0.2891520320819225,2957.751986177307,0.6868154098184959,2.994850921366592,1783.6721199435756,1295.0768535011557,461.1658675426435,9.761980688,985.7342642,85694,True,0.0965496924969761,2.283842828244034,1.0760588123771129
0.2212813091845125,1240.3885256257215,0.3041615436181619,3.126646470694776,661.7979775947412,3447.0141791136634,486.2483883941503,170.8164466,308.5398617,846,True,0.07077270823094786,0.3598443350716998,0.2792066753140117
1.6627307613243,2523.4976665735667,0.3258464790501424,3.095227177165365,2250.453182811856,5198.130495132497,500.516327305918,17.1709652,276.320952,72888,True,0.5371916595974654,0.48546254628487956,0.4687819643670965
1.7978662567540074,4527.4960343044295,0.1151961388418143,3.416443490383376,2175.408782645222,494.46503812480006,154.045254444516,93.90991498,197.3405725,78088,False,0.5262389779241693,9.156352170657138,1.5
3.043780753568238,3679.8278384243313,0.6365216225918815,3.424701638326878,2396.9136551134243,4416.998194675218,603.4522274075011,197.3982563,377.3847602,93078,False,0.888772274563161,0.8331060316092801,0.8735683825538361
2.8615026486003683,6476.967851209231,1.144089545289731,3.2046654799000938,871.8312323243318,335.2898264898861,879.89227072825,43.78563605,223.7354728,165825,False,0.8929174585086858,19.317519710330632,1.5
1.8570164810760037,96.81876598648614,0.74224952750401,1.322030767761011,229.6976781442034,653.6376154320764,417.2826244592993,174.1869432,191.9320468,48718,False,1.404668576324033,0.14812300203127493,0.7858708744620356
2.361232644680712,4549.713249873583,0.7803555999600045,1.3183133409481873,698.2547348644224,5138.077347610414,565.1350687212383,162.547405,620.0890812,195741,True,1.7910998699918672,0.8854894430703824,1.2857586698458747
0.6328556328227992,3446.3849984156377,1.529513116526917,0.9458353419486696,880.6884889334252,5772.271372743477,892.26687369005,118.6758187,357.6195285,164291,False,0.669096338082074,0.5970587270190247,0.6291221274396084
2.2041024364357296,2189.6881898950896,0.208114993880418,0.505218081599822,1067.1230863115302,3359.6018144994678,862.1657181162747,27.67960662,789.0833844,55997,True,4.362666646430376,0.6517701531749981,1.5
2.8240844551215107,1327.187526427786,1.6940760950748577,1.7973854453110156,886.418814348267,7577.427505366667,570.9052402031391,94.78327282,397.1817961,74179,False,1.571217176188751,0.17515014499481035,0.8332684628298622
0.1362489549474501,4530.266534215861,0.95091197106149,3.415607227758879,2637.0630569003533,4119.153846293788,669.4834494584416,41.33607219,346.4968025,199346,True,0.03989010034586099,1.099805130413414,0.5335359191249479
0.1264235532716009,6358.297479979714,1.877382354684893,3.4822640983153064,257.5470018965512,1939.0124645969363,832.0133835751078,2.441408336,954.0606616,83734,True,0.036304976704032,3.2791421369342637,1.4931722023412486
0.2108209254593762,7600.990831351292,0.4942982153884415,2.7156270295316336,2078.23481141407,355.26238041749457,697.3294970260278,50.9086206,796.6201568,171258,True,0.07763247512794919,21.395428362055643,1.5
0.706111869766104,638.1377519798116,0.7838029645453943,3.559979430370294,2802.762221364537,1816.0080241421383,196.5200171695467,20.88026494,253.7850245,116605,False,0.19834712116455575,0.3513958876530101,0.2578270268530441
1.7331729868365202,2357.0455747078518,1.741022513850607,2.1556993931333945,2893.444615886514,4022.737397833916,111.85438581864992,98.96253312,385.3144911,162718,False,0.8039953011825014,0.585930758341595,0.6749600337063512
0.7445973575381717,2829.290509254221,1.1600558086798431,3.7582900463123377,135.11693722051712,5857.342165168379,385.24173313494657,170.2473081,591.5977129,127822,False,0.19812125999894978,0.48303316230969323,0.3916638573719914
0.4220475172196924,7082.765717163656,0.9724905697617716,3.267395563129331,2606.4612571351104,8072.6812351926355,521.5692353033116,83.56281705,366.4066767,161581,False,0.1291693582536791,0.8773746305513904,0.49473637022827516
3.481873358802217,6146.775613574023,0.6363472736697485,3.0966769154508915,2945.577325399831,2229.6365298051755,372.70673208502,72.58234476,319.6210463,70336,True,1.1243898958394707,2.7568509614229697,1.5
1.4910406238674891,7908.411233492509,0.1884853308514914,2.9049453385965145,2169.125899610316,5686.003204620888,261.60864680526583,28.19135594,550.5564292,35019,False,0.5132764774539227,1.390855922429777,0.8709586878428902
3.614240285421718,1324.690201334496,1.3431205659239736,0.5984519153319174,1826.2346031764143,6032.073789078895,448.4121030519812,2.744687869,374.7572487,51233,False,6.039306005247157,0.21960775803393642,1.5
1.4983874243088593,4011.264044969823,1.3657770234345523,2.045566088655834,4039.117798060721,2239.3754320916905,605.0860208927111,167.5721829,250.4373877,56515,False,0.7325046597681952,1.7912423194854183,1.2194926199258522
2.917580412701386,6616.925400892667,0.5462763716421073,2.32040215081221,2761.2239953479257,8088.320871998718,918.079881201652,130.809177,305.3799732,22995,False,1.2573592703837462,0.8180839391500877,0.9993699477996651
2.913827877098702,6489.951392896907,1.200285268250446,0.7587609115344075,1764.7267746875689,6425.33161877678,206.34461645646888,145.5558974,989.7566945,74183,False,3.8402400447410554,1.0100570331531578,1.5
1.1529448914454543,1696.0329703598682,0.239221063592203,1.1873851503451658,3320.376783951157,690.1062552481385,906.4164930816048,112.5241122,359.9087815,197859,True,0.9709940537122658,2.457640334374875,1.5
0.726816940744075,7165.717818571012,1.44281075232955,3.04831812615321,2521.3423258931816,3778.416339146612,410.4559267772495,91.1781052,351.5755967,163183,False,0.23843203767883478,1.8964870923390524,1.0063137543695333
3.66669126187052,3275.604470098448,1.887724203683394,0.9909820066101378,1626.5030100027466,7561.202742452207,719.8760363639581,108.2183238,418.6252576,30613,True,3.7000546300114623,0.4332120935303621,1.5
3.875640989653307,4000.49986542293,0.534239957975157,2.537057526148452,3720.50525740838,331.9915181791644,690.7659915568012,119.1213222,467.2893296,89570,True,1.5276119765108367,12.05000620291146,1.5
0.4104867714937632,6642.788693689126,0.284186484017539,2.527969418341467,413.1972518112277,8109.670582019744,221.72819499730645,3.821485803,295.9759838,16156,False,0.16237799640198025,0.8191194236172779,0.44358504685447686
3.511402425900612,2050.256154645725,0.93985940214817,3.548561591943579,1764.723431869402,6908.267805891238,505.7972227183731,43.60103446,986.4870994,165766,True,0.9895281074857372,0.2967829580376897,0.6006458014723715
0.2015192909655212,2905.0996838550736,1.843876624911743,0.8304388235002536,914.1140670676187,4022.396921880752,689.0849531533037,161.6409518,275.5596199,8761,False,0.24266573599051355,0.7222309830563677,0.5150436656545616
3.713533376734691,707.1959726605337,1.4612562276212246,2.704595639564385,2466.493585513455,3891.1260149050713,526.9893411206142,180.0893434,789.5982813,83167,True,1.3730451788673412,0.18174584163294974,0.7897225416478034
0.375745167759514,4940.853881626225,1.7453224179534967,3.35630963347961,2422.226563593948,1616.1676933384504,631.2788745963518,190.9601578,89.97104084,188474,False,0.11195184498461193,3.05714184173733,1.5
3.16064162305023,403.2099296968663,1.8474734710039395,0.8718626951254185,1859.707130802365,6820.340618791255,396.2309289549155,187.5171762,878.1992352,103491,False,3.625155675963281,0.05911873793030692,1.5
1.7713740341830162,1322.3966617609112,0.5879045923064916,3.2621392653902377,1203.828806389701,4897.615686749143,384.4666230654936,30.17015085,231.2984396,5481,True,0.5430097696829457,0.2700082542345541,0.38094685686486096
2.7311432974878502,57.30583396856037,1.0701805656975412,1.4317688441323315,2474.60868027349,6067.549477933855,186.50167326590528,172.5800318,707.163158,15822,False,1.9075295576873625,0.00944464221800293,0.9489494029533235
2.832577144439482,3243.8426377868536,1.7267572286894637,2.330724452052164,3759.642078509754,3053.0854431287667,526.3624013403929,105.897274,586.9348825,21111,True,1.2153199519683648,1.0624801359637421,1.0779715606510856
2.4035477509811445,3719.552489431236,0.1450982991190193,1.7930374760152965,666.9312786694369,2591.3281406785995,120.71048980923872,141.0926103,766.929377,19803,False,1.3404886638699436,1.4353845927910158,1.3197064367995042
1.9930549840552023,435.1912849978589,0.9497867338642632,0.8822596959262308,402.5754578893896,3471.9885628910674,371.4469998770902,71.46363112,511.2340825,72008,False,2.259031818211983,0.1253435248963317,1.1087094146420198
0.8741896894545391,3073.117264654092,0.4087702994524418,1.0274086578836552,1813.601796438238,8160.827695269099,13.981316900834706,15.25626687,170.9760022,41318,True,0.8508676969761688,0.376569311230408,0.559976643294605
0.8503093033844076,1247.3453551025668,0.114117955896846,0.6038083122591833,887.0542576703832,2174.251908503948,592.9250794732188,149.8053515,1.721253869,139069,False,1.4082414532543925,0.573689437571724,0.9667898028168709
1.0316493881564672,4908.08741284839,1.2153245936879795,1.0724905847881607,3112.351874559552,4763.104874410212,18.63614666158986,7.594275986,601.4503633,129780,True,0.9619183989776846,1.0304386615937555,0.9003587392141755
2.360307089654215,6523.743286786536,0.6499269890229055,2.2707538091335326,713.6612012364324,5024.726036439976,264.1422493214729,84.36211541,967.3714236,145431,True,1.0394372303696027,1.2983281552421289,1.094185745218586
2.7906242996156063,4354.544727803078,0.3284918992546166,0.8380651009180341,987.5887020848376,6865.270121050263,663.9108996247062,175.8534644,628.8078874,124050,True,3.329837940657308,0.6342860004614974,1.5
2.8137086026252547,4929.444038338789,0.9645127613324928,2.594171329559794,584.2335275529506,7604.566922950313,790.4768317274346,128.7651186,917.442123,186031,True,1.084626711403831,0.6482215341959422,0.8441799361372395
3.836495743245296,4859.7354635752,0.9426593998250422,2.6597429294240147,1808.1423926175064,354.84441203992753,60.06373375419949,193.1421223,116.2902063,172600,True,1.4424304914481427,13.695397996947966,1.5
2.041064416517405,1816.4896402649572,1.0699771527910575,3.25328093003744,951.067001025308,4939.9828235146015,976.1907758424888,104.0675757,609.0892223,175556,False,0.6273862703605019,0.36771173196203244,0.49984055036498265
2.4893966116871336,6806.750224169779,0.5179611912655321,1.0297594944863688,2734.9300732683205,5884.523896237428,144.6286386668608,48.31406676,479.4832966,3406,False,2.4174520434761995,1.1567206358640676,1.5
2.045761177794416,2755.8401627010862,1.780013937605602,2.678630405012747,1163.6516171430856,3410.656440186025,945.0418430471176,164.3228886,396.7584305,18261,True,0.7637337387913886,0.8080087250719301,0.7894655455220733
0.2301280710821798,32.49484794245927,1.1847664798731086,2.202679378624034,3671.261953964856,5369.873798634931,360.8370497537636,82.87673953,646.0734526,9752,True,0.10447637946724514,0.006051324324357199,0.09118591974001172
0.8227669757254805,2085.281314959245,1.6956938171104166,3.5707239011424248,2472.7510245180515,4635.061826704803,82.67955634403145,153.487095,146.458873,47731,False,0.23042015235120544,0.44989288006797473,0.38290308622619446
3.7419283314903407,7650.285823651476,1.390407412931469,1.277121464039213,3645.122916219787,4274.489081052855,972.6952319001952,174.275987,582.1604175,42005,True,2.9299682973671723,1.7897544424133536,1.5
2.1594326426589032,1069.014707154487,0.6932581778261984,3.147378955382049,3571.2843876076413,5677.180919778236,748.351616350132,96.39373689,107.9210236,48720,True,0.686104846974784,0.1883002712212217,0.4416908994589388
2.4522115352211,6220.842675531203,0.6682389593824207,2.072398177530638,2086.970264361179,3738.37493045706,76.72841531675533,12.4950129,854.0579873,111652,True,1.1832718145270769,1.6640499654502503,1.287543827656137
0.9474304703199196,1544.441345274544,0.7467767780499784,2.9929700997944058,811.3185392369882,7712.618680324882,366.33252138895534,131.2415462,295.1687844,10536,False,0.31655182717434216,0.20024863267442622,0.2981969476459511
2.568170717125461,4698.787459067636,0.2391106847947107,3.854631539254695,3973.4783707677216,7472.976176724621,608.0074804959366,129.9782107,741.3595818,182047,False,0.666255652379779,0.6287705657451095,0.6477667174154204
2.474006478557897,7179.050596588115,0.4455133529734019,1.6974425991701294,1115.8987500263024,6276.718323066214,218.74343958327137,105.0345343,433.4632912,111106,False,1.457489650770974,1.1437586053626423,1.2230917615258075
3.3168526367913134,3851.7001039198367,0.8055320643712197,1.1635059414380349,798.9263033045671,5492.460788882037,13.73461489256167,13.9424963,525.2184778,51751,True,2.8507373000214797,0.7012703870394967,1.5
1.9387676013253947,4769.196432439277,1.928062218427989,2.714337393781989,3809.4791362516753,1837.54961188264,643.67496678853,91.1084233,156.6853618,133344,True,0.71426893778857,2.5954109750308407,1.5
3.787256316518246,6501.149297468546,1.518137954895974,2.469907816311367,1939.4489215083968,3537.3323542065677,810.9544902360349,188.9329958,275.2897238,169262,True,1.5333587586339497,1.8378678180747035,1.5
0.5167478071035636,1047.1893785211796,0.3977428798125264,2.4151043583408893,3255.331330185012,2965.033349830703,573.4071919458918,122.495073,570.2764048,47638,True,0.2139649126771658,0.3531796288995509,0.3164774836764494
0.1240067737597114,407.5004714351826,1.1274055366763258,3.15314922641986,3870.5064188419674,4796.384062891084,832.9550865882258,149.4713332,870.0545868,113603,True,0.03932789903908599,0.08495993356807968,0.1306833768297233
0.5017509644954088,7477.792852735577,1.1848520740820256,2.7141229117048025,4094.977711501714,6254.541970845106,873.6413691680307,181.0342497,380.6716148,106990,True,0.18486663867172065,1.195578011371088,0.7117392430547627
1.4863039246015384,7696.533984737499,1.7232981740764843,3.1241031352354245,825.9681390048469,5791.76796400888,499.73012052407904,138.3918618,29.70097329,89047,False,0.4757536433687202,1.3288747117005226,0.8812955282443753
0.1259340062659393,6103.438846096747,0.3182454828197397,3.144040008646185,344.94844271130387,7018.229310077204,190.50282395285575,55.87624159,721.3691067,179766,True,0.04005482305085013,0.8696550904176641,0.43731438008614504
1.4845023256418417,2600.331614893892,0.5241366396702373,2.463406801041179,2934.7490034956886,5585.416783273057,684.622760337817,148.6394343,161.1035251,122932,False,0.602621427525887,0.46555731028267844,0.5550182335066681
3.1634076916173197,5084.75567633376,1.043131084437971,2.171514759105296,1925.7253487553503,686.1727462314735,545.7348216355308,29.34685884,136.8686893,120397,True,1.4567739968512596,7.4103142347891415,1.5
0.620147352125394,4827.476416185681,0.8329815624742017,2.667362874046588,3171.939242799166,7486.50848573902,232.1438333669663,54.16621007,598.6361265,19987,False,0.2324944707242303,0.64482347475284,0.4218827706775603
1.3931617073551767,4386.404297496165,0.7833086720934518,0.6470235840727765,3006.7911206834315,8175.578275539514,552.7845899055885,3.207722205,974.3466372,191975,True,2.1531820299404196,0.5365252645287867,1.211972533883885
1.2833001387825065,1698.4050314611104,0.9537349384097888,3.178857460491123,766.962841384517,4039.1809523908128,676.7477559969386,16.57950142,624.4808643,75785,False,0.40369842027639097,0.4204825312506321,0.3791731960562593
0.2520336878415583,8096.892790759296,0.1971934519048696,1.2445543610207894,3852.630672008012,6580.5819085511575,343.46728364137016,50.88075557,803.6266286,156723,False,0.20250902108110258,1.2304220055383464,0.6702655302140231
1.8726757138124408,1217.5984591558963,0.4970043756779325,3.811599721111936,2051.04443490439,2711.5351710070777,112.06965754750786,168.7990199,146.7537175,92912,True,0.4913095181874496,0.4490439481390279,0.507579106872805
1.7466778615988456,6540.702626886863,1.4433018575263066,3.554020795170536,2217.358208437865,3638.680503829543,734.6768782786761,173.0808077,368.3561412,156567,True,0.49146515195049134,1.7975479348092058,1.1166173509150974
0.0912319116408717,5239.035731002241,0.6316410024945808,1.2890406059946318,140.1098039962572,278.6432118909464,509.0861624897163,93.32540846,135.4310157,45555,True,0.07077499377568705,18.8019499080807,1.5
1.4004708280191704,4959.098059879184,1.8999875107306163,3.34511116086176,1249.7198403716686,6211.64170241256,465.6449566418732,199.3578914,38.22869063,183278,False,0.41866184470728907,0.7983554584538815,0.6473609871694304
1.1359894493880869,5675.884559036433,0.9567328405717644,3.4916452180713105,2497.556214006073,6463.480179961098,904.6749823506136,117.5821164,482.0583613,134392,False,0.32534494574756095,0.8781468187611039,0.6003766579567953
1.111894814651874,5067.579876473024,1.9152743760909616,1.454606279604286,889.9102849016275,5585.108678155365,291.6796365731062,180.4739397,864.718265,123341,False,0.7643951946633705,0.9073377381869305,0.8425387471475428
3.107532693885915,3504.4986029956544,1.3794752046504015,2.845976770523298,1843.3271457446997,3337.569847561359,481.385155672003,18.84523596,305.9750698,167883,False,1.0919033613233473,1.0500150594619764,0.9732882001550086
0.9395716174810662,4035.257464772082,0.5036924057060227,0.9821511326278692,1193.0098770995164,2218.2726923608034,127.60306183787928,157.4029143,724.4319727,12646,False,0.9566457031123339,1.8190989218094953,1.3278056889238623
2.5021928277186,8073.719258250929,1.6556117910477817,0.62395696177557,1133.9828032013102,5769.868883367893,389.16678389370793,113.302294,628.0593942,72448,False,4.01019456599002,1.3992899006985717,1.5
2.919941888967986,364.0031594892416,0.8539923999379828,2.6022533743508904,591.9733065894961,1197.258961559885,428.1043237144309,196.1779001,582.4271991,179001,True,1.122081652642563,0.304030431905023,0.7398632562469794
3.6974341769950736,7117.887715574777,0.8660912769379803,2.1966462856566737,160.47287631988405,7982.476409466688,895.2723494794864,128.0621538,728.2688628,112682,True,1.6832170558914965,0.8916891638090837,1.222754456555794
1.5721744900543175,7373.505043936642,1.060744810856958,3.306850518265771,2802.9916838884355,702.7802247164577,946.796109427356,56.33329108,9.204157113,41424,True,0.47542941718738585,10.491907390279279,1.5
0.1818667762502612,6945.86611270528,0.4039022262114128,0.8646493211242341,1367.8301520192872,7943.110445373469,560.9014328520128,89.45155292,935.0558652,49214,False,0.21033563720163165,0.8744516596614247,0.5328909432474123
3.521339530001152,5573.185523695496,0.3726896667573159,1.9252761110971215,3539.9324941398463,6746.4854212121245,198.78357804144773,37.44679662,283.8438846,82507,False,1.829003996206298,0.8260872402312385,1.2135190107031555
1.0055513283389663,4616.893404757924,0.3560594607240891,3.8336093454745392,2860.708256671034,5877.204377492772,28.72442278255205,152.7320948,166.7605724,49813,False,0.26229878305863535,0.7855594441556482,0.5479208319262514
3.805587139830727,380.0307968089528,0.1327596542929213,2.798151702832745,1608.3301084503948,1350.7955517596763,341.16382375161294,112.5625775,289.7046055,157819,True,1.360035546300991,0.28133850162043367,0.7949133053360806
3.016176162841309,6550.83033164543,1.3701014814371355,1.2183923714653748,2616.5958465781346,2010.0013548254544,807.9520689976617,9.562569319,565.8913131,189870,True,2.475535597517017,3.259117369577682,1.5
0.7811627743559844,3873.348860878036,0.4968236606853241,3.4599436849074565,2356.066277708026,1191.5902603484533,257.54160448074424,173.7084902,669.7565905,165001,False,0.22577319740499788,3.250571095214216,1.5
2.495744695563928,2984.3776639736434,1.1335462095209126,3.512216700237341,2417.0950222123865,7214.784883923714,395.2879916504512,137.1318644,969.7511349,21318,False,0.7105894077679968,0.41364749075331564,0.5744892207991545
1.2478781094000944,6019.102612787388,1.7666210755083298,1.8982673979358773,3083.049945927819,4406.518771378994,871.3361270119321,1.944608585,677.6142896,79076,True,0.6573770657284298,1.3659541519524248,0.911471588841337
1.5936029927781834,308.45722750328605,0.4442189693282512,2.660157633898353,1209.5261663350543,1175.5893918499942,146.51256541675406,32.41222992,153.8778981,7430,False,0.5990631432542892,0.2623851740916867,0.40386180122712645
1.8212427345463815,412.9916616622168,0.9902800748108794,3.3552665025622512,2112.6492871743258,6230.251995742269,166.63940434207646,128.9387716,549.3262633,38765,False,0.5428010533155967,0.06628811513212718,0.3385751990464567
3.942336318570243,4014.026304405251,1.966007000382957,3.057376369240865,2641.798587201482,2011.4528010259623,299.2667804892936,42.08807959,542.0336575,188574,False,1.2894503499085916,1.995585628637306,1.499315350822546
0.7227423088927352,3003.9517657665,1.981102757089684,2.5063566804715887,3371.2522288172863,7317.828474176844,558.2156163749885,10.15980875,823.0077534,177914,False,0.2883635941206708,0.4104977010538507,0.3195687233052813
2.426618273010976,4058.445275626068,1.58331812976877,2.4592255956866262,2645.6038663375457,1615.172246534696,950.267184500016,160.319652,535.7959248,65133,False,0.9867404155709588,2.5127012192171083,1.5
3.2890283746410653,510.70418408439946,0.9117191011613404,3.74037622337854,2978.865756808938,5193.72031319934,126.0651971431761,72.57174783,183.2094117,119065,False,0.87933066057712,0.0983310908537302,0.4762424915621199
3.445296129836099,6419.626833292191,1.802020593475191,2.8342309872104208,2899.3382547522097,1758.3362644199165,183.7936810155352,46.81185313,416.1007866,185369,True,1.215601314706463,3.6509665184884814,1.5
2.211858670023048,1156.2246185511167,0.7318203614878066,2.7518768039737065,2826.913002078906,5644.451630314904,244.2065511334025,42.10610171,108.095426,184152,False,0.8037634036035787,0.2048426834125901,0.4749309128868446
2.9878711548862515,321.7921824520208,1.9755253529930443,0.9654008926384824,3412.624107196438,7818.499326407458,671.3892087296817,33.2834946,738.6642658,166009,False,3.0949505875944356,0.04115779371163854,1.4278945683523268
3.420267060598413,7099.316774412545,1.2880913434050965,0.9388007166017236,2472.585568252438,3996.213676332684,482.4015384861012,140.5978363,759.0085347,36136,False,3.643226253333987,1.77651080438498,1.5
3.9835867915682863,6870.103295724582,1.686167154587588,2.506432109293337,3116.616448491701,2523.156296222066,370.43861012714274,61.13974545,696.1126642,158440,False,1.589344944733601,2.722821136085941,1.5
1.0861443971976668,6067.323128406691,0.5752717005368773,1.7386085099324342,2400.9486329448164,8109.337570778899,234.82501443720827,159.1506624,592.0466175,145634,True,0.6247201519332979,0.7481897349447417,0.6974041434954112
1.5696988312167623,5711.271488391261,0.2563094921504336,1.074933973554022,581.862187721998,1896.9836960820228,438.8931276587277,32.19950194,437.2853019,70962,True,1.4602732907897853,3.0107119513870626,1.5
1.1421390150289563,3770.895139062656,0.1575440624195953,2.1173633301696047,1488.462047312488,2141.8313570333494,267.21181059423003,165.2647363,768.4101007,41065,True,0.5394154415255824,1.7605938604452638,1.1176566611111598
0.3178796645480091,24.3864451581112,1.5261350819772177,1.782502079032926,1526.5374728831507,6621.701738587447,765.3834218029643,189.9810633,836.0623623,89891,True,0.1783333046024642,0.0036828063415055828,0.1769208957819482
0.2927395516489608,2835.636154949808,0.1635233917517679,2.764525465537652,237.00461038711524,7352.040936598693,569.7939064183422,73.24076909,40.49737694,10825,True,0.10589139055032634,0.3856937385166379,0.2578426035254101
3.8148505075193246,5045.345077792823,0.8031409559882247,3.0417023502639498,365.5811008474706,5617.488325920492,682.2808712031201,68.76143947,67.73777162,63035,False,1.254182301238641,0.8981496327485351,1.0029384559480692
1.3131833155712442,503.8275796,1.9479650848450307,1.2591554619254215,3839.221861872216,3894.74793532047,598.7252983598173,34.35659149,538.3611357,153212,False,1.0429071805446708,0.12936076681665484,0.544703052081433
3.2120387537654214,8039.586458620249,1.3239288237971878,3.717940438778848,2240.597042078238,3036.425847677416,703.2636726481135,56.72302652,65.41591821,91782,False,0.8639293562462378,2.6477137461209774,1.5
2.6074645877851976,2019.5611140286344,1.519089182097228,1.6478557827745162,2101.713859221819,5289.821625785805,239.6863147432016,66.03947569,672.5718728,198831,True,1.582336896653712,0.38178246007432154,0.9168814831214234
2.9421533476745174,347.60973950063726,0.4062102856120445,3.112629388305275,2965.096707010174,6663.650741352802,683.8503637466664,8.635823804,181.9499674,195261,False,0.9452305544303392,0.05216505980592603,0.4531469889931453
1.751063506499159,1331.607736682845,0.2281490126302998,2.382251873223006,3356.5807090846524,2076.5503049892213,165.31240575447072,179.5549396,873.229724,136772,True,0.7350451860847601,0.6412595605520365,0.7091364514905394
1.0487761023846742,7773.965227668866,0.8208130260493218,1.992435432046032,1110.8602842039145,7340.042683405518,7.605439408943315,127.7619942,367.6838928,44842,False,0.5263787017323742,1.059117168921272,0.7773696831655016
1.212494756228074,3028.363547221452,1.375915015619661,1.5084149866086078,1592.4244723423872,7583.227128381961,925.9966252544792,5.577548233,751.4864497,42015,True,0.8038198792589983,0.3993502364564235,0.5442160047855752
2.849468480860488,6218.010799537327,0.1670844130446714,3.340115746697335,3613.173719923569,6884.458928622223,371.7568407254944,118.4191315,528.5707339,30577,True,0.8531044562074084,0.9031952783947443,0.8495588538850167
2.0037365901728483,1140.3322198078204,1.0594878682390747,2.6125336202111784,1961.569827268769,5890.625687525647,470.43533828491167,89.57388968,520.472973,83762,False,0.766970349281297,0.19358422688935645,0.4770474022000366
3.204475138598949,1578.6479028544672,1.2833636436263502,1.2175345362245988,2900.1224217298586,3764.6505669115904,171.94974186044243,164.3196828,636.2364846,183499,True,2.6319356135883822,0.41933451043511044,1.4552513893041152
1.1897329549997977,5158.865919434233,1.6965494449910248,1.329036431612975,2973.084524647415,6281.701972937323,9.296745917390382,104.9728377,262.0115378,4703,True,0.8951839328978781,0.8212528930596009,0.8248957621401767
1.0891113321346495,1490.2434862020673,0.1163171802581253,3.935907045947496,1116.6534924880043,6968.026466638185,407.35293596122233,166.9480912,850.5043401,145554,False,0.276711579493333,0.21386880390355142,0.3042555300096783
2.047254532122269,7998.575597111017,1.7530763128449436,2.835439671378277,2506.987120986631,3864.932247900723,774.1668231912299,139.9782335,899.1171219,167992,True,0.7220234063748266,2.0695254358950272,1.3262031263419083
0.5348768485392901,4692.188774826114,0.9777827251199251,3.4967259894927007,331.0560123179662,4013.3997658396856,622.1296324503497,140.4282934,367.2802297,187403,False,0.15296500131309623,1.1691306740970224,0.6651742859619467
3.4019772545280214,2929.0653126702373,0.8735735708494603,1.061270796123798,3974.681753999812,7875.255596168919,835.6260973735743,31.59104243,913.5574339,18817,False,3.205566441088367,0.3719327298688831,1.5
3.16342347188395,4634.131986243211,1.924634256638068,1.7636721584370778,3137.0614536225344,7217.660382353525,781.0112810514053,55.53645268,386.2233924,3155,True,1.7936563000637236,0.6420545911153088,1.1238448842601723
3.134827960587729,7220.720775838923,1.9037797287650944,1.5059682232868543,1845.079386823289,4954.266027451113,513.6462510446249,12.90134395,649.7042389,109376,True,2.0816016105201722,1.457475382704951,1.5
3.2708248273224485,1085.372965324027,0.1855234998741249,1.6265531692006552,416.872083192417,2871.3425287457712,388.8129190562934,149.957096,598.1449416,126975,False,2.010892037447388,0.3780019116772272,1.1499990697633184
1.0300630813509994,4821.577780034039,1.591807685419365,3.465190713575483,3423.6510936505592,6082.242119119082,979.2950734760748,136.7513054,801.6025554,195973,False,0.29726005557370766,0.7927303262204956,0.5588879624709219
3.934001690947583,4508.354235879936,0.6297628229386413,2.9697324139475896,2658.7969656972728,2677.170157258177,823.9259201011932,13.76349742,947.0857345,67315,False,1.3246985983560782,1.6839998839719497,1.3607977403051972
2.9486417084910195,5081.50050222426,1.8154469840415384,3.818014173707832,3965.725836727661,7228.269537123498,852.2874504875167,165.4710855,783.6166405,52623,False,0.7722970114934017,0.7030037376751516,0.7466410120557784
2.3358309718952115,1976.095944594448,0.2054989887289838,1.4064104486477909,1666.7360795416912,7473.587412852215,422.4177069991986,97.02309595,683.4077636,192188,False,1.660844679656882,0.264410628412772,0.9148882410035843
1.5935400360602747,3819.594148798617,0.4935461632314667,2.2883485573936286,2346.057637462189,5451.7007835329405,954.0020055690296,120.1691817,403.4924822,109539,True,0.6963708979301553,0.7006243188612286,0.6887470588915123
0.08536007722395,62.86005487912007,1.914694620985525,1.5103237028243772,892.0129430867812,4355.089444024579,975.8863110424388,171.3221529,175.252976,101214,True,0.056517699183707124,0.014433700081851086,0.11761005017450725
3.759141593907711,1321.2209753453326,0.7300445465552784,3.221747992652999,963.7581248562544,4253.316606880038,889.0716357367785,197.7475462,470.5305993,191726,True,1.1668015113778891,0.31063311226291773,0.7637434128612526
0.8763286124935088,5130.166059989791,0.7431110675653669,1.8495479356959452,1684.5515520208614,5539.695276230294,246.3253688883056,51.10417821,724.6675572,150401,True,0.47380666473891664,0.926073692370087,0.6555044674372276
0.246083979201471,3661.9853337203913,1.62904245159799,0.5524664048761769,2619.033000858134,2564.929357523884,688.5165051204219,18.80239162,572.1122707,114258,True,0.44542714561888974,1.4277139140501955,0.8523169602700085
1.7465799903127277,2932.2205257975797,1.7912423332486394,3.358320146903917,2894.401545961249,4528.583227009128,780.765889812178,137.6275167,534.3180078,121357,False,0.5200753334513359,0.6474918044261391,0.594235714963385
0.3104923645440873,1067.536360171346,1.7546687020252292,2.3213931303369915,1166.0211277337282,7811.115945612813,219.478013422581,167.9023848,127.5963593,103140,False,0.13375254140881876,0.13666886619885202,0.2056612538094722
1.0237480706553153,7171.089335256612,1.150623666202372,1.384618717879542,2500.11542759768,4306.91713851879,780.7847251255687,59.27999632,746.7033554,67720,True,0.7393712926630289,1.6650167864752174,1.11162184612323
0.5684437048054898,7167.811674856164,1.545624288086885,1.3932536490731156,3706.082189637422,3244.6362168373084,623.6374726438681,23.17277346,46.8979429,79754,False,0.4079969912059191,2.2091264455014388,1.1892947525834436
1.8232522813046992,4952.502354163354,1.1969220162932666,1.7601514399275702,3382.496362279993,7970.336475333858,131.36515957908125,0.6225759,682.3584231,67555,False,1.035849077583147,0.6213667853131054,0.7460585019995384
1.4953111159320942,7762.221062391771,1.7139568890618253,1.2793707821292766,850.7954928782434,1095.66996869429,314.3765684994397,103.8129002,211.189491,112342,True,1.168785443620952,7.084451775709028,1.5
1.9448973838455863,5814.282117741339,1.4414581918222795,2.554686867774252,3540.586037084483,7730.041605475953,184.30125987817323,49.92789282,86.8074668,73411,True,0.761305288359967,0.7521669887093934,0.7060325456106288
3.561467587381858,4686.367639508371,0.9591459272498382,2.514386225560494,604.9021116929043,1968.9333513931056,42.16034501392385,35.28693116,216.8743593,187055,True,1.4164356035446986,2.380155546561496,1.5
2.152913212325301,5125.355040815864,1.404000752397211,3.972805777264864,3263.6270311199887,3477.2353126108906,398.6415843403021,42.80934892,466.3205437,121730,True,0.5419123891566419,1.4739741715936692,0.9285588352333768
3.261702599801869,1956.208590595408,0.3002105510782583,1.381916986256944,1041.3369065911445,4373.539972165703,487.2242144852882,64.77196647,366.2874625,130960,True,2.360272195773716,0.44728265949275037,1.2957935486411343
3.7449863885620216,3227.69937173534,0.840933412575835,0.8665181830964677,720.5122287380656,4173.64145717445,82.05181351403168,25.73281913,526.8797717,55238,False,4.32187360835969,0.773353294498645,1.5
2.916080548092944,7906.821167010674,1.1652475619639004,1.7407903271209155,2827.798284841642,2998.9403247845103,132.40377789681511,123.4897558,316.4376388,193559,True,1.6751465282836815,2.636538346238111,1.5
0.4970160246426953,2006.6481133069365,0.5485900467521241,3.0824540740482824,1129.5102385782482,2022.8056011189008,458.87205265503405,58.36501518,773.9234344,110691,False,0.1612403141986264,0.9920123373224597,0.5481533018035516
1.684900870336326,633.520947819251,0.3840855165738844,1.045087822928867,2656.3301997219305,1892.7819569328708,705.4174368785219,25.90607064,425.4246443,97141,False,1.6122082959555366,0.33470360659562,0.889066543352072
2.210108144216175,3975.222679914924,0.2764314123172878,0.6638236002120388,2581.0521462285724,4126.684193579134,477.43442813297287,21.53419125,875.3218174,12932,False,3.329355591085691,0.9632970424867566,1.5
1.8265530891866884,8066.555187313261,1.2337820895416838,1.0032862532361566,3799.192912358829,7756.558680803354,903.2481407430452,82.61237191,667.8696911,99596,False,1.8205684197571972,1.0399657268418723,1.3285566030288614
2.4069283216078534,7140.135095806867,1.1516349182420442,3.757276475051243,3332.572911009634,779.5122336384576,851.9825324970335,147.7798998,671.9227574,23453,False,0.6406043571682251,9.159747311879594,1.5
0.5286062978027086,4439.030970915214,0.1459402159020396,0.8472338923859947,3221.4340668325963,6279.656952966888,208.28778107421675,130.8865742,235.032643,145296,True,0.623919414265435,0.7068906794520134,0.6643237536988877
1.652061231816483,7164.107032371734,1.788511964740155,1.0691595117785804,853.2301052298703,8136.093775344762,974.793603197562,85.54306513,25.68780671,67652,False,1.5451947706787543,0.8805339797337359,1.1343598779201765
0.2348885944853211,5752.536921897325,1.4829223711411827,1.6540600083224786,2237.850737954988,1268.210451110952,254.45472367357317,153.1423226,194.5232732,51679,True,0.1420072133394531,4.535948203487958,1.5
0.338023646686417,7252.44911336566,1.175619308209266,2.698666780012485,858.2231967482309,3710.022751644015,959.6109749845672,139.0761917,363.2548813,150989,True,0.1252557462574564,1.9548260474136099,1.0055918238247734
2.0398489112324207,5135.334414154765,0.8981972580637875,2.522917484099843,3241.3671455509348,1618.7835523766566,320.4851780881253,59.34275248,104.5558973,66673,True,0.808527474862202,3.1723416039425754,1.5
3.7396039721595,7376.124144217676,0.6636793607994641,3.994791710310016,1381.3685038305875,4720.29280737813,561.7122157014135,57.32847702,917.252182,1338,False,0.9361196545963677,1.5626412266471401,1.1531136099873474
1.3315298588160331,3637.788814743124,0.1963188059016046,3.70698126630172,3903.515105257142,1219.3789554419434,82.47345693169683,50.3839281,765.9931061,54765,False,0.3591950981045391,2.983312772067118,1.5
3.630001220071015,1051.4510909145074,0.7097415355650566,1.4647237908493795,2808.829542902482,766.5364402842151,447.4290127299553,30.17226775,396.8487577,73255,False,2.4782820928196436,1.371690938989099,1.5
2.5698503868679023,3603.027109812386,0.8274748062551074,3.077262451687691,1410.8178966574324,3414.6811910233223,756.9717766829004,59.60012634,929.2431638,117374,True,0.8351089944731565,1.0551576874084287,0.8804273213166227
1.3371332831603948,7663.782580012733,0.7786645596793988,2.6540799240403605,4044.700058546465,5231.973212197207,914.5865171361093,183.6668281,441.5613343,138488,True,0.5038027556163773,1.4647977479474652,0.9777259866341113
0.1487702386373754,1981.554440055117,0.8424596915266573,3.316242856526761,2728.081273824413,5370.65834724146,807.2760918711327,183.1595399,204.7110542,88051,True,0.04486106724165593,0.36895931775365054,0.2778212274586209
3.459607837458765,6589.7948764684415,1.346271611297344,1.0993500981132849,804.4119785216442,5742.730501948163,365.9363579005156,184.5148102,518.497916,59309,False,3.146954456493628,1.147502024182646,1.5
1.805450432380113,273.5638284020488,0.8434398319714114,2.30992353169694,2442.7456591025275,5937.47887360656,127.90363656627537,15.91472723,787.6125951,79906,False,0.7816058090234552,0.046074071871148536,0.38041524629635515
3.3171693514873737,6680.253970999706,0.6279650574346377,2.3802013399488327,2697.25904927715,6417.618741377568,456.50930620251097,100.1635883,679.7866692,37460,True,1.3936501514231276,1.0409240933693793,1.145652390794533
2.5966642052713382,6745.499695301671,1.618012824240611,3.573364017207566,2014.8975763311823,7126.727590534418,518.9265015641173,161.6254584,606.5322018,94960,False,0.7266719724313307,0.9465073006739314,0.8337630663958153
1.5917623710192172,6611.034590701353,1.2267697811036504,1.8991197152982895,885.6654200086192,3929.114557266301,432.3391760980121,154.8211161,420.6390843,95074,False,0.8381575527015426,1.682576186737206,1.2117595772398084
0.6546115255822258,4782.60719980148,1.4818175501893138,3.135497868992429,3635.767397051709,6242.039554993871,256.50900681312214,144.2506762,313.7597739,79910,False,0.20877428215835417,0.766193029842148,0.5108781788810639
2.7058362154666105,3818.078392061839,0.871363878523451,1.6548300675841705,1683.603729954024,4387.411281699652,123.47106847511635,90.32624243,542.9696076,190614,False,1.6351132562532593,0.8702348938922606,1.1725807783993618
2.459285842088584,7017.083367389336,0.7163834653156518,2.771142061420357,2607.2882029834054,4233.390937365489,900.8195298392895,193.8162456,15.05193824,152747,True,0.887462605711908,1.6575561930263472,1.2421901630500831
1.6340439454252058,2875.322782374996,1.9378843919374933,2.7486800319520936,879.6212983655623,3541.896049810236,935.8972167932252,127.88232,295.7589569,35232,False,0.5944829270585534,0.8118032661396836,0.6967855058501079
3.508198057870695,6745.597511104592,0.3022650266369857,3.511462479937204,1989.737108334601,6271.009055097305,907.8331780462316,168.1400333,336.9971884,146309,True,0.9990700680541984,1.0756797591522922,1.0177278957926474
3.637731717121214,2753.577705961404,1.5277160859777754,3.921994319588471,1082.5388820463431,3244.939482872798,507.55244769168,152.8869601,597.3732473,48162,False,0.9275206675929729,0.848575981045736,0.8757055730590608
1.4685463282828235,1140.1285419767792,1.050835869230333,0.5419840296964311,2200.8929647108025,5465.198332309791,805.9703376780438,88.00460104,436.494755,64762,False,2.7095699102710724,0.20861613292747663,1.3571967271137566
3.0870232053966915,158.3344807158055,1.81727907615614,2.957593041488991,3691.9239560038927,4526.553090866268,707.8011926844538,182.3603106,17.0989134,30590,True,1.0437616393906919,0.03497903979085447,0.5766356479535184
0.4760570818188316,1552.4186014927127,0.2756186385655842,1.507348744337317,3358.303526363774,4607.350508669896,568.0486566652808,108.8714239,418.3089134,103880,True,0.315823904576388,0.3369438896030376,0.34819446526484843
0.4965438874154522,2794.8766615677287,1.4207827490861638,3.202295060554563,3018.9804344812705,4531.280854704388,474.3841036709855,148.5278789,273.5043997,123293,True,0.15505870726064672,0.6167961665958719,0.4216167034557647
2.6056474158966307,1867.898662043961,1.299311036005539,2.971002156147163,933.0914293188904,5896.31439797223,497.8936433065295,168.4579293,390.6591065,18037,False,0.8770261352652581,0.31679088590824617,0.6214671197548899
3.792472239551559,3208.9873544641614,1.652038927530438,3.5768202499278656,2852.82714952432,1000.1375522443366,853.8694400009656,137.481928,860.3465344,6,False,1.0602912403375042,3.208546008551082,1.5
3.533100928876974,5453.304816412916,0.1342001876216002,1.697557224910407,351.049946480309,3539.578231038249,390.30737329276354,43.63847052,220.0768151,123046,False,2.081284092074923,1.5406651467829422,1.5
3.2334610321334485,7794.813065549063,1.6589335030165266,2.859326019727784,1592.239243145707,2128.1351351852727,620.4681604750358,43.91368026,367.5850387,111816,False,1.1308468775429832,3.6627434663389993,1.5
0.6584024864869651,765.5749967351467,0.6579641366788894,0.9595415572169468,483.4191465142256,562.4381248616982,394.5652709910747,127.4761456,446.8470409,190146,True,0.6861628820264032,1.3611719432466056,0.9850542536662025
1.2877250995176457,7862.405191610347,0.4235941608389942,0.9235798347123638,2900.927779097064,4257.079478757716,181.2602869885853,116.1848763,602.1584623,4677,False,1.39427438413519,1.8469011981091368,1.5
0.3782317038598597,2883.876110311511,0.3989000569311062,1.8859748730430668,1027.8949330577204,3611.7876783260335,929.5259529786824,120.3824799,537.2804871,10316,True,0.20054959836234484,0.7984622481600713,0.5097612173215832
3.232712292045199,2481.447752856436,1.6420465490940015,3.1028780559911358,3202.391929482814,6509.509048096908,380.48255359222026,163.4722219,759.161056,51505,True,1.041842828454231,0.38120351844363715,0.7221268560405352
0.3238909301875301,2278.189052841756,1.544205845325753,1.4410758186306496,3576.094963291574,6603.205146398808,314.6850478135636,72.15662748,972.709863,15357,True,0.2247561864851175,0.3450126116010798,0.29248305187605667
3.2204367143440518,1907.7695478909573,1.7891789878898918,3.0898017703918224,360.489641713818,5051.936960191001,666.096978329861,81.11280814,933.6810409,89494,False,1.0422790558685606,0.3776313050907899,0.6795259351602901
0.5624829895851788,7453.759914618751,1.2701223183709147,1.743051881998614,1419.824782708197,6119.059764665525,232.49165351281863,74.75271463,150.9342611,149669,False,0.3226998993514335,1.2181217703481706,0.7307552035322342
0.1232356141110964,5030.460569880483,1.9167746647477613,3.123956903660734,2213.9389315006065,5532.185979881511,494.57632681992425,194.2975524,306.2055997,105334,False,0.0394485514566908,0.9093079276917073,0.5241128311932475
1.2454711462081591,5549.85910783105,0.4764550647211786,1.6946108666168198,991.7343401056618,5180.363681433067,758.7023571103587,168.1972967,102.0621823,2494,False,0.7349595330609007,1.0713261554687685,0.8969476720550779
0.5820330070938433,5881.07862696062,0.1451124070272477,1.3615715106539663,931.518276894568,4541.5878717735495,215.0789414886827,168.6106737,241.340182,148958,True,0.42747117949252045,1.2949388609691355,0.8594103692183352
1.1542370667952242,1557.6229469754717,0.3344976356565201,2.816035285685481,2593.4917676040864,1184.6406974864733,512.5819095746577,19.81573917,968.2211703,11503,True,0.40988004048898796,1.314848416879084,0.7860380862993414
1.1935145234204303,4111.210428514787,1.4856266709496615,2.587818681120055,3046.174875940275,4699.526361365824,841.6051344238135,158.9073048,448.0617855,65550,False,0.4612046705293839,0.8748137815414085,0.6806812894238413
1.056130493887491,6364.521860585073,0.4677310305450294,1.3278510598922642,3315.563837606967,5966.212771178968,432.19721525117774,176.1001164,49.61938478,37825,False,0.795367590854346,1.066760791747733,0.9260292557409224
3.615303326686991,6867.931177405858,0.928264857613926,1.8283222631023808,2299.0764334775604,6201.969265542541,572.166494930426,189.2548991,109.5181679,132546,False,1.9773873688793866,1.1073791052877267,1.4827953887829795
1.0680077717016272,7460.870589901595,0.1527151661214413,1.4753672747813729,3277.038222253897,5343.564073638705,782.0603936629967,40.72335768,218.0801135,37106,True,0.7238923257041634,1.3962348884917315,0.9744238798699965
1.0401834556847902,804.7797832814667,0.2456687471366489,3.912805078479895,601.1087514307503,1786.3654008256417,713.8964753711274,82.39013265,227.1167125,88908,True,0.26584078914764314,0.4505124105398551,0.36356403024972617
1.7676236455325745,6843.852260759615,1.937715078538445,1.5565934504544277,407.5163747071396,1671.4389804203684,624.6748211478897,54.24931527,873.8290079,176960,True,1.1355710827676018,4.094586961794915,1.5
2.303185839071362,3772.3296089311552,0.7391682637666146,3.2776306195862253,436.28887642198674,931.5054243397848,246.3736526825987,39.75588636,801.7886926,34275,True,0.7026981999161092,4.049712976771041,1.5
2.0618039421920664,8034.236053443656,1.007002332463418,1.830929387772792,838.8514545406395,4035.984261980997,463.3272899460436,24.15430151,72.45228783,142387,False,1.1260963038032905,1.9906509862130957,1.4146163700159486
0.8708834955248652,4264.418462449624,1.4249983115761455,2.95219731825396,1899.1204045045213,7636.547942582494,830.6630265603287,188.1800461,815.8065474,80117,False,0.2949949162087248,0.5584222732515287,0.4781506533919911
1.41946452141458,5924.826065792136,0.1848898767700295,2.455874577678843,529.1396201859451,5094.650353392141,357.3154618726749,67.24953848,440.3335659,116671,False,0.5779871481747373,1.162950478178408,0.817054883071039
1.766530884719883,2818.911409003961,0.8072490390994936,0.9540833997606032,1575.8674786382403,6729.889847801843,583.1351946578345,72.45044437,247.1113406,170127,False,1.8515457177196664,0.4188644201220955,1.0579185989585418
3.2828769559582174,6346.079404794503,1.2763425015755836,1.2594805340845443,443.1260753376576,8104.104621210898,421.4831840252361,158.1411613,629.1277679,166941,False,2.606530439006699,0.7830697776780694,1.5
0.6485357025286258,3747.317527056345,1.5063683928163667,1.2466371085955783,2810.6668932611124,1821.0323244031335,646.3843803618637,173.3256306,649.7951223,92530,False,0.5202277213065827,2.0577984667168265,1.2467956877203534
0.7074426715356896,5866.969955488263,0.9536116337741256,3.9484223896025754,2367.468846262606,2944.876335855068,841.6840699769424,10.42423189,798.2867398,12256,False,0.1791709251339676,1.9922636078341396,0.9823589240536604
2.9961494776088045,6590.080984134227,0.5603876530548565,1.876833939638376,1807.6223319795888,2251.9043264753745,700.4805685346922,55.18144865,724.5778875,14446,True,1.5963841115330555,2.926448030553062,1.5
2.59650747697748,1743.9646695508643,1.9477683195637407,3.7176585369338953,3834.2566824276814,6395.775514987011,683.6480342234385,149.8256435,992.0032835,45718,False,0.6984252998914809,0.2726744653860372,0.511925944788845
1.4924512195412292,6378.767587185555,1.5017336199041615,2.73928122561353,4051.987074128905,787.2531265402065,878.6965959884174,147.7573901,242.3156702,1360,False,0.5448329513425575,8.102562395802968,1.5
3.9264655652957177,5151.18199751423,1.6311234151668927,3.292044081962796,1336.812910789807,7661.232255251893,169.12947265406174,93.16282734,148.9098381,194635,True,1.1927131820912564,0.672369904111789,0.8858801371957566
1.455021086363102,1831.9010982780965,1.9507963007020428,3.9769356251878087,3067.2069581934184,6367.044412055217,532.5839696365072,110.0500351,346.7084175,102640,True,0.3658647907909242,0.28771608605743354,0.34914980146259894
1.1013132936173662,5847.854274052761,0.4090291391078041,2.877414778635481,3743.1971940523135,1677.828873306287,41.0645979938088,141.6689123,415.8390449,46291,False,0.3827438849103787,3.4853699108442195,1.5
2.923821697919754,3867.441697210251,1.8294619868197304,2.2703575738971957,2089.8868223159607,3112.2844811784507,234.96861291848504,86.81622136,445.3051402,150610,True,1.2878237523955756,1.242637592853731,1.182126278611376
1.0611446875979045,2345.0380271383083,1.5465238363022982,0.7103325584880051,956.9454585139472,3945.331324398257,97.85400871031592,74.50388332,334.9245902,92864,True,1.493868162242856,0.5943830400357037,0.9769740472634921
0.574689757052234,4817.336217119269,1.418363543183142,1.309390655349676,3637.311198320402,3141.562099844608,274.72308472476203,95.68500035,978.0952969,7872,False,0.4388982889147571,1.5334206558654786,0.9353976669228103
0.1498142887527951,3005.0202307001937,0.3502553124464898,1.9255401691806309,4045.0036142826734,3790.27320015752,807.7737696861886,93.48262914,423.1847581,106941,False,0.0778037318290863,0.7928241768383566,0.43853524711369274
0.973696298798497,1848.0803070058384,1.667851905570902,3.357724468755868,1229.7305478326698,1264.168327117752,543.5265641700237,131.2454297,704.6289451,98732,False,0.2899868699388574,1.4618941686013331,0.8539851502795804
2.002762687450181,7164.71053992616,1.7449036765826929,0.9589656750709628,2053.106545716516,4699.863017297038,131.00525431038335,65.00895315,631.3106553,32633,True,2.0884591086566986,1.5244509280447585,1.5
0.5069040224488757,3425.36753091464,1.631486030492462,3.7750437450998215,670.9534655485537,4904.409625172249,468.024670128258,165.4572243,81.13040647,120106,True,0.13427761965122664,0.6984260679685601,0.45746540207239883
0.1393796408648535,281.7240317298456,1.8847556995632664,2.5474092613519006,3293.7173625434566,2603.0943970032463,445.1877493046621,47.48378166,768.2013501,51850,False,0.05471424959671995,0.1082265906092178,0.09707104607723177
0.0974240015280223,6085.384530159213,1.9167530167078848,1.9025978149216345,900.2959464786607,3124.6895458053727,878.0791420233068,176.258194,358.0930957,144586,False,0.05120575118829509,1.9475165257235882,0.9875755662129796
0.2367408766334326,7040.97250741914,0.8074709510047395,0.7200352106004464,3524.294897161876,5499.552438653903,450.85833415151023,36.13047829,526.9274171,54029,True,0.3287902374187705,1.2802810018958999,0.7421516926818797
0.1624568853752972,1627.2192494277388,1.820248318941664,0.9967492953396851,214.13267767451225,7457.245764024564,108.7664487631268,46.14555623,444.7642456,76781,False,0.16298654350529496,0.2182064666635509,0.1946152470292087
2.8995314488950217,471.47460903888896,0.4907664253828439,2.978776020731204,1598.6523831492163,1590.9754606440488,990.095686902368,16.71683143,616.3942097,155618,True,0.9733966083111752,0.2963431054754838,0.5797433207864676
3.9341500626530657,5878.647871048247,1.655052128529045,3.12337542918132,2567.4044296719926,2400.3548584847217,59.38870611203206,166.0385113,325.5654446,197766,True,1.2595824268560099,2.449074497389191,1.5
0.3949300075820936,5858.099484117611,0.2513642154644563,2.382072167822068,2609.8148153406823,3749.536560773058,909.3192142454328,58.56428112,233.795231,140066,True,0.16579255957245784,1.56235294351883,0.8069547422240019
0.6597603138339871,4633.375072671733,0.8177817478571279,2.6624682772631107,780.6656606719051,7659.533691637769,739.2533255022869,94.07197327,639.7532367,75562,True,0.2478001603504656,0.6049160769571735,0.4307697387698343
2.138565415697988,4551.904012927951,1.00745277573572,0.9842334087716796,1416.757496627834,4220.7023364447,99.47525594005955,105.6549535,653.3554626,47661,True,2.1728212269746883,1.078470749416498,1.5
2.1998078518444726,3905.878127595658,0.913507221721604,3.158200248056393,2066.8342513932694,1750.795117260683,566.0379958536282,139.0583531,760.9316001,84377,False,0.696538212439207,2.2309167342641034,1.3869008212189349
0.3963907244912725,578.2543696236089,0.9470014093235178,1.9750396559073864,2954.786951011273,1879.116582337903,836.6319922779888,119.5866435,470.7420904,147027,True,0.20070003283510132,0.30772671304749327,0.2885999070075531
0.900792696593903,4508.448430520911,1.271589127280858,0.9781873239011504,2665.836338054301,367.3564386456662,643.295663747541,23.17510331,920.084319,111715,True,0.9208786023957198,12.272681091066586,1.5
3.921593297871078,5810.318184503208,1.1968212072872717,1.582386105802854,552.6249566122258,947.9424605936322,977.9632492531622,175.6386459,99.06545817,189460,False,2.478276828400585,6.129399641762221,1.5
3.49242001330391,7100.055794748138,0.5215516948158183,3.896398524694973,331.7722575401992,7053.326719722553,808.3498324578732,130.2363206,511.0868278,69832,False,0.896319792456938,1.006625111224225,0.9214592122689038
2.859025082556957,5532.429520504549,0.299631486399869,3.182574384761515,706.7472058207197,1582.5296534458469,42.929323384572,178.949886,187.2179277,117858,True,0.8983369557391323,3.495940505735316,1.5
3.5703721025316626,3270.613005902352,1.0210321288380568,1.1070308304203562,2377.0170231691764,7567.435584426898,198.71451768011892,18.22092737,844.5860448,130795,True,3.2251756493541293,0.4321956849161404,1.5
3.580968225916535,6211.82878889134,1.321384186130933,3.8130696183368378,3058.174217445744,5453.530446092687,513.8660090545198,16.64313746,52.26613222,91844,False,0.9391297944223389,1.1390472372264662,0.943503257873394
2.618579710404892,4368.680060352799,1.132299057129467,2.7848557210707026,486.3643852021081,809.1407624650599,435.8902013025514,198.2373945,788.6887596,89690,True,0.9402924360855872,5.399159525277639,1.5
2.754230836422675,87.84372908076602,1.1866371146326091,3.403025542275557,1156.2769752596264,1808.215697312696,67.24150637485626,73.99351066,280.4061754,90639,True,0.8093474447545621,0.04858033760172297,0.4230732598735459
3.7420074718336456,1541.0409269786817,1.0200388301891736,2.56436984910197,3090.984727075979,7071.754452146356,8.124136294444973,121.2002497,783.3595208,103644,True,1.459230233078058,0.21791493711904034,0.8153301973698465
1.8611157809740837,1462.4830965189622,1.6681598891567615,0.5635468688033465,3625.4107331279247,4634.320734766296,790.9035885284485,22.96773855,665.5424471,155783,True,3.3024981266028557,0.3155765817484225,1.5
1.1347008166319732,906.903272620866,0.1451053649855573,3.389310774358303,1520.8741533173193,7445.673581292208,700.6654231842692,45.83991714,462.2498092,194633,True,0.33478797235961144,0.12180271705406522,0.22839134595854355
1.054111537292301,477.8067095213037,1.4197499796635042,1.0896807159418231,248.6165641691212,4123.557704259725,466.7575634394308,66.67609547,696.3573586,195894,True,0.9673572767817082,0.11587244405767534,0.5207995343164163
3.1864279789061087,555.6472649561747,1.54030198199321,2.8894643676356213,1994.1924481505023,7576.247807145964,97.8477180509948,20.62626221,106.8872928,171654,False,1.102774241420822,0.07334069304844333,0.5395673611278512
3.2688531324516723,3015.973935768837,1.2283152099663754,3.624208818131233,385.4067415405692,2108.783758532774,903.1408157747376,58.9581423,944.782765,104965,True,0.9019491962353342,1.430195923188,1.078951548082877
1.081094332404731,761.048569803861,1.6236314010453594,3.236008740845594,1564.4162314945672,5975.969308013864,12.53798220496394,115.5847979,489.244244,53903,True,0.33408253342347255,0.12735148566709203,0.26545177026320127
0.761770979239432,5779.312039183538,1.0757977881508027,2.191617474892452,1789.7253441165994,2262.3220568457946,669.7741450254057,190.7675896,175.4642774,151486,False,0.34758375509533607,2.5545929763362945,1.4013865338447848
1.9971850834101192,5744.872402039859,1.306361368678866,0.5020284816782077,187.04697569893807,4474.217512589434,847.5324447581762,131.6792427,432.3375161,99940,False,3.978222706630366,1.2839948850477418,1.5
3.826447599587031,7933.66353809951,0.3851462637720575,2.552067047673702,1052.0228962734438,8112.482110440548,479.8329946153104,116.2787564,576.3717644,93052,False,1.499351713240942,0.9779576002899456,1.172942716442396
0.2018643815140248,2643.112774446556,1.9407188380949043,1.3760541219540472,2802.383689839999,6379.111042318568,640.7877290060707,152.8822149,931.1112048,45673,False,0.14669788898236155,0.41433873097646295,0.3289261869757841
0.4029619150284995,4602.323180928684,0.1518319992981552,2.7785035438429944,3463.7713678714404,7468.4150912573505,117.53931615577528,67.27945878,15.9843947,68647,False,0.14502834480564006,0.6162382679693315,0.37621789075113965
1.336633800130942,4516.876110007652,0.9455742504273444,1.5190709000008094,1102.1703593938423,8041.803405595676,450.59134381537433,26.97518482,292.0902113,197618,False,0.8799016031632405,0.5616745251821287,0.662200132124151
0.2160709119606316,5032.501681358457,1.7818483984050542,1.7950591867285808,871.5025679050929,885.7314685319836,767.1236239634137,35.15824301,230.3012472,96944,True,0.12036973108651663,5.681746504973575,1.5
1.0480086644301223,2913.2969616471955,0.7505144281149349,3.8426965012256096,1401.138716690581,3150.237381942859,231.8137078564768,106.3292774,229.6213019,78808,True,0.2727273390881965,0.9247864867014178,0.5920587969470238
0.8149154111700145,2723.135338779254,1.3974534432264991,1.467356468325919,3864.860534594021,2784.549423959425,255.0045123777015,156.3625575,35.25773104,196491,True,0.5553625675819379,0.9779446952423674,0.7681885710040841
3.345337164569866,3233.8797660773243,0.650206350252791,1.4841914006854182,309.5134196163098,5218.185373280145,812.778302325012,106.9386672,451.6639263,149053,False,2.253978098139398,0.6197326338801143,1.3466521737924046
0.2755328148877125,3800.623345443009,0.1181095295847268,0.7874608343435909,250.5567737021191,5201.982144000584,517.5167233244745,74.70956047,736.3317329,153552,False,0.34989989720249737,0.7306106094761657,0.5235935978424233
3.808064568009733,7784.915467487794,1.6179084221471285,2.860802272155959,3449.9551597147656,3953.446940261872,387.1103130489617,21.36049136,300.0180807,51193,True,1.3311172442626222,1.9691463128636255,1.4958014452291053
0.4293096358092128,2747.048118959892,1.5011222879148516,3.5658446824488976,3812.6379329013967,4450.586365702845,365.163643251519,54.54991883,356.9250567,195350,False,0.12039490040813487,0.6172328526218455,0.3592140851406215
1.9455653363111052,1758.210006438826,0.497874381533413,2.7207606576953003,2663.466392870724,4448.650712354141,643.8883669314341,91.81729141,308.8433748,115519,True,0.7150811357578276,0.3952232080529405,0.5455567714484619
2.2527478496795204,6365.700391421231,0.1852579254132446,1.8816075858831964,1415.3427867519351,7994.406212686358,991.842489283236,136.0711163,564.0159888,57416,False,1.1972457324976105,0.7962693189799642,0.9651338865226555
0.16142638972432,6633.470382709999,1.7284862753337211,2.632329039678936,990.5167436287024,961.3043475398028,183.2277878991896,142.4245122,212.4317898,106833,False,0.061324525151112544,6.900489312033254,1.5
3.373358922260733,3844.782819739248,0.5997463377196837,3.952589978244992,3381.684227450859,1141.316044340174,522.9682637028902,44.39212548,473.5012915,81442,True,0.8534550983968885,3.368727562743845,1.5
1.9311143443875407,1006.0331307120688,1.9070629215682904,3.671152420297366,2591.0123802968105,4317.558290961269,278.20869909745284,121.9923434,160.1111802,179098,False,0.5260238740529452,0.23300973899649977,0.402576139874154
1.7645506111581488,2300.5009960175285,1.0350358085468243,1.8344054930887792,2945.6920310139344,1459.7136455181817,305.1975123506347,81.57167459,166.3563796,48546,True,0.9619190827148639,1.5759947175289177,1.18285697189166
0.2193695290640334,4661.0624397866895,0.5525190631405682,1.3068539285477507,1855.358389403464,5119.551280341472,447.66013047540974,64.54845901,828.2208136,115376,False,0.1678606586484767,0.9104435493739902,0.5175189764581097
0.6778822036504657,4619.758173938423,1.4834105026021491,1.0490714234358047,2281.187273387371,2959.6781991567063,847.8742763956986,176.8730097,387.9493315,79146,False,0.6461729319224137,1.5608988077466734,1.0816403071057947
3.458655072226973,2218.666058225199,1.995676671637134,3.2540747110748,2286.7063471825404,2334.906220302085,664.4753542615981,76.00437327,260.289913,115878,False,1.0628686543634849,0.9502163461571217,0.9438996840057952
2.673270952454416,3907.0810001176696,1.768319845770287,2.056363728111683,1042.286226396156,2945.977272650744,82.04649839337763,166.718239,593.9748429,139931,True,1.2999984467294499,1.326242749753428,1.2651879418332124
0.1933490568749998,2103.115500051621,0.8625170896384422,3.180333627915722,451.2902897117436,4332.529708794112,967.4497469594384,120.3370203,503.6494429,154819,True,0.06079519280073803,0.48542436888483886,0.3059819538141248
3.3267673303482863,7123.968338487707,1.744809883909214,2.05683358774637,3026.501412666978,6217.128245106881,881.6590921562189,168.9365418,964.648253,95613,True,1.6174209390329994,1.145861570886636,1.3279659541714448
1.864279966529295,7562.896257759852,0.7887306607848756,2.9359387138414506,1121.589863851077,2092.554995391637,414.0314080617202,40.61718328,491.9847793,119420,False,0.6349857790812838,3.614192348971076,1.5
0.7236612471360835,120.5434002217562,1.5411961001994117,2.390198310354551,3118.723882435403,5441.570431803623,188.35123361535565,124.9161639,399.3700654,149351,False,0.30276188433371226,0.022152318289418785,0.20868467116141318
3.820698364494041,3967.9983264098455,1.0155097951725836,1.945192712967476,2227.456376450131,8082.098739737275,62.18435423190372,18.85564698,549.2941081,197165,True,1.9641737164908901,0.49096137695143677,1.1142409096273256
1.7164095799281132,6116.935014931433,1.9894192057190363,2.915844477574505,3967.7122703517934,3090.65117220554,594.4531510592601,120.357728,950.9082557,196921,False,0.5886490189994149,1.9791735372669421,1.2157136577448957
1.2463787729692497,658.7126044133574,1.9095889672466009,3.885772325950443,3152.266632974756,6839.400224782176,655.1715251117649,44.73275877,524.2925571,88415,True,0.3207543694444377,0.09631145753544856,0.21005144397497594
1.378073111571731,4521.016072823495,0.6708760806650115,1.892889248154785,3002.089147570789,400.159705609572,333.36779985151054,192.9484139,848.6199583,112291,False,0.7280258921060507,11.298029257189961,1.5
3.478791657917184,7744.072272262722,1.65216314786353,3.5235723486384165,2993.73018107459,4539.11923660145,107.41959876355143,80.38352446,125.8413882,151864,False,0.9872908305602501,1.706073770460109,1.2522156126188266
1.7059867579528016,2058.397503846741,0.2056881114173022,1.8134209396229253,1909.3648807718776,6369.155596460514,944.9364397921802,57.68474813,952.8313994,29427,False,0.9407555520738526,0.3231821663561584,0.5976213656223004
2.819608624276627,7316.069483451211,1.28209855469704,0.671723065538116,944.3310395794196,3436.8271270562154,661.5452854075653,158.4720707,571.6127481,41055,True,4.19756975956764,2.1287278093585695,1.5
3.632683778499996,4702.251361833458,1.934971695643924,3.992742830068594,4046.1851666491575,6504.875693531471,993.2910016752912,147.5333786,389.5360365,108356,False,0.9098213992951277,0.7228810484090501,0.808500740540489
1.2358727743533646,3858.7277860317936,0.4869345718600496,3.688931410945485,741.4349321577794,3071.456750812623,241.00885522494863,182.1310463,262.8557922,179537,False,0.33502179944701305,1.2563184501147744,0.8071907945809913
1.8290688357290172,5213.2517664750985,1.9735890072367583,1.6290454243628902,2527.8706083087145,4371.574617191278,167.20272870751862,18.39578419,342.6458863,172382,False,1.1227849669442997,1.1925340916706257,1.051093706610399
2.704867666397479,7479.941958295226,0.2942652764981703,3.707406525034947,1854.8602746259864,3987.003818317539,614.6829981404214,14.11394675,847.2063605,199220,False,0.7295846620940282,1.8760809613609999,1.179608221115062
2.055667201858269,2960.6414653617203,1.0820991522152563,1.6612401197551594,2446.3125618198032,6127.746133331982,644.3658895930683,36.44520356,403.9666911,9218,False,1.2374285571267594,0.4831534140708124,0.7924889229555023
0.9314956152184006,4162.810686659677,0.5599169907864577,0.8301866548497193,3683.60371906228,7240.680482844391,650.794469857948,147.5669953,351.9946199,73439,False,1.1220301937482076,0.5749198153333595,0.8374289556003186
3.384827533685847,792.3701393121491,1.2944762696670955,3.977806683326129,3178.8639629336817,8069.403927518661,248.64817453246712,0.091779775,347.7572105,4977,False,0.8509278987704983,0.09819438292235896,0.4271509278157499
3.4802149701751315,744.0414305884833,1.111418619428694,1.3617256770598465,777.3187887518557,3933.132764349516,383.0733282232202,185.5163518,344.5377336,54579,False,2.555736792708938,0.18917272184234657,1.3279900284523294
3.5883716693157006,7264.570320253478,0.6666967244967595,1.7808557627823385,1774.0647925395456,4221.200680331342,704.6025798855196,194.3298693,111.021147,144853,True,2.014969280128613,1.7209725072730433,1.5
1.41307105861179,5740.93589264441,0.6101583667402871,3.5048195554689734,1636.7085240816407,3471.272070848522,54.02975864857229,87.01400351,464.5667758,88130,False,0.4031792887104628,1.6538420999040984,0.9691772132640736
0.2051680508552951,7311.803987753693,1.479401625261121,3.482200180554389,2897.3751875981075,5087.679186744989,322.86413703612624,173.154071,341.0085407,70792,False,0.05891906877782145,1.4371590106086272,0.759833238160777
1.6717129366625194,753.5468968743462,0.8448942378044735,1.7704845977291952,353.5927947614186,7196.754295296548,935.4818816763536,179.8603372,998.1191717,97002,False,0.9442115421930795,0.10470649210049059,0.5619651668925454
0.7901257747275494,1909.4642136848424,0.7154025722423493,1.564888180782808,1381.592108953294,2629.280972581809,356.32210775618114,176.2104375,404.0172242,35677,True,0.5049084525795642,0.7262305675469988,0.6421392165992503
0.8386402378199156,6924.997781066704,0.7438101429347639,1.9271179956724696,3609.855841133067,3873.5613957525375,992.6366409083143,16.99041509,268.4989442,24463,False,0.4351782322228999,1.7877599118145868,1.0088194395151282
2.071872183058373,722.3966952621331,1.154724656064753,3.3775146022648603,1880.958066086648,4727.913578175898,493.7656694410996,187.098642,34.25746898,140259,True,0.6134308252104114,0.15279397204803624,0.43837324328123156
0.4022984395429705,3952.806266792546,0.2019938337734818,1.4762011412982836,436.1261190496991,8066.542073426594,972.5069293129316,105.1279126,82.06548955,158118,True,0.27252259584799066,0.4900248743912402,0.3957231083842841
0.8604231437054057,3186.789921650184,0.644200496019746,3.92379413661598,2063.437231580252,5989.991564985427,456.1564991275126,198.0984496,77.22644268,114657,True,0.21928340133666233,0.5320190999510894,0.4371594521953375
3.5705628792513746,6553.832961154815,0.6542739510657051,3.1085410373382243,1579.8355082895832,3089.469960759841,851.7853077667478,121.007816,590.5530138,173319,True,1.148629433465461,2.121345422443138,1.5
0.6250931946519191,2243.4012514611013,1.2938555305992896,1.855687580503812,502.7645215173382,6761.59277941923,31.074579069685917,47.59110133,210.4688623,50538,True,0.336852422986948,0.3317859155845239,0.32468859323386084
3.979926109043276,3024.9564521600005,0.9355149903814098,2.860143320160326,1923.915286044838,716.4598549995002,421.11866744755264,122.5622229,124.3159935,147753,True,1.391512337678184,4.222087848788155,1.5
2.6587819766583403,4054.847665003484,0.9945071651615718,3.910828126956052,1377.6358811617315,5185.906607406848,942.4883131020011,83.08578608,263.1484906,4535,True,0.679851226005308,0.7818975487198689,0.6993399503689461
0.8268089529470211,4107.493470333204,1.7559124783048818,3.720029290960325,1833.6321181568903,3306.759605257587,297.1871582034682,79.47715717,702.5167813,43838,True,0.222258661429765,1.2421506125090975,0.6987324215132082
2.244168519274215,1902.370098101689,0.2830244830193236,3.992972292637488,1852.1036794624808,3866.424231378679,318.45949678312314,138.5885987,304.477698,26946,False,0.5620294339088526,0.4920231158729636,0.543634808251195
2.761537583992133,6096.581475449944,0.4427543338221966,2.0717917559264123,329.11128377365503,6814.480002421864,818.0309015253353,152.1811309,996.0771609,98536,False,1.332921729788218,0.8946510184766219,1.0785168174155118
1.8520856919110995,3107.760684108227,0.9312281253199182,3.639227056169239,203.67489559410365,2745.958675337491,554.2043659463171,175.8886721,640.7165575,30692,False,0.5089226790201933,1.1317579943531055,0.8262720387124213
0.5548341435947375,321.99162539481495,1.551270016699553,2.1302553915682703,1063.2978922309126,2344.047366096839,429.2004787353249,26.25039767,168.314748,158986,False,0.26045416213316697,0.13736566500941044,0.1921473148260515
1.0233624299320172,2726.283726825881,0.2543555661837255,3.1658930747820344,1414.680840799787,2179.614924980993,657.9484778586906,135.9302956,400.5785015,139563,True,0.32324594751404423,1.2508098078833103,0.7763067758034864
0.4077232312226897,2093.796138013734,0.5199644834972916,0.7371006589051992,217.8514836775348,275.1608659413912,919.3123443641148,184.5772152,384.9549894,73879,True,0.5531438252740769,7.609352889775962,1.5
2.7040771320357884,6072.005115143726,1.448080513895345,3.8508202157115066,998.3084877924788,3156.377101449882,208.0260120008109,41.33298981,140.0324627,158861,True,0.7022079137309839,1.9237261322263501,1.2023418443990541
1.3671436427517851,1110.418099949362,1.780036418778924,2.5869251308431807,3050.542766972248,3420.581044262972,898.8726265113489,51.53272628,330.3093221,98246,False,0.52848190230549,0.3246285017825075,0.40967231475243915
0.7202854142695956,6045.831801516309,0.6796268645898708,2.832749074939578,1473.6938600321648,5031.762344201847,147.37465837293507,61.34285511,460.0330172,19119,False,0.25427072463671513,1.2015336549591717,0.6857908617036321
2.810693700042657,7865.046819782368,0.4152089657916251,3.126120214772559,1940.670926542723,2296.5029230456257,927.842035877321,150.4115855,967.7207409,89303,True,0.8990993972852549,3.4247928611068077,1.5
0.5456662810305484,4558.404942724368,0.346838199097996,1.0225378926090605,4052.3311573045,6970.085222902766,256.99839023729874,143.5376103,767.3631288,18177,False,0.5336386566561325,0.6539955820184328,0.606221676178625
1.0397688423304228,5158.671696903266,0.5309909922146472,2.3787886519094803,1570.2303905683302,6264.380134234262,691.7341921258795,170.5107934,665.677372,187890,False,0.4370999518582019,0.8234927615404605,0.6525428630696625
3.29795826937062,7480.5767596629075,1.3933485167060444,0.6177276709827896,3178.1606769203195,2935.9296052813334,66.352527638738,166.2828478,617.3916527,118363,False,5.3388460408089164,2.547941457335502,1.5
0.1351601458213598,6295.722096694189,1.1676998747142937,2.505058443826353,1873.9229815230103,4806.154700430582,541.6442857211148,112.0990826,488.2071304,74592,False,0.05395486568370986,1.3099291404041211,0.6698109826694635
1.6105450852441896,6727.082461116621,0.1399370338486319,3.677978995155199,1363.6251946811033,3236.1963939543475,26.038957607011028,47.01747219,113.7854731,198312,False,0.437888484267362,2.0787003136166335,1.1559794155634207
0.0445610689721189,4702.871084588277,1.5085947244259532,1.6220559104438368,751.6824822896912,1975.9774129529308,710.5162341322867,187.9773054,929.6241521,163345,True,0.027471951622169557,2.380022692253456,1.1773841128622895
3.674952977520641,4.560957393458921,1.633752825235115,2.318213942218624,4004.960327980738,5870.3228055734935,810.6097070052464,183.969937,160.7540081,87428,False,1.5852511821028832,0.0007769517186263817,0.8057200115780627
0.4500468558262973,1059.0813135892904,1.061193395830136,0.9664054399865022,3490.0539131676364,6205.989715411436,334.4379062974603,6.696495039,298.668025,129268,True,0.4656910769681782,0.1706547000534986,0.2897046619140018
0.1777737278214188,3785.945705207089,0.2861960703631637,0.5762415297322494,693.0065980370673,5357.999585957881,913.3590323344964,198.8458438,402.9887315,56719,True,0.30850504544331564,0.7065968639532203,0.5562429738766393
1.3485091848080772,5549.436231515487,1.5052155425683869,3.339655124991941,299.37855520500705,7369.03157335909,790.207203355373,39.98719259,61.01712697,67978,True,0.4037868374281593,0.7530753770719377,0.5405864578957374
0.2423028037760257,1790.198639357316,1.2762392462279848,1.2422862430656867,1694.021790254847,3945.613512957747,19.202048480583933,148.7362679,711.4619208,199968,False,0.19504571517459734,0.4537187012930753,0.3663302174846084
3.731941007454312,4316.689258072027,0.3518877965696421,2.7375880297991118,1165.8357167634135,7848.662621654736,380.75977301179074,62.36541196,220.5558244,87138,True,1.3632217863351705,0.5499904207389599,0.892135786904088
1.5902988917021492,4791.5872426036885,1.9773872560528,3.5638505113955707,212.21897176394884,484.0183620439326,531.1996306521496,131.6780146,524.8751037,163999,False,0.4462304017485294,9.899598049276435,1.5
2.364417530572662,3378.715068398372,1.7352801844393066,2.963110855400386,2111.790829170335,2956.767618301723,829.6742778581751,145.0515437,119.3686222,173113,False,0.7979508185839894,1.142705651381659,0.9458388311536031
1.3794578119623808,78.43316586346737,0.2302617721206633,1.2701455066789926,1080.866056366841,1846.666900281023,979.4372651501114,151.059433,473.944901,18504,True,1.0860619658508535,0.04247282810400657,0.5833887525536946
0.1272264816575403,4804.918563825543,0.835246721353498,1.1996381954178943,1621.2016824743273,4320.790467955141,759.5090260487232,146.5252282,136.6809146,135049,False,0.1060539553421485,1.1120461865366673,0.621425505061603
3.032299284293791,6958.874535577852,0.7605139927906893,2.710393462934924,658.706250731834,4108.550099400805,288.72378643410525,79.80565671,597.8208399,58190,False,1.1187667794341254,1.693754333164633,1.3055470386473367
2.274602023319761,1647.6543163438491,1.689267358399127,0.9101972556457092,2254.273262316224,1649.6163702453578,74.73457864283795,156.2243512,877.7043796,24189,True,2.4990182185156153,0.9988105992788933,1.5
1.132980130062415,4214.31920659745,0.7291403765379623,3.1976817653241336,1042.8213541269793,5705.069246288052,698.4488945508538,144.7092776,116.7843455,156998,False,0.35431286128459033,0.7386972925176601,0.5642268141879788
0.2922445912327052,7568.679335654414,1.6387737944139154,3.6302717552316,2038.148395340929,4896.60629713098,140.56889034807529,164.3885696,706.921771,110455,True,0.08050210299255073,1.545698974929505,0.8140047703396396
0.5907030549105956,901.1136069958156,1.221448914901593,3.173993636604541,1019.6341821212544,1398.350238597494,812.9659957832658,167.1463847,421.4761694,17496,True,0.18610713707522666,0.6444119516546837,0.4573271182850868
2.2021201380737776,7298.332978843053,0.7657534274036084,2.61282082532042,4093.303925950241,7334.980750051663,637.2617316185682,3.814371444,175.6010436,40264,True,0.8428129758919644,0.9950036989254054,0.8289251534685526
2.273140172654465,5357.925094062656,1.1797060247059172,3.712156022788955,1433.9786283401993,3093.0730944894326,717.8444528233981,163.4864642,193.3934153,1018,False,0.6123502208283872,1.7322335840934417,1.1368258350341192
3.261506738085773,6023.707265260131,1.6608597934705,0.8881866919271899,566.4160958788957,5393.5044222001925,476.1392430049973,62.87981807,13.2243222,145500,False,3.6720917974093457,1.1168447807976418,1.5
2.2369618615288114,6351.810622460989,1.7015369165389256,0.8866145736963017,3253.2900198410657,4154.905035944636,956.0983172617,127.3576463,415.8590776,58883,True,2.523034703984404,1.528749891028045,1.5
3.578448360229403,1255.6368870667557,0.5162399344891168,3.7894473387196426,2020.981113572288,4555.822205005747,725.093137411998,115.9742678,161.002243,142206,True,0.9443190777047165,0.27561147698246496,0.6069699936168645
3.5800127660847645,6539.585723546934,1.1110444196049336,3.2749818497789325,1024.5892751780489,2912.9048288391573,369.5663887789302,175.5543052,960.167401,71145,False,1.093139393486113,2.2450392668366144,1.5
0.5900645484604583,5083.23231422442,0.8116280784381262,1.982585460156013,4024.993465689238,7296.223242207227,21.3335705537262,196.8457884,565.723196,151914,False,0.297623614565604,0.6966936378977853,0.5458896072182873
1.1610120606696004,3736.087180932032,1.239963711945137,2.919802025629489,2811.3563037521967,6272.394667635681,109.31516017305832,23.78708135,419.5831251,121496,True,0.39763369325891235,0.5956396844117391,0.458869454702216
1.8321547244167864,7029.37664413718,0.800058648101006,0.8080164245104907,1430.3453076529486,385.7796512361628,525.7599038920575,171.1651099,225.6193043,31523,True,2.2674693253387868,18.221221890246312,1.5
1.239640187810514,1781.8682875053173,0.3936649025396302,3.835702783655836,172.28814948909587,5250.9716128812925,602.0430582177614,121.2433199,774.4597674,190060,True,0.3231845464951426,0.33934068178826754,0.3587727638488591
1.368023222392741,8081.033754447743,0.1153358869675476,3.953991342920512,2502.7649762097603,6283.61865534618,245.1949379849794,153.0128752,569.5142413,39083,True,0.3459852988441265,1.2860477690329364,0.8109399345858875
0.2062750916873983,6411.421453927596,0.290236358207027,2.722208985395353,3081.3962825765,5775.891929573271,70.89690668222003,133.071297,896.2684614,32487,False,0.07577486409720904,1.1100314083077463,0.6001646613144179
1.3486076296018452,2081.898393630812,0.6084882850648762,0.534045344467362,1891.596031515037,5596.896183209932,868.0811164334151,44.91209943,576.324519,42743,False,2.5252632914225757,0.3719737377842209,1.3262181771267192
1.7168305928612917,1108.5368649068378,1.802396398202796,3.1533920901275683,1439.459885268625,2425.8806828034267,525.3511710599372,140.2915673,736.9888476,54444,False,0.5444391307370559,0.45696264960930144,0.5207936534983573
3.308669699557833,1524.582613387014,1.40132134439999,1.0619013905854326,1472.8181393899563,4259.226102972447,367.8704998212641,105.59592,784.3978985,104385,False,3.115794567270675,0.3579482695142865,1.5
2.597304910507484,2726.9899624281225,1.1947864750890835,1.3852077736869413,2381.8217310356586,1002.7333858403532,584.3586867900162,162.5471734,66.05936026,137869,False,1.8750277646555522,2.7195563628542976,1.5
2.78540243472646,2054.8488788461927,1.3941943315103111,3.9703322008166992,3469.591157231995,645.1437262920749,632.27183854576,97.13353224,574.5405881,57932,False,0.7015538227757563,3.1851024692919383,1.5
2.215932217056227,1065.0089765155408,1.8842768635740768,3.0145224934074824,2901.391447811805,841.8212445817917,312.56516496268773,186.3825866,335.2804625,116341,False,0.73508540301719,1.2651248493728637,0.993308583270967
1.1794389804163743,1446.9769242997036,1.973024999614895,2.741635610802506,1964.5819860868712,1206.028465018458,339.0423705900004,12.97177554,329.3057429,72327,False,0.4301952256433941,1.1997867090788532,0.7399793366170818
2.622935298329568,5840.631075101152,0.8382448846652384,1.7570037090213482,2683.987140943806,4890.359214535287,299.5103964989194,89.17668871,94.78189722,185220,False,1.4928447743264976,1.194315349381109,1.2538212497808727
2.991314586740448,7620.602012474813,0.6395133998528881,3.7873822060056903,2322.9954838362178,2424.157371769405,627.8530529867343,38.35822711,137.4654709,75806,False,0.7898103846468694,3.143608619670136,1.5
1.5794251685211922,597.3449533330186,0.4152077710401852,1.210137271499412,3941.6372758114658,5232.03182331551,476.813050146066,145.2484498,28.38688482,52203,False,1.3051609107149535,0.11417074157632197,0.7113411402068831
1.7125371416555493,2455.3697289195297,0.8202611931607702,1.6903284264549727,3478.2810583216515,4420.65603581723,327.1103996978312,166.1289027,432.295668,85765,True,1.0131380989131518,0.5554310736845608,0.7889407912327875
1.3937080149309231,543.7505793827295,0.4499237108654039,3.5555001742839507,3746.0818960118754,2907.3798763865298,48.27849802627237,2.64806348,490.0631485,4007,True,0.39198637452611856,0.18702426319037188,0.2618791408913094
1.1475153976582084,3599.661312291454,1.6415342282013488,1.5925917001861996,3137.4598244243625,4989.068081538174,490.6516381099363,46.102828,212.3200585,33263,False,0.7205328754326487,0.7215097594860114,0.6719762088530588
2.5617035686906924,6415.687154190018,0.5939570367084522,3.5931050990359568,2564.264581157588,2961.806874715848,705.2302261365365,77.89563127,959.4820612,165726,False,0.7129496035137973,2.1661395976871014,1.3345474334134348
0.7570266030915418,7300.935429151234,1.2641763795506222,3.804015479728726,3507.535920493809,8166.117352030388,167.6383529690987,157.9246078,693.7101622,20825,True,0.1990071828357398,0.8940522299060407,0.5708582536651222
1.115428882300081,7555.405694046882,0.4010982799204798,1.4476118243611975,493.4337352335191,710.986890060036,165.06265482665228,44.88511001,152.4875146,82534,True,0.7705298430139962,10.62664556695589,1.5
1.1221621507014836,603.8816384577913,1.302056139983316,2.540874972283528,1981.917124034199,6545.712459028669,144.47132477053438,26.82480627,723.6941048,131039,True,0.44164381219008403,0.09225605954208785,0.25367060907727845
3.079203429961729,2723.512375516996,1.2888109090781552,1.0198723532415228,3511.016668808785,3237.1814613608094,271.5465252636403,199.6130474,407.2869548,12641,True,3.0192017667438,0.8413221214762533,1.5
3.3576997586075623,5665.521594934103,0.5815351763204373,0.71093019971626,520.0927882092815,754.9888098289857,166.67202112847392,27.15013299,695.4409218,132337,False,4.722960196356068,7.504113324160791,1.5
0.781287359507485,5598.540215355059,0.3283050985807928,0.6862924873247213,2959.4773716517293,3436.7648453119623,385.09818221860127,155.0183354,203.7972922,177682,False,1.138415814716623,1.6290146302453388,1.322871728370108
3.127824114088211,1577.0076046385384,1.0944040342453645,3.0665977046731,2321.877969228492,6741.797154908121,980.8331146680872,119.9811454,193.172667,65215,False,1.019965249878248,0.23391501823168026,0.6242512909572615
0.550109330797619,5805.101899643322,1.8317848100359175,2.6686213811887094,1737.5524684880545,1216.5592856770254,172.59407573195583,178.6591992,781.5348162,177002,False,0.20613981756106634,4.771737771612993,1.5
3.437037477982381,8173.486856812561,1.2731161324251727,1.5044447890204593,2785.1033518450813,4029.326451635405,785.0590714639372,151.8171916,645.6925955,15604,True,2.284587123754208,2.028499540280893,1.5
1.689651197907191,143.8440568270844,1.2724709302346833,2.275933729462405,2307.362821289297,3094.700501927514,130.2044347205721,6.154231202,311.1684978,188045,True,0.742398793794188,0.046480768232987746,0.3580736672729868
1.3201344128906047,6619.067864610023,0.5596088373437434,1.456303605344032,305.0266266651795,3424.238453500589,700.8116183523688,175.0225802,367.128918,96838,False,0.9064960778440587,1.9330043606952563,1.365307781713323
1.974325419640914,7529.853093241874,1.6684250170038182,0.7788743891225505,2128.787285861339,5337.567310241206,167.65070843165054,80.60293234,34.37181647,148955,True,2.5348411918177427,1.4107275195169147,1.5
1.6131803696040743,5198.76857122557,0.5270801503771543,2.7604163666889683,341.4914559666128,4620.996882002024,686.8878788552163,97.88892315,54.23280785,148553,True,0.5843972687141264,1.1250318281643585,0.8181994649091587
3.917835678428369,326.460234641675,0.4831817113909146,1.2376252732247797,2214.2190009992423,2475.4622318549405,458.66135428179,92.09552905,234.946487,174552,False,3.1656048058999198,0.13187849538111102,1.5
0.803207665224229,896.0406399501117,1.198023289403528,3.7430730776864105,2320.0167930183857,327.31413088266453,918.9911596931614,176.163073,565.0070719,41521,True,0.21458503052675107,2.7375556160567,1.4165662604922078
1.2091853133912571,522.7321931537863,1.7679847609224368,2.987513606687118,337.2393858651327,6648.871072718178,645.5505202471087,61.06774913,686.2019828,104544,True,0.40474624314293595,0.07861969157742507,0.24805597504864307
0.4619893392158856,1172.0013959143162,1.7222497359850604,1.6951930746070454,2346.6177339474416,6229.095154143651,286.2941583176718,152.6956067,89.06212597,101701,False,0.27252887804187087,0.18814954126146885,0.28367166987697107
0.4199637580067774,1573.9315115496338,1.4784536467206348,3.640569615594377,1008.969105450416,7008.481998011684,646.8825254093194,84.40662581,666.9201085,132017,False,0.1153565752049592,0.22457523780065142,0.195182898161227
3.762127512699282,5019.734446352552,0.4030845268788577,1.165663218358708,3407.787330997893,5884.076178750338,369.4810214112658,198.8937005,646.6357452,182890,False,3.2274538871892946,0.8531049383126001,1.5
0.2696785685763943,7731.109196182287,1.095657005188788,2.8403370405106942,3875.8130244960457,1723.1056060394512,161.5661687683636,108.4632395,614.3795227,137024,True,0.0949459411978674,4.486729753880534,1.5
3.671292970970358,4193.450003957694,1.5384274876017552,1.8506471247629488,1322.5273097000563,1754.785257981669,632.2240836552194,8.319890581,909.733404,178365,True,1.9837876913746733,2.3897226070791264,1.5
3.246981080539068,3220.8067407561903,1.726964168308955,1.376643576050855,1682.1738479576056,8189.39332057165,823.0652847414145,73.12864378,70.14589785,6279,False,2.3586197461755884,0.3932900294668074,1.2749326181875333
1.5370935126602046,7256.964444262476,1.838494749789228,3.607213394196766,289.73999049569034,6084.6447384287685,677.5170525662894,61.24268716,513.715228,8521,True,0.4261164834374852,1.1926685542110655,0.7590820616653122
1.4533593968243608,2571.750083077013,1.2089291013616317,3.0318498740003026,258.39651888255963,4075.543228910217,62.85358920804063,110.431404,238.0031949,84663,False,0.47936374750079996,0.6310201948547772,0.5549019117904183
3.1585855061659225,150.3334519594364,0.5347077142123217,3.0472287657792867,2989.7051938800505,693.2409541459358,716.3744069065216,105.2414054,197.5827702,185061,True,1.036543270099673,0.21685598758052219,0.6166631729409159
1.920108767574693,3251.395041443242,1.494490203143931,3.9970025979441126,2264.816615029265,3627.6706306909095,40.87784928167959,185.9140834,212.0288735,118694,True,0.48038705007979343,0.8962762531524865,0.7124781475491296
2.2936218156366657,6112.525761819435,0.7652469549191145,3.4144627371840515,2872.420570180811,6656.289496569895,826.5523026008418,10.18208806,315.2761217,29376,False,0.6717370551219392,0.9183082803190906,0.7206126837908412
1.189640083009191,4177.549269884482,1.5716132291450244,3.538660789628456,3274.037978968793,3861.584544354797,778.4478593742073,60.27126067,205.9659873,123708,False,0.33618360660968905,1.0818225577657667,0.6682457372579919
2.954992581639705,7573.632291132661,1.5882519639873949,1.2151338336526458,1993.826937062447,5078.491419110894,569.8689442963778,177.3856694,275.1997141,95207,True,2.4318227901977907,1.491315366043738,1.5
3.9336352399610335,1337.623831168382,1.3999347078584992,3.1635975652539576,949.6494941257012,2787.366893807669,70.6441375759933,19.33733625,569.1985412,39968,True,1.243405305326803,0.4798879665465351,0.7851529931614143
1.5949974758859509,6930.611475539708,0.3467025468496373,1.087757445402413,3840.042454260453,3224.123592906574,85.96298186572382,16.57379639,210.5730049,140940,True,1.4663158742894304,2.149610979131881,1.5
1.732296595370049,4799.79734089087,1.5193911225039116,0.6502226123517483,813.1290351911946,5687.096883955091,0.8694541512684895,12.28917502,833.1516021,97158,True,2.6641551651817545,0.8439802306847412,1.5
0.8098865819202667,764.3564478540566,1.7841321725952302,2.429294630659964,2756.626856019469,4070.976029355772,365.0065747357946,59.60195664,563.9006991,133060,False,0.33338329501718394,0.18775754073581655,0.2643216059314446
3.398317786939015,3983.331353134096,1.401579398984923,3.2440256313511457,1051.113895427205,4467.965478928053,911.2496140817608,57.98530937,12.3004293,87915,True,1.0475616180510843,0.891531362771012,0.9015915508867768
1.8550835695612409,418.70305213501706,1.1597140176609928,0.6171217996948483,213.824333062048,6117.866189490537,615.6023280290393,157.0736195,142.3080457,167799,False,3.0060201478190938,0.0684393935888691,1.462062713878691
0.8275339598770644,7906.199280650762,0.281034947970216,3.782797142009109,1241.6251236083112,6016.708806925255,79.51763615085328,166.4198107,420.5874829,49453,True,0.21876238932420192,1.3140405382817688,0.7729914703800722
1.7881523101485737,2343.4913795706707,1.255208161436273,3.155230914196708,2398.448667150685,2879.3900983228505,312.1328565237861,162.3326904,918.6247231,132785,False,0.5667261104018784,0.8138846417933411,0.7024609340322772
0.2896948689900571,7969.584947590616,0.1718552804465514,3.32244448024555,3544.240799038615,2695.515137921392,363.4859134175597,78.39986294,249.6285598,180550,False,0.08719326493467298,2.956609233060972,1.4089205941538445
1.3710192830351478,4810.711901880523,0.1447865187116506,3.998167335624256,538.7632166960298,1745.366597894092,687.5172772995642,118.7839913,428.0226895,86754,False,0.3429118456116938,2.7562759049753276,1.4540409353691846
3.2573576021630912,1213.830986908005,0.9626573701020312,1.67278101728206,3943.375699317156,1252.3458541777093,148.02028036028514,166.2348921,700.3860252,104164,True,1.947269619418586,0.969245821263776,1.3955696194661698
0.2812801898177159,1976.5837719796143,0.3909781002901739,3.3708952236479344,2325.5621276659704,2899.9360417175294,986.4301498967694,50.92285345,793.0542341,118637,False,0.08344374052349753,0.6815956430981692,0.3697353449268953
2.0059867634420034,1640.2785347095514,1.3965507445314975,1.246556383964807,3262.554512689831,5483.574620575234,169.06824128206932,184.9378356,649.668327,107429,True,1.6092213557483823,0.2991257797889433,0.9512476294103838
1.7288804073010002,6591.714269226398,1.37299445976843,2.442789238785204,3408.6133090359663,1600.933209030446,184.22041223873043,178.8698234,799.3714122,113149,False,0.7077482052494077,4.117419907293345,1.5
2.075767865990227,2838.4825524016837,0.8680742794640967,1.1938275651379795,3104.0391616068678,517.1860554407353,64.7415865249763,183.0348732,557.853454,37880,False,1.7387487002795208,5.488319951887464,1.5
3.830540571115688,4117.57425100028,0.3763278508300489,1.4618617085225585,515.8008494983131,5974.49503912106,170.59881344090363,146.2719158,101.2937336,170151,True,2.62031485500239,0.6891920109313283,1.5
1.927726201362406,6515.877260061532,1.020941531402366,3.2437656059248083,2979.33404024885,620.9365407474929,0.3666918686848763,36.81673,642.5689472,89919,False,0.5942863453373536,10.493628288848955,1.5
0.4394360955651346,5353.493863369917,1.501547172832945,2.236154597895303,1350.5891168397593,1811.77686081372,47.19799000011727,89.84978106,579.0473692,102,False,0.19651409587898855,2.9548306837358993,1.4630409730065008
1.3408480262684122,260.2983763659968,0.3949019214411685,0.5443153838191471,3369.22096917197,3604.137011030319,229.2264149029796,38.92703174,588.737144,17089,False,2.463361504683126,0.0722221090644284,1.1604808781467246
2.104618192472805,7517.039836166049,0.2453879735015451,3.5703010494138567,3382.5355740486007,5739.509755681457,465.9264207842524,30.51822228,132.1695127,152958,True,0.5894790310019636,1.3097006808665739,0.8698936945062337
2.599694376442359,1968.063626114338,1.462724993244428,2.578588009483461,1962.0109901622425,5823.446391870494,247.4358317954346,35.178257,540.3978281,164516,True,1.0081848510488787,0.3379551374464082,0.6233564033153466
2.8172632840798606,1514.6781157720789,1.93111860802598,3.4292500919069,1068.6538535316013,4463.791485966948,424.09706530073765,175.066897,553.7469455,31454,True,0.8215389333049007,0.33932546360969706,0.6099437267740413
0.4873130047473433,4102.938886213218,0.1969381520163873,3.714449198827365,533.6630375724087,7947.490338184855,482.6761415051202,36.59090385,660.6285467,4019,False,0.13119384529672407,0.5162559136415436,0.30965229531056476
3.805371156852552,6147.160046164181,0.6224901964735737,3.916575122962069,639.523826947705,3051.267336950023,455.2052045978822,144.0331743,866.8809287,24922,False,0.9716065863095203,2.0146251918699845,1.415838411249062
3.272608462586543,461.51463094469,0.1042549063083984,1.0658898225349407,1928.1034188585872,2718.217970732346,102.39289917972782,188.3574292,336.7870647,46957,False,3.070303630913629,0.1697857330589873,1.5
2.738124867010689,6875.806719005801,0.6839729800339717,2.8506446956507205,3360.67482613016,2396.407237166115,272.33797198649535,16.51183286,40.05174186,167727,True,0.9605279502774734,2.8692146349330887,1.5
0.7842551545143781,2288.8539462352146,1.0510131210003666,2.7607756242707686,1553.842119399383,1097.0692314343985,642.8165686222696,73.16392278,821.6405115,141538,False,0.28407048495693893,2.0863350083715715,1.1032733349385344
2.839318365398272,553.7083388010042,1.1046616228218458,3.5623827173433686,4079.2338971275904,4881.574388322351,780.272379494678,147.9583767,540.8987911,163240,False,0.7970276620048333,0.11342822922296358,0.4837023408838719
0.5414896504180073,610.4484381307693,1.5394320561584234,3.172490173449207,142.5497644124208,6860.253405561006,134.34285060866435,27.95036044,423.4171387,183274,False,0.17068279179143847,0.08898336576706466,0.13082835172563
3.7133069797478,54.71592241612689,1.1982391178352203,2.452297052049776,2128.2309526785048,2320.187963529194,160.16494787825874,161.5472838,962.990406,82641,True,1.514215197717911,0.02358253867902883,0.7728022780658914
2.9616623601515486,203.51883815458405,0.4855458943162587,0.7561682023290504,1280.830227191844,5328.164234863861,898.0784966449505,144.5193812,8.827599092,78235,True,3.9166662051686787,0.038196802715783275,1.5
1.1955319114361638,4829.591083280484,0.7549988902664392,2.5109569232451343,2998.7524650290834,6860.337230855017,718.9595537503521,16.46633272,721.5181016,176583,True,0.47612582447860036,0.7039874163699931,0.5392861281322001
3.034051970359934,4517.722399814986,0.7837881797146955,3.674907096451121,2974.97784867258,5566.034351643157,915.0006386226128,37.07783714,73.98458885,58370,False,0.8256130196262417,0.8116590939956458,0.7553158808063455
1.97583984424922,2029.5846494221717,1.2547160950899758,1.4967022058076815,2956.221251646815,4747.031539684289,391.5127883970275,171.8559159,871.174209,179689,False,1.3201280230992605,0.4275481702676037,0.872403153960823
0.5079510586133491,1446.9896198177694,0.776742121394671,1.549413104519557,2776.4169907104488,7920.564216076881,94.86990617812596,5.544950705,482.7129487,82057,False,0.32783428079793736,0.18268769498743956,0.232508039087049
2.472356187121373,7574.939015125932,0.4265024106468831,1.210483708961326,2291.578756494905,5814.518073727669,165.39614766182044,157.9737036,406.586094,102229,True,2.0424513988638604,1.3027630007807165,1.5
3.603139030992481,8005.014713952386,1.891696728614796,1.3013763305678756,2524.283997818351,544.2638431639247,266.91892296929666,28.04426844,302.2611595,150791,True,2.7687119994784273,14.707967100495816,1.5
0.7336070849339325,1145.2420084939731,1.31496241628397,3.3587369914781293,1443.26993604317,2463.9264395314167,850.1006571797136,22.6618997,317.2612534,143264,False,0.21841747906364173,0.4648036522742005,0.31878321613127225
1.8141038825692704,2687.588131254167,1.280254798341888,0.920913167441454,1808.187201235334,577.396867299857,634.8705354435677,9.043692659,152.8902361,145181,True,1.9698946402457205,4.654663505827041,1.5
0.134306151862162,5048.717678517299,1.9885039471261807,2.533820256539277,3569.1100653605185,2161.310470820235,167.30707462895933,56.89034539,756.9185589,39051,False,0.053005377358621944,2.3359520736811668,1.1034829472750172
3.018250740178565,4606.129189671622,0.7295206106716194,0.5561946857087445,2242.8708571425195,6824.371377680264,992.667422940736,37.77502348,998.3805904,116757,True,5.42659861939147,0.6749528907616955,1.5
3.430981498594375,1535.4684051597724,1.4044989668514591,3.140690879852297,418.4623372242829,7681.590314472938,136.05129921180426,80.55214163,794.2684576,71356,True,1.0924285570973393,0.1998893903605997,0.6218289476156886
2.6477133262019144,7590.5139664335,0.9176914701837088,3.089564962333037,1009.3816984986014,4533.474146212039,175.67511151879745,20.04016914,394.1271352,6654,True,0.8569855308098149,1.6743260731069691,1.1491127445367242
3.8294982980173886,7788.438686256024,0.7675594092420448,1.4714763487766704,3373.464502637813,1723.367797536296,332.86037863548023,67.2453634,290.6521125,87756,True,2.6024853873565137,4.519313110568134,1.5
0.9284226800047772,238.20697064511387,0.7976674290135884,3.4840261750483994,2702.450883938772,1006.0320559184728,825.733755351087,184.1998864,117.2751982,175880,True,0.2664797469588852,0.23677870800136716,0.31858865876748566
0.3242297053585736,2265.366682911917,1.097177393406349,3.432694010603724,1945.0925091216056,3772.2739900504375,214.2221671196799,42.96703287,359.3753442,77968,False,0.09445339721618608,0.6005307907873089,0.33423162865706096
2.7734584232335373,6948.046835334772,1.8245337241676556,1.821759803970336,948.2727227080449,2267.6975249775387,339.40219478461506,101.0620649,580.8099544,69940,False,1.5224053658356667,3.063921336836874,1.5
3.884552535987967,5949.795630902286,0.6685134657323459,1.8273364008481567,411.9776725083899,6834.925159551738,497.8076976703807,39.11112764,64.41673001,28923,True,2.1257992827077015,0.8704990166157135,1.3678945570040455
0.525766573915643,4457.302859805854,0.8089010785680611,3.819830495558046,2608.526651786991,4628.63520514932,761.4201907481829,143.0793492,487.4258163,179189,False,0.1376413002843291,0.9629842623769863,0.5668385856679372
3.590365162576849,7257.350924935859,0.9131026347906488,2.8281100245634123,244.2198454718256,1254.2753329724326,459.00020949264655,65.80640844,435.6509408,108902,True,1.2695276569388252,5.786090763621257,1.5
3.2489999140771437,244.99752607032497,1.643514033796933,0.6163979650148046,2909.4450473245843,7303.993847843141,800.8280827647109,199.5136921,514.3086828,121094,False,5.270936679783539,0.03354295350469516,1.5
2.637147571794192,1060.6114281671416,1.6776111391921062,2.2462193216362127,2121.8590027941,6952.479250847116,478.53460398287694,143.4068126,352.4652985,132709,True,1.1740378031453371,0.1525515416511831,0.6686860591698918
2.1601356247141656,4049.905500588209,0.3358260444250578,2.7993711746680083,2484.0234949559285,1179.154723523517,833.6390827143659,109.0653938,182.3157263,31480,True,0.7716500307681835,3.4345836185533067,1.5
2.191822035229872,3289.2126793042844,1.8058385600417657,1.612174515420789,612.6797253962463,6543.067582664876,997.7073585806612,26.13959474,401.5008434,196445,True,1.3595430610778079,0.5027019264658037,0.8510832220605845
2.6490968777456456,6903.096040207631,1.4093569412447178,1.1847512855329998,3955.084655017547,6667.39991430203,716.0806810505547,52.20620728,753.0847344,168218,True,2.23599220705775,1.0353505306265889,1.4982136873104297
1.3288623346380186,3397.242208022293,0.9844315051002,2.76212013024491,1982.214374105716,8065.893794900971,184.4071350366635,70.42440776,34.77100473,24138,False,0.4811021211514326,0.42118608228498455,0.44125046367167453
3.754856220777856,6613.352203866489,1.0458852893889643,3.722759112951082,1711.9994538399064,4990.287197365104,499.36370304033227,175.9858853,92.47683979,116213,False,1.0086215890503165,1.3252448087623345,1.1382542331376562
1.4413320007016992,926.5631983625736,0.789809105033222,1.3746597284194744,3044.041971163878,2460.0272426736806,935.2596055460376,182.2255837,532.5728954,148684,True,1.0485001650981043,0.37664753540651486,0.7324514277072386
3.4467927442898416,4891.325188953424,0.952490571781216,1.3021492350485369,1977.6997946495612,2385.5784881094246,727.7435829285744,101.3658399,292.1271579,43279,True,2.647000823343064,2.050372775946448,1.5
0.0694545653392855,6520.950020104814,0.5181033666579771,0.8765850203113266,1338.4364305026825,2876.861960925714,86.63771419642885,124.9838708,350.9140747,12425,False,0.07923302873871768,2.2666885329944093,1.1181718444485287
3.1980567322961626,3905.96916112864,0.4719422879448928,1.0096617943658284,2100.5911115367912,992.800157013486,278.4311372453527,157.3509209,309.0875053,90347,False,3.1674503112743397,3.9342954668179875,1.5
0.707471379267198,1875.639908954522,1.9752875995635768,1.124633893832401,2831.867856402293,4761.956203223777,848.2624950832569,140.5956367,936.4465491,149044,True,0.6290676050930261,0.3938801258379613,0.5306414029563022
3.6060525263023,6764.340636760135,1.6953363729218114,1.2763644950781097,2301.913116769452,4254.397191629345,966.9844412900752,76.76514454,968.0450067,12720,True,2.825250714006195,1.589964530927957,1.5
0.2205365996994781,509.1919183070868,1.424070536966289,2.2639970960268467,2275.218313537432,4208.373056576926,193.7208733296608,157.7850035,460.2493446,26493,False,0.09741024079768613,0.12099495727697357,0.17719403792984229
3.55050950666372,2758.068361842444,1.0433230705309608,3.9845500553294544,2476.812407851756,1748.1412071627692,4.016005619049801,139.8669524,566.1124076,153601,False,0.8910688951807528,1.577714860197747,1.1809031831516896
3.324138288358834,7034.838211784937,1.9566389825144148,2.429639089495697,2869.410223702042,5557.20449663296,630.9023269925922,145.083955,339.8717301,118084,False,1.3681607834552985,1.2658951483216716,1.2578847985620463
2.9739618679350666,6332.983777086402,1.459423052660956,0.674599793222987,762.0993954902265,2106.8721070268675,772.0941429576889,167.3289431,60.63012029,132292,True,4.408476684005371,3.005870053981294,1.5
3.318473168312955,1867.1100823144045,1.4883776062428713,1.324008948846367,2879.5962381754607,4185.658356677663,643.7948845515348,24.06353905,466.8156337,60928,True,2.506380840419212,0.44607321543326744,1.340639022369499
3.059138330389601,3595.714387543368,1.9169465131169865,1.0267384896048206,3253.1662826141314,4433.067302233105,555.1216198472367,62.82180344,89.45508103,108388,False,2.9794688539417393,0.8111120679176148,1.5
0.8858987381718246,653.3027211660119,0.4054279481728905,0.7059056842340516,763.46881421745,3233.842776151489,300.2128588905021,45.89975639,622.2753826,26941,True,1.2549799540899296,0.20202055764178792,0.678605692907055
0.7120936693537101,8101.389715600547,0.4183050437372371,0.7238774405691399,2381.084981224423,3149.9100256957445,244.1412374943026,103.6569573,635.1647192,114464,True,0.9837199582761931,2.5719432132793028,1.5
1.5936005849984958,5923.311414954803,1.0658705061287015,2.418540976133359,474.4678901148196,7403.3623556296,262.8617626235442,123.978445,394.5295768,182772,False,0.6589096243623038,0.8000839523477553,0.7185514159621657
3.4297091744189268,3710.891410223288,0.4315100244867682,2.8350122841134286,3966.311177374094,285.89156304773746,1.5089406181574283,45.13949968,790.4936657,170301,True,1.2097682905536975,12.9800661400546,1.5
3.2907752899804965,801.3957839365257,0.399272159835435,1.205319125410845,1549.0516223665318,7356.274166251229,440.7490070553396,27.6302733,113.2118626,65847,False,2.7302085318278446,0.10894044535536636,1.2914355380430753
0.2821490906999915,6394.438032460858,1.0412576779187424,2.7494575984768,2809.80924393987,8131.58855499038,48.83278281761893,13.74422774,823.7467166,21714,False,0.10261987245645454,0.7863700909646003,0.40691926961259717
1.5693296316885157,7394.357194773688,1.3486821876248825,3.357738986533548,3285.766763472667,4584.71928201949,985.8650428310297,69.7740348,186.5126947,84948,True,0.46737675876703444,1.6128265959838166,0.9709870161549922
2.630710632250238,1651.8319997108638,1.3311832215009345,3.501064416769752,1947.854804112027,2494.5912001202173,623.6441646831721,62.47129631,321.459393,145332,True,0.7514028785778746,0.6621654076904844,0.6673489775989999
0.1240343618955295,3313.714623257295,1.01537328508362,1.048605024010266,3740.109063320167,3260.08552571102,143.81413564518454,25.65146534,157.8127165,100534,False,0.11828499842216736,1.0164502115379712,0.5234596980593442
0.786032681873134,4928.964030858027,1.518730550123439,1.7523401535545533,2201.974721488989,1060.1189582361944,279.49458665121693,1.20328582,564.9988677,44291,False,0.44856144608525483,4.649444279733756,1.5
2.9923078763766093,2544.5484020823087,0.6521114453416317,1.298520931689138,3832.4091186975816,4715.894550221418,977.360243935119,65.6241822,717.5998315,48425,False,2.3043953308390934,0.5395685536317324,1.3126038233336454
1.925515904215276,45.52885490061544,1.878787054608348,1.627545920201532,3233.7583128343213,4968.812358482686,125.01732629105366,47.93082802,134.3332737,157583,True,1.1830785830597423,0.00916292498220954,0.5604799241737125
3.019014459375977,279.181644456653,1.4423660761790296,3.140718750551239,2711.113277586167,6860.863617562794,945.1878670879714,186.4605457,93.81737259,23175,False,0.9612492355760487,0.040691909937008136,0.5441264742112784
1.7294340247353557,5197.952734146381,1.3694466286852434,3.534518475741017,1561.9604134502324,5782.003172416448,822.9880450427197,162.2917575,474.7878671,160023,False,0.4892982020909016,0.898988218831266,0.7058945135292678
1.5984030119804506,5062.398375249001,1.6965166930985804,3.209441673108877,1899.6832403162723,1374.4728771108114,932.6275088167616,46.41327281,194.7457068,175461,True,0.4980313327834369,3.6831562527499107,1.5
1.7672456855614609,6640.219801226954,0.9827692631094664,2.9716608736101606,779.9436703975992,4535.448255176816,423.9397777564933,183.9971118,516.0469359,153011,True,0.5946994512583964,1.4640713389649311,1.018467797665126
3.775339988395297,2824.525300791087,1.5830520580129055,1.4402280516656911,3110.2538083245654,1045.537300742439,641.0748010027116,33.92983639,789.2777247,56466,False,2.621346919803446,2.701506006609116,1.5
3.194494754086562,3820.567822140479,0.5817067035819581,3.989417200684441,438.9979461092828,965.176812509288,565.684283629682,123.5857986,673.5578112,191338,True,0.8007420113385207,3.9584123537419744,1.5
2.979001857259945,3562.6202528091635,0.8747783832460768,2.077920998676836,3708.1896882924343,805.7001450061284,391.8842062295368,183.2537136,418.4706619,120009,True,1.4336446984809303,4.421769402015307,1.5
2.677119661729069,2562.598992888536,0.4765926867216201,2.2109989670574706,1878.8862912418265,2049.700991275596,482.0424278011336,68.70165888,493.3931288,104543,False,1.21081849914812,1.2502306446383264,1.1418313027894846
3.6364090285903607,2377.1145601470853,0.9797499512846004,1.848072384499641,2665.9179147059376,6329.860609195956,636.6334665971441,142.8852858,767.6740117,75831,False,1.9676756665022288,0.37553979566597373,1.1259069851351484
2.391409255281835,4407.113814212408,1.594991255412524,2.0430764527091334,701.4189050542711,4829.007616969073,836.97832725347,188.4699132,10.77071792,28596,False,1.1704936844713407,0.9126334358664565,1.0316650911038123
0.4773538964085939,6184.937464858074,0.1336877622508906,3.9808918428264,3049.116220011337,7482.800529569991,550.7852540749616,57.76247728,172.1414353,165856,True,0.11991126494871353,0.8265538336335881,0.454797560722814
3.3164372539412867,8132.906136222164,0.4887978106909952,2.46357767631324,3181.266114695138,1562.5461171036234,813.9251630097551,75.88465365,799.6675193,186632,False,1.3461868645917794,5.204906301320966,1.5
2.0798576481414863,7377.803588925639,0.7879988796263254,1.3674735930109283,3873.940205326406,2001.2820555243704,761.296013068737,194.9879422,208.7225813,138498,False,1.5209479274945952,3.6865386190183913,1.5
0.9307286214413226,1877.6181478452809,1.5124878320683035,2.68470710068123,726.5402153646514,550.5812768675984,353.9622044214514,82.22096075,590.1347665,2601,True,0.34667777148851125,3.4102469940810503,1.5
2.9832965420223965,1236.1553467602162,0.2792515881443431,2.362524723273552,2465.6014775560784,5254.4672376469625,322.3943168520106,68.89442345,352.811679,49502,True,1.2627572739774002,0.23525797966123183,0.7085624579608328
2.7455168260636844,7784.109366377395,0.1276929226360248,2.6095069876215837,2002.3124054593711,7516.768267321765,665.918644258866,168.0120012,46.85837112,148289,False,1.0521204913291202,1.0355659624605293,1.023485346127935
2.003205912852796,684.0571063467078,0.8250151891246453,3.9578882006260137,2869.7925721694664,5614.080758705309,889.040471520702,6.732649363,74.76658578,73739,False,0.5061298614766557,0.12184668080596242,0.2859565878421719
0.303380399068375,1319.4391006770384,0.9518626269445944,3.978549219563189,3673.6584203796574,6568.230596220893,665.2771280540114,165.1429731,834.24536,121788,True,0.07625400769772954,0.20088196983146583,0.20730276869799397
2.8030923348528645,6943.479131442116,0.2833255020431588,3.422512603282859,3542.3372936709798,2692.4497419664744,352.5391996727072,139.7042728,579.5715628,73343,False,0.8190156884005227,2.5788704690145723,1.5
2.670408615732216,2371.4280702079213,0.7119821309317164,0.9693776088143032,4092.833736351876,282.8617283905746,150.54465415155803,76.8440008,74.95769849,194465,True,2.754763300377063,8.383700669995765,1.5
3.622632858641506,6498.597116699058,0.3338684372927801,1.4698679911629366,1068.6643152182305,1297.6319023086894,495.1850204474563,156.1793989,150.7919953,141995,False,2.4645957431725516,5.008043575476987,1.5
2.959668846224852,1262.7529945948063,0.2810741119966305,0.5044123034109926,928.0299096960936,3798.499599053141,606.4966866839932,22.4391746,813.5142374,165866,True,5.867547160653163,0.33243467883401656,1.5
3.9750949170663175,3586.790272208132,1.7426057842965357,3.563417747974853,3579.5656913091702,5331.7239999341655,942.4892548035858,58.35473527,457.2033272,188401,True,1.1155284287947989,0.672726171043305,0.8338990373404955
0.5482129013735575,5130.062421380997,1.7340918128047804,2.621857848477567,3772.3791838194297,6073.45615033305,387.29692920275295,78.64372488,30.324961,89101,True,0.20909321708599524,0.844669376637388,0.5135245978709962
1.4135401719046774,716.2954906091245,0.4455546941938211,1.1216547581336276,3594.752494860866,7898.020800960011,965.0215188662106,132.3182872,285.8448156,71193,True,1.2602263766351356,0.09069303672020781,0.6740889782265166
3.649915594311332,5101.483055743617,1.0898539836535472,2.6541452332452926,1168.7573698238502,6455.396198499871,490.4793069779,91.16069519,908.6487147,178580,True,1.375175018088015,0.7902664527606922,1.0200401006201987
2.46290095591692,5692.379304498908,0.4533627158099743,1.54613627114125,2938.308425654114,6051.621435799139,999.6317787562392,10.56323569,791.7176539,151774,True,1.592938092811759,0.940637044790058,1.1453917149508452
2.5237054935867307,4883.5416009391765,1.2082804124586362,2.6538364115145314,1217.75290143731,4856.61643459279,175.06411634655151,30.80106198,531.368259,174071,True,0.9509646230160215,1.0055440172604653,0.8958331665517428
3.378358676519148,7036.782827401489,0.5747067397381963,1.8366384043564352,1410.6633813748304,798.4698321477094,656.6419638215206,181.1710839,625.3405628,166837,True,1.8394240418156205,8.81283491908673,1.5
0.5093711666740748,3137.516173540764,0.6380800390351254,1.4597805285184575,2711.2926279802687,1811.7105895658835,981.5673567594976,157.4123095,645.913879,30067,False,0.3489365749072323,1.7317976667348223,1.0150557151910384
2.3797363530022366,4335.71706563558,1.6795514406213774,0.6606298934952106,2025.36587462374,7027.082237529228,612.0371198149428,179.7197871,954.0789799,188394,True,3.602217783688145,0.617001042319244,1.5
1.8044252455712655,7500.487154731746,1.7457894609816924,3.715002455341759,2920.059307699473,4068.3221960485753,349.4109490215937,103.0255042,83.79329459,11964,True,0.4857129386990755,1.8436315491858255,1.099730306333535
1.378523029116697,6104.778688218149,1.6518366162707645,1.2873762639305384,235.07319739443687,4961.657691132132,561.783862269575,139.0894832,342.2141569,166216,True,1.0707995765808993,1.2303909433128977,1.1050973979921237
3.255800641947609,8028.530739436098,1.329910774808443,2.599759723878834,2275.092401122341,7948.706699469646,64.59855186051556,90.64444907,2.236382208,127396,True,1.252346268655819,1.0100423933067924,1.0634081507519335
2.606182098199783,69.82249700396005,1.863717660446336,1.5297388795338485,1737.661798895039,4513.669876327978,603.135254465135,1.954680961,143.9042658,2465,True,1.7036766401056072,0.015469119120712893,0.7745931699502606
0.9534484442677766,7446.258768064308,0.3482836930042967,3.268270352079909,3418.7024636639376,8127.357939011484,487.5005772702241,158.7701183,625.2304138,127243,False,0.29172866679537107,0.9161967299860041,0.6229708046026917
1.3141288838668777,1162.5509535456686,1.5822205468939063,3.179790075103034,2649.970667221108,4443.917226682257,22.354504468417247,136.6531814,998.8261402,63067,False,0.41327522872687356,0.2616049971191749,0.3720393183559126
3.355996056817732,1052.4693421808388,1.544265599408495,2.131263288169115,345.40141415061544,972.666912922066,802.5226659281617,89.81029464,248.9007189,103214,False,1.5746503497699649,1.0820449704997028,1.240428968287003
3.732743685164528,5060.554718507904,1.0324989909724285,1.3497154561103155,1375.229776263297,2454.9953614504743,299.3569989196756,27.50044328,618.5448163,122720,False,2.7655761832538865,2.061329644817198,1.5
1.7391723085188977,5575.785029838892,1.6845549555928576,1.4174772867285803,1045.536959337249,4362.606732670685,113.60869292754184,6.111083027,890.2256579,108252,False,1.2269481125758617,1.2780856424221951,1.1303214747727242
3.268724594428159,6953.094617115188,0.7547135685337175,3.60358456509304,4019.257262074771,699.8574929694145,197.9963184398869,145.2558898,576.0226806,164584,False,0.9070756154901415,9.93501488092811,1.5
3.4261509093422133,8125.004060254438,1.1640111695473734,0.9042411734567976,2166.6551633848853,3247.9059809988967,290.7527498881648,42.35473059,521.1879695,22495,True,3.788974911714739,2.5016130717102754,1.5
1.5976961966792835,5279.430181829493,1.6832045628001082,0.8492087019541142,260.6744678605154,4359.380664527144,264.65312917196604,4.46666486,605.3522029,18006,False,1.8813918317264027,1.2110505108163327,1.393832930014799
1.5946166453314627,3306.3937635006832,1.3549244460084189,2.1476796781994016,2275.893675161665,2471.456151433422,631.2806071430441,124.5080579,45.17344408,132079,False,0.7424831174941595,1.337832257410342,0.9984110960354674
1.9986168511706413,1963.7945330675168,1.7008620484359025,3.42910115500413,1370.3361357286406,6471.298323686603,157.42553147718473,126.9652439,614.6324568,121400,False,0.5828396941321901,0.3034622164730168,0.462333929056403
2.5854949954191917,7467.727810004887,0.2199113629248331,1.9325201564513,334.49994864556754,459.3127735501594,989.1778233009566,52.95616858,554.2568116,143813,False,1.3378870325885341,16.258480546983723,1.5
0.7404721402720433,2766.5035944103047,1.8406101886593724,3.1224977917123478,3348.936901483672,5858.096280315284,560.2116564305697,8.189349483,726.635274,179560,True,0.23714088928949614,0.4722530087520442,0.3233229252243422
3.690462549044218,631.3769795630133,1.1233244046574389,0.5460896546466865,2322.141255052585,1805.4206769323655,830.9451982789237,100.077322,22.11478639,54031,False,6.757966864369615,0.349711835740183,1.5
1.5045866731454036,6451.270409201801,0.3346939624538178,0.5050993542575295,1120.4008747200455,4535.880061077574,925.3770548828394,185.2764138,423.4881197,103091,True,2.978787602232165,1.4222753514004773,1.5
2.197573983610189,2197.8187607175423,1.76442464632398,2.9746985715475214,3669.101424540028,2566.367254530752,664.1883624585244,27.95821894,735.8341691,138568,False,0.738754933314812,0.8563929250503979,0.7317990472947591
3.604909619735462,6424.806754630198,0.8915552645338012,1.6699939560562238,471.34159523533776,5780.828849992612,163.69658203153648,70.84264065,547.1740438,189741,True,2.1586350345923413,1.1113988876399636,1.5
1.7036956898885012,7995.487334650546,0.8989228291923874,1.5238748468439045,2216.8915780583307,1178.3725392603023,489.8791865876596,80.92662579,252.4021145,120274,False,1.1180016360368341,6.785194886571562,1.5
2.366762825230718,914.5422228480456,0.8771520030727873,1.465549601271942,2276.444005550109,415.1117677171526,553.7650684202831,63.51464104,792.7776641,140361,False,1.6149308138365335,2.203122849719043,1.5
0.2883827953275966,2164.914277327537,0.6938078215893937,0.7314604678022032,2865.171092868254,543.0038738323753,580.4555737712299,19.62096152,249.2863536,71239,True,0.3942556211389922,3.9869223364121362,1.5
3.5073405016051424,7437.154269085277,0.495674721072239,1.0079585059904856,2381.231248941635,4690.481622541668,808.8855750559684,137.5847841,714.4995027,63581,True,3.479644252333932,1.5855843527363962,1.5
2.679742462034844,2716.464767040835,1.100617331513363,2.6382762568608285,1211.4184251420425,5346.527910153769,262.0175326437734,48.69883266,667.6488885,77862,False,1.0157167731580088,0.508080161963398,0.710063962119403
1.3697983285081312,275.1395933822723,0.5274705926665569,0.6354390639309118,2359.7214652929533,1156.589682284985,394.2876321199848,157.0523129,151.081558,73669,True,2.155668813254215,0.23788868028012455,1.1556461364432753
3.4445649198130424,6015.198121769301,1.5468482787894755,3.856277437440746,2620.6578322317164,7282.018063174097,590.4248190696943,84.07733298,327.6908102,193979,True,0.8932355315346625,0.8260344960365771,0.8157204082370687
3.260432176277147,4362.08935079087,1.57462762486739,1.4343172677858989,3464.7197232888534,4313.376539433599,730.3810678061601,6.023989269,522.3680918,161918,True,2.273158091551151,1.011293428686468,1.4810159116551913
0.3317020134292727,7060.147537946894,1.3202157222402835,2.35959319680841,1956.852737409736,3928.2408507348855,575.7378193267482,178.4243286,610.0611924,89294,True,0.14057587269791275,1.7972796995960214,0.9612688799795053
1.1281050304644529,1530.8449837978103,1.771738836286732,3.1075131074814304,471.3164726916492,3993.9432062462815,621.6895053419718,78.28350246,475.5529355,165503,False,0.3630249104094193,0.3832916254343255,0.3749937167883929
1.3218973255386768,3305.41528114794,0.5876194681767345,2.253453889700753,3564.8427143520253,262.09966308793526,524.6715139675108,84.76551423,961.694118,71629,True,0.5866091802326772,12.611291558309524,1.5
3.5784788834621115,3516.088043114647,1.528305540600748,0.6111403137879754,3208.9598988719813,359.8948794852887,459.8354351544598,64.53205714,706.180692,8724,False,5.855403329357637,9.769763988788869,1.5
1.631839973126607,1055.1677559126156,0.2737465112303373,2.768653817995479,232.6518708006986,4906.190202330908,101.47647009433558,195.2323326,49.40588147,5536,False,0.58939813028338,0.21506866064757166,0.4596499753262223
3.2723223175480145,5180.247042507508,1.61129859470599,3.862160730887272,3874.872863646216,476.0687725861404,858.5263386528957,172.4669594,232.569884,154433,False,0.8472773916684864,10.881299782562168,1.5
1.1723939020082477,600.5422394421394,1.7708627692191914,1.3640838328175735,3328.658020919456,7251.251809191162,191.63594821872343,114.9894749,309.3641414,118879,False,0.859472866937916,0.08281911250111551,0.4815401184895338
0.4502359947139318,7400.221987756522,1.6190298774277216,3.4651240167467487,2731.057328,2934.383664964835,750.5852145949808,143.9112315,812.7614711,150234,False,0.12993355002719015,2.5218999388491024,1.2652981948263424
1.3093068385511506,7533.985682005164,1.5105746915002058,0.7715622711361347,364.3159610073541,7568.685189902842,308.8012013655691,124.6032109,367.2923518,146987,True,1.6969532992714687,0.9954153848360102,1.2738826732536777
2.01439581233471,120.6210705383537,0.8618880406709328,1.2684161004468986,1871.8112086952056,1297.088678890016,389.8109578152272,131.2153191,261.4331312,133815,True,1.588117829399322,0.09299369611997657,0.8221238104567472
2.424233150909373,1589.318570207044,1.5395275315130506,3.786492087504536,467.0989493098784,5216.818869802194,977.2956670480694,116.7987334,960.7711552,162021,False,0.640231764560555,0.30465281804247374,0.4836116392883021
0.7258733013685061,4125.8498211321685,1.9728779324530896,0.8024717883995472,2547.7335356338326,7586.555366678579,482.5356695830943,2.972052535,868.11797,101074,False,0.9045456891020427,0.5438370408143008,0.6532586163271464
1.3781159300769108,6237.184409412093,0.4245818901195168,1.5534810500981044,3910.365880854983,904.1462734246982,987.7450178134834,175.9101817,710.4095667,49035,True,0.8871141639453646,6.8984240557544405,1.5
0.1980623993809329,5642.558649252675,1.492422380575508,1.7685394396182608,616.4815131005396,7734.25536183257,513.2207986121458,181.884692,513.7897929,1427,False,0.11199201044205959,0.7295542213886976,0.469660279479123
2.310936744071628,7033.548572718322,0.2702233445422385,1.738334972107207,4064.5334441568025,3446.872711865628,19.53189811439881,121.9380895,386.6878722,169166,False,1.3293959172174963,2.0405594167911234,1.5
0.2046702856536359,1066.8770984944767,1.0497955581057976,3.2915965454693024,1661.1667818272645,2399.5748559543795,253.5446613315091,32.5204968,46.17764646,72412,True,0.062179620329147756,0.44461088404993243,0.24431993200440516
2.99474433029803,4994.46140766551,1.0332610003605232,1.744456275293948,807.7948926488307,5592.296126001022,901.8010806716178,175.1743068,74.24804918,53579,False,1.7167197917148207,0.8930967341931314,1.2620259027891552
2.2351472125665333,979.6109031535144,1.7561112237261616,1.3814767012661608,1992.671575013641,1156.6629392588206,420.96467938956494,7.370869424,721.6883557,77370,True,1.6179394068525044,0.8469285814018661,1.1128769262095453
0.3996116027789775,1158.3326399786802,0.3980815697026483,1.829592955756581,725.5243788971106,4095.516292371866,820.4228789391764,51.62332998,4.102473584,131153,True,0.21841545853474822,0.28282945470228305,0.25137815674288033
1.789889895785552,6757.929401693952,0.2430059824120873,2.2813287352496854,506.5788709588042,1205.6451260388058,91.4391109020888,198.5735721,985.4419855,79119,True,0.7845818463369362,5.6052392616492,1.5
3.2340745668144266,4337.139112913248,1.0789882499834722,2.127845225022795,1105.2382624976708,1815.577746624523,943.8671505437536,31.76492949,410.7946755,109186,False,1.519881713623258,2.388847912785834,1.5
0.2428276151135708,12.812894295467231,1.5760364566133405,0.6479157264469079,1348.5950974042903,786.2440984413263,726.4875303176915,74.35817375,69.92563514,192648,True,0.37478213665698407,0.0162963312596833,0.21317344428776197
1.9007499165287576,1293.5032719720266,1.8302482982860309,1.8071493120683408,1318.2362474170154,1948.113783391865,58.79543961381162,191.5093584,928.5700076,86244,True,1.0517940338638954,0.6639772698779063,0.8678750660322919
2.6782590314289947,2966.540511833854,1.8854377643625224,3.049223798127892,591.0768957109203,674.3270895490092,42.50766371283543,74.06858802,445.1645792,103776,False,0.8783409583554954,4.399260467822255,1.5
1.13330733839826,3838.955233179523,1.5662877544053264,1.8852905746566715,3602.144987111544,2564.203363982016,491.0552189874355,23.51349431,552.5867692,93896,True,0.6011310683360187,1.4971336851070889,0.9559787469936221
3.8134774691408784,19.68914156777828,0.6657102182303234,2.3480548289758008,1039.1760134656784,3092.7701195019536,712.0490494032763,24.2654837,835.0332941,136595,True,1.6240999988506577,0.006366183324541027,0.7458454761094899
2.958495088130428,7382.828637325535,0.7010202040928313,2.989896210547777,1600.422528260522,5160.463708112602,847.1338714643313,111.4222359,56.70555601,26244,False,0.9894972568600123,1.43065217652603,1.1447919192545308
3.752246033136053,7224.985303269469,1.0132489407443928,1.9247676805097889,939.1223895783878,3508.450542315325,508.8217384511639,22.19042069,218.4245626,116768,False,1.9494529764180513,2.0593094341988896,1.5
1.379488608359598,1368.5543262557312,0.336655570934095,2.448303510760081,910.5487957267312,3460.4377370371203,14.030606768054232,141.3560054,846.977693,157583,False,0.5634465003421216,0.3954858979870051,0.5022147801463676
2.864197002033293,907.2444472743446,0.215949733152822,1.1985786301308416,1340.6208868846268,7595.360423433341,585.3843657983933,121.0099159,336.9004105,86423,False,2.3896593351253816,0.1194471883593372,1.1896176162921523
2.6946833831741865,430.8205087800288,0.4797768146646184,0.8421814282771434,641.0447749629377,6899.723284780053,640.1557925503166,114.8929028,29.31624374,8741,True,3.1996433227498144,0.06244025896921488,1.5
1.6799134271546947,5577.483794140946,0.9043942571114324,2.570555556433794,2812.943972078377,7907.585564322096,727.2646708374331,162.9255427,812.0858165,11794,False,0.6535212862561118,0.7053333470838973,0.6929671788273103
3.460006926695352,6031.097108610889,0.4036350488700035,3.902942432643634,651.7596891757186,2105.476988506065,413.3069900137439,181.7147848,207.2990986,153243,True,0.8865121891740404,2.8644801812941,1.5
2.476921458747821,2975.675245928852,0.3903631750964699,3.009443365566724,3219.9006672172363,3643.754598592902,198.21409360060028,73.17560447,456.0296865,199053,True,0.8230494263619255,0.8166508376445848,0.7744618240098972
2.7367571829120605,1445.815490390898,1.7298824766031078,0.6956760097450859,242.93783640987613,2287.4909444263344,374.5012147686899,190.431072,229.2821981,194320,True,3.933948002557795,0.6320529894475417,1.5
3.136631834747111,5936.947885503104,0.3429030488216285,2.008629445425858,2682.573938758488,5372.864653896358,80.2644172673045,58.28743936,566.9685043,176745,True,1.5615773632675873,1.10498742604519,1.2291049664614846
2.874132057888884,7307.364212097863,1.608290270117955,1.2709774572687589,1977.0141407252004,3111.2352220320195,812.6896732613462,170.7386149,947.0225042,197149,False,2.261353873821895,2.3487019425604707,1.5
0.2852896801028435,598.8192843517172,0.9897829447097204,3.1388054320854857,869.175055419533,3828.598961082596,565.3434535833475,71.77422493,53.17267252,43286,True,0.09089113530116329,0.1564068972180844,0.1471799595705989
1.412452498166187,3436.5497648665105,0.4614058264110099,1.6579376327292428,1622.1915478110209,380.65479438440576,533.8217361667615,77.39120348,28.83245712,10324,True,0.8519329185550465,9.027995460811407,1.5
2.1944751174034782,5189.397760107822,0.1908922979872574,0.7371625601747773,544.6663533610277,594.4340515019891,103.77455076247875,76.51206016,97.0475691,138962,True,2.9769175200184614,8.729980623191935,1.5
2.612795765688334,3256.175766453218,0.3254441590269886,2.0323971297040315,849.078911540869,6625.2788944137865,220.69607585519725,57.51741128,681.0752549,41467,True,1.285572805594356,0.4914775389617543,0.8284383585948654
3.759896054908174,4941.487362,0.4301426687229335,2.618632146672333,389.8364457654057,2025.080928512934,611.5065218445592,20.90205118,981.6727915,120535,False,1.4358238990773173,2.4401431518040666,1.5
2.705728306370986,7395.315358795136,0.6678043670105402,3.1257960206220137,1313.203051604467,2403.1120168492207,572.4333536713058,136.3625885,468.204229,68710,True,0.8656122865689351,3.0773910262468434,1.5
1.53101129255168,6940.192597864453,0.7774670377326739,3.137799992538005,2409.6217733297653,4443.810279861872,278.83945531625034,59.77883616,419.4955639,136760,True,0.4879249181807811,1.5617661779472751,0.9522576843804165
0.442169141350941,413.081691134691,0.843379052123253,2.7625691321770827,1032.0819511133957,3922.0224583878016,440.9209644489299,116.0297651,711.5762302,74208,True,0.16005716423296132,0.10532364243502318,0.17745036241035195
0.0060463054229495,2477.7414473526533,1.866864305458502,1.9207467050604763,3636.6514522587913,3041.0621904015534,382.5622790520785,132.9442739,470.5123988,33036,True,0.003147891525274074,0.8147618468173191,0.4345476939819818
1.072620509665148,4577.007728677471,1.115328518039439,2.855508811579809,796.3176875749089,3920.010909186208,545.6347127673066,161.4277588,36.51303959,79065,False,0.37563187677219756,1.1676007627387075,0.7751882074250651
2.7870714546407256,4533.434508017701,1.9892817819854824,2.2673022369323155,2329.775076560829,4319.334564814795,328.7436993254824,61.17327716,688.5401299,7855,False,1.2292451266517228,1.0495678070176344,1.0560599014298486
2.1546234650299647,7555.883558993381,0.9504599365363954,1.3409050809854215,2390.519589679252,4770.655846293736,226.61004601366903,63.11592621,802.0476754,134955,False,1.606841445186488,1.5838249081160671,1.4673655011438316
2.708320721056807,2629.8756841064437,1.535610135523419,3.464249275639727,656.1648757151193,268.1360957899858,793.6982647882933,69.63411663,744.0758168,107825,True,0.7817912984236319,9.807988240263901,1.5
3.3702228038662376,2848.806095502994,1.866851268321904,0.654514426219269,1272.014645869736,940.8874889476424,465.2513489466802,113.6598797,383.0713263,20943,True,5.149187733181372,3.027786133771979,1.5
1.821876432618156,4328.520512255585,0.4221560934598161,3.8951271940099375,1176.6764430144722,3604.728714136425,276.9381080939326,115.3837494,835.5131195,85688,True,0.4677320852802484,1.2007895335035685,0.8085406414144287
3.416223296235116,7437.7414827020175,1.7069023733325142,1.7353899328532043,3470.564960176472,3248.067660505864,456.16799723777154,9.767721942,150.4128311,649,True,1.9685612224666915,2.289897335221688,1.5
3.623089745549906,6931.968758375878,0.3527033808642832,2.569138681256605,3814.980579244444,6496.762721967172,948.176168182034,123.0681892,947.2043443,169541,False,1.4102346291182573,1.0669881376258636,1.1762993128304498
3.2561918221337214,6599.921584769586,1.5551058280803078,3.398736746964017,2734.070302114043,2678.8874795275024,965.4430237191932,3.344960736,269.5782153,138235,False,0.9580591574158297,2.46368002864756,1.5
3.961892820512403,4859.560742616332,1.1228153070753275,3.159672819489179,2915.696276538198,362.31935689946266,857.620127174856,168.9918158,381.7402948,140733,True,1.2538929797357745,13.412368499407576,1.5
0.4145962843380717,873.2959928474847,0.1169857967157679,2.595142771645782,1529.7067869529446,4067.689879976595,584.757640070614,38.43204134,9.527763109,69034,True,0.1597585031195185,0.21469089788079387,0.18772292698703885
3.239639853648822,176.8747049684116,0.4713214822568446,3.183523720707176,248.8147122869838,2747.4501571940664,192.97677579004912,133.7967703,667.2335537,195423,True,1.0176267307040672,0.06437776657781977,0.5538166874243613
2.7831700808090925,374.1284362635552,0.4396686820515927,2.9179819016657325,2158.782522889021,2682.2454413415408,270.03854748777536,117.5930957,323.2974167,85176,True,0.9537993108939459,0.13948329647899388,0.5507880282315248
3.240563030599368,1348.8816763136156,0.8374970894688809,0.983689086849888,2712.0032608738807,7619.835674810238,793.1869207284111,2.197290065,752.8969674,131089,True,3.2942926577381284,0.17702241015455825,1.5
3.876665439216228,3837.074540492543,1.2139805069884786,0.8739665328433843,546.7371943922908,4255.406560161823,726.5013904872118,30.80975388,993.8243537,157891,False,4.435708757513912,0.9016939945322013,1.5
3.634222622276451,5702.837135094041,1.045602808047794,3.650843418539261,2519.700131786662,2934.5746545568845,376.08024502903805,120.9441474,937.2207767,174167,False,0.9954471365094597,1.943326650182574,1.3829349924836638
2.510453533614462,7366.053337868395,1.8673320766535484,3.145639247989792,1404.4080327957236,7482.914285342893,720.7957088249517,185.8214324,184.20492,77538,True,0.798073948608318,0.9843829631073308,0.8950389345941832
1.9019713372966915,4651.076892508408,0.5732205119651717,0.8838839999648596,515.3216176304454,6918.618475989406,239.1964174828593,14.48704864,715.0918041,90734,True,2.1518312194146385,0.6722551486221415,1.2780841525156081
2.2286473002816285,7071.463623939083,1.7274921036694455,0.8718558665644502,3611.33280088317,5375.055851029559,191.0866773270108,26.66710823,106.1834466,14021,True,2.5562077741769786,1.3156074687612744,1.5
0.9506205033095894,1507.958409331166,0.962403923105489,1.759517478845923,3828.800114917648,4813.359344002432,60.18948208645758,165.0575146,299.1938804,122927,True,0.5402731001342517,0.3132860651463378,0.4666504635387404
2.6630029642327164,4684.788690903294,0.9739165278721216,3.884187459743048,2269.6442926874424,7006.580689069314,549.6610112448159,93.65701294,932.5624341,146723,True,0.6856008640757053,0.668626952022863,0.656242418574252
3.936646203620448,3393.4982227986466,1.7538988950582677,0.8241151434517633,798.5200554137742,936.00652809263,273.5277475443806,94.13868022,482.9822522,185412,True,4.776809961678497,3.6255069994953164,1.5
1.424444100963751,4823.65792717456,1.6007174011758385,0.626662587159277,2532.10429558322,5435.080397294692,593.6782346711259,100.4912954,321.7850809,185184,False,2.2730602673451723,0.887504429315899,1.4725119875561492
2.5035090105396995,1274.372289054763,1.5802198898243511,3.992515903327392,474.42936348280057,6150.450433574407,657.0825751637055,176.54455,414.6915107,192817,True,0.6270503221797902,0.20719983074588355,0.4637063232589308
1.6017346967269552,6644.107476236916,1.4407847636926776,1.4704764560832115,2025.196492540534,4527.897202086625,940.908975200727,63.2831801,710.449056,190410,False,1.0892616477054757,1.4673715365507172,1.182134222367055
3.2352874080045657,2708.8967117545544,1.45127340091168,3.494759646146228,868.2575439299037,5103.378971520147,467.20142783453934,154.579562,804.5840355,59873,True,0.9257536454097963,0.5308045368256962,0.7327597700594589
1.1300455540055672,807.7090079708387,1.5823500522733818,1.9844951938306163,1713.9740259870018,4697.316201089761,761.1831891144552,60.87694489,179.3146234,65201,False,0.5694369974196184,0.1719511681184038,0.36407055358223095
2.9494914992034853,428.1721114125203,0.3558690690383308,2.625447208289879,1016.8858456720614,928.2492310892842,585.3769627151246,140.6514303,609.3736048,151354,False,1.1234239890508737,0.46126847899329726,0.7834544382454105
2.704153762265954,6378.258948954076,0.4723895475822532,2.692479848564134,1200.1628652566783,5130.471210621783,192.95765725214864,14.5580061,183.0558087,94495,False,1.0043353748302593,1.243211137118506,1.0186767046391012
1.034174819726409,7764.51884651732,1.922202872755661,2.612701614165089,3241.9274370933745,7979.515044289011,934.6747132415755,11.32377813,125.2455342,42196,False,0.3958256918026195,0.9730564830630124,0.6216602454716026
1.0733313588323994,5146.462920627847,1.8397540915438315,0.5428805682239004,3185.678670791786,7941.670967294818,898.2017115286513,30.71600292,952.7505076,9400,False,1.9771003873716444,0.6480327554709636,1.1966716528277146
1.1374978653991423,4352.612212826992,1.5137475706799608,1.0798558877010027,320.8850135594401,7077.044143792251,853.0075146479037,176.2887042,315.3705348,108522,True,1.0533783488855235,0.6150325084562213,0.8389506862184665
1.4467803027637958,7449.346501488626,0.6251657053327918,3.4718581583856203,1142.783766796376,4100.882042237766,785.134977220333,91.65744227,655.4009789,104212,True,0.4167163000461499,1.816522987724648,1.0507975522122943
1.3986982940566175,7291.428093842265,1.831071927024377,2.443009559856998,1707.791288200892,6815.745746179033,22.42082889318675,10.09060991,10.36819919,52427,True,0.5725305968953693,1.069791680075524,0.7440915572745131
2.7537485478062247,5225.681000501243,0.9543048176225324,3.3060262038822814,420.9370643543727,2503.429712142742,894.2619278275339,60.28429389,116.483161,69154,False,0.8329479396214545,2.08740871495891,1.3443099760458985
1.9331955951399085,1840.157236469696,1.8721342114198576,1.2505033876146612,1299.146707668727,4584.519974056574,254.02992828038816,49.55854132,420.0798856,128332,False,1.5459326766757546,0.40138493157006866,0.9010782239525736
2.835339146828474,4556.00974792038,1.580317492651052,1.539825501391194,893.448087672251,3113.349746036775,405.9471649974997,130.8183662,378.0317751,190155,True,1.8413367637632017,1.4633787136368794,1.5
2.19324928406095,5674.517352139318,1.3853592685133926,2.230200395061741,2757.495492040175,3007.0913337736906,657.5006118837211,182.9410966,896.2107277,196224,False,0.9834310430068725,1.8870452275658511,1.3832071277413693
2.245139124471507,1727.7982939475478,0.960468119847212,1.7849713888733596,2545.161233532276,2993.546887692472,994.887433140513,7.4290479,552.695683,173850,False,1.2578004782968075,0.5771742879571929,0.8294540726257125
2.6764703557526173,5688.1300711905,0.9124479394981444,0.5243628061708092,631.708715851739,5693.789479460412,306.09540310920534,33.77535402,28.82768928,193579,True,5.1042240601952775,0.9990060381948904,1.5
0.0394988870298544,3164.84966684694,0.5186081876718605,2.169047179861105,3400.1562335379413,1765.3027073209755,632.140677100075,79.79579371,660.2375074,77216,False,0.01821023958646401,1.792808480907566,0.8548660295002184
3.26874257013506,379.8265318048725,1.9362211147549675,0.7457235500740376,3746.201138180124,3378.319421,950.728642768682,198.1073384,155.3370372,145816,True,4.383310928694154,0.11243061545080639,1.5
2.204618387771465,5266.282992773399,0.6141191283147155,3.7147218478882897,886.9232323377813,4488.070673471293,205.34593237158796,129.9832594,291.9087881,129632,True,0.5934812576999454,1.173395736107427,0.8601020914367924
0.0884464722723903,34.67718391554445,1.929392553970565,1.819116294615908,3589.1895845758145,5956.057979924322,435.8881120018201,16.8008014,638.9904342,16351,False,0.04862054389465033,0.005822170305696535,0.03290166617390475
0.8726107952402327,3015.8565852526217,0.4441912726116153,3.7286231455157166,3166.689530203987,3731.743629139253,842.4892921210438,109.5410478,701.4279738,142410,True,0.23403023774592313,0.8081628547296758,0.523770742918486
3.566599071200735,4516.7848166244175,1.444685936487746,1.327756301159982,3523.1353613191304,7683.178622618851,664.1049530377619,154.5720001,655.5462598,157810,False,2.686182985463391,0.5878797094134157,1.5
0.3607171800191477,3926.677873369809,0.4260963697478448,2.036003523710562,2028.1034366716551,966.3163474159462,529.960589460426,12.77620773,711.9872556,109817,True,0.1771691446744679,4.063553182978531,1.5
0.3601510322228205,2682.84682430825,0.4654699698961902,0.5570169961129,700.0261523120747,5093.956611550108,129.67880915627416,147.5939017,195.9881897,72512,False,0.6465698320989665,0.5266724922034971,0.6017739539233119
1.190557499890282,4283.400580240304,0.8401746924654263,3.5946622780549173,171.9870596173419,5791.9972345189735,159.30408693655684,175.1027515,537.6288459,155013,False,0.3312013971262688,0.7395377459734757,0.5694052941696255
2.4992869123413457,3188.9195048095708,1.2478737370263258,2.792867866885054,782.4771121322436,7333.79610625581,558.7392904225088,173.2330308,976.1397335,18246,True,0.8948815828681757,0.4348252198686791,0.6850056531751708
1.4024343239409889,7902.118640126351,1.114326103280107,3.7681567133863902,3037.674191923405,2918.19329634208,943.0441969257868,133.0955644,86.18584554,2273,False,0.3721803678648686,2.7078804708802813,1.4525913528200192
0.9871022729165988,2081.014079839329,0.1558268758612004,3.844929330778914,2036.6095500003512,4148.16813350851,77.76175611298241,97.90283697,115.30521,146670,True,0.2567282598113109,0.5016706199846199,0.39024282582484604
1.407653808636283,2951.9147396667004,0.9148437877068112,3.671992216026591,1647.4381717219603,5935.5174978507175,665.0852147958684,101.446496,423.8400785,160335,False,0.3833486953332349,0.49733064391407716,0.4470412932352483
1.628989522084022,3270.897481336405,0.3562965845448357,2.717900829056477,2972.515302505913,2020.023471345362,570.4244869484247,175.6612188,105.7922785,181499,False,0.5993555413476901,1.6192373633850436,1.0862187885008683
3.2440719577530297,6091.668239484107,1.6920624640111244,2.966982403431809,146.49175919808883,6538.109492129215,461.6413345495582,121.8471877,551.1511547,153087,False,1.0933906654148189,0.9317170729376335,0.9722369007500161
1.338171106799765,5367.599977084517,0.9801410548921382,3.9774428415528265,2735.526710977954,7539.230472494909,766.4362843525279,63.77458514,412.7386425,14437,False,0.33643997504621764,0.7119559477528873,0.5036732170185763
2.5007800893567165,4382.412192473128,1.9139777787072492,2.338548528725112,1548.3972839655692,8072.465900052563,532.7611949718373,177.7521898,327.7984651,23099,False,1.0693723004960456,0.542883952213624,0.8144130349902492
0.5012265286597053,1613.09760357698,0.3234994067584195,3.031434823256068,2900.660742317101,501.5001473508143,634.1715595977361,185.8800384,685.0384427,46703,True,0.16534294568088115,3.2165446189431037,1.5
0.1714738952334817,5010.981208278805,1.202343849567963,0.6781555914451447,944.4459627598392,6908.34695466144,464.3117260518512,99.47008365,338.0960642,62606,False,0.25285295077361497,0.725351699971043,0.48993923677216955
1.8730908602057277,7119.477274049215,0.7987998298122785,2.0905479310642763,1586.2377098951515,5855.958362262695,885.977684902782,44.68120866,154.4677017,188615,False,0.8959803965230112,1.215766375443035,0.9726320878918601
1.028746495369579,1012.5293307899292,0.1715428045631344,2.392611739235676,1679.3015884869535,2502.3071490711004,720.298538950985,141.6672472,301.147886,192340,False,0.4299678249218943,0.40463830779573134,0.44642361938868963
1.130349896218076,6501.959586839025,0.8303739229207966,2.511192278060453,613.354651520026,6312.572705788784,542.2309640180149,30.99493268,678.6276076,125065,True,0.4501246105162856,1.0300015364332464,0.6815580034920563
2.5081216614419413,1852.066076686256,0.4763135967558582,0.8412982059716917,3567.536348072928,3888.033418739493,126.79092290469728,97.63043633,735.8157772,119045,True,2.981248102504848,0.4763503490693629,1.5
1.346903023671953,5093.656195170675,0.1987925353532266,2.1270950693871606,3346.359081082056,3143.534054802356,916.319217359118,86.82154729,600.2583604,81593,False,0.6332121257033821,1.6203597940250627,1.057528700739972
2.576309447324865,2409.0053249247094,0.6847903302662915,3.9813511450369865,1435.3631419964174,2876.8498541764925,803.0384694501056,92.48928919,967.0877125,91585,False,0.6470940910204092,0.8373761044880526,0.7142674853616038
1.734504360496437,7062.657865609262,0.7171648532160035,2.517974899236254,1227.9229142607226,6751.153703716626,470.35053233884594,142.2386935,471.2980647,92457,True,0.6888486744541686,1.046140878213898,0.8518819510418866
2.1354639567593527,5996.095820548278,0.989516910263754,3.87985639483208,752.1743195141576,5369.972585721838,542.0542951556512,163.5054708,756.3835899,37279,True,0.5503975377042886,1.1165971005838344,0.8319202156614055
0.8551190144766232,5252.648452359294,0.1591356331243204,0.5220403043995814,1613.5138179739183,2104.085562471525,210.92436455739428,43.7837277,911.3464731,103819,True,1.6380294188792714,2.4964043970212715,1.5
1.6693852554448747,4610.392850406002,0.9876456236803276,2.6992379346541067,1247.5066245541943,4500.811913095054,638.4927219505456,100.6802278,895.0338315,145592,True,0.618465165870467,1.0243469263773892,0.789617804756823
0.6081407923225761,7907.537115468376,1.9287475551503324,1.122268262862716,3668.623097113515,7679.523430664276,684.4675528903133,68.78647681,940.089797,40507,True,0.5418849223147335,1.0296911241736633,0.7416108282898075
1.4815783576656796,5096.43671367189,1.7745044616275385,0.9976137698846276,3200.1322851300297,6205.970215789629,610.106046009599,64.72338939,418.3880116,106625,True,1.4851207123136534,0.821215142135873,1.0702207038233396
2.408566546003545,6522.66892580657,1.864316426296461,3.990749540305428,2466.2151393060985,3999.0091804997305,123.6408946264318,15.37307929,572.920983,37847,False,0.6035372348328262,1.631071255345406,1.013262230603932
2.0650526114947576,2032.473193136896,1.2830301073919823,2.356994469827076,3126.5684066628646,3688.30001273362,995.3173789236764,8.850074698,920.0200832,139786,False,0.8761377091854413,0.551059617050905,0.6466649109071985
3.525925123507222,4871.999696053561,1.8201063941291475,1.3782704559591965,2904.744269611288,1422.2068392096526,780.2420581785923,108.14087,418.4303632,61662,True,2.5582225535196796,3.425661836456476,1.5
3.106590813615833,4924.923296810305,0.9139561094641768,2.315481681768227,3220.548642650333,3932.977451449511,393.71332070961216,126.8444003,752.2317505,75901,False,1.3416601376795758,1.2522124411730347,1.2306802932651957
3.598389851114949,6533.137832892036,1.5360300001101777,2.8305451684961214,3795.041908618888,1708.641223195931,141.4429873548825,30.96830435,519.2912423,156364,False,1.271270502903256,3.8235866841890482,1.5
3.0616111149741614,1969.259205422768,0.5242186018385183,3.822732636364525,1277.6289703430527,1395.4692786685127,842.5369780693444,61.45211466,583.6825169,56286,True,0.8008957479668392,1.411180621540129,1.0261679002317745
1.52951582442105,3759.9386542805896,0.4591728059012686,0.6146255127997615,2164.463493489492,7396.995954010398,356.68616978751,43.20108754,747.5600111,166840,False,2.488528874964672,0.5083061660637753,1.3701815683297494
3.762747685577828,6423.303110989691,0.3981974463193377,2.108981687041823,2277.622215711392,3544.54210818031,836.3564921490898,15.00785253,525.5948272,40597,True,1.7841529514192778,1.812167245623471,1.5
2.0331364260838862,7010.574775802682,0.7514819217433067,0.6213604045691522,1753.4963186610437,1526.1768694174195,207.4928607633165,193.8561641,991.1237481,128104,False,3.272067449206391,4.593553284479565,1.5
2.8739149313803547,1255.615582515199,1.7937843267232194,1.859935615536334,2386.919242272992,6191.170691128413,39.867016736508056,193.5126533,61.54371395,134239,True,1.5451682102358248,0.20280745677253184,0.8833689206848142
0.7513022722462526,5362.037564743726,1.330631309572578,0.5426538187721184,2867.113583408436,6813.180804926072,419.37534217458585,153.7125857,544.2377338,134758,True,1.3844938739256885,0.7870094332561748,1.0540514826539191
3.3247194777988227,3343.840187018609,1.957151588274129,3.2300881674279496,1513.2480231241525,7803.2911582003,582.0863592048211,47.75602274,89.79239426,182635,True,1.0292965009527044,0.42851665006452144,0.6798997396047533
0.8934844151803185,2671.895854102485,0.6057044055816881,0.5512321992142406,2489.279170059508,7308.925985359918,147.71848478759432,120.5401771,448.7956989,193483,True,1.6208828068663905,0.36556613914121405,0.9541867798762815
0.167695684897362,3880.376556159673,1.658873852966402,3.791238372532178,3289.5657550257915,2777.961765128352,211.47289487749063,108.552786,812.3555092,72519,False,0.04423241806157907,1.3968430391926372,0.7027735559311539
2.036942919523762,5243.854567793914,1.890711809383976,1.5089880358981844,1682.874565343784,1098.5287978446877,237.8871607269357,149.0112987,746.6150119,168579,True,1.349872577643566,4.773524893756837,1.5
2.04745779250397,3317.6977660419225,1.1794397294275305,3.720498262541345,3868.873309794357,7036.305518437661,971.6995513517796,141.9940637,701.3930986,180346,True,0.5503180213252944,0.47151132890361924,0.5308375152811757
1.7259041266030142,6185.223035768365,1.968074364222376,1.4243546876762296,3457.199742178536,5784.090357492675,678.9826113866103,34.17135271,74.49946656,91480,True,1.2117086634580347,1.0693510392151315,1.043566700044528
3.966441105215569,3477.12111350194,1.430888331804761,0.5325739957971207,2308.069823779917,5467.203438109644,904.9069377125094,2.030599709,504.4827143,43692,True,7.447666782175681,0.6359962917473221,1.5
1.580631615960408,2636.8817240722065,0.5693531210924322,1.425724142150611,1438.3468505575752,5731.091896421414,548.4103343398231,123.7452672,155.702767,19876,False,1.1086510079889107,0.4601011066073843,0.767826140741197
0.3339006212017934,3361.804176813226,1.5739176554369134,1.391682291884932,1015.2445098586768,4392.515893169112,50.48335817394045,196.0213335,548.6267967,175224,False,0.2399257238689341,0.7653482099577341,0.5504077860737583
0.92119860694662,6334.449199794648,1.5857163275473185,2.694919925401907,3024.291840105966,7436.366401120092,679.9441101233034,43.24426988,576.9578666,86651,False,0.34182769455813883,0.8518204802265674,0.558769074943882
0.2267038988769263,6410.741227395552,1.6215295057635974,2.5125368791555904,1212.4199720009942,7071.543663978607,839.1600312512032,160.8981456,989.0770153,177427,True,0.09022904719474978,0.9065547115468382,0.5290213400430335
3.4345267934251824,260.11614178931086,0.7543778363866055,2.824404056035517,3104.806079222877,656.1233581209924,587.7327921174768,191.5548356,644.5259134,99127,False,1.2160177896884465,0.3964439585534466,0.8214085101903551
1.0084252897801655,2421.990244613245,1.6221636601628375,2.7316644126866025,238.422619962966,7902.611899660322,470.4973161605927,101.7533588,508.2922113,169056,False,0.36916134937198464,0.30647971519528494,0.35492753836395197
0.4416037614845631,3383.669716318788,1.9552831163736464,0.8880141567207458,1936.6485443228653,2490.851569797732,591.5519030995584,152.8795389,453.0133338,26959,False,0.49729304521705847,1.3584389194395545,0.911537753764211
2.7807717778529337,3490.313215593097,1.9022660562680551,2.5121685052707066,3435.131386537745,4043.9636568127007,348.0645527886307,182.8499442,870.3150523,110526,True,1.106920441482424,0.8630921321090551,0.9779528768096752
3.4730662895257454,3326.7198485956637,1.9941407579511916,0.6210550800554402,2854.4674778063195,5175.096983402594,678.115362396427,48.82468711,446.7382105,140033,False,5.592194330044579,0.642832367899999,1.5
0.8572406598197873,6275.483415968038,1.1665082069868205,1.845198155840696,3204.364151780438,7673.291319319929,333.6803295660946,176.3890605,275.7167295,168426,True,0.4645789356158781,0.8178346362726637,0.6653020981244595
1.3169829284280472,6628.946421443805,0.1551677070260737,3.3901224722245797,2588.8388856075912,4238.804002132314,772.2801994563015,61.97394009,865.6322223,108884,True,0.388476390083766,1.5638718885197962,0.9095512355285752
1.6747852317006535,453.14286960983736,0.3686733951766473,3.175636334173923,1234.971096313765,5246.391855759368,809.6455529071789,126.7402145,87.11881358,72476,False,0.5273855467303588,0.08637228822814964,0.33957655293699596
0.3428673546101439,7785.608018654013,1.0438700520971642,0.7099344649476678,1644.1704709111773,5316.932131505662,73.92102214735586,77.07461308,936.9449242,5642,False,0.48295566504121334,1.4643045697453656,0.9148137895421168
2.877515745576839,6311.187924807848,1.9602020550280923,0.5429405235338349,3366.468062391897,3519.6406197390097,453.44465684827264,115.0237826,238.5288803,3337,False,5.299863099156605,1.793134187513356,1.5
0.6771630327585862,7501.961932151706,0.6855920562919563,2.848581197350283,3258.909389493112,7305.084558581756,238.19789509733369,188.4175075,780.0535316,162048,False,0.23771932345448032,1.0269507315027195,0.6633332024565595
0.1064547431899907,2937.25853728742,1.591902591514451,2.9906849148674226,3086.065797418917,4789.568367975958,745.0375274754005,9.730770885,463.3446064,120613,True,0.035595427343532944,0.6132616367506672,0.29685224818738104
0.0366471876920795,1784.8903352295602,1.7134275905254073,2.514124262854961,2174.752024475493,7322.804962765423,463.0307624079564,85.59362777,281.3143815,161369,False,0.014576516227542344,0.24374407676587367,0.1590514945533394
3.244418433100777,3812.109615240476,1.928066320326594,3.242085630428134,1646.3252422057442,5636.5850053750455,839.2557038873744,59.51974455,282.8964414,143961,False,1.000719228983815,0.6763154660009445,0.7844327265383324
0.0955685517630731,902.8760529964148,0.3083167552744298,1.8959149184065052,1492.1794237534898,6247.797484701011,166.1364806854687,5.100131703,722.7025351,133364,False,0.05040758972233186,0.14451109451975314,0.09026409427228659
1.316220196488251,7980.383878995399,1.823227022942276,1.2556339308436604,1391.7075864487467,3713.376282244342,781.58429003541,161.3671409,589.7459694,100958,False,1.0482507010249256,2.149091088615187,1.5
3.625101471925835,4265.0685620108,0.4200430991153914,3.1138752294974896,3133.7555866105663,6444.766291180741,994.84287293629,144.958704,58.89604683,126800,False,1.1641764812568822,0.6617879328200762,0.8941809748582719
2.773789646115114,4544.779960132881,0.576498099897528,3.292122973173681,1550.339292737256,7931.995140715734,153.4255578592777,183.9089757,788.0205719,27179,True,0.8425532175330319,0.5729680715802632,0.7289614433924578
2.2490334350511327,70.29536709775039,1.7583629539817236,3.096765067198806,2643.0141679826747,1593.122850809298,280.8862801601819,117.1310068,173.7037231,173143,True,0.7262522858517066,0.044124260108325264,0.4052491999252785
0.4549865595549942,2517.9573612126424,0.92501811997604,3.907853786430585,545.0405339808378,6705.69802290157,172.64060195078224,125.0422712,235.5568685,70684,True,0.11642872737617167,0.3754951911400898,0.28390211230627344
2.6571458583433807,292.510332619604,1.8789219401411572,0.5759229526369953,3266.4191333606136,3877.035295015701,147.06604045744075,15.78596672,558.5763806,35184,False,4.613709581233859,0.0754469098901955,1.5
0.303529909377576,2670.302748688968,1.6833222672316992,3.6120275060514353,1032.8128095319707,3342.288407762045,926.243864347284,61.50873175,773.8119459,167195,False,0.08403308801939276,0.7989444422834908,0.42810173802330265
3.098365737898293,3409.2176492425824,0.7871279558763933,2.308011576840487,3737.883341594984,858.7917672131251,422.3378787663695,81.72021394,877.1019655,16507,False,1.3424388449995994,3.969783800252405,1.5
0.1046324755079477,1694.731196890808,1.792193858554702,1.2043691252041873,2805.000122387771,5479.737513088845,456.1713888903869,139.2902255,705.9152679,155888,True,0.08687734220425673,0.3092723314818489,0.24792941277214484
3.8203165478711294,1170.708695768643,1.372628180985622,0.6879136210600196,676.8654627713854,625.1492289858827,965.158739735245,165.1666747,625.5890608,167253,False,5.553474851260375,1.8726867755960932,1.5
3.728514891370335,7946.258956475349,1.7489343338741754,2.766086787745463,306.5616869699952,5114.8368634945855,420.27838612731614,183.7281668,197.4403619,33052,True,1.3479380184131144,1.5535703614782923,1.39756520779434
0.4443508081834855,907.4527809851306,1.01741473893753,2.5099080055745957,1063.3627958679483,5056.944630925752,374.1647572902246,120.0315309,94.46520096,90313,False,0.17703861263359222,0.17944684924097348,0.22044882703154287
3.4766169378180347,877.0588092706685,0.636391726716723,1.92208700559432,1090.216974952451,4531.196204300141,460.665845221394,192.8188652,468.2915401,24434,True,1.8087709447742202,0.19356010411660668,0.9974818640716083
3.2715516844827124,4696.246648764621,1.9566260628458705,3.713195363016492,1839.830542936864,3705.91916954328,434.9464279985358,76.21904924,553.1443231,147690,False,0.8810607801589571,1.2672285693905625,1.00484900517254
2.977743544219668,6864.855081928433,1.7563361448963142,0.9023026132239114,725.3254551655863,4251.203645254335,256.5030830411679,32.50736299,988.2895449,186743,False,3.300156954464866,1.6148026895810887,1.5
0.5221779443082948,576.6825038009138,0.531660326644365,3.521689536276134,2046.750374415732,3375.729831143597,230.60451609050213,99.08506925,20.16557693,76114,True,0.1482747955646467,0.17083194819376848,0.19315262458525684
3.718934263896225,5728.70168048033,1.9967951195076257,1.160691694546979,2456.6462606204777,3433.787518355961,715.0687429230487,163.830638,395.8176746,78804,False,3.2040645050736134,1.6683331884073018,1.5
1.8044161070261,1570.080528654481,0.6981340121270722,1.657499081666551,285.6611332916289,469.4911044307049,816.4874109792789,79.30351209,602.3363249,29500,True,1.0886371150050447,3.34421783606339,1.5
3.467920658245088,5287.273043589687,0.1727823821598214,3.1773727912666057,1848.604058459409,3088.274723879324,299.9412355829763,109.7456825,64.00962362,35946,True,1.091442457219571,1.7120475069769872,1.316456677439972
2.639972077745284,7291.567109146384,1.5060692119341048,2.43478572439199,2790.4620516503524,7759.442949230888,111.33271936635424,99.32586454,610.1519014,95858,True,1.084272413389527,0.9397023930602412,0.9604636797379288
1.9052185857778137,773.2495612294397,1.568707016624972,0.6115002304338972,1469.0493280065416,7318.862627691123,882.6536782383904,121.998502,183.6159042,30149,False,3.11564145901382,0.1056516019576835,1.5
1.9161237750168847,4031.5002759746712,0.1305460732140745,3.7297254121486825,3350.733587949551,803.1515061290451,959.7573126629372,77.20472587,512.4107285,33461,False,0.5137437879560213,5.019601208725512,1.5
1.7452565540966662,4012.599773065764,1.6861395743081418,2.0940081602747926,3888.497863773456,5232.792657642299,185.43978952356989,156.9408302,349.3201096,148035,False,0.8334522060388884,0.7668180328984932,0.7986111169610068
2.8891939563711078,7781.088205823162,0.1428206888141525,0.6040459068960908,3090.392302459507,7092.9828165033305,990.185710417365,14.92812568,674.4217571,159702,False,4.783062247959018,1.0970121324165336,1.5
3.32167843973574,3640.4037947843744,1.7987916834632425,3.43493102648894,3850.4072477443833,3029.8631726885737,40.635743098564326,76.20976431,251.9422398,4031,False,0.967028871057759,1.2015076543382404,1.013955590708797
2.305462552125403,7033.490325094315,0.3009130036578932,1.089651615372851,516.6406448012374,7889.493355328732,729.2378418110193,11.07643989,766.9886098,10077,True,2.115777560297539,0.891500886993237,1.3588148688503008
3.090088941422022,2518.481548730467,0.5123185060642405,3.5789818418068333,3763.443618520385,2243.9972950923857,931.1931509880814,75.79406107,2.093235557,140367,False,0.863398646488622,1.1223193330562644,0.9314793428789089
0.0470671938458209,3076.023414229101,0.278673885428972,2.699319152784688,2253.948464685575,2067.799202609412,803.693076295485,8.784902741,339.8493471,170660,True,0.01743668449156176,1.487583228032877,0.6816524808291387
1.1219409559217075,2330.4924746422794,1.2485750670742286,0.8606793335583204,983.9937398377396,4157.498285352698,5.349367899356805,172.3626233,839.3185244,188565,True,1.303551286321664,0.5605516380589493,0.9250485982659955
0.1754217806326528,1741.9101099762,1.008778147103485,2.2501798518210263,2486.316886501984,7028.859038478538,570.4346565846361,86.74123345,241.6738012,113721,False,0.07795896960490417,0.24782259826132888,0.18998287571052522
2.82175876915002,7016.693574041606,1.7285713704230243,2.6156061383187392,1852.330425925335,6480.454459080456,818.1101291530055,29.00755916,480.0269954,89224,True,1.0788159765322367,1.0827471464022127,0.9872107141297846
1.831582472077851,7211.679111851099,1.3047304816881855,3.5055182665656406,1768.75114067527,2108.588001293121,436.9199661927238,40.49020396,172.0140279,141961,False,0.5224853531819991,3.4201461376088123,1.5
1.531728406235534,124.62931791957544,1.5909942415561806,3.3050522272781127,2541.2344206279386,1467.6093364281362,0.2714919069067845,99.70128811,810.8567868,35275,True,0.4634504502358632,0.08491995433742469,0.29662945635473964
3.1652198629203805,5554.781285151883,0.9909118285594652,1.518762191777925,3582.73180864491,4476.092561267403,950.6186825400192,115.0247872,359.0631249,161922,False,2.0840772808136387,1.2409889223421378,1.5
3.498206536380957,5355.506952063642,0.2511875466190299,0.6275756329586081,2556.822347546304,1538.9095038984326,141.0672126786574,91.19201038,778.0172568,117119,True,5.574150394811914,3.4800661994852664,1.5
1.9649745790741964,6319.846536456382,1.9145136986129276,3.8375114339979786,649.2167495537071,5727.612149561172,283.3559893010621,180.3297335,154.7917198,50092,True,0.5120438338298896,1.1033998759565422,0.8171364761238322
1.9988933957133972,1730.2155473222683,1.3585312606951698,3.249618196145773,3674.978732759486,7775.934982240316,291.2863689017786,166.6979321,65.67907827,8395,True,0.6151161951788673,0.22250900387560454,0.4603005870697736
1.360155183715507,2162.5265554367725,1.523741352309955,2.714696468819636,1806.425670061118,1644.26635112509,403.6832429257087,133.8119734,477.1762709,107571,False,0.5010337981811687,1.3151923668825736,0.8842240413258943
2.05892450048911,6769.412585712413,1.1045742011726711,0.5683896714272012,2476.9057392225286,7212.953142336052,159.1424188844368,58.28008312,275.2577201,51537,False,3.622375601836059,0.938507772224554,1.5
3.1735612991456854,3956.705847783917,0.9908663096869031,3.910210130707099,1269.3880117686845,7687.584526752919,403.8874267780053,27.92151216,654.7364387,84834,True,0.8116086812355315,0.5146877843749006,0.6107975626991475
0.100800491126725,7823.517753099851,1.1217809120533389,1.4705644223453151,3213.496125053398,1381.9728775548283,285.7327228843066,197.0392311,36.7604637,164783,True,0.06854539729756766,5.661122497050119,1.5
3.412745066183765,7646.997917607135,1.49681828783161,1.0326545523131934,3780.720448709655,7941.949620636485,53.80242763090393,165.519606,381.1624088,160645,False,3.3048242064249473,0.9628615493573763,1.5
1.68896607864108,2378.093088109261,0.7869252636588429,2.4792493347176485,2833.1027341268477,2520.803615043804,669.5140109291143,31.52988244,966.9817695,186412,False,0.6812406375386975,0.9433868917728246,0.7468511655200679
0.4378932681690113,1156.131541473319,0.2713997227392858,3.046543543718105,2766.3489389132687,5747.332481260378,258.29969539838714,175.0056628,71.92480415,25499,True,0.14373440528612513,0.20115967625708372,0.2427264603068055
0.8538793081145433,7193.258741214797,0.626343532458308,2.444317057779288,830.9518885502007,4544.325262936176,699.8485391202959,4.905471251,761.9961014,195364,True,0.34933232416173765,1.582910184334865,0.8719624612772906
2.114067612298647,688.1285362700155,0.7466439216950357,0.749592750092845,484.9294457223551,459.9288067266128,923.7326573929928,98.74289791,150.8971971,29503,True,2.820284470137054,1.4961631554922026,1.5
2.7444754022793445,7011.624976816363,0.1411069894709685,1.258364530726586,617.5958146780279,3208.896189725658,687.686265148409,66.99825086,822.6115511,119595,False,2.180984249222618,2.185058213189115,1.5
3.828681456559508,4253.515156438744,0.325232075068156,2.1708582918052524,494.6092275314688,8073.729104338829,404.62900473067066,70.15315908,676.6368376,70392,False,1.763670944041535,0.5268340194404179,1.0658123483504651
0.7241525848988619,1538.130576059567,0.6687120807122919,1.3106322325676498,2025.941662429972,5595.8653130770335,984.927437501132,54.0391254,984.0476472,13244,True,0.5525211530613955,0.27486912027532634,0.3993517604175394
1.4123071979857853,2246.5100980493808,0.88255845818899,1.299059930558173,1521.683650482688,8073.358370860237,145.18095285681386,102.5710243,367.2827771,115101,False,1.08717548558631,0.2782621549267046,0.6657449297715037
0.5773681185501132,5118.83434020873,1.414636008936394,3.274262708274549,482.59676100595374,3738.8507353101786,207.20908465551423,60.82875624,241.6936025,193306,True,0.17633525274430964,1.3690929917305121,0.7258644889158778
2.538414813092104,7337.171036938929,0.2426233432202828,3.927312033976066,740.7535887281448,7915.01066772895,901.9138072364532,24.49053622,922.2138744,3952,True,0.646348990042736,0.9269944595181684,0.7202528000742631
0.5526564971649521,7631.618189845408,1.1097750423080677,1.001322577227643,3602.011208650694,1358.053177640623,76.48816242631895,189.6356994,764.0906064,139905,False,0.5519259805058101,5.619528240775125,1.5
1.3329526401481022,5711.723847110843,1.616417395604898,3.855568709062314,904.0197165760457,312.0684645705152,432.02784662889184,142.4798246,592.3702297,61331,False,0.3457213176602843,18.302790820818192,1.5
3.863084015751733,108.9030146634741,0.5482007596557708,2.8750196495941283,3050.79559976163,4872.528773418793,751.3602044984854,19.79495746,347.9729078,27220,True,1.343671745904535,0.02235040975750098,0.6246098571482007
3.262731060587785,5645.167383907813,1.778366503137444,1.957436571516019,2994.523396015437,6590.868524161452,82.56592767567295,6.631758802,277.8788442,112846,False,1.666837863983998,0.8565134264712899,1.1388247669644378
0.8761796162155693,6486.597473247419,1.1062668047086133,3.5213570250322075,1698.7311636038733,383.9570642526896,482.4709339373077,64.673322,318.7923414,44259,True,0.24881866881671466,16.894069832986307,1.5
1.6497192174401798,6661.302392043343,0.857558711188674,2.5700619882533977,3376.177846361037,1098.9133063287024,612.4782678710235,145.2927718,575.1756995,183465,False,0.6418983600714474,6.0617178330800225,1.5
3.178897116977528,6179.471406812409,0.9021414111476682,3.3021772001241323,1635.7528899232948,763.1073097672399,444.7988075046288,113.6262599,533.5462316,6399,False,0.962666738232973,8.097775135451753,1.5
0.3069714389003479,3507.5457336093787,0.7720801779661984,2.027422109771868,1271.0445378725626,4672.525690862527,733.2599749995616,77.44941438,619.6545959,63430,False,0.15140965761946418,0.7506744670699129,0.44467198624889387
3.3599497785639776,4931.761628590524,0.8903702087985874,0.5149630995182637,3781.921739793252,2329.122199503727,15.342974027265477,87.42386331,466.8073468,42143,True,6.52462915707547,2.1174336097624744,1.5
0.6686640511012159,3182.804383766921,1.7700927302381793,2.167629183025894,2952.9626966486503,4946.798746401396,986.2913150170388,65.95437278,411.793596,78198,False,0.30847699775420045,0.6434068872195136,0.461332959022862
0.6413191506790472,5308.141878947424,1.9483418202196825,2.640273254501773,2827.137312586406,4253.426859916075,21.933148830892925,138.3545613,428.0652075,35805,False,0.2428986873562746,1.247968297685549,0.7400842569438397
0.8407794892181837,5446.498014764545,0.5881911959662394,2.101787768817342,1700.3408127420323,7726.875477281107,909.4706919214676,1.907206444,547.0426415,179072,True,0.40003044154207884,0.7048771563711226,0.49816225432482997
0.9732814657973052,7946.604592421484,0.35240153464678,0.6978510218103682,3376.494550529532,7045.850505676923,917.1819783419056,97.14153371,701.1827574,30489,False,1.3946817310529784,1.1278417821795923,1.1837181666167274
2.024994917829528,7594.189200947598,1.6903895943550449,3.634076690658125,1712.6641632596104,6932.758012288935,646.04088487865,183.4120189,523.2996974,189968,True,0.5572238928834801,1.0954066457232186,0.8354120668018191
2.78404154463654,7470.000529492538,1.7432505337269084,1.9579329370610647,2643.2087435641824,2195.929694105725,56.2214688524616,173.3548598,99.53582166,18186,True,1.4219282336029657,3.401748492286265,1.5
2.4433168878256635,1956.802946190045,1.0144690447906974,1.3599019804927046,3663.021596567883,1375.4328801751594,469.1959052485653,139.6012771,462.9835427,4250,True,1.7966847068313865,1.4226815230112626,1.5
1.3218552510105002,3637.980751254189,1.098678077155848,2.3209052938915864,857.5233020544024,7968.292947049409,1.4823143481783596,1.354736826,224.7795677,101172,True,0.5695427060064866,0.456557103883178,0.4624224476885538
2.478086988588457,5370.741337202533,0.4222528223714061,3.7429498029170967,291.22500028644475,1233.0602101410714,985.994961666236,39.18429862,894.0544021,80580,True,0.6620677425567927,4.355619692109325,1.5
0.1271949313928382,4122.329851424862,0.4022890700982711,1.314749264734424,2217.1917869204235,3522.2408958365804,210.8395219104312,25.67864821,614.2524254,75683,False,0.09674455659343885,1.1703713551015882,0.583044608582271
2.057283120207489,436.7010276506635,1.2078979681024715,3.5512766615103155,3224.688176924371,2327.5963689913347,870.6720923837665,40.20356654,161.040318,128441,True,0.5793078762905154,0.18761888155560635,0.3652237157017687
2.6274680111832174,3725.519068353883,0.1313626838609308,2.583815932951902,1632.5687100108378,3112.7615343755238,638.2520111701263,74.88354451,132.5885615,164036,False,1.0168940290136754,1.1968533490325453,1.03363720314574
1.0138435307774485,6294.93653108421,0.8461023658448084,2.942429025925932,2417.3416875948515,6779.375107751467,657.9100363755108,4.941260358,952.1439929,34405,True,0.3445599459781238,0.9285422963184472,0.5753672403950884
2.491663082296344,4299.189161383288,1.8035411451040249,1.1962859382131927,3614.274758499332,4341.805720621407,212.07516620960251,87.68094808,655.2231051,22583,False,2.0828306342773923,0.9901845999175188,1.4267079972046077
0.7538625947634969,7839.9267961681635,0.8428890674896985,1.45615911529638,691.233862855274,8169.4060737636755,127.99256892334398,87.45205759,488.4617471,25606,True,0.5177058393815843,0.9596691270356464,0.708555403611496
0.0209411383690771,5496.089129277118,0.2801553679453764,2.5962677869326773,1931.185312968184,7007.49879748751,728.3129118027837,19.9993767,225.2221583,163111,False,0.008065859156985704,0.7843153866060437,0.36657368218448805
2.817244174175658,3603.123889977901,0.7386838210522592,2.2026325281717454,627.9091604351647,5494.580737474434,616.7653581852111,156.1968562,653.3433037,121992,False,1.279034454957225,0.6557595677406145,0.9487747421369853
1.4169346785275638,2206.242200816505,0.3348831238176107,3.465384675246685,3469.5165844884477,1523.7344031002406,831.3425274285609,173.7776459,897.6844444,155129,True,0.408882246108638,1.4479178227384597,0.922469996735838
2.2421570080675077,4321.801718578642,1.4026064808440322,3.260391949415996,1366.4759105738233,4222.361623298537,552.5346674185143,113.2501439,992.2857339,190002,True,0.6876953308554801,1.0235508237162478,0.8266996201820662
3.4162250628258386,2616.105357451125,0.8536633960760347,2.396112830090982,2120.035784295349,5372.768103140392,352.55106326254827,197.880526,554.1780901,115406,False,1.4257357141902236,0.4869194625085508,0.9596591678164381
2.2515029217375657,6788.644999343799,0.3334721294288789,3.744474723129694,3927.963440254957,1023.0164436161816,520.490722061355,114.7482368,759.2272991,89258,True,0.6012865587110077,6.635909945602862,1.5
0.9744592767444692,7407.795268927493,1.3957917854717572,3.7555935010009738,561.4031659969753,1066.73913113629,56.05427748982594,154.2899126,110.4306189,72463,True,0.2594687143366377,6.944336291565845,1.5
0.108312469308919,1743.710278014636,0.1368447599454583,3.1333587575883954,1160.3386257483648,2832.06313262703,68.88925888861164,42.86240781,417.6939979,146314,False,0.0345675178365992,0.6157031802400048,0.3140582329306634
1.6173107911715454,6073.4878268510765,0.8461233423945366,2.553026897946394,1168.1738664903708,3476.426826843532,529.5289323655014,95.92287292,421.1472068,185942,False,0.633487316167786,1.7470489464087273,1.119214425157103
0.7921015251821579,4568.232994603719,0.5622787616708185,1.922471124156599,312.46761904150554,4228.023356195179,986.126221722417,94.94827504,803.5045016,43110,False,0.4120223722513834,1.0804654110601297,0.7191051919725755
3.766980591732569,859.1581116793968,0.9491793154056172,3.260597941860905,4084.9987653652656,4715.13627706414,215.28567000828392,157.2314976,251.9957712,11154,False,1.15530326142554,0.182212784745245,0.680517099280334
3.953414511188024,5391.872190368288,0.7455243960355509,1.8555529442387728,1127.9023757763323,3447.629865819053,623.8448224759176,48.60048895,567.4435905,69956,True,2.1305845208450047,1.5639359208078463,1.5
2.6617240628329544,5652.473904334865,0.3118056979652832,2.8539414595813075,2256.269386829518,2795.8672574865964,492.38826317321815,7.538702256,725.9699941,135368,False,0.9326481176580719,2.02172470355211,1.3332380378751845
3.085445742273839,6045.2955779508175,1.1115307079925052,3.3185681674269496,1318.6005596706618,6032.088011237431,885.6540051864688,81.04516298,855.3803744,5449,True,0.9297518257442671,1.002189551227799,0.9099060615559064
2.7606518670128564,6356.799896743721,1.3376658884855517,2.593967178909203,3336.435637677562,2896.805181501676,669.402783580569,25.05295793,710.9603037,76289,True,1.0642581853774882,2.194417468990441,1.4789335715199385
0.8959802322292201,2018.771446121843,1.8217477146941807,0.7328520448466405,3677.964868354906,8168.095240226045,907.4718429975208,38.7898196,129.7519703,136018,True,1.2225919487265229,0.24715326970389512,0.6807849774899818
0.8035566622846284,3532.79476318395,0.6405795889683057,1.5329222749688791,3216.6883510925672,7020.906571730548,348.0371360253886,112.0680578,178.6947601,131449,True,0.5241988789692961,0.5031821356098728,0.5183691203159069
3.500812644490962,556.4391744915174,1.8455056918310864,0.5615483291333868,2189.1847606418787,6461.663375338326,271.12671757840945,35.65209818,487.6478334,152435,True,6.2342032353481835,0.08611392176960454,1.5
1.4048001396889176,7970.775199791106,1.144860322902717,3.529890902537207,1900.408348919516,860.9651179556288,135.94042822559882,149.3373484,520.1619599,190210,False,0.3979725664344505,9.257953689761377,1.5
3.24503269750198,4607.981341217297,0.9473249585406748,1.013332724577215,1406.6550092336406,3364.475062975457,663.3948943799022,51.27256758,233.0985268,58543,True,3.202333662442626,1.369598898370944,1.5
3.804754628728296,3213.0726460224723,0.9551641352059416,1.147219556392902,2341.688718550533,7782.171653804026,720.5766042633032,111.440516,570.8047453,26526,False,3.316497954579222,0.4128760953298948,1.5
0.3075795285318814,2884.495507399666,0.1848890277535491,1.6388009948924012,1177.1823913521082,7591.276863110764,821.8469821197402,51.13126054,217.0684599,14083,True,0.1876855956305302,0.3799750106647643,0.28101912403105317
1.4934240758138486,1692.2068786719165,1.3397431009674032,1.6121352474673394,847.4157391274489,5925.539991315781,761.3189975501085,125.5319196,300.2754331,146179,True,0.9263634374327933,0.28557850944662666,0.6081551088431825
1.5104366216541818,7919.628102782582,1.640219991090492,2.211495203601085,153.75612448344896,2467.727295223337,473.9144642020629,106.1018437,335.6337975,92269,False,0.682993088206376,3.209280099508139,1.5
0.1834865116810471,4484.2768883755225,1.312842876654117,1.8517241743380184,1676.9183618034183,2215.620516491459,841.73783197014,42.8838339,509.8699322,61425,False,0.09908949460961049,2.0239372460102745,0.9768091677269632
2.6931639912252407,1291.3690817919942,1.6901792688578656,2.988835438892523,528.016621227525,3346.142240523495,326.91472596725146,165.0774517,945.9629224,51750,True,0.9010743967719959,0.3859277306765164,0.6617097674899699
1.8272148665051224,4762.472699524211,1.713686647696549,0.7224481724168004,1059.776202445836,5978.551027629212,644.0668348382055,9.17164684,938.2374627,120450,False,2.5291950441199385,0.7965931338075692,1.5
2.0542788971885844,1957.7825267879944,0.804044161659936,1.465515875559321,3378.9408242949576,3486.3517333267905,911.4850581735162,49.90167302,300.3398708,380,True,1.4017435973943049,0.5615562272479772,0.9084418289283893
2.0698823387533194,120.15446088451245,1.5060598957075717,0.6133650464075497,3132.763450448316,6818.910927402014,120.02003842876783,180.6624639,705.0629848,142910,True,3.3746281700405545,0.01762076996548629,1.5
1.199237879574457,5267.825700820616,1.2910219530502065,1.2966169456598635,1962.568780450962,3088.361271952777,123.72092175782534,170.2769158,591.6367371,30509,True,0.9248968700368799,1.705702550720064,1.2689289141259728
1.0135360240425686,4804.8384711352255,1.479992704067633,3.107376935328088,3280.541326399956,2230.992010228168,285.14803090584496,122.3553563,284.2563785,53431,True,0.32617082477145026,2.1536780261665514,1.177124547540277
0.7904093200087736,5949.9024325226965,0.3582402139281072,0.5261729546358982,2688.176782318978,7480.467250010874,342.69143590296693,26.52678858,542.7006729,166839,False,1.502182525464836,0.7953918161621061,1.0471750754263502
3.6160285663595,1115.499982674024,1.7506448872822782,2.5509205697352493,1612.952765375454,4955.58648018309,621.0847034293082,172.5929193,25.50410422,156815,False,1.417538120050784,0.22509948860941095,0.8255043822109653
2.1939299197097744,3477.241576103649,0.7505744916024001,2.4136862258050518,185.57406331936076,5186.609417847758,614.2686008980392,9.046205682,59.48751826,131480,False,0.9089536938565101,0.6704267268454047,0.7152453927711467
2.9212978141581925,738.99516421114,1.989813688291918,1.7573828165841894,2847.870832647116,5251.332030772921,338.2382779343568,80.20511883,835.3113755,139326,False,1.6622992579027456,0.14072527879400631,0.851473359152331
2.3415627742733105,6277.906105779844,1.6588488353825022,3.010319503656435,1418.1978105577018,3316.297927355657,102.57309356562072,112.3651742,65.59479242,133702,False,0.7778450073436268,1.893046475740695,1.2580974254921446
3.4330954439386168,8038.481911042511,1.6047113214332864,3.262734097309385,3369.140582075933,2625.0233256947818,483.12794516394274,117.4694452,820.2588685,48545,True,1.052213968204075,3.0622516109843185,1.5
1.8653219530607927,5962.203569988272,0.6547960842083588,3.1945273932939653,614.3174321994671,359.90957807503924,819.9660909845943,95.18847027,109.9955983,53176,True,0.5839115272778679,16.565837412027268,1.5
1.717343317516622,1052.4277312304002,0.4140587903468696,1.805394423961127,388.8159737052347,1837.1903239907265,107.31267410782108,52.7829169,981.6698813,56663,False,0.951228354034866,0.5728463278488648,0.7122314871760211
3.3397274302167896,6727.605542825438,0.8300302827934506,0.8315446352599732,649.0398430381761,5396.373884562153,960.0684769669788,5.714665951,199.2075462,56441,False,4.016288810382201,1.246690033992077,1.5
1.588217591143009,1817.0770361535288,1.3156857590000284,0.7196696075333614,1891.0620822805936,5295.50280524565,83.6327611895581,55.10322349,792.3482486,89528,False,2.2068673842142217,0.34313588390708094,1.175059786579997
3.4235779258900427,6782.022097304922,1.589794266463234,2.585084455585041,3409.823766483784,4561.817725422534,789.1829270923257,50.43314209,32.53939617,165411,False,1.324357737765864,1.4866929158573625,1.2901955011664492
1.6788894881173912,1978.8332016753548,1.5741099161163672,3.033276394263076,1971.882471493838,6877.718873578559,202.8234110088386,111.427014,11.03284716,24578,True,0.5534902581915926,0.28771649986880427,0.43427010498932206
3.290848873317115,5455.270477881167,0.4212081973464638,2.3803394930175035,3751.90594858436,7769.208182613018,933.592821738868,32.66277939,858.8633429,185468,True,1.3825118225608894,0.7021655680932248,0.9544401894341025
0.6937858250449724,4676.28270075157,0.506682892859635,1.2948477321522711,4011.949469071231,6607.321705640012,804.9370282702636,107.695873,959.0683002,188732,True,0.5358045367135479,0.7077425480966291,0.6134572275742894
1.7780643783027212,5176.336593990157,0.2507053451163388,1.4020100060326637,224.7950542389949,7708.400617364779,967.9421852963814,139.4370711,946.0180739,124570,True,1.2682242654672116,0.6715188857281057,0.9426199183173846
3.06574293949108,5571.4520374603,1.5155436561693822,2.0442305258843154,1867.589925042765,2583.911447683136,960.3920468128448,31.13358391,176.057323,140747,True,1.4997043635577765,2.1562085807157723,1.5
1.6678983899958766,5518.905912841571,1.722604303745932,0.645445910504566,3474.508567240166,4120.85217554383,595.3524227650952,146.9414818,343.7047553,144042,True,2.5840984949359016,1.3392632582783623,1.5
2.958437433316347,5038.565778108129,1.2062599948439678,2.249914664075587,3177.789306355686,2880.722346435726,792.8029761785211,76.23841458,164.8657357,35739,True,1.3149103677767704,1.7490633148290764,1.4169166400739877
0.3836634851863736,2690.004386638195,0.9839666441947518,3.9146463325081866,3663.293821615922,3101.751742281252,159.3682918489161,159.8948121,877.0633127,61816,True,0.09800716452803766,0.8672532843626352,0.5143340617887006
2.156284604277941,7900.006526723468,1.498393866938209,2.8317567975169315,3966.40438961213,5912.677531648295,753.8706345095403,2.637424897,311.0313206,137484,True,0.7614650540271173,1.3361132047370499,0.9452292497769117
0.5876415961075918,2882.488163071095,0.2737419101202534,2.571675432409818,3900.2487428406416,3830.1747161474977,751.2918799013827,151.2426076,358.3643386,122145,False,0.22850526166580593,0.7525735445347551,0.5171251676503531
2.9827693622645786,2949.771360156826,1.546920827240778,1.5818098324717138,1547.110339585037,2642.6539937637804,640.6051216922687,186.48294,904.5775198,128979,True,1.8856675533089808,1.1162155038085106,1.4441115343078954
3.116809542335687,3018.098037349793,0.6137994608452354,1.562343297121274,235.46284799490465,3370.091458357402,556.7287689152446,145.3500687,958.731175,42848,False,1.994956904235911,0.8955537479464352,1.3734225119714143
0.3977485419082569,1070.0025279126712,0.231980821583563,3.36884408364091,2725.7008331763022,7312.966381775682,689.567129702147,100.197761,183.6434119,53797,False,0.11806673564175488,0.1463158001700734,0.16908321226087797
1.6131108385830508,1589.948223909331,0.9818969525251472,1.1775842327101829,3890.0909895006657,1673.607747576839,325.2565349239389,183.7619242,452.1232087,25559,True,1.3698463548753212,0.9500124657413612,1.1358397889278367
2.4754671013167284,3696.190831779633,0.5151530369916444,3.798218698849399,3943.449796738501,3528.1198633710555,687.7212487043381,59.43215062,157.9695602,192240,True,0.6517440531590697,1.0476375446043806,0.7944450251665537
2.364965358219243,4590.861102639951,0.5282748199293268,1.4795031857934102,3505.0024520892875,4305.03225558683,871.8099847609242,195.6221863,810.8575891,103839,False,1.5984850742081467,1.066394124135956,1.2970305329440213
3.511745104382773,7597.168047516179,1.0746165394823968,1.2013595547343596,1008.9835991106232,5158.84260060392,781.7233013522857,90.16998965,977.6454049,16667,True,2.9231400103354295,1.472649707349894,1.5
0.7019526692573477,6552.348897248568,0.9035796949603598,3.618224564380805,1606.4887036826983,4027.123684614551,229.4898237902704,88.83594679,21.73458362,111276,True,0.19400467349731812,1.6270542970047022,0.8639053184217043
3.12458758048613,4720.071157719226,1.8773899525493007,1.0436242436170065,1865.7627023083617,585.6059129549647,742.8682846671732,22.26084337,688.6856816,14270,True,2.9939747046141814,8.06014940293485,1.5
1.6327454908486096,6483.395303976239,1.1862012745260964,1.9283006970130463,1114.2963426232575,4212.2861227183885,303.7936509949226,199.3083645,285.6833204,10763,True,0.8467271969825804,1.5391630847367586,1.1733290580448739
1.7511791263098615,7262.3113946581825,1.268492197355963,2.302656496193209,1820.0061270875945,6275.768877950001,622.5545954083624,152.284468,108.7762835,197788,False,0.7605035178722582,1.1571986691570515,0.939126745982119
2.642372038262872,6358.536171268974,1.073073443091224,1.825437181835832,3937.2744570491072,1974.212021705996,956.948161618972,32.58909795,794.7633131,87444,True,1.4475275386238797,3.2207970056597617,1.5
0.3188860237971753,2872.263453260753,1.9703788393045711,3.865696766587837,2610.5250184040856,1177.4030999398324,812.1988788768217,165.5535655,335.4265641,93184,True,0.08249119384173913,2.4394903079226147,1.2176886007588879
1.960676491876077,6874.915409220001,1.617133176832134,3.4639939106634774,3424.5657084170725,695.7002221476985,980.955992463721,135.9582174,69.37673996,16866,True,0.5660159851391173,9.882008342780772,1.5
0.4151099993654865,3115.695828598636,0.9617473776794035,3.776286785341376,3077.217403308837,3320.110166264887,247.34527741934832,85.64047723,170.6763531,125110,True,0.10992541431212996,0.9384314590878026,0.5145912511662512
2.8572254095478526,2444.311930434188,1.726693022005334,3.2080741864806948,3713.849976464154,1062.3401136099196,252.2495410747877,127.9738325,568.1217803,188827,True,0.8906354257495662,2.3008751122343845,1.5
2.9261114411050477,2562.7043011283367,1.2842061733584833,1.2039640257575068,3784.898837568434,5309.717212887747,867.9577798371959,0.22314991,475.7532386,55921,False,2.4303957162410152,0.4826442158587082,1.3109795715495987
3.720835863100497,2346.179198851316,1.2003510166314166,0.943708095141599,2694.6600635277277,4550.310237434125,293.84574881286727,5.403812652,486.0755061,40987,False,3.942778428496764,0.515608623569081,1.5
2.055036938747904,645.4461664018509,1.71960134909953,1.6388296002877691,2860.8027369292386,1493.5184775422651,966.4975764234932,152.0709497,912.9797481,77846,True,1.253965442424038,0.43216483470082845,0.8348126013972346
1.5008511087209089,3580.8729343239547,1.7399500406731034,0.596811511237111,2241.574852788925,621.265286760143,436.6003193562693,104.4878177,490.3827695,130839,False,2.514778226766475,5.76383874147247,1.5
0.3929345532130432,7265.487743153801,1.6054143715168203,1.3417933702328693,3196.5128823192617,6812.265874320751,134.21429507365556,138.0312384,907.9231915,27404,True,0.2928426008709883,1.0665302670400705,0.6807502034476407
1.638235500542569,1548.7114834951171,0.7313610583719411,3.757007773453049,631.8018573825816,2608.7699836920847,964.5146613661634,196.5038329,813.1900296,54350,True,0.43604782403445774,0.593655819632528,0.5616424639055998
3.048210942958628,6338.466044175976,1.0200880599333213,1.7537708944486163,3952.654516621632,3699.762931463781,45.35945631304861,95.03605348,580.6598762,79912,False,1.7380886035449792,1.713208700092307,1.5
1.9559604685314205,2371.230112073379,1.419762404176386,3.5289697807525666,2506.540349637112,7534.594749485292,490.06801981951,66.68426995,255.8402161,37025,True,0.5542580514407955,0.3147123621905016,0.42438693430733243
0.1852784488064984,7989.530888805913,0.6254451996484247,1.9191797085680573,1608.143972306911,1499.7986488094814,526.5066374741518,85.55935558,354.5072516,8307,False,0.09654038724927509,5.327068996775545,1.5
1.9938291353945197,6915.148184097956,0.1759115097838676,1.6823869389204584,1878.864853254212,5111.951742318134,844.9641567370819,90.39861992,165.7911874,113861,True,1.185118538518473,1.3527412877355094,1.1872472301990387
3.796382438753841,2590.1976727870024,1.5637004532761012,0.964044999170904,824.4927320245403,5664.104551573817,680.1118347240463,193.7559903,185.9698129,32412,True,3.9379681488422698,0.45730046978211136,1.5
1.4113934597184818,1760.712936346381,1.5792235377602757,3.166708581620009,4053.322799030746,4690.234914643204,366.5097826321492,8.729147064,396.4316941,190843,True,0.4456971576776069,0.3753997332785883,0.37385923650136726
2.2633334625157278,990.7128428140612,1.667703542508931,2.078003895844396,903.5431081485278,7982.502813686226,839.4984444531824,96.88611618,270.8716003,36874,False,1.0891858181094534,0.12411055352105177,0.5944382130552074
2.993130337926833,6608.733848742353,0.1579100881420084,0.9686514530386028,499.6527063332544,3617.9940689694654,827.2251864547794,17.43621081,974.9349213,149235,False,3.089994072216065,1.8266292649833251,1.5
3.981051290488792,2053.244533983797,0.7515601010777794,1.534861484214305,384.1928450564253,2790.8827719743745,150.69031070634807,68.39763074,612.5914422,178769,False,2.5937511219623626,0.7356971614381201,1.5
0.6986918165359226,735.6039188710447,0.4978057547410861,0.6290427064339348,2894.863894215074,5407.215054500135,610.4792452557232,97.27782018,309.1889641,172175,False,1.110720621460192,0.1360411804081659,0.6096935563192405
3.3534144693513896,6766.345657128181,0.1551707951265631,2.334915075584456,2071.852066663899,3335.768035896529,288.9445703404546,5.556271653,229.0908225,60796,True,1.4362034269313049,2.0284221151730115,1.5
0.2863567497909409,5936.925183675364,0.1626409400910531,3.9907131120895274,3735.860908886648,4029.1443720515663,246.74128878955472,86.84984223,530.0914811,159094,False,0.07175576644877857,1.4734952719450198,0.7387984550519089
1.2324867975526224,380.0679917818625,1.5533118209596604,3.2538325941192485,1049.2085022964347,864.5896831003955,426.2317958056815,188.8456766,472.1663325,59785,True,0.3787799104970005,0.43959348436746937,0.4627138420583876
3.749830134036172,3882.997511093995,0.9335547195771196,3.79516131015888,3366.8308479677253,2597.8280055978084,287.6555648272402,34.6024855,562.1836716,165554,False,0.9880552734196999,1.4947092344959674,1.1345494812527899
3.538533005534868,5301.488010781568,1.9944236701464164,3.445352966143055,4008.18362405852,1573.1734249395288,394.0421931732123,181.3190988,140.5521609,136227,True,1.0270448378620798,3.369932343991521,1.5
0.972265282533178,6284.689461060805,0.2304552551180111,1.1077592894841763,634.3862367949416,6611.318275748728,847.3525893864753,11.60863004,706.6848839,149992,True,0.8776856254577505,0.9505955087903359,0.8285322378054564
1.0870294072360425,7921.241392508905,1.2583434501957884,3.1442801015376443,693.6877940954419,414.9605152360177,766.1648619245901,182.5259972,270.5689718,113234,True,0.34571635681824175,19.089144828428758,1.5
2.095986666415128,1801.5979791134232,1.847793846885901,3.2681862234155474,3496.942317403224,2067.438088421829,841.5819349522534,98.84880781,484.8421281,21220,False,0.6413300472500577,0.8714156851087379,0.7301720099904796
2.4160033703101784,5850.643779881123,1.432428793628918,0.9529066090860197,2242.2721823697752,4801.460518708072,796.5024929524301,176.2685174,347.1431842,7658,True,2.535401488322132,1.2185133577307514,1.5
0.8846250726537193,4431.485090260786,0.5569073492772755,1.6325141918176795,649.7363761584694,7815.8187926342625,49.9303691072317,98.32799263,625.1633607,24057,True,0.541878615946451,0.5669892313611583,0.5481664907620252
1.071379890255043,1179.0486208745078,1.7126128474075422,2.079664237766897,1211.8136261190048,5151.900448977285,108.60797587291492,196.0764028,647.9284935,38274,False,0.5151693988045255,0.22885702709564318,0.43287394885688657
0.5205411806958113,489.8800945571074,1.826061645522444,1.5596904299099623,3274.39403046883,5295.50155304137,124.63834159858224,171.5987644,472.5615066,187173,False,0.3337462594930467,0.09250872453870689,0.27763500272346786
3.327640899159533,5318.656812422206,1.4160601464800917,1.286810606078081,1114.724539772366,7756.165898060214,340.9427224364967,180.9620233,688.4673883,197898,False,2.5859581025239984,0.6857327295006219,1.5
3.587436743683244,1648.11379024885,1.07460402764576,2.767059576785317,2802.208702341716,522.8544617855048,572.4816726693809,140.9696033,711.2084078,47210,True,1.2964792942303467,3.1521463572645647,1.5
0.3352090195063621,6386.486175240408,0.6688417043579186,3.336918169459159,1452.3107646068804,1268.0346671663497,928.1791045637352,177.4199639,616.0845164,26875,False,0.10045464168695824,5.036523318779312,1.5
1.2377449919073151,7163.858317144747,0.9185160997696404,1.417861504963313,4012.353592831292,450.63123621112754,816.9273657561716,146.1647062,723.2578286,53487,True,0.8729654586213503,15.897385102463216,1.5
2.000045316143607,4528.746023966928,0.5515618741447178,1.1111347906610178,2080.331564064367,7121.963270869885,834.3028066309809,76.12472247,459.1329743,1623,False,1.8000008036405473,0.6358844957617842,1.134220007744959
1.0336664358766543,7828.960384541574,0.5251024313353154,2.659168807354145,3335.8506778852898,2867.436522611757,102.7652817918492,164.519032,902.4721812,89867,True,0.3887177242378308,2.730299457398414,1.485837264083843
3.444153163343936,6831.644868730064,1.513950132574017,2.445286809066278,1895.8572525855604,3631.000658914103,176.91453495843678,28.55044115,251.5098777,133603,False,1.4084858030102683,1.8814771762921347,1.4947620348747133
3.2285781193861194,955.1369081431932,1.1802294986817523,1.7161763141910202,2855.625916881748,4987.305451921863,769.7960740038201,81.50134796,960.245735,163581,False,1.8812613898861739,0.191513617354962,0.9735093431691202
1.2274162678729337,670.9302753587181,1.497572843786536,3.3566092234726077,174.39447198738202,5625.512082823399,229.7346243595133,152.8204316,142.0187145,118262,True,0.3656713726513948,0.1192656357966114,0.2946504626289983
0.1338632446704375,6668.194144029122,0.2037419308249385,1.7915119763247804,1523.943093659081,8010.774184988708,936.185489085052,179.4191373,130.6532713,162323,True,0.07472077871579405,0.8324032096288728,0.4979371925865791
2.2859314300092994,2312.5245963513344,0.2569888466471,2.609765728343341,4009.689153743485,6309.15638538423,40.40631407656692,156.6478089,292.210363,102624,False,0.8759140827350459,0.36653467670289264,0.6374449048855725
0.6125628684844395,3876.254618961566,1.9461704905896264,2.3516289957750884,3190.9254495922896,6374.670415648579,576.9412403196387,129.1302127,135.8368743,52549,False,0.2604843744912945,0.6080713771237555,0.4554309053135972
3.7386628512758486,6168.541617798698,1.1916275321345555,2.547736482560012,3095.9404192586044,1532.063815348247,131.99455970832165,42.01662342,112.3560579,50738,False,1.4674443018042713,4.0262954793239185,1.5
2.3316055700076497,183.3804028071036,1.68424682586051,3.284672580186913,2986.830665433905,765.2918476947945,774.8748247487594,81.20253633,504.3937194,47203,False,0.7098439199778781,0.2396215288583812,0.4678705997167553
3.3666485913030315,2469.7035099202067,1.0044569323787989,2.808333739049144,2913.948497228684,1586.711635555518,220.73112896509028,127.837878,832.7767972,103000,True,1.1988060199842572,1.5564917109207785,1.3038184714110939
3.0298587407733173,3035.117845624892,0.1701931331935305,3.5874052282605677,2978.666182283532,2165.681612820991,797.2725047361225,3.708096267,918.6310046,63122,True,0.8445820038179536,1.4014607808716273,1.012573752392488
0.2717017702215547,5632.853958770922,1.0798709382960945,2.151904362729724,2054.583583296668,2168.989289368612,26.964625769430484,113.1325191,120.2296501,29894,True,0.12626102194238548,2.596994823249514,1.2820451542502223
0.0731767912860461,5074.094360150103,0.4592870519718035,2.4257466789867106,3577.055929585065,3632.67918081406,95.23649828715142,115.1789169,763.7838883,198475,True,0.030166695373944945,1.3967912128194706,0.6997345304776282
2.0410052012849493,3157.038094309265,1.570184724886264,1.1054120531253666,3257.5112632027467,4356.060353582394,480.77535838162345,26.92572136,620.5412841,64523,True,1.846373349323455,0.7247461782728039,1.1704699240390377
1.1762155919397288,6503.025796452845,0.3833555763840418,0.7324227294856207,797.9072896901283,7129.343486978019,548.5072673680368,2.142346752,661.6508007,162123,True,1.6059222886808733,0.9121493174538,1.1342036567870373
3.3835642234416468,7025.066060209576,1.211923994387642,1.75282037440348,3362.702815360069,999.0043955037592,363.0133642007288,181.7201252,529.530386,158393,True,1.9303531283061521,7.032067210910559,1.5
2.349799236743184,2813.375287684047,1.9220498667858548,0.94250772377548,3359.8029226006875,6953.789457500722,301.8392974481675,56.33345134,232.1243696,123727,False,2.493132612428681,0.40458160323574527,1.3321449765761173
2.7781612949832333,7192.1347434105055,0.3808188015562097,2.320834044876092,2814.40609538372,3973.550252674374,726.2802125989685,99.42397326,526.0448123,77508,True,1.1970524579576736,1.8100022106829732,1.402898684020305
2.4313415639909937,1183.4344262541044,1.7431770623758789,3.57268657904324,2753.774941859391,4014.706296028088,967.9107574542104,45.17080969,847.8001818,195213,True,0.68053573400955,0.2947748449569398,0.4614806611247842
2.323934202795953,7130.028163901491,0.9036469737822812,1.6968528917834158,2458.105523958013,6949.890105208751,480.8029920378889,60.78249647,396.5886949,191222,False,1.369554688266924,1.0259195548332212,1.1083620527840392
3.069096219664899,351.8383784139223,1.3540027820985958,3.8422544377465866,183.19620049027415,1127.9286088836066,264.2531304643768,39.4936088,580.4856831,87381,True,0.7987746440577279,0.31193319801527974,0.5195701383562569
3.944213156884292,7828.802574296612,1.5977402575081263,0.6735425466104992,4004.8418222464056,5063.327000177457,638.2262587125999,72.09663281,464.5140297,154013,False,5.855914107904259,1.5461775572614713,1.5
0.8816809919429063,2484.7107486079767,0.4470168834034529,3.744371448487216,855.1345226466556,3803.180557696453,644.6997983488402,60.66118648,75.02347422,33223,True,0.2354682938389633,0.6533244241918443,0.4302946967485545
1.356497284029934,3145.759200432274,1.4093963358350026,3.4068385348962957,684.2598783583321,1556.4849304262673,821.3222557608399,17.35785152,481.0260416,63470,False,0.39816882190526354,2.021066273702819,1.097336830641361
2.955266403742322,5017.611578438029,0.7800117018658641,1.6922844538656103,3219.628326095848,6720.977687626171,893.6240797448021,123.8913653,534.2352881,124315,True,1.7463167321988984,0.7465597731308158,1.1837551833963849
0.0329240231371357,2206.415922978153,0.1756346159515207,3.537104593446682,975.6513928958144,3989.552570627849,895.1536056904538,128.3303183,392.9770186,175332,True,0.009308182147045646,0.5530484642988107,0.31724126346762965
2.2826704943989613,6375.103865176651,1.6758499603069223,1.0976301385437663,1597.5435133332562,6302.495409,749.6641573000861,68.45696301,330.4584531,98240,False,2.0796335073250507,1.0115205883468705,1.4252561534318178
1.7254356727593052,2723.361565663801,1.937828407453944,2.14465350749773,2392.5375528848044,5172.907559383289,963.5063586262728,59.3410885,202.9449241,14757,False,0.8045284994516215,0.5264663120061654,0.6286254291898551
0.7994619405328134,1157.3174797763313,0.8725123136572354,3.09719939356362,4000.520655721515,1490.637515431653,343.0159515851028,176.2610488,143.4871928,144268,True,0.2581240601009214,0.7763909515351282,0.5536837245861861
0.4018774866885177,5709.641031022443,0.3839961324001643,3.11080954675244,2827.85704945913,5334.408971967564,479.4273555499877,51.90475259,570.3293013,130099,True,0.12918738722551312,1.0703418241751597,0.5657468364610396
2.7718374817945906,4081.040795542949,0.6853628637739885,0.8169100344893738,2232.2019666143224,4464.3672022396295,887.8957127584023,88.4251666,483.3512055,76251,False,3.3930714175346908,0.9141364519884219,1.5
2.459991062327489,2247.291736644136,1.0681309236795922,1.4396830207475697,3251.365108016944,5674.629991687673,929.0031564696034,197.2615997,762.1287902,21824,False,1.7087020671731254,0.39602436450305933,1.0457816941040796
0.0169199205992143,3732.298072738096,0.4179536620523044,3.293888591854212,2392.2689783128785,3268.831521905232,130.15108248657003,191.6843391,760.092648,24545,True,0.005136760090883818,1.1417835537210403,0.6119796322030221
2.5656308312155662,2070.125296945478,1.3687518534563563,0.6245500837316831,3786.5865413034894,784.073601303852,150.11143706391417,33.08830011,358.0374521,13803,False,4.107959938018139,2.640218075015925,1.5
0.7332561048975514,5240.690294969128,1.6027046460242722,2.772161679480299,3164.9469908277038,6747.564684471344,961.3158425283276,94.35217964,302.0303197,134454,True,0.26450688133317485,0.7766787780861482,0.5157211159966376
1.88137957269616,5490.293565336108,1.950934193396746,0.6930576244525952,2344.389522507257,3404.882193892152,213.7105650518759,139.7332539,74.56185214,99943,False,2.7146037958652443,1.612476805679913,1.5
1.8443564622409472,3113.784371875892,0.7845001081667604,2.206723982384971,1257.3116761130584,7838.348619721028,225.4352534994486,111.9919324,766.6494819,135478,True,0.835788998159442,0.39725004877232206,0.6108771629127134
1.032039875403421,6273.425403703764,1.262713873997338,2.00891845066836,3650.709661485069,7812.871480894331,64.75241375690999,79.3148314,589.0145638,165162,False,0.5137288481427491,0.802960271168148,0.6321771692961214
2.057426404845768,2344.4564453179173,1.4294516094825596,2.7791408778039832,2500.129843671326,4280.056914872243,328.77711939679364,46.90095612,318.9408645,157217,False,0.7403099572849088,0.5477629132976458,0.6030889760667458
3.746333787480983,2307.98122217527,0.8774606712789765,1.8413950201989493,704.7750281786783,1680.7392837192458,390.96299866552783,65.65263567,302.0853232,106504,True,2.0345073772214515,1.3731940718936666,1.5
3.047242508877732,4668.567253353109,0.9361659751780508,2.431050334053799,2135.564553150988,6563.890758187095,241.98950239617236,33.7583681,525.7014826,198663,False,1.2534669532446396,0.7112499925168296,0.9010059168831417
2.227331272565786,2088.637370239029,1.8433133446742087,2.9855089777169725,534.1924869504467,2934.9284434732467,422.2047130379969,60.14409317,867.2231913,174499,True,0.7460471708987662,0.7116484813018644,0.6860424075573788
1.4338284872730918,1169.303487749048,0.4187438860014866,1.84537534107954,1232.1787713188432,4418.785184951616,22.73372292939124,57.95149209,795.558598,66330,False,0.7769843231187771,0.2646210301117478,0.4977052057161616
2.0755564165950724,2512.8741125778943,0.1697243949556525,1.8365994366831973,654.3557697172735,5417.258214528047,35.815763858252694,191.5651464,138.6938901,88305,False,1.1301077660328869,0.4638645625890572,0.8130934280158503
1.5337190279722803,3488.713677662362,1.478951698897434,0.6873041523224896,3683.1474913012303,1535.7517823027663,235.09263963690984,127.6917885,927.3323205,152682,False,2.231496479823631,2.271665066967777,1.5
0.2091629762496922,5149.926907312819,0.9844179276722224,1.4063936258783971,4092.3560945240647,1245.6976754862194,498.32845233741705,66.04097705,319.3551243,64145,True,0.14872282103542206,4.134170757899612,1.5
3.6809371609988872,903.1126164193784,0.4178268615495242,3.0662256783067634,3799.718708215341,1736.252687447674,626.2173219250041,118.3004735,628.9043775,188199,True,1.2004778338930833,0.520150449544773,0.8334473574244572
1.97614382350271,958.9839541672508,1.488586326823506,1.110142505362071,1572.067067884446,824.0759778828377,896.5406649715665,138.189946,251.4898078,137121,True,1.780079614894648,1.1637081758739063,1.3938162918428085
3.0129008283716416,6823.131390993947,0.409107183860082,3.969213592007863,3967.350410177378,5845.152238470067,151.0945724692575,112.2119655,788.3888169,79559,True,0.7590672558843785,1.1673145730781762,0.9229914581470829
2.517268523353539,3106.0160116925817,1.8907402995037657,0.5222870520569876,3629.0890992419168,4192.953174247163,405.2246291904286,5.372631822,349.911103,97371,False,4.819693870919482,0.7407704979938133,1.5
2.323605942154289,6044.525600967345,1.2598431292054189,1.563244497249042,736.2387286783795,755.9669771195831,135.7417850189615,195.6829164,820.7147856,53721,True,1.486398615088487,7.995753486485209,1.5
1.055020452907359,7834.340180028461,1.584425654202112,1.8710849823935896,2814.6530708863447,5106.894410028961,393.9376428932727,86.47528129,62.64033135,89490,True,0.5638546078773582,1.5340713062540021,0.9873148230925375
1.741334026892822,2389.6223744516974,0.532460969663768,1.4840775484734077,1129.093081972104,7903.610483403333,259.5391373692748,160.4490114,511.8425197,184875,False,1.1733435731444535,0.3023456658406031,0.7443041844083009
0.4951046156813716,2964.8984436643395,1.2069355823617869,2.42815763634171,2945.9736483219053,3268.4416353159763,372.9585378633551,133.1802559,386.4701445,96079,True,0.20390126422188853,0.9071290766587543,0.5665699848350543
3.2535499914043995,6716.704304883978,0.4122944924584754,1.2790562913033128,2086.4129596877497,549.7330164782089,530.035501836115,62.33449146,784.5703512,19348,True,2.543709350258385,12.218120599151067,1.5
2.6086746933157547,3913.143702256568,1.7345835009883304,3.098592674332877,429.0117285720571,5156.217472711929,9.673863970447783,59.30964512,62.36637824,169586,False,0.8418898918321063,0.7589175053626122,0.7500253672558888
3.9101329702050167,7021.114798900796,0.6649883450215276,1.8818786066937376,3827.660154941212,1638.9756661904576,428.2600992850922,0.037784516,836.0345564,106811,False,2.077780616941115,4.283843219549705,1.5
0.8609201416357699,5368.658726966902,0.1118686792744866,1.20456685038984,2846.870599333832,6983.80210794973,518.3500832774055,56.01940004,920.7094207,131515,False,0.7147128668236882,0.7687300761410428,0.6955658400019368
2.106899441272283,7862.074332067848,1.0141920054058828,1.9971897835029664,3777.977065569217,5034.941402686611,223.76356570834625,133.4823053,59.06170102,67892,False,1.054931486103142,1.561502647540485,1.2441527530274934
0.0739435799086494,855.4043210858217,1.9692639732473955,1.1948357573188133,3418.151920096176,4063.6577054110458,343.97595757030285,6.783817976,452.6705671,90897,False,0.06188592663869592,0.21050107634220513,0.1259668856883719
3.11775708454774,1260.0475900400097,0.1199566895610889,3.6095802586573233,1894.0091754260425,3695.200723171768,186.1815178211236,56.95526511,669.0486587,151634,True,0.8637448116924981,0.34099570878451624,0.5706177962802815
2.8317198866371904,2746.1525330023114,1.3020097474183767,0.8551029982807905,2963.5258968157186,2736.7276416225154,195.7397005993208,68.8454046,172.146961,119831,True,3.311550281989605,1.003443853978383,1.5
0.0330107967599397,5313.569656049548,1.8165343748329308,2.60839998898516,3828.544377602335,2487.869311521746,240.6614018864106,141.4078102,614.0498225,184447,False,0.012655568257847916,2.135791309175973,1.037522204446355
3.0207509991963573,6252.510524569199,0.6362087113349911,3.2927362981524038,642.1563118808645,7167.028183004592,755.2732437941565,186.9693619,474.2929849,93638,True,0.9173981176364535,0.8723993214542649,0.8989162763267805
3.7616895403280615,4076.134399088976,0.3053126664539192,0.788110836853448,325.50267011650124,1742.713545535554,738.0691289308237,126.195252,449.7897678,181629,False,4.773040277312267,2.338958348715525,1.5
0.8428508895698639,406.229744273508,0.6377421540427375,1.666015415936393,1130.7277133570974,3489.290956682551,117.0139241010144,187.8761732,867.4542313,181337,False,0.5059079139362114,0.11642186025762373,0.37400934310114875
3.3344734278574557,7218.901320028509,1.7912609804578064,1.252667436719305,517.7055396334058,901.8929098730188,820.3022626025091,38.91018477,47.069616,115905,False,2.6618962609055004,8.004166828454967,1.5
3.100307225578117,3732.053193768472,0.6262024191900817,3.8778889116147313,444.638868044331,1757.7432112761285,411.4034602202081,122.4337305,304.13759,101653,True,0.7994830426444898,2.12320728517323,1.3764424087716134
0.1811652965640773,5733.882986118906,0.8208302309648071,1.2744823113154853,3041.857951065142,1267.4038605532971,779.6571025144885,153.9651334,421.505304,97717,True,0.14214803360358141,4.524116708222435,1.5
1.4379354107130364,4429.679793226132,1.9284399734100264,0.7420991531037474,2634.256934358277,1691.0966680815657,233.38861741565964,74.71489498,96.44708177,120727,True,1.9376568037333493,2.6194125233727115,1.5
0.9764235804288784,218.0405050139634,0.2205804465098452,2.2317725069773005,1908.7975077377637,2914.3324700156368,543.4048566203835,0.709208886,682.384651,148076,True,0.43751015834547663,0.07481661999187653,0.23090174098130942
0.5606431411174366,2039.10178979138,0.3304146075320185,2.07071908705314,3900.8112154699047,5859.170379436855,323.76907666434295,156.1125088,261.4024998,177422,False,0.27074791258498526,0.3480188588814081,0.35652029512063654
0.3047353379636166,7015.006211649992,1.2304050369646566,2.316653830354489,2641.402131602541,1615.8055566997086,834.5879633651477,70.72097346,834.8424915,164879,False,0.13154110572311145,4.341491572560678,1.5
2.8964140293641907,3930.799374710594,1.6876331164607818,1.4695663626932536,1868.805129952473,7035.242232618348,866.4555808378517,185.2902906,884.1879864,92298,False,1.9709297463275024,0.5587297841610942,1.2310144775201923
3.879690585654703,3872.586887359044,1.865489455643596,0.6851787423580555,3849.035380166117,5010.105921847241,586.6566652835114,29.89029302,849.1631767,153562,False,5.662296103943024,0.7729550925658383,1.5
2.52939747779245,5628.151312942435,0.1993795666805252,2.9545030544867066,1634.6050300268216,7168.146262313882,139.70156646525766,199.1442592,656.426408,106619,False,0.8561157578888103,0.7851613382593706,0.8381710519218424
2.8685927072414423,2021.5326292702985,0.6598174591815428,3.026497850883986,1544.175200615903,3271.698417788893,289.2342208348813,96.1768686,722.8427245,77234,False,0.9478254737825451,0.6178847713043867,0.7526697460293911
2.4103585259926588,5621.851727931236,1.246442473570421,2.2051745287407805,2546.398258622556,3221.2159315003337,319.52380213259926,99.61005029,195.4438114,74122,True,1.0930461065695953,1.7452576436151892,1.3270538318693865
2.311384805198869,5815.303452247283,0.2267387838983097,1.729675863910422,492.3751765204016,7569.965041849546,310.17420749546454,45.97875019,640.3012871,69389,True,1.3363101822228993,0.7682074381228899,0.970027898294235
1.1869987555712989,4941.33781064184,1.4649486851476643,2.070078603646234,2228.0326583338856,7641.73337405327,394.43673471617257,193.0676579,81.83958606,163844,False,0.5734072996422561,0.646625257402074,0.6455719693602597
1.2824253379631312,2264.884203385804,0.8653043073383708,3.6453546933725898,1322.8233064193955,2457.56884199486,347.950830237844,108.5963243,881.9962832,133729,True,0.351797038707261,0.9215954254309942,0.6273379834760956
0.1561310289305977,4102.189410782632,1.3047719951523844,2.3816705702588994,2285.6486932065186,1024.7672969599655,215.33248725813968,116.9988025,943.7809608,119402,False,0.06555523057010983,4.003044807293305,1.5
1.0520720776225545,5067.696164431466,0.9100975838121328,3.1015752677246167,3982.7711271109674,5196.698284639547,120.517574580837,90.26460391,767.0404942,15826,True,0.3392056125043726,0.975176137978885,0.636615071792041
2.1874954860106044,49.04642392134156,0.7497077752063249,0.5061717407810571,322.2666764672015,3488.153943657446,878.6729275310279,19.68471421,733.4791611,181551,False,4.321638266484201,0.014060854165127212,1.5
0.3050947099565588,2446.366357470877,1.5724204933749937,3.365449139671088,2703.267525918853,467.9050395510038,125.82949676148824,69.76018187,3.801775206,67055,True,0.0906549487571301,5.22833939679308,1.5
0.3212408099202486,621.2304966894926,0.2880917684512618,2.1286320731784807,895.0554931687533,2947.105242149153,380.9014925911225,70.18014416,317.1639211,31505,True,0.15091413074803492,0.21079345508057654,0.197867024229624
2.69287404890744,4261.553810016857,1.740666242190803,0.5284497911387152,1349.358598616475,7716.727867266863,422.3993317714343,129.7151068,433.9692149,137100,True,5.09578960626549,0.5522488135860595,1.5
0.0720142145538069,6116.459887312971,1.9900602771418825,2.823339376830492,746.1545321770097,2079.697363308728,791.2141580284333,157.9300959,467.5464007,198520,False,0.025506741994265218,2.9410336293550214,1.4139274297562145
2.728401351681085,4095.120225780583,1.5305498480818074,0.9522917479419248,1970.5829361365772,6656.365926108063,42.96031837158876,107.2113662,357.3533573,55051,True,2.865086768304861,0.6152186148756033,1.5
0.9181828228658492,4502.253148274622,0.7651499124034374,2.941795463210477,3656.691101551517,2333.926919540412,773.6649832244424,131.8544759,840.3232325,19945,True,0.3121163664272703,1.929046324737598,1.074466491160808
1.6105091579687103,8042.726711186865,0.8237334097788656,3.427074782767446,3376.015876995289,6997.607769145308,538.0412847291302,127.2747318,962.24771,11233,False,0.46993683830013977,1.1493537470763175,0.7923336143075734
2.804548183193976,2690.0724672854294,1.6306946344702224,1.7793071437408157,2926.9886163018923,7815.250989029952,937.3793603882948,48.30117723,87.95295394,83838,False,1.5762015101542204,0.3442080709521934,0.8883407767165711
0.4460349554075198,938.2642154046588,1.1958079925999583,1.5030414745311638,3210.3861158114887,7553.266702250094,808.858566217579,71.18527916,333.2437102,183533,True,0.2967547244775296,0.12421965915766396,0.22503977303318803
3.3513920815249785,264.5896108816987,1.2301214086589438,2.447685110252258,1646.8447167231916,1374.3438646372674,523.8505948260325,27.56899903,830.7822473,103165,False,1.3692082769467466,0.1925206765913795,0.716565882812801
2.5381138256345435,1859.2201005930972,1.500237787142271,2.748763852920065,665.2939599555393,7014.35979519101,188.38466828285627,66.79985796,661.2665683,77786,True,0.9233652063537763,0.26505912935956105,0.5681990073123638
3.7499181739679552,1085.0151680913468,1.8698947421947985,1.4713011609318984,2688.49991224524,4886.135536856419,532.4091067091056,5.225825272,480.5861043,99253,True,2.5487070389353734,0.22205998169411204,1.2494587077237316
0.0490102282919164,5047.575318612055,1.4156302300845576,3.911270153842641,3878.3407105822,6635.746840333901,324.8371241410706,86.22975601,704.8167596,47017,True,0.012530511530443534,0.7606642386009717,0.39106300678052075
2.865141173418829,2358.5800817468817,0.6649354473125214,0.956591456912676,3078.5452811800687,4584.330137303774,237.96783726063296,165.2677618,787.969645,152974,False,2.9951534247571194,0.514487397414962,1.5
1.5029297813068658,2186.62380845952,0.438597085510642,2.4700642754196616,2581.9551547169235,4338.837076137312,367.2476486338247,96.6278678,270.5928102,82524,True,0.6084575157842821,0.5039654104509994,0.5489160070173487
3.5334814116459663,6277.428054593259,1.1909199917817224,3.266035430194337,622.2818227166658,4121.507713570919,431.8475393222668,108.439389,925.5908901,130572,False,1.0818867110541432,1.5230902109925537,1.226472502791228
2.660573061406798,3419.613996113781,0.1932214455442937,3.2269176674946305,3050.49911395652,7666.356876680353,822.6190547519924,69.76732881,659.8779255,126499,False,0.8244933745022023,0.44605463203383644,0.6066387556474367
3.375022218086764,6439.844250577712,1.8158578832272665,1.016022160440578,1635.0951471703786,6955.651555658266,358.43911247878214,197.1127605,872.6423946,120190,True,3.3217965391883926,0.9258434235989293,1.5
2.7980434841280646,257.2491897624332,1.7454647496027815,3.0143153951695334,786.9595934575138,6114.267123221934,703.7586033561633,134.028275,318.0474249,61280,False,0.9282514233117506,0.042073593537208964,0.5036767017457596
1.7216442879243687,6736.877085946768,1.946908938555678,3.5787783345073607,1513.2737560475405,788.8049755858444,462.490897113617,87.91332683,896.0447937,58344,False,0.48107025524706254,8.540611793685361,1.5
0.9402501031553868,754.9286798065268,1.467992059338884,0.8561906911113586,1964.6239046927044,7392.233775073098,337.5024881827961,48.75434014,0.176318343,43264,True,1.0981770938876063,0.10212456784714403,0.5645188495887723
3.861023286850476,2129.2604149263825,0.5966236218603974,3.444589517174626,3469.2387991759897,3121.313612395272,815.9127035401929,138.5331169,211.9581302,16940,True,1.1208947094290391,0.6821680480258556,0.8806616540538401
3.621703661755609,15.008378787220863,1.1877873630923932,3.9382718340031184,484.8425562538063,7050.64919037065,186.1128642342317,181.0338456,669.6927662,199560,False,0.9196172572112715,0.0021286520403808696,0.505324607599577
2.9439509729700872,7223.961615537422,0.8108641129666433,3.66640902,366.4462340999703,7077.19265962383,490.3792811772948,122.5541612,45.49733296,14310,True,0.802951922155746,1.0207383014638258,0.8819525918847502
3.8004003815704577,4551.835759235169,1.2929214727725415,2.5988708924390016,1238.8181702415002,5115.817845682792,887.4094830905707,98.91629946,382.9014696,70604,False,1.462326939864604,0.8897571992690627,1.1079080470756004
3.544149759818879,257.8417481489205,0.940165548202999,0.6380739117225651,3552.518395243907,4042.423525731014,545.2416614333329,27.89674512,268.9148786,19850,False,5.554441484387768,0.06378395198917451,1.5
3.671898851875023,6958.925010285698,0.3709857530786307,2.293424552165518,3789.678657606064,2331.00629009763,91.83903150256243,176.1644486,374.7176898,7931,True,1.6010543042951233,2.985373757618158,1.5
0.4467082317709394,2259.5143638999243,1.6104211386767793,2.835624933518634,1886.7082745001344,7775.42454163615,651.8704842450189,193.9771372,317.2199895,8008,True,0.15753425954058542,0.2905969122984849,0.29867119632046296
0.4777139197783304,1180.939699890455,1.840909824907732,0.5679334620264787,338.28879805044994,2123.5498080044645,380.2634791377176,130.9361595,882.5656103,160908,True,0.8411426876153503,0.5561158466276278,0.6942503506182137
2.407041276290224,777.750669743069,0.4050169538259854,3.125311204022264,1524.008419268707,4374.1577413056175,627.8890247879718,32.38939992,515.4667306,178878,False,0.770176263732107,0.17780581212718605,0.4427905747804879
0.8889939047953357,7428.220517062098,0.8608203892757532,0.5299542899736882,3194.9921454961345,3516.4316028877,696.5844452768233,160.1975516,325.5593969,90846,False,1.677488500661015,2.112431394613107,1.5
3.9855009611582983,7630.262084774508,1.3506742400447873,3.075068192306377,2201.905717024689,1851.3962734814331,434.57224755843305,99.37722352,48.75252058,2309,False,1.29606870997562,4.121355427763138,1.5
2.2211756403852823,4275.429609088273,0.6235316511406589,2.8672347185227087,1827.7060563050688,5725.509767209951,996.3166115803588,87.10601384,541.0543173,145841,True,0.7746749337824596,0.7467334407194561,0.7281973732728979
0.6854504396390761,2125.851501975614,0.973967165326352,2.5572961210752228,1231.506331520372,3612.984236008224,40.53765604840998,153.9291558,793.2020566,72649,True,0.2680370747654369,0.5883921330738913,0.4623764493489631
0.2913871717615208,7892.407849205743,1.7909874349143216,2.7887366177553456,420.22058443435344,4355.382121145461,570.5649096965527,33.39389612,614.179743,118047,True,0.10448712345912925,1.8121045703603944,0.8791672731754737
0.0396167982998929,7692.729471890634,1.8752677877141863,3.79746465473352,839.7009225402362,6606.308917018577,226.1016923351079,154.2589244,151.2464473,127392,True,0.01043243096893076,1.1644519757332066,0.6058462132588035
3.647958604832125,7169.508340593501,1.9406789812608127,1.4460661002949946,2432.043527057333,1059.0625795488363,722.4141147798439,121.4042567,454.9281231,116666,False,2.5226758869543118,6.769673928879687,1.5
1.2884310678539403,7399.653856247386,1.805855502588276,1.3996452558680068,1783.9737545998707,2447.225240911569,193.43566327032013,152.7486606,216.4784219,58063,True,0.9205405026107151,3.023691374835359,1.5
1.8899379157701883,6345.148779209266,1.4374530704118778,2.3637133632330385,1248.8700765612848,6985.373178048746,834.1612851967535,174.5751035,441.3197913,40701,True,0.7995627327767181,0.9083478601029208,0.8558685583738367
2.4496591757320134,1783.4787546104153,1.8630260550628104,2.5534004485966992,1303.546158377001,4838.239527613109,598.5362229633873,67.25643666,287.2964033,40658,True,0.959370950885259,0.3686214260503247,0.6312329707624094
2.5755131218205345,699.530801618067,1.6201020051905222,2.520487577830704,3358.711466153148,6787.999533768109,294.86749012818893,76.06561659,731.5833416,124728,False,1.0218309039262492,0.10305404383649007,0.5442402893759755
1.746542337984892,1564.3031396520537,1.3387855898517862,2.412711273517898,3781.513205237101,1613.4930571838215,779.2042789370098,98.14376945,947.7537986,59953,False,0.7238916787364432,0.9695133993404738,0.8111161106045442
3.667632880771238,4988.382859069685,0.4393889857934628,3.8507414038700656,635.1423280583094,3749.196403171019,211.20971164502444,87.82590227,489.6948081,68334,True,0.9524482544158759,1.3305205492889245,1.0712595982150324
2.397122060094748,6830.317863144746,1.3631305975905728,0.7092281878238031,2124.077124858507,6392.569995063943,121.37663236036975,114.1879574,899.3837516,141157,True,3.379897642749406,1.0684776024901308,1.5
1.599662151159078,7640.93091185452,0.6777836121876855,1.0559909990015073,1164.813618168601,2661.508539106814,56.06956263395701,117.7983532,303.9060078,145537,False,1.5148430600531424,2.870902270915827,1.5
2.1212899418690574,6827.6482313146025,1.4421975254542816,3.1034096670988816,1450.6168958308203,7259.233610200719,184.54047484595011,121.8592415,940.1811486,144143,True,0.68353504238357,0.9405467018969885,0.7917812317841996
3.062300277734461,7087.667886978496,0.8868168061185526,2.08544448593874,516.724994418872,3077.353734468629,249.8056467975269,188.9854786,337.7384516,180674,False,1.468415404949317,2.3031697023609032,1.5
3.7439826458926135,1488.0286601398257,1.7522343426775755,2.701887880756201,1328.3958994222612,4749.669257180825,688.1047010245949,109.6225116,926.5612382,2333,True,1.385690830055436,0.3132910060162287,0.819366419348078
0.061370462310375,5523.303120974428,1.5766726614689162,2.2469009961866986,165.76356902013106,7177.754094917736,904.549132821232,157.2766625,200.2526959,39391,False,0.027313368546794253,0.7695029736551913,0.4372248204394001
3.180595326573437,7657.909485735482,0.8042650910566617,1.2184939741598746,3519.6879671593383,8131.94866348134,741.2821348293381,60.1758447,889.4003629,81848,True,2.6102654455069767,0.9417065701833113,1.5
2.2247377863878994,6593.091524256428,1.2260122744077924,2.4087553893675437,1902.22805358128,1824.668718656918,754.8523463544002,192.1625452,111.3834587,197316,False,0.92360431142314,3.6133087903737886,1.5
3.562780330145401,4971.371030629939,1.695118281541243,2.00745649376422,864.8733088450957,5417.154540327993,504.36930346995,45.0143593,51.11948371,163959,False,1.7747724876927613,0.9177089176066273,1.2341292887449191
0.8583166881554622,2996.1766622546247,1.616666842177239,3.6014008536804933,1144.3542065297315,1327.9196636405616,199.62606165459485,147.6074285,618.4890315,135409,False,0.23832849624328808,2.256293616275065,1.1964016236662118
2.8955578155603896,7587.428887403425,0.2231500088661135,1.5598139998462115,509.5304023462628,5198.249841033943,305.8152113325759,177.3340409,342.3250295,94847,True,1.8563469487380713,1.4596121998696885,1.5
2.3135054153971835,7639.768362238082,1.7696132276600458,1.657202656341378,3463.253066850296,4988.115455142764,659.2519382804908,15.50849814,3.263434551,196014,False,1.3960296349482648,1.5315941319742026,1.325186831039687
3.977498758353296,1665.029878873028,0.4957050100022092,2.46651968311392,377.4205209024194,495.94031142253857,837.7512743479641,137.7810505,739.6831351,178564,True,1.612594934063883,3.357319090960348,1.5
1.8723747246003015,5747.733357714095,0.5329286498279959,1.2491943581423406,2594.8862048214223,2693.0507729571946,728.2765436375381,183.8636064,57.17024417,33749,True,1.4988646190494028,2.134283324063854,1.5
1.9210274273849557,5795.007717981506,1.6273111194676384,3.7718301653017647,517.0115442164871,2214.890982112799,177.0640633132785,69.60166341,118.6185638,6703,False,0.5093089651141011,2.616385078166342,1.4413716193265973
3.2813693100045613,6179.358985676833,0.3680551985950703,1.1849226486566884,1957.91216991808,7351.407908146101,375.4739959879728,152.1934467,941.8049772,89052,True,2.7692664533487448,0.8405681009740885,1.5
3.1482802057009875,1843.9568356797508,0.2774086232756872,1.759647297241094,980.3411086660284,1276.1536731339083,367.61179649804063,33.01659835,424.1770471,85861,False,1.7891530998763179,1.4449332185100632,1.4718511594413062
0.3870483878383375,342.5588028952316,1.405731349342868,0.8149518732347507,346.91761047818835,4088.8380245413377,154.4929016972457,20.08273045,632.8886816,110328,True,0.4749334600196526,0.08377901026047098,0.26146442023348504
2.441342738740081,6330.748231534869,0.4119313870102181,1.6962727015162382,3373.288187930054,5450.942278159194,158.1552931661121,107.7310849,809.2890283,18887,True,1.4392386892267752,1.1614043787877688,1.2241680302503404
0.5127375484552887,8157.16222566082,0.6352517144077681,2.660492285326668,3348.335477485088,614.9341454228818,406.16149588609153,40.21948703,981.2826828,120738,True,0.19272273727702055,13.265098829056162,1.5
2.175698172653737,6726.669669715578,1.0720377285476217,2.463067338813949,1854.859640283109,7814.964704913557,481.8208434856948,62.96974658,322.5699467,134965,False,0.8833283828825511,0.8607421687554813,0.8163242827947277
3.390864829376884,3290.164760563316,0.913085630385434,1.8704422352557248,3327.418211207441,1535.0243728076043,207.33963019138923,121.1079932,429.1671328,43858,True,1.8128670068478658,2.1433957770990393,1.5
3.434433535025787,2297.0664919305477,1.229189468473012,1.6034923641143646,256.4597277048639,7316.831697549946,833.3174531140405,36.5236261,536.2134693,177909,False,2.1418445575686436,0.3139427810517743,1.123370559107128
0.6955808205155773,1537.8295851473558,0.1788736034448669,1.5732275481139413,1915.396733374901,869.9117335724002,486.20710700832007,19.06538263,682.9235486,129154,False,0.44213590031116057,1.7677995640595268,1.0040059698877535
0.1468403868722099,1645.5384825235078,0.871956562031401,1.7965068758313678,263.1912553616965,771.704974065565,706.4576723452348,100.953357,827.0900995,75506,True,0.08173656728571634,2.132341420221764,1.0468240554541495
0.5118306573263842,1712.162006956135,1.890063552474607,1.8859052586999807,1596.6159369661236,3742.4849454535615,907.480207037356,36.79879362,51.62714331,156946,False,0.27139771924783074,0.45749335841112926,0.3464048589129615
1.7814702582317463,4155.231824965123,1.4735247856594862,2.324998915916843,2275.6698197122687,4046.0020454388514,390.8102789477618,35.25359013,568.9364203,124999,False,0.7662237946917255,1.0269969657139477,0.8245804264054896
2.958064872237642,7160.498138154001,0.3305494787140904,3.1961637862762124,495.6188343189903,2949.176237459977,633.8668412435683,147.6830703,342.8430557,38086,True,0.9255044936791335,2.4279654924566745,1.5
1.082928957765477,7549.4679544994115,0.8301493716938102,0.8389243701513125,315.7844480102075,5417.011068879765,77.72100036313046,9.736634513,558.7101648,174117,False,1.290852555299591,1.3936593182311843,1.2128998449612431
0.6859340877722446,2940.152872805719,1.8045515754928687,3.038052494267633,1460.4863118026778,4081.715293160747,504.7837249260807,140.1059899,426.2890596,155795,False,0.22578078005094476,0.7203228694102861,0.49581668332161866
2.6439603570185155,5501.131391483249,1.794877082411977,2.543159676945245,2500.5186485886934,6223.921353742429,909.0699780383368,139.4090419,617.8744435,71049,True,1.0396355924291607,0.8838690397801319,0.935298566763477
0.9413414204128484,6149.582821301104,1.6167485703328617,1.178166096231965,2311.242059335593,6835.965479060531,294.9036097746866,198.184813,774.8259308,157533,True,0.7989880411899665,0.8995924334665673,0.8634777324187657
1.2554457797268217,3034.9675657196976,0.27980154581148,1.6477277149349354,3868.4462914905216,6341.257678710299,665.196412041592,25.85369384,633.3582815,49165,True,0.7619250477020401,0.4786065665539001,0.5711692188467569
0.9618218288662924,7604.917402023047,0.3323047393044245,1.5090677580142988,2050.4857869852267,7058.093265871732,632.607530307991,157.1541871,229.7694356,7422,False,0.6373611697666456,1.077474767543512,0.850272385637004
2.3455797667804785,4489.959148696456,1.2379335133354783,0.6883206104513779,2710.752835865651,3942.4216065620176,966.3928217544776,57.02633035,752.0994191,122920,True,3.407679972799818,1.1388835582891994,1.5
2.5478633069860237,4649.887250896748,0.6601493155993885,2.4889600727336147,1424.8164669278667,6699.496418654689,691.384588155877,59.90821429,675.8408185,147660,True,1.023665389908134,0.6940651893260383,0.8029401565840686
1.626441599907706,6278.947182527111,0.2211847020327062,3.616840875365634,4065.314316729264,4668.603164012843,311.44394942035325,105.4923146,21.88838765,53892,True,0.4496855698849941,1.344930584287482,0.8603362614895227
1.0443524819850554,4006.4033795433497,1.5912239380776512,3.733670432407769,1990.9486924439148,6127.543469960818,711.7107541027368,94.53584124,458.3530182,13752,False,0.27971194061700644,0.6538351622522448,0.4673756186944497
1.271302546076233,889.4688766073905,0.1632557566496363,3.1904380070278875,3352.6475379753106,398.21871715905024,724.5647229846796,4.59984247,59.91539824,51812,True,0.3984726062074255,2.233618953723147,1.1867416828474922
1.7009636892825246,3995.066793359153,0.7161159056759743,2.7612733582424114,458.4212870303048,4675.653315378862,207.72686700691355,48.02862338,911.5290832,39627,True,0.6160067666601631,0.8544403365759373,0.6857213515894348
2.2053248436363257,7201.662855578615,0.3734832297188361,2.092498699035781,2539.242758181977,3834.1172315274807,18.85970512079982,69.68690203,994.3399094,17073,False,1.053918834326492,1.8783105520305703,1.3543551533917049
2.762723067556755,5843.569823427777,1.9467963236856336,2.9955520502019133,2154.532266250611,2669.032926775256,402.027622878424,14.34447804,505.1884626,109007,False,0.9222747924195619,2.1893959278721313,1.4074258083843463
3.241668527940605,2463.5476615478537,0.95962620528723,1.343650303520946,3926.4469213042607,2886.225407069044,452.2251830472809,184.4920819,233.9897319,171323,False,2.4125816865179495,0.8535534524297698,1.5
1.4550009283818124,2643.725340511929,1.505653499531887,3.91576849326838,3279.97714829504,6327.408780334698,57.88889076290704,19.34686837,935.7480952,19331,True,0.3715747137013842,0.41782117006738795,0.36490393573409297
0.0161990362914399,3258.075140931979,1.9998513087401968,1.2487991829358431,2004.825098763956,7198.531528313096,795.1775043156725,95.84659227,582.9071104,135108,False,0.012971679947513368,0.45260274649972587,0.2574434492931798
3.113420120229549,6541.66324083407,0.3713684341019455,2.06930018958032,1726.324838839277,2650.335560652424,620.4885210395199,79.74273986,653.0652123,126798,True,1.5045756199758378,2.468239620478658,1.5
2.499835230091473,356.46697734806,0.8930814808173385,1.926873054375744,3219.443959826054,5839.36868367523,468.9436127253447,158.9795451,423.694432,67196,False,1.2973526860328988,0.06104546511741375,0.6907882829488028
3.4996592805255187,7919.926765956582,1.958681175038842,1.4160080552926246,519.4924630420038,480.8970919382938,350.8677820814958,122.0684347,232.9923297,71523,True,2.4714949861689255,16.469067670103023,1.5
0.2112236524195085,4241.689161205804,0.2593161647941325,3.1963606498610178,1695.9882339656428,5273.728703468486,523.245015908333,52.50209943,457.7934481,159520,False,0.06608252618369789,0.8043055300914088,0.4179320627512446
2.3887325833572968,977.202160732646,1.8491287653048891,2.839611704923851,863.9814101090866,3650.000303607068,538.8462567738919,55.73615852,81.94388015,120673,False,0.841217740438781,0.26772659703595403,0.5268998123106188
1.260988467754346,7312.047867525972,0.8902253447770152,2.846448176336545,3621.544209757596,2501.0205481076773,838.513199554053,192.6890665,793.2122263,19082,False,0.44300403402152827,2.923625665584711,1.5
2.712548869699614,5590.999706571943,0.9440884509196924,2.837917914586289,2932.3135209296543,774.1084650798459,796.2570295733286,114.1468064,635.8352911,67101,True,0.9558232463083071,7.222501692670101,1.5
1.7865530055385457,1640.0385304928386,0.703844124181955,1.3507109229502086,236.64861126900777,984.0242243930796,314.473166845264,27.74261629,716.871148,102846,False,1.3226750835488137,1.6666647915478978,1.3590776272674556
1.379055596250388,1666.1005942273623,0.8358774642822059,2.500658502781732,1851.76915302708,1157.4145617182662,891.5281570588699,173.3934081,367.2088659,94088,False,0.5514767583176868,1.4395020141395254,0.9826582477117718
2.7430983080390505,2987.258052973105,0.7427127654242598,2.91447723851798,2212.3880176748626,3444.64150614156,660.2412444301433,85.96141615,687.6560009,149135,False,0.9411970457648445,0.86721885188337,0.8567783205852838
1.2590461922285492,3643.8007563170295,1.110451745431542,1.3435937731216678,268.3479531137467,2939.0403242217467,49.85118114198816,105.1658245,475.4146153,57573,True,0.9370728566495679,1.239792705478483,1.0321852102968365
0.3044964389062148,5847.715767704948,1.3251853032843688,0.732690304769489,1908.019103634881,1536.5765208323417,930.4651342577736,175.4322236,282.8223083,109498,True,0.4155862597578007,3.8056781973550167,1.5
1.0364957991442898,3362.085230356367,0.1091953830971494,1.6642372438988555,1201.6235665271338,2023.990818743043,219.87249503656824,123.9211773,655.2444338,148425,False,0.6228049397038632,1.6611168378635246,1.0897404655304403
1.3935827296543837,453.350009283572,0.2883243734327375,3.243488368925229,2618.5939896616687,2616.46334943644,508.6916081247736,120.3687272,527.640896,98258,False,0.42965540229785454,0.17326824364191873,0.33151464903616
0.0958804421196175,5027.389439623209,0.8090393289668977,1.6286481511668482,801.8658699022268,4242.681170586247,623.0612658987081,80.77647801,469.561711,179505,True,0.05887114609731864,1.1849557476277615,0.600120168919978
3.5245553488477084,2862.0587151311947,0.1351758254760684,1.917473752743623,2958.192801062461,499.3196365884571,950.9900430073664,13.88244332,580.3108986,21673,True,1.8381234714066461,5.7319169919972675,1.5
3.4861603553821228,3076.735493597511,0.4075547023761872,2.679761234234564,2888.5350868497285,2636.7431366833434,383.6001188232863,189.2697688,505.0727425,146860,False,1.3009215186502898,1.1668696315640161,1.205163929663351
1.3666190719262177,4697.312534866794,1.1642569158026497,1.2376198877689002,3466.2120150096653,6913.118783305349,928.3411572169632,101.5999362,718.0963565,73697,False,1.1042307748941331,0.67947805924165,0.8534813047034925
2.959503254882089,3411.155337141045,0.3625030559011163,1.679826068048273,2565.2393147741213,2918.6239065452005,323.8438353543557,52.71452339,36.76494311,78358,True,1.7617904313928117,1.1687546752161375,1.345108973226215
3.0004222745617057,1236.5693701767132,1.4554427493617956,0.9706161253866404,2622.287852829156,2861.751088990903,164.65373577133147,14.74767423,741.9586852,187672,True,3.0912521488496325,0.4321023496773243,1.5
0.6061621494254292,5079.59376168459,1.6525603721665665,3.5797828089595343,3627.03261538436,2567.8563244620555,304.51282726458163,197.4940319,371.1696812,45280,False,0.1693292617024296,1.978145627275536,1.0651347442689416
2.6361613240332584,6059.070836074001,1.998406091356322,2.7292678018408263,3112.686407495027,3517.700450121265,577.8141983103102,10.25522068,282.6589048,180261,False,0.9658855596250654,1.7224521872357481,1.2148808441374863
1.0171361605718277,7502.363727330238,0.501618901130984,1.7354799880669214,2604.25772367645,2274.4652764989382,62.519002962994286,142.6201884,286.3113266,24338,True,0.586083147879812,3.2985175907279776,1.5
1.1289742363070556,2057.7544932871238,0.8144174016573287,1.6609692213075269,1370.9160095785332,4136.923205952944,457.3364491155763,166.6120434,637.8317363,163946,False,0.6797076924222757,0.4974118179976479,0.6130300723845055
0.8602569853443498,880.6830400205763,1.158024068623951,1.6348166308921186,1396.351619061655,6615.272658163015,410.8555283179226,107.1326992,537.7404417,157984,True,0.5262097551975313,0.1331287590694717,0.35028171541084324
3.0855716430705837,4340.039719630923,1.7861376814901786,3.66540407336527,1062.4634990754796,4105.949019430889,191.6747558281328,7.014099777,254.4750043,111875,True,0.8418091810621271,1.0570125683575748,0.8579776905037629
1.3369972104679315,1381.9998258780142,1.962335383007348,1.0271462383947114,2871.718585957455,6658.185344806155,738.3537886575696,70.59477598,274.1455817,158976,False,1.3016607166831045,0.20756403646055085,0.7144571158779257
1.1557867615613753,8051.790863505236,1.1736655514510876,0.7892017985746056,2652.5294081969355,6492.323643327362,12.358184757990776,68.02179674,941.7090532,144300,False,1.4644990662081585,1.2402017066016804,1.2511345220640075
2.272409994482975,1922.0961777094665,0.7753847060438762,3.130852178050208,1729.0136406801607,2724.1463504807352,835.7931032105886,116.7271144,608.2897769,64281,False,0.7258117405231238,0.7055774285638851,0.7025028849925069
0.3615455625348813,7214.636859422068,1.6087612536922768,0.6198290887788376,2671.847730545289,2870.318283997698,339.95186387995534,51.43424242,286.6629873,80814,False,0.5832978570743197,2.5135319999635004,1.419296814667737
3.830431589173199,1430.0197475992743,0.935824047857257,2.7538710798385124,2060.475673421344,5040.968362405891,734.7238761842234,169.2584394,721.9511198,74424,True,1.3909257504066115,0.28367957196087074,0.8382222077369201
2.9730245447117576,2887.328934807432,1.3714424321279668,1.771680061090344,1346.7801869739424,4483.148982351449,304.13092179227806,179.2808093,343.378234,180911,True,1.678081123067417,0.6440403710717111,1.1346168893642934
2.6707874009632038,579.5804567651294,0.1292152232525425,3.721611703105968,1079.6241909933665,7115.343218495546,340.5781574826925,2.611444979,474.5024864,132551,False,0.7176424883584015,0.08145502456959759,0.3608999210307674
2.4427933460845974,113.7002192286318,1.1416326523174871,3.874205036313198,2120.476623042663,3530.069272243305,454.2272831483699,199.297567,212.4293687,22568,True,0.6305274740651706,0.03220906175707084,0.39790447232749315
1.1799039088083831,3668.917451201903,1.0067389741501902,3.1784338303674,2499.871213552207,3700.5743739587806,24.008238532362004,27.26567161,306.8605974,86443,True,0.3712216772655981,0.9914454026458447,0.6268363390662057
2.3421758028562127,1276.0859114825398,1.9871876274979368,1.2902602165665815,3096.2755237551505,964.6916570111468,404.27544909396704,58.76902047,460.7114791,126915,False,1.815272576423558,1.322791485637367,1.4415204883451254
3.697836070226554,6684.495989969557,1.9981759132739856,3.668849519726809,1535.9834852165231,2540.752141651805,173.23281789866263,92.31387779,265.261349,161277,False,1.0079004446607716,2.6309122711170447,1.5
2.747790673702895,5400.9585502133605,0.2972886670607536,3.6224591477469534,358.43962110669435,752.3421798030625,170.29138458144388,123.3796917,904.9786389,135616,True,0.7585426924329111,7.178859152159045,1.5
1.0451510894319327,5838.763124480855,0.9675012296015856,3.388851269784867,1863.281172311272,946.0352779038192,865.22512857471,130.2284094,208.1636517,136158,False,0.30840857205565986,6.171823878752482,1.5
0.5040465285162843,5688.6986295396255,0.5512181237063613,2.2037492123642437,1663.2413675719513,4062.0805845314862,555.7335073731891,121.360515,531.0866553,74488,False,0.2287221690045939,1.4004396293372183,0.7938178321837813
0.3852695952399778,7108.773299691595,0.1246407322579422,1.6383558618018614,1582.4619396737546,5316.165801853264,238.4093460816912,178.8689498,814.1212299,35529,True,0.23515609097291484,1.3371993205848116,0.7970161723434271
3.661399643122927,814.3716426985793,0.7318163267305893,2.183096509383748,4082.175067052135,7931.562568060994,390.6904614070875,141.4674265,365.3638249,30180,False,1.677158087252126,0.10267480532464507,0.8716757266639501
2.286417796741093,4399.346508923043,0.5949600123264137,3.2426369054197863,3199.955444302017,5760.816276604155,337.6388801364757,89.35753827,160.1814842,51754,True,0.7051104265818717,0.7636672125833999,0.7056395785200369
1.3448728822219982,5174.073152778532,1.5439720589161334,2.1529385400621868,2782.8219505802617,3595.320642372514,538.4782501984655,121.9468337,341.4008653,100418,True,0.6246682069776804,1.4391131323199877,0.9896898562988783
3.286607334143321,4863.84684853243,1.0089366285875114,3.599962862570898,508.24901788442605,6923.55272764634,932.8163919888988,119.0399716,180.567769,177966,True,0.9129556461147933,0.7025073743438344,0.7864928281054677
0.3468146460636752,5863.136650785588,1.124076229073966,2.522255485148148,1665.4579852889128,606.759447829998,548.289429944286,39.06880667,883.5739561,123600,True,0.13750173628488246,9.663033121431164,1.5
0.4895511617530204,8039.25444552059,0.3491723705666775,2.0827500992368484,2615.2266552942856,6604.742475077456,968.325733033466,186.5276238,659.3381747,514,False,0.2350502476903742,1.2171942319687667,0.7467965217881302
0.8054294252439593,3629.362078741329,1.0725482574318814,1.1153596322742374,600.8379079566234,2481.897876591942,309.86450255934494,123.3463787,645.1341756,174010,False,0.7221246670699472,1.4623333665375116,1.044694311515113
1.1552927156522137,3329.5204402913914,0.9948738668396456,3.33064691623238,4047.309549513468,3502.233858348926,580.3060765877763,193.8710913,146.7150794,12299,True,0.34686725967693327,0.9506847840567556,0.6808575528208769
2.5507761935022604,6067.885518069222,0.4299604596035846,2.5460535573808825,1475.193672608361,3810.949972739189,49.72901533996632,8.91666244,494.0616557,33705,False,1.0018544913374656,1.5922238706575296,1.1717946789710445
2.284866876166935,4054.154850791181,0.5507861568890559,3.5921072719965927,1224.8038946754796,2492.6728345383403,377.1856219225308,188.8372575,408.5272105,20844,False,0.6360796232060519,1.6264287847930148,1.1125703873946393
0.5351925569814346,5745.071219985779,1.7464689420982749,1.4066833687975695,1560.56612195459,5462.268894071487,549.0059662664827,3.675458978,973.844849,21253,True,0.38046385447427417,1.0517737830829712,0.6463451135675936
1.066123032309516,434.61231784384745,1.9015255516063012,2.485336156605287,3880.561260209482,7348.104608396215,558.2460410756286,173.2587251,944.9195971,54373,True,0.42896515246475836,0.059146179994239226,0.3063005418262538
3.063195539960889,3670.311330200433,0.1399770821519007,2.189432949591452,488.4482247763435,2249.556469648652,812.1505773048641,159.621854,35.04204747,90840,True,1.3990810458257852,1.6315711021658021,1.4436238141244335
0.8257937953962347,5051.067458989076,1.6186913332433432,1.066586876461581,2854.2452386633886,6128.862259283291,168.1493607166521,110.8136988,29.20378357,97761,True,0.7742388729710826,0.8241443916469422,0.7746928007207406
1.384037010245312,2589.789811921185,0.6710997224712199,0.5886180744042699,1361.8333688954378,3737.9299069647536,371.4847589563122,199.8522101,119.8326401,35099,False,2.351328848196211,0.6928406566433682,1.469826697416418
0.4973360415858576,3246.25830155112,1.8731978569771452,3.933009936657613,2609.699975010499,6485.291131597665,117.98434233602528,98.76132312,935.8447305,196199,True,0.12645173115346284,0.5005570660095934,0.33154663616349783
2.181705744176457,3829.309070722329,1.5293015919934678,2.503884128022302,330.9853973139772,3202.0816415990244,746.9265940269612,147.4520062,594.1410968,188829,False,0.8713282090139978,1.1958811479941545,1.0039881536270356
2.4765678575739405,7834.656823246612,0.965572677012833,0.7434100783674806,2789.265410576485,5407.4967399302905,409.54126799533697,54.66834537,116.8600352,27808,True,3.331357212233702,1.4488509561077902,1.5
1.490878550472968,2911.063061117812,1.473910655484744,1.533768940678717,839.5315524700499,258.5818853774141,642.7646561333479,76.65488371,447.9284705,116625,False,0.97203531698713,11.257799615820575,1.5
1.692621324063278,5801.526768535525,1.4709105296055698,2.194589153687728,4081.226146497766,1086.1821772309895,404.2981887922428,105.9631919,673.3056412,22506,True,0.7712698980349676,5.341209683613277,1.5
3.018799192766207,5654.103624574558,1.9393008042873336,2.878288828642247,3500.4917069078924,828.5612101699376,747.3619784214452,131.4932236,796.9032291,152770,False,1.0488169616296914,6.824002316727936,1.5
0.7569599103383124,5048.866455306138,1.6749785543513815,1.506181386710406,3402.8578717275686,3674.775914366496,941.820794376495,135.8208874,224.3264339,135761,False,0.5025685581090608,1.373924987968307,0.912349064198251
3.79693665991976,3772.361394342418,1.5312227954130333,2.0185414289600017,1954.5829290690292,4332.230880816158,431.64390053273394,153.6569262,572.1561127,48601,False,1.8810289075152244,0.8707664704982132,1.3151550780062673
1.1561697131327948,7238.064000675828,0.871408201146711,2.1332855209309187,4009.209203962545,4100.25205167807,233.550819089663,184.7193574,648.5545687,41179,False,0.5419664455706906,1.7652729411959696,1.1306398767822488
1.0868945709665807,5116.116883679834,0.7862214966311728,3.3480337386320613,3320.437366745434,558.559327956728,988.5904242618996,146.6947084,873.5316825,134980,True,0.32463658707754733,9.159486948746645,1.5
1.9370764799943776,6510.735547215726,1.6224546069421282,1.8405683901840808,1629.9970822190242,5926.703182807798,477.0517406654872,109.0749999,71.79501835,126906,False,1.0524332797910134,1.0985425362625798,1.0224898878764705
0.830868410055547,7756.183058138062,1.642821720431661,2.913899709224452,1646.5594104920108,4102.200019734471,784.1895371763512,12.09275554,956.6311397,75937,True,0.28513957508067816,1.8907374138107893,0.9851924940465174
2.259448399974016,2257.916054702428,0.8779422996223768,1.8707029350535904,1734.143947195499,1195.3392994910373,869.5346751063255,172.3601854,933.4147296,57761,True,1.2078065147755672,1.888933170502209,1.4797339214231098
2.3757804911442197,4563.179935544034,1.222203411269419,3.30825010592082,915.2999618311328,1666.6933394710304,126.36044073906494,17.14014324,887.1356517,95397,True,0.7181378967552537,2.737864143774893,1.5
2.7494759341922306,6644.054928186187,1.293199827883018,3.349235545491396,2147.616873366815,3262.5290775473904,473.7549341836359,143.97702,864.852371,12389,False,0.8209261713370056,2.036473780992134,1.3578360056343373
0.2368159274908152,1241.5161941359129,0.1732200574987683,2.458759839430793,2516.78156493435,5197.28376793653,740.2830059220355,27.89705963,179.6536792,159491,True,0.09631515342730058,0.23887789263235712,0.1647887946612613
3.606432331449532,3229.282115491262,1.0048779790180038,1.7968931248603917,3836.509803008866,711.4872215505522,933.461157866824,121.5078288,297.7452753,24945,True,2.0070366314597035,4.538777385087639,1.5
2.1750253242244013,3854.5132139277066,0.9070125525641424,1.2716295279119612,4087.738890467854,8045.211621317288,199.81837669336988,186.2073097,491.8440213,189490,False,1.7104223880153537,0.47910650395265536,1.0784143113058342
0.3479710693575129,2632.0187432644097,1.9657977410754224,2.804543768870388,248.03563381843105,7826.581724645664,569.5441643600667,48.26691305,494.9591379,143884,True,0.12407399347654854,0.3362922455201575,0.23130413650842213
3.4810221957980247,4836.52884579585,1.9673115440993396,3.437238329720101,2986.371735207901,6872.674691436116,746.1211609458718,176.6312524,418.6009126,121790,True,1.012737799692723,0.7037331260737258,0.8607490327860006
2.0483959934977563,5817.192562635913,0.2917249748018647,1.926039557615016,3312.489927164413,5818.106153519754,999.0478401215402,90.74754889,462.6369278,7372,True,1.063526925951264,0.9998429743528947,0.9739012704593569
2.278956312669618,2075.342962594258,1.7995006820667256,2.219175680895782,1235.9741671936847,1182.5520384240592,721.4358403513999,115.0080244,81.35050452,128252,True,1.0269377523152892,1.7549696701762203,1.3093763448699893
2.0620017953363097,7501.552475777124,1.3279952866809328,1.268221553871348,881.2191927179011,7762.680012052549,916.5186469519844,112.685201,778.4295767,65850,False,1.6258990104235955,0.9663611617590377,1.2228733879227165
3.8515427721754114,6660.491597062651,0.6328407156241077,3.3938930563767253,1225.8763279638092,4026.651610960146,511.6906460043015,111.6242961,552.8419834,28710,False,1.1348447264989956,1.6541017795727229,1.3108516566469106
3.490933739920464,1267.6790227061138,1.4037614892747508,2.567847818319163,3552.1570353294933,6027.161873053247,590.9607929274355,73.31111076,184.1038675,70466,True,1.359477908129157,0.21032768808872285,0.7430769931365011
1.1893886590495932,1872.7219071633845,0.4953632760472353,1.5201681124265198,1080.1828925344594,3220.780488715714,773.7657526636193,142.9076238,437.6069066,59154,True,0.7824054898412394,0.5814497179001114,0.6852060423608367
3.936262389461204,3658.553782635975,0.484337122616331,2.1604465539207425,3563.7140937495687,3912.316391526616,644.6799972123464,21.46297385,13.70990156,38256,False,1.8219661858107796,0.9351375030978111,1.251430758244779
0.0792125617063086,6040.507285661795,1.6386799648854418,2.6562117670662424,1234.9310521435068,2458.762670104948,499.5332143399606,52.56270849,699.8470205,21330,True,0.02982161771392959,2.456726448896038,1.1452343793059845
1.537565957865794,4479.048390685448,0.2016460914903622,1.226454999442078,797.6791838747665,3455.6749565690498,335.363971178089,69.69668813,184.422444,112921,False,1.2536658131765364,1.296142850725841,1.1822707225277307
0.4763657043622591,2066.516130842081,0.5715692486522834,3.9333489338302488,3844.2188404160343,3915.3608263702167,420.19098391004593,153.0589359,281.4682407,42613,False,0.12110941369978234,0.5277971103955885,0.3685560258381403
1.4491314620186526,184.9081075600716,1.25451349113215,2.8308204803644053,4043.002132561266,4704.449142095768,435.5151881874805,85.07061047,216.4374986,136445,True,0.511911991649897,0.039304943455801204,0.29059327622052306
3.340873154667402,8062.959434155747,0.8166009777431429,1.6423320246833462,2871.4807551595686,6074.793671653188,228.03962493720368,31.70799501,292.4279202,91485,False,2.0342239390281684,1.327281199763649,1.5
0.8403315997596028,433.09838685923023,0.5555809910657271,1.6720952246330527,1042.577493491474,6190.505196285772,636.5499835739652,86.69303865,484.2362829,150917,True,0.5025617469736328,0.06996171928732443,0.3009926267244899
3.524711006220837,4603.8234044320525,1.773704456981151,3.433831310082885,3741.12139323162,3186.161277427916,830.9954190388833,182.6028822,266.8803732,167012,True,1.0264656768098728,1.4449436177642663,1.2034578401928644
0.7702503145152879,3565.164189586065,1.7314566187455858,2.3853328146638235,4022.869917663897,7906.326442514965,281.56119475821794,193.2460309,877.1685439,178029,True,0.3229109107413727,0.45092549808771587,0.44487291086530323
2.189340352126365,8000.227069471723,1.8875480865701584,3.3098748189047806,2919.8838224989136,2675.340598574649,60.14327004951659,8.949145618,469.364696,72049,False,0.6614569463971024,2.990358338203246,1.5
3.2106354446905616,7563.518252400387,0.7692501311719417,1.6091300537104505,3895.7956405690456,1503.1771655878626,985.4006787847276,198.9446417,229.3725787,153245,False,1.9952603843467236,5.03168782796854,1.5
1.8285020627370447,2232.208767636213,0.969002627268715,0.8747651946333059,413.50661905915257,6504.206479139816,367.0255406544337,12.28117833,842.4230783,43385,False,2.0902751774758923,0.34319463480320334,1.1012034988905686
0.0116951935714255,170.98337972065656,0.825974491207975,0.5046843262694197,424.4665402239912,7650.060387169704,745.3505932077484,196.9235439,145.5838506,131553,False,0.023173238774099353,0.022350592158078997,0.11897145473943115
0.7818597162207079,7922.245034341474,0.6119027547669059,0.6990296612650394,2255.497526637109,5331.849582054032,603.5971302933849,168.0789319,703.855207,111524,False,1.1184913045241425,1.4858343077644902,1.2560064409456577
0.6201995990863147,6933.729047477957,0.6543372036330233,1.848674927824531,2441.9728996167164,579.146231596397,74.94292689106973,67.62491723,37.93349456,31029,True,0.3354831367421698,11.972328674906574,1.5
0.1756846585201779,3570.3451478304014,1.7650750817614276,3.808231234433301,1266.6281569794444,6570.499855090401,770.9172468387045,173.3118027,590.1251292,181170,True,0.04613286367666108,0.5433901873570451,0.35196236044260387
1.3818326905111626,1658.0027299441936,0.3182114155465091,1.799426386842634,153.19676415193106,6119.924927131546,670.118776742524,152.1481661,247.1770521,72975,True,0.7679291204608129,0.27091880201386603,0.5435741593992489
3.824666915697856,688.2751778624597,0.9269260355585842,3.72206816770892,2289.6803887020005,2910.598985318916,946.0886667473604,195.5955796,993.6965884,178103,True,1.0275647075231782,0.23647200493700887,0.6666381077091326
1.8237958778794807,7199.854406604796,0.7178635577227993,2.8957662375166744,1811.1289072049549,7184.074195313732,438.579537342814,8.751806523,557.1998844,144401,False,0.6298143905528522,1.0021965544703255,0.7387818933178918
3.545228784532686,6270.912953297762,1.860368910480768,2.5239825639545144,3248.234977524747,1359.9090029320614,724.4129638620028,60.42980072,605.2340811,156162,True,1.404616430614988,4.611273941981374,1.5
2.900282932506616,4715.726708117736,0.9346609095243416,2.4123363606874,2271.3974984471315,4844.789915463246,979.1882389206176,65.55929602,686.1299042,176121,True,1.2022708679851373,0.9733604117885616,1.0118217002355059
2.118386986414956,2098.2469665436147,0.2608135179112921,2.7479923353853644,3058.9626346913565,7337.4727803086835,367.3181858362488,38.81395897,214.8812226,176182,False,0.7708850524260403,0.28596316866600757,0.4949934013096522
3.786618428359757,7703.563688774802,0.6907912731176369,1.5600840611665123,2967.27485133242,7336.091268305797,519.1338001501636,48.30765627,323.4752615,100444,True,2.4271871596080876,1.0500910370358272,1.5
2.600894121404757,4251.691949225256,1.549562374704912,2.453794113340733,2707.671888999887,3710.157802191712,539.5722319000465,96.14728244,614.7011245,80979,True,1.0599475511481296,1.1459598687602135,1.040743678019401
1.0101472862357763,7381.332831457684,1.922508792164281,1.351063569154721,2133.510419973196,2135.790040550764,875.6054284674765,6.314310971,654.0426526,93969,True,0.7476676609673542,3.4560198745463824,1.5
0.0320256844910087,7044.787167631047,0.4897938425408131,2.860937541937939,1256.620264935824,3503.3344383468666,989.4565606419148,64.30629049,683.5379741,105916,False,0.011194118301232427,2.0108805738068276,0.9420945805729882
0.1001913037037707,3521.482050605476,0.3066652440632547,1.098942798478412,1722.303142090085,2699.60866941487,839.2515309272354,33.1487764,473.0009642,130127,False,0.09117054379167955,1.3044416730460058,0.6446039188509477
1.059858567585955,5209.767984883636,1.5476967361017664,0.9997975571280844,186.9031046061054,1148.6155202592136,19.61898893898684,166.9225754,141.8413749,115856,False,1.0600721115565446,4.535693527084005,1.5
2.3100500749815485,3727.5596679708806,1.319149355622619,1.4611256339583192,1562.6015962450017,5625.250607299052,758.27289743206,76.64107102,530.2807612,40796,False,1.581006068394922,0.6626477516346618,1.0479740791242067
0.9348456485678556,4381.328694205294,0.2463600293951096,2.42078254450153,2204.275195233899,528.4015374914388,791.5819911162617,25.60259361,444.5468613,196966,False,0.3861748195914608,8.29166528680779,1.5
3.3457708996853883,7017.355281705452,1.7318801387199037,3.254147381751339,1893.7112719833128,509.48580956819234,940.8250658813694,198.0738006,283.6602623,191357,False,1.0281556054566692,13.773406709559797,1.5
0.9428933712836218,4917.831184745797,1.8113624572338851,2.315417982952703,1815.3419627090368,2435.5742195991365,961.026672865689,16.11700859,729.2465801,70270,True,0.4072236507628573,2.019167037962834,1.0999362751110777
3.651662446817411,2858.4043212458955,0.8397835467454381,3.954566690967004,3340.0595309478026,6343.091549160784,876.0668738588256,70.92691491,967.3391956,10111,True,0.9234037022955791,0.45063267629700865,0.6537884572049099
3.1078248030579148,2019.8053307046407,1.4270306224198814,1.394194994349042,1300.5412726387992,3709.555281067265,583.5570475255564,67.1071165,136.2454982,161566,False,2.2291161469797336,0.5444871897364046,1.281683224416495
2.455818095069884,1248.1713821765024,0.8089116260728032,3.2789733790743782,2344.1327498052324,1268.6711837665753,821.281438094836,162.8454665,501.3296712,104356,True,0.748959220524052,0.98384151635489,0.8612028775772913
1.7411464419202345,4059.8834933383578,1.0052589150840647,3.154274141172197,3042.457639942726,6387.127316494711,883.5592280140612,73.25646894,886.7385243,171230,False,0.551995740382111,0.6356352850863176,0.5710711087412047
0.8122950588521647,3186.842664053192,1.7190463621487218,0.781550905672715,750.7935180834543,1951.307759127616,434.34149456285473,32.47566478,243.5929565,30135,True,1.039336035081365,1.6331830012528477,1.2188753499196892
1.2415068459345031,4921.011129004271,1.8371160017555452,2.241028601100714,1706.73449000055,2968.1369402871123,503.7994996210355,37.98567976,67.70280146,121114,True,0.553989490065066,1.6579461212023152,1.0143684865102598
0.0892639649008368,1885.1713566744304,0.8267413573408795,2.146654821091324,1443.3848580830029,2062.298502189077,942.1875947945856,96.63353792,935.3989715,186265,True,0.04158280243334792,0.9141117805008623,0.4783910882817265
1.1209632621332632,540.5181395758691,0.177460111838023,2.382119248208589,2280.520164707412,5307.605725310009,837.0849985341449,5.282462501,887.8515852,109979,True,0.47057375167196286,0.10183841216699642,0.2602273476733112
1.3509687230826877,7259.396008048898,0.5348967608929992,1.6677688308319158,257.615911734493,1612.8260388814688,328.62930184257067,150.7012963,643.5876584,166759,False,0.8100450662360276,4.501040923534699,1.5
0.5767055984287754,6812.494258661074,1.9775620295035636,2.658561889973925,1392.647449911607,7707.842227698547,156.69855339239012,88.5623047,619.5364896,17756,True,0.21692381271237549,0.8838393491366714,0.5396353501899693
1.7628321902093993,6924.649032772813,1.3844548779111527,2.4301121116807542,2939.391570563192,6621.558369346314,143.7404969155638,32.23822002,630.5870832,49655,False,0.7254115792948257,1.0457733127874922,0.8131562337374183
2.126253965023669,862.9533541156461,1.0572760995083832,2.520076993265367,2518.2093155916737,6325.139785670023,547.4927039668157,170.5171856,616.7778573,159463,False,0.8437254603650564,0.13643229765993242,0.5263503300292219
0.3934466371411194,598.3585774180747,0.8191538509658312,2.130809903469658,2572.988842857625,3019.0598090479825,367.9329164919194,119.6021849,77.26579998,150748,True,0.18464643507336076,0.19819368116743763,0.2320936962596024
0.6674207476437113,4978.934875959446,0.709532565595656,2.4979049475056545,3596.517785650563,4157.612085302735,376.71244570927297,20.59035909,802.7105242,192065,True,0.2671921047748738,1.1975467582371526,0.6694301730439103
0.3113090070349096,4298.022415129653,1.932432038790053,2.0093896257688773,289.0438944621092,3158.6526063304004,357.5359081026408,1.552907366,863.351859,96629,True,0.15492707243808787,1.3607138705773076,0.6828150669757195
1.3929981531276554,3000.87922060468,1.948752862149003,2.689230328176379,1734.4868579295833,4175.833806566073,966.8718119756888,160.7566446,161.2249981,18365,True,0.5179911964182995,0.7186299452740369,0.6368773946550311
2.78984131059122,6411.212648221823,1.549497060819118,1.937227409859473,2190.136186887317,1419.2180123554635,419.2871305004177,195.1945928,496.8794614,95487,False,1.4401199654064518,4.517426207876099,1.5
2.815211339613825,2148.920063437983,0.6050894362328199,3.494558289289992,1605.2509549630345,2570.804655172249,993.1533290023953,82.41075561,25.94456665,118774,True,0.8055983906874296,0.8358939518327997,0.779886958513565
1.81261637603008,6266.862307025059,1.1056021353548238,0.9588943991185502,685.6101833756614,4497.458908384917,616.8148303721838,153.3619613,871.2933099,61709,False,1.8903171062206572,1.3934229157598084,1.5
3.86471554534186,2331.362861351168,1.4238432851427731,1.3158655309430936,1143.4688453409972,2976.9165170459687,26.24497324751396,168.5801811,881.1436796,88917,False,2.937011812719321,0.7831468726847138,1.5
0.2734120876410397,3000.265014050309,0.6345159954953548,2.446208652596493,699.4099854610812,3958.0839088093994,672.415497219608,50.67535343,6.778733634,124397,True,0.11176968717739728,0.7580094516477258,0.4167444546461509
3.107634279571863,2684.9309111828507,0.9098686605574752,0.9248658349876656,3643.093080700313,3023.2433651076294,906.2595998551012,22.67409413,777.2958969,20740,True,3.3600883521932188,0.8880961887761124,1.5
2.5804771989712902,6299.41314215062,1.886886667394938,1.9919311624801312,3415.1477079640804,370.19124913002776,229.64196752671228,97.76406666,586.6495037,50134,True,1.29546439762204,17.0166451528446,1.5
2.6384064983871185,1978.268742411649,0.6098312026546392,3.1534001681832797,4031.079152004127,4142.999290956021,287.1170828507318,83.75795978,40.56432337,178437,True,0.8366859646681563,0.477496760922123,0.6332713968888253
2.268530781760589,7840.285148137571,1.490798531375917,3.059966637816871,3817.3840879289096,2838.20591635218,214.15644147379365,168.6139935,520.6797172,59881,False,0.7413577691883919,2.7624088513816973,1.5
1.2013673946555912,1206.0419673588185,1.3719930327574963,0.7424022594101647,2923.243158849424,4260.381196634239,520.5344817002623,51.93797289,306.4049928,13156,False,1.6182140628128046,0.28308311191226865,0.8815590341487957
3.15772563826256,7880.15761414137,0.3148353171086073,2.779252744154298,1777.3465740508411,6874.086019433032,270.16651099345944,197.7602004,218.6414265,85046,False,1.1361775242380496,1.1463571434395523,1.1260447613173945
3.069817455286455,8086.51240839125,1.135530208257703,1.5201610676506383,794.7212470057905,5512.376094539065,635.8574491425139,188.5694113,177.3841053,123245,False,2.0194014313426196,1.4669739996397062,1.5
3.887296157009158,8143.825933486163,1.7801524551824452,1.6738820866771569,2554.8461912455195,1108.3524774588384,571.524067877886,138.956151,136.7180567,180066,False,2.3223223819806145,7.347685949879531,1.5
2.7559559864291776,6175.556851394322,1.5925073178891258,0.8858107424876809,3671.775996396224,1529.2236197470197,2.0930793413335147,138.1476872,930.6453291,171783,True,3.1112208771239054,4.038360883006494,1.5
1.4260602130017848,3906.6041780802,0.5580001736112741,1.1044556969369523,446.628032379971,4851.9877944807695,947.8574234814968,186.4293957,633.1030787,66358,True,1.2911870759231687,0.8051554007862268,1.0365914944597396
1.8905194370161165,3390.710613755642,1.4173740533028854,3.577064587563173,3502.691891550447,4045.261744727237,734.1732131381882,30.85589798,208.4096589,168543,True,0.5285112589461931,0.838193132332424,0.6304486791743698
3.27944438094588,3555.755542785507,1.2041803637819042,3.8847665889494336,1730.0752975718617,1217.5555891036183,21.130556532791942,92.18602358,657.0776716,154241,False,0.8441803289016698,2.9204050900730527,1.5
2.6701370709785133,4071.8620003284777,1.251066361061812,2.945736539940233,973.0826284096776,2684.177230003774,415.3537919686993,94.76201531,687.6409237,123242,False,0.906440928553563,1.516987013113797,1.1379351107062587
0.5230565063564048,3270.264593585058,1.901611484835164,2.504723810932158,760.0534068996335,5851.7863897793,287.73015235001776,78.61911894,481.8570775,196323,False,0.20882793354122767,0.5588489352137043,0.38477371567149077
1.7542369741359454,3499.9956712959893,0.7935873403175214,2.012231643885377,1851.42871733563,7274.42263021611,65.59492462546723,27.18248135,568.8034172,76324,False,0.8717863610187372,0.48113724603747327,0.6224101710299377
3.1929320423892134,6415.814737541848,1.8934640198448665,2.437611602197316,2888.452111629722,4624.403945606909,787.0054560399452,15.79891491,94.53399583,105712,True,1.3098603278925602,1.3873819873044098,1.221660421482016
3.244174305201847,7407.00019528789,0.8339810308172336,2.231804523198176,924.9026421702524,7548.659937147404,118.60887777422558,133.3166372,388.2445688,142542,False,1.4536097663890297,0.9812337893056181,1.1623541387443028
3.870124463342469,6778.348902802145,0.5992585996795783,0.7356858650750704,720.1596442937197,5824.343231760023,412.8696587421533,50.24139025,731.5793937,149555,True,5.260559413341649,1.1637962654185887,1.5
0.342946459615514,2395.0747313742395,0.1543835733812362,1.3043024947577322,1710.220096560045,4722.718555718514,330.70515987421754,163.2188678,809.4638867,153016,True,0.2629345554879577,0.5071389926395294,0.42816238871932233
1.677841344808296,4901.003813478996,0.3780729031987158,3.959107788795965,865.6477103932314,5859.208693318673,841.3218010358897,69.18347034,220.1401282,91436,True,0.42379268525191427,0.8364617253232861,0.6017146371944235
2.179063729379396,5273.31286341082,1.44395556275409,2.60963783576247,1546.3580767738142,1723.7736796512756,961.7189810454274,132.4187641,750.9240632,56425,False,0.8350058634618415,3.0591677565342903,1.5
1.7651473179763362,1701.1381897054937,1.622616728219028,2.300854779399338,2372.6473949493143,1875.904930779416,568.7442366537686,102.1752869,962.1182981,82440,True,0.7671699085968551,0.9068360346448128,0.8044027491516713
2.549287897966384,2933.097488171479,1.3194143497704274,0.9538396491574994,3114.32611733451,1775.7514795357802,498.7667684396071,37.07111749,369.5789681,85180,False,2.6726559622072075,1.6517499888478224,1.5
0.1565080572075734,2440.006370119945,1.095541584824569,2.2473486013660686,357.16506214877074,1701.9991280632755,193.83049469231028,122.1782247,294.2901026,190575,True,0.06964117069833674,1.4336119968891197,0.7375679026816652
3.982180305664123,3665.786861002882,1.3431575373325353,2.6695702778864745,4085.826951961963,537.1054814388885,450.74115181804,69.30388846,438.9023672,89061,True,1.4916928192368228,6.825078091471487,1.5
2.102564829091389,1540.9391740843375,1.236958630498195,1.3722002289729744,3786.740915820849,2781.380962126941,808.2099906849287,59.67917961,120.770952,112850,True,1.5322569202660283,0.5540194581442563,0.9686712210076206
1.6375457533543614,4203.647459156903,0.9876200021161604,1.760060646250227,913.3643846929882,2749.0899515061005,63.23022942380885,17.93717262,883.1125294,48261,True,0.9303911353577399,1.5291050972431122,1.1157440733217003
2.588278697624518,4102.15857350289,1.6440313876104455,3.0674077626274205,2500.433058628854,4577.895711256838,218.2324050393414,46.6871704,887.90942,140090,False,0.8437997338859726,0.8960795158613571,0.8062949278204739
3.0079279284018714,7762.8453314040335,1.4137820465982094,1.6168573014634948,451.434429315217,2727.2924443335723,746.0541433702997,77.12948022,804.5796639,70971,True,1.8603534556363126,2.8463560424868803,1.5
1.956152349185441,4992.780364205698,0.5472889522752317,3.6162672007560976,3482.7522969821857,6461.552543807181,601.3104195918345,25.65049656,338.2572632,26399,False,0.5409312143320686,0.7726905151019997,0.6039581473147452
3.940245160116001,2970.980999520173,1.315235568745769,2.133229969208009,1404.6842666952523,4645.946712712724,210.11366453457848,132.3822166,232.9960319,184203,False,1.8470785475137135,0.6394780617589063,1.1851576888673157
2.877777272287717,6796.95752225675,1.0995208999782753,1.5636936743319,2516.2808437098856,934.2022175414604,747.9774527352407,140.4185457,62.54919499,140193,False,1.840370322625335,7.275681204085149,1.5
1.384725633959767,4772.881795523591,1.6438804973470351,1.4308785087595643,1976.770929187196,4099.235489095594,421.2147185272737,173.0170686,243.9597452,154879,False,0.9677444015954857,1.1643346197249789,1.045965144162571
1.5857140907295917,1304.2853826914709,0.5755883148430379,1.4682751531062266,828.5497271364824,3796.4808148665584,833.9204297336593,52.39858937,214.1904706,171831,True,1.0799835489903709,0.3435511585467511,0.6667962881955123
0.8869447117433862,3534.680936950969,1.9745134870026693,2.332306379797767,143.7376029339517,1878.9513708006268,428.63223203957415,21.16099203,408.2499881,80437,False,0.3802863719533797,1.881198731377296,1.0282513670838431
0.9062271156858196,7020.345067789418,1.233510162248982,1.5606588376310415,1751.8082243684828,1504.18827112497,315.4098120784938,70.03895581,296.2567631,177528,True,0.5806692104420402,4.667198380606811,1.5
3.5542473163007307,1623.2861490495852,0.4362186776280659,3.00658770959998,1019.5542520794756,5274.453233439506,237.36033548262648,86.93347201,213.0496095,8837,True,1.1821528182262133,0.3077638717981893,0.713939823350569
1.819581532413454,3697.117984892389,0.899798153859936,3.2757249342375445,1542.5621304348897,4606.182116556072,405.45392304906113,132.728765,983.3795467,84828,False,0.5554742884303532,0.8026425986938591,0.6775331302636373
3.934677885073729,5459.120109160623,0.7838940824775725,2.038137720274599,698.0574547462519,584.4763697471564,715.7799582036198,34.76256937,482.4701231,28594,True,1.930525064821696,9.340189582312867,1.5
1.1315542628486694,4779.1398637345765,0.2015502280611171,1.6192267860241096,3289.606108008561,3311.566317315592,964.0517819793598,108.9981108,911.3876133,182098,True,0.6988233975573719,1.4431659838131996,1.0184075383643332
2.7840796148011573,5394.571798650785,0.7273511617709721,3.406203009727714,1039.0447899478197,8055.364147113798,207.36499545140464,177.5488286,418.7179571,34868,True,0.8173555097845451,0.6696868942807446,0.7579650977581653
2.284282486589238,1642.5561136584147,0.8244053466624459,1.5703800284337324,1288.8326316071427,4982.113419521479,944.6576281392564,138.7348188,43.93402646,165476,True,1.4546039752323914,0.32969063026399104,0.8723168611627423
0.602307911108876,224.33925849323623,0.4515814154438978,2.971050649230503,1505.2717870258484,8071.626559491322,878.2234437459247,145.6045036,751.501107,184033,True,0.2027254932659527,0.027793562649605613,0.1765535420573978
3.939340630560249,6376.546507554214,0.2253975078217606,3.1652335189600964,4086.882032712776,1655.414699959718,64.73689167719354,139.9673308,756.3877241,40048,True,1.244565167908783,3.851932995313769,1.5
1.5473978685949603,5643.246397996769,1.1852221713888291,2.460803867792659,3906.8873378119742,6079.270540357364,345.5364130829196,84.03574811,831.4514431,79222,False,0.6288177859396773,0.9282768976319911,0.7427207059428031
3.4655011734786245,3082.626761834249,0.3851597839745824,1.6691041851262487,2323.4890443959875,1241.1046082750058,807.7324300055309,64.44165103,403.6847997,106034,True,2.0762629008407876,2.483776741136247,1.5
3.201691721828132,3207.430898904184,1.159418017572905,0.642694416219009,1178.6168225222525,443.4122930720997,290.87777267966544,42.43429189,202.8134027,33350,True,4.981662605692372,7.233518199165333,1.5
2.060740393426286,3004.23035306365,0.4628323346698252,0.6063176905336269,128.72869063034028,1056.4431823350358,564.6936651249006,74.00862723,648.4057804,11620,False,3.398774317203727,2.8437216505858234,1.5
3.630928479650155,4663.201323035835,1.2863819380930817,2.298632572717517,3698.201096874029,1683.9276115306802,41.38725115879549,92.75953362,649.4250451,53263,True,1.5796029966435916,2.769240962815362,1.5
2.1387005681568176,2650.356758816368,1.21082215183151,1.083378163518069,2141.342790145204,1093.7851343053926,208.3125616933439,62.20446641,838.0254302,9790,False,1.974101625890415,2.423105483213912,1.5
3.656766286243279,5088.438088014631,1.6054244592211293,2.0584430692827427,3004.0165551324044,5433.368334030073,89.64411784663828,93.26026739,49.38221743,116558,True,1.7764710447136247,0.9365163144210923,1.2674857918951352
3.707214797207316,7851.806124119798,1.2956150920581055,1.6566487230506992,256.45680264682983,5237.705224961912,526.3730260744421,140.4929791,291.3323866,185094,True,2.2377782977445153,1.4990927868946275,1.5
3.3595440520619904,2824.21854912076,1.4569063260813204,3.971370896755304,1239.491172449283,6417.300627987898,711.2832001001716,143.9257267,441.9817504,7275,False,0.8459404305113831,0.4400944746710706,0.6506960815276857
3.358695092681728,1825.0258459675808,1.633993306524102,2.510680900682545,3908.853039971387,7567.396373835261,652.5561632943098,172.2201694,497.0528535,173161,False,1.3377621003157132,0.24116958535917984,0.7966502965666469
2.007048563435147,3192.6994629821884,1.0732849713213295,2.9043327290596426,3403.8148913276173,6854.217343556117,629.2586248612038,146.83622,74.9251486,140385,True,0.6910530092851912,0.4658007329630352,0.5940201589649188
0.5945100041637836,1838.1392294910247,1.142181317029549,1.6077455923111768,586.4371755342438,461.82086078841496,917.2207863654726,148.6875234,527.0619315,21432,False,0.3697784259080035,3.980199643586425,1.5
2.568452186227076,2898.595420641439,1.1457506880300268,2.939428100135284,426.1589716265315,1966.2153046236997,631.4726174182606,29.83494319,490.870755,71360,False,0.8737928688631632,1.4742004155653647,1.0715180794814994
0.0875751843466714,5522.718652935265,1.7328775351382049,2.2484157917362846,2203.472945295308,4776.915372388866,300.53252788633955,70.74763056,759.3127,83491,False,0.038949711044918685,1.156126542182661,0.5731667368028738
0.1646120193101468,5215.200031611629,0.886384609006644,3.611152132430756,2564.9716232530573,4551.230083602249,529.5929603674433,6.360309479,393.1805673,19844,False,0.045584336435863744,1.14588802030812,0.5393434891067389
2.2549985854535555,7858.64284426297,1.9553746861873385,2.311440473165426,2678.872629585412,1506.2639517364896,456.74400304522334,147.072371,399.9552594,169285,False,0.975581087227541,5.21730791604344,1.5
2.4032107645264658,5943.247055005829,1.5313435063800451,3.50485671144748,1230.2362036267282,628.730702150558,602.9374742791028,20.398585,404.1292807,46486,True,0.6856799797256128,9.452770518799744,1.5
2.9287841332080333,3168.041402541485,1.5006924468797045,2.542465086862,2514.8854664245805,7268.622692417763,222.12732224179487,54.53115446,880.4629704,135503,True,1.151946194422141,0.4358516786695179,0.7417812547003939
0.1972621333434854,4382.854838406469,1.3556873414155148,0.5395081155900375,2567.559500500605,554.3524933539959,367.18697890455286,21.01074842,386.3708117,131386,True,0.36563262351507897,7.906259795067658,1.5
1.1928408691503585,3551.7833269539638,1.898352914500596,3.152424887140269,1848.629704508084,2795.8430633930107,913.2631945895896,186.5537187,299.5717268,92004,True,0.37838823555419,1.2703800768320561,0.8352452971401856
1.8580780468548,6353.647300416089,0.4136735291344604,3.762707529206964,2868.9315987855657,6235.878486590609,680.0863641407864,37.36859114,119.3546907,120763,False,0.49381397268270794,1.0188856811529987,0.6994036862773959
0.281177334283714,6396.671307980846,0.9952697686635418,2.9179971516575263,3347.5220917057327,7033.976862222611,925.4225870250796,25.09403137,36.34007353,76525,True,0.09635966839937692,0.9093961257430431,0.46514017613569425
1.5453076739703278,5028.565198187696,0.8055771298488026,3.6944171278800506,367.0880154498024,4362.004480828209,344.28520632961335,34.80488465,6.889165908,88136,False,0.4182817484324829,1.1528106445411346,0.7243982537289317
0.1109561361115507,6596.591807473503,1.0658687653245709,3.793386610997333,2143.0527299913747,5881.22790482322,945.1371526065402,142.9143626,905.8403264,146080,False,0.02924988097443035,1.1216351267295686,0.5893728225639102
1.467180090978081,4862.326508100327,1.710358550172579,1.0749147430915151,1240.706381137822,2591.56639872741,706.0660876429968,102.6854304,699.3828648,90915,False,1.364925670135217,1.876211432827561,1.5
1.755151288801264,2239.110396954541,0.4207612531458944,3.5207056708254143,128.6497801827162,1484.246631936826,709.9596945285074,141.9876722,621.7643658,158367,False,0.4985224424816329,1.508583780664601,0.9742089115663426
2.759093028162225,2373.123048465908,1.9805659313830384,1.1091761007588967,3774.302171016926,6047.858875008123,767.0357698448306,1.521735494,378.0237904,145590,False,2.4875135145455665,0.39239061246618956,1.2967179100455295
2.8469762347408687,3344.415525684046,0.4267022672412969,3.7367922352267375,3206.700888580164,7760.386675951031,545.6608691142944,1.365072367,667.241711,29452,False,0.7618768434663264,0.4309599076573371,0.5374592402718357
1.1654144181395665,3319.5464359218468,0.2605184159170969,1.046726595221913,1380.4302157709362,2049.071071167925,723.4003286852967,4.94949232,915.0551585,185251,True,1.11338845317486,1.6200250352515857,1.2325114181360806
0.9695321353858768,51.99977053238126,1.7023561970252683,3.30846477867066,132.07507439937072,4081.0175778951457,847.4350162556941,112.0239093,124.0124752,192810,False,0.29304584065410355,0.012741863892303832,0.19363005117979953
3.215955673342197,2624.68505109856,0.4222441381446238,1.206348873252642,1934.433362663793,4091.3026241724574,267.4752515791797,100.3030464,976.5029704,100462,False,2.6658565186160463,0.6415279659220818,1.5
0.0620357511895259,3130.7522976896907,0.4742607068063008,1.0627118316726474,352.94765119701265,3573.265918087407,787.7970117459921,81.6011475,432.5938927,146955,False,0.05837489615316425,0.8761598964594464,0.4613511584984794
2.206304388556634,4450.800422325655,0.5230174923493868,0.7281691416812005,1905.5468487611065,2947.5446340030435,817.6685954119546,151.5836602,369.9604889,174096,True,3.029929768148299,1.5100027220863643,1.5
0.3480147154413204,381.0662383401077,1.224739874870941,3.828385506348443,377.21798027393066,1174.8727969035492,20.319887688826533,54.38376092,872.9893492,58273,True,0.09090375667770824,0.3243468050499465,0.21406124988383196
1.6516534841655983,6221.435422851431,1.2898453307934032,0.8587785115491398,1911.310808453831,6393.431823192036,560.3940053815165,35.2374019,269.4694624,105406,False,1.9232567404713752,0.9730979533261324,1.3209826003472602
1.9612491171776147,3948.408190446383,1.592793023693776,1.723804672383685,2975.953600309264,3625.2981048736137,157.8706772097569,153.7060409,663.2722447,30630,False,1.1377437425795172,1.089126487018895,1.0789633245450874
0.2876136343787379,7911.267809036019,0.1710702882275716,2.4485164514244167,2955.038028400333,2133.907338369389,609.3627157881467,4.538715045,974.0358121,31544,True,0.11746440043195103,3.7074092501945057,1.5
2.1142773148619574,7378.947009255588,1.996125331832362,3.7046987834778697,3827.421992252429,1529.7877726854165,718.7153257202496,147.6272845,954.2790851,123278,True,0.5707013897026583,4.823510251672977,1.5
1.7681001059703,3501.019017129819,0.582243398529074,3.715097636525394,1416.9035585999036,2405.00413530069,239.570858884397,188.2453841,709.927554,131752,False,0.47592278939434685,1.4557226593859371,0.963386047035408
0.138929633557006,3120.4840134452807,0.7846668141148538,2.7348892543876997,3910.132525274908,2120.979514318131,716.4328557615823,178.7860483,408.5181169,154283,True,0.05079897934994478,1.4712466532130706,0.7743353109595259
2.7692938692576567,7313.288898992258,1.6120170534138034,1.8869503227310265,1913.8168083634075,684.7003909377956,605.3567434800198,186.3332716,531.5644635,163962,True,1.4676021770660181,10.68100586052631,1.5
1.2145369565826782,539.2278857269548,0.7302853210456648,2.43667138449442,225.7476668257341,3698.7486825587466,193.35567332819804,188.7805841,366.8683901,76007,True,0.49844080981558786,0.145786570502578,0.38431558134301663
3.018017892072685,7975.250753342901,1.2134161565812802,2.4140842521326897,3411.7106088346964,6153.683860454474,240.23760776729893,26.53950971,831.841452,34936,False,1.2501703862390359,1.2960124265236277,1.1590552495501518
2.733383930767766,784.1553626904106,0.3887515175760828,3.018514330654733,1749.2327067424344,2198.178172072594,315.3307631508342,169.0213566,206.9523866,170062,False,0.9055391910747326,0.35672966472700673,0.6525522275374559
0.8216019930026843,542.1857455282197,0.3536459881897814,0.7321653279269248,1426.3385285519316,7547.812154497597,574.2544209541343,51.9933494,506.0194846,172393,False,1.1221521144368793,0.07183349749017112,0.5632965258821155
3.864018776740215,5759.493810462294,0.9525073494814912,1.4304072462660549,1896.6044854651816,4885.408583172292,81.55580211841462,134.2217374,428.0809349,174810,False,2.7013398355517526,1.1789175278239483,1.5
3.622117341052349,4224.902051493783,0.9041229037138454,1.484832676860358,931.3489182488662,5054.980461821727,846.7469960194929,105.7667155,547.3069056,146081,False,2.439409475619668,0.8357899862456465,1.5
3.355079522303737,6975.887023248128,0.9868170493978812,2.1667118686587097,3270.310929585913,1527.7100097986456,920.943171398134,194.7963068,534.1913038,132075,False,1.5484652215965644,4.566237685122795,1.5
2.012462557407762,1306.5252612878485,0.4116411222482343,0.8977229411892618,2237.898172307174,4682.385135468611,232.33154681836265,59.59123708,328.7231833,44317,True,2.241738762967319,0.2790298583326726,1.164148748343386
3.649968205568836,607.971454017862,1.3893076033779292,2.080388172127533,296.8870148712796,332.8675188179452,139.23252206281944,87.17732186,388.8718179,171410,False,1.7544641428008183,1.8264667407333075,1.5
2.8144552170604045,2296.1914465307764,1.1152873867499256,1.822932581129942,2660.5039053479995,1996.2332275683957,259.0871036831972,90.42220567,697.3114233,23351,False,1.5439153934044432,1.1502621104937205,1.2576019808835004
1.5366492557075264,7459.813373333711,1.5749250622248891,1.9441834034842105,1691.4458515739968,1623.5358098599236,63.69252901931966,65.7969421,327.6088609,16963,True,0.7903824621541391,4.5947944747720335,1.5
3.925688908826262,7486.535231258088,1.455421387159601,2.2652104660742705,885.6059666273319,4570.644267339783,516.396352354086,18.7402349,428.4636481,8398,False,1.73303418582358,1.6379606006786123,1.5
3.444145571796525,3192.8081774873745,1.5704908813892025,2.462647037296088,3370.501132579408,7939.042738190682,93.79518197353352,54.39196458,122.135258,172040,False,1.3985537192631436,0.4021653847165022,0.8375261967253332
1.074589234868402,7793.53882361341,1.2610190231233749,1.356823718069626,1963.7694539025877,1404.065833054233,139.03388674339612,145.0998765,408.6173444,137077,True,0.7919882506247643,5.550693304109257,1.5
3.7764469810811336,3032.19839478184,0.6007779115834435,0.5636651629459941,1578.6638771762257,5698.792801398554,882.1754599327304,34.89881584,184.5476646,24017,False,6.699793653292192,0.5320773188148942,1.5
3.129713748953366,3775.4053855122047,0.858076147160678,1.7682291038468765,1942.4476939660303,2767.280150977993,680.0608084113717,27.70340811,953.3513184,74276,False,1.769969724044688,1.3643018336302617,1.4242772755673665
1.4609591139769709,1748.7776242353111,0.4225183564123687,0.6642790981841252,1358.008643049393,2181.727109312993,746.1383053671866,16.49914958,112.2801744,81213,True,2.199311883602483,0.8015565356312732,1.3586423708282147
2.577748090204435,4508.223024631063,1.8659163990340304,0.6073645012112823,3029.3906157718343,1690.366196830128,205.177551575174,23.34060116,637.5728088,94738,True,4.244146374898765,2.667009687260744,1.5
3.002604347654861,5335.062299342304,1.7645707074927108,3.267491552593976,225.02517139390173,1714.3663616117924,752.334556791037,131.6566501,931.1035394,126005,True,0.9189322697219838,3.1119732722791382,1.5
1.2285356514802817,7361.258150484513,1.7626160425201862,2.080608003479941,1895.182095990042,1682.4812197826118,204.0690101537492,144.9113663,238.7583636,85699,False,0.5904692565616526,4.375239414000947,1.5
1.3225860210794953,5478.97391136052,1.7800679988583297,0.979230105807688,1900.174663516288,1677.0835194294114,47.85401499801001,172.8869739,913.0653077,91755,True,1.3506372634972639,3.2669654460367292,1.5
1.3764987590364344,7723.758652255158,0.7985386987653799,3.4830091673180608,1453.911144624068,1396.8768353326973,562.892157750129,61.82154704,433.4275637,4707,True,0.3952037728607456,5.5293054128757655,1.5
3.787901592393011,4217.757910607869,0.8096711378935101,2.6021443108583684,2090.842092386868,747.8106586297357,857.225290699185,145.3621741,192.6363659,151612,True,1.4556841144061619,5.640141466686517,1.5
0.7621464349546687,941.3294232208956,0.6594549943464167,1.8534328314116315,2218.9353799465093,7481.492538389206,996.6052601500492,93.81314768,617.1231092,5768,False,0.411207792821066,0.12582107357120298,0.28858097757268286
1.842731905716005,1901.0333501837656,0.1009832881303534,2.156085577675438,782.2935741052839,1083.5590111803076,561.384013086508,157.7670441,742.9643437,153099,True,0.854665079220857,1.7544345336195013,1.2529975426893611
3.588634459770049,6337.240542419062,0.8655135554627483,2.052586837137846,2462.6192982883963,673.5453696694685,747.2938452178086,199.2993599,673.9036235,36834,False,1.7483463532425902,9.408780489605592,1.5
2.325068946801712,3576.221555384245,1.4405069027486328,2.784675328413474,674.3076060961974,2329.58638166842,84.62896948086107,12.16552069,948.5760181,87067,True,0.8349512376278156,1.5351315503861547,1.072621495079677
1.3075002307004475,7250.49080977334,1.534410030217797,0.8867297570002841,373.1798578199855,3119.6364138584704,806.558139404698,91.96088825,679.0137825,127345,False,1.4745177387593746,2.3241461008853737,1.5
3.737418070164512,7846.639530479603,1.5765359052318515,3.906263835519915,1864.033338255111,7111.45400638295,798.8013943494866,24.29461968,759.5047072,86372,False,0.9567753922314562,1.103380479200653,0.9392204078099533
2.402481050788173,7248.235057634046,1.6937527253107802,1.7601642531915969,1617.5183450796178,479.815503874993,702.6750908341537,162.6867719,466.8618245,73124,True,1.3649178941760756,15.106296032518664,1.5
1.4594451036974196,5495.283586990334,0.1732331028153766,1.1819120895274486,3067.5562992365985,7590.246949822021,832.2025001638871,170.7997801,670.0114687,87946,False,1.2348159239702927,0.7239927267972746,0.9668845633954817
3.662417876625498,7335.778116042671,0.9001329693679515,2.449088961564252,1512.4662152229216,6691.127816683071,319.1937364640556,161.6297496,29.93199604,141328,False,1.4954199045780598,1.0963440418304282,1.2471283155043595
1.4726518101945207,8083.33925820115,0.628097371234264,1.6023774405563378,2263.870333151451,3287.0331694742304,522.0223982650236,102.7970733,177.0888712,99175,False,0.9190412033272386,2.459159624797745,1.5
1.7597220425263869,7957.886982137934,1.832093176944169,3.724449721730002,1471.4662754418437,4052.2392637450416,222.7359671417544,55.75074162,88.10132044,86801,False,0.4724782723689786,1.9638245577877118,1.124218427341764
0.7923989909287217,1129.5922670814962,1.632558304818838,2.7737937544448465,726.9561723768065,4624.81762969204,807.6216257206383,68.37980839,843.2074586,159870,True,0.2856732603084449,0.2442457967607402,0.27266179936350404
1.4816825752850185,5162.091378863846,1.4132756769638306,1.7919776111190893,797.3182350022443,4045.279795525852,601.8060337944084,77.88450352,80.08283721,32620,False,0.8268416632270565,1.2760777099515166,0.9852654455745213
0.4126023562246805,6132.589924299695,1.552907189484966,3.481723251479824,2735.459287250997,3484.615056411424,821.1744241657643,190.0521773,478.1421922,100667,False,0.11850517916498231,1.759904558541207,0.940333593477092
3.6415972062003465,6590.638257075357,0.3320582302927416,1.443548127395219,2112.021671983865,6139.60235240573,419.8444450530131,163.18838,838.0371186,115157,False,2.522669396622024,1.0734633739625548,1.5
1.8119822093785087,2535.0590933923468,0.1664064402031458,1.3930838267251082,3978.601216510674,5059.741771094289,606.7746019083941,166.2662912,779.7443276,97823,True,1.3006976851784058,0.5010253897489031,0.8939287582465942
1.7335976713052106,5548.368103694649,1.1456711670151507,0.6825193001925716,3911.560856217097,869.1444970580466,834.0014331828572,158.22289,712.2309905,83031,False,2.5399942988011928,6.383711932931199,1.5
2.4550530899768788,8022.014537214613,0.4469456303036369,0.7309913507442192,3817.796268534831,1540.7541447085082,7.758463528602877,61.177491,408.4175053,114801,False,3.3585209030948175,5.206550674913633,1.5
0.5465127602812014,335.4021028131792,0.778725846682524,3.973471725761696,4005.0680155454456,7426.772536795351,718.323994340811,94.78984718,314.4212951,179172,True,0.13754033260073215,0.0451612192384101,0.12962215460474869
2.662301214625283,3447.505488083698,1.203715883527733,1.0525312104811542,238.66245190103967,2592.209071677716,759.5257223210721,2.817848025,229.9329669,176788,True,2.5294249317160946,1.3299488549827783,1.5
0.2656385692406418,3335.023066629401,1.8113392455930777,1.390188866438658,2436.4304476983693,1531.0276888060785,928.8502431107812,13.97912232,161.6776904,131152,True,0.1910807837501692,2.1782904965303524,1.0732083380680053
1.4172591425803178,158.2750908724147,1.876600414742117,1.1764465589712696,1811.23216404996,2311.3374658796083,718.9553840011027,107.2707029,340.1367304,83257,False,1.2046938529241569,0.06847770744879239,0.6265756047988563
1.1128742331187604,443.9532311215417,0.7199032655369921,0.9995698708066434,2332.9881124690983,1018.2261253574948,656.7087286860223,47.18462849,611.1635915,140114,True,1.1133520049665737,0.43600652117393385,0.7208093917660641
3.464497997497622,8045.441593962358,0.5741667509624112,3.7406369399291943,2227.269177388819,2782.2749775452003,35.51652571984987,194.8522305,923.2279334,149973,False,0.926178382707416,2.8916773704981416,1.5
1.7086414861781545,7782.553496811257,1.6885624567680386,2.3112973497199536,909.6374576620784,256.2126406873052,963.355547581885,114.2739904,493.0707424,60176,True,0.7392561355764307,30.37536885595784,1.5
0.7894794724183045,1236.794933717336,1.9156316701753224,3.851503926792493,3550.668650819525,4887.604348561449,897.4039059002525,83.95809514,932.6768278,140515,False,0.2049794787815,0.25304726922675524,0.24810129900655276
1.5006742573564833,4347.361386950837,1.6037691395949891,0.5538699997727596,1893.6180222422945,7518.894057726497,103.561892112067,80.43531218,986.7714677,117443,False,2.7094291955566816,0.5781916001203994,1.5
3.589949119208137,3688.4589569346062,1.0550811463051908,3.859189269472916,2652.903889127576,6535.007823299323,36.21634527504569,115.8136375,651.1909811,109673,False,0.9302337714741512,0.5644153849701135,0.7305130297143303
2.39616887263542,4932.246596725478,0.2800796834894783,1.6325684497857398,3146.865454486415,287.8538017716412,385.8288837908983,87.80103612,348.8191359,11148,False,1.467728599815399,17.134554239807297,1.5
0.3450479945104696,3589.2330001698065,0.6838141156549655,3.945946745505956,3091.2148914748377,5519.730119309402,739.1648988142451,194.4325571,536.9624871,65315,True,0.08744362996277513,0.6502551613825308,0.42920439045731734
2.354466008129794,4019.9011850631778,0.513872133023235,2.074369740853791,968.5777460477264,1962.292490611424,954.4399618498836,106.7243219,603.6840632,51233,False,1.1350266188004168,2.048573901315831,1.485995379707433
2.5319529225800035,7801.781321794553,1.4634362874087716,3.042383186715347,1564.8572295046615,7727.863243344456,161.53981834390063,181.8572858,335.9026264,160516,False,0.8322265589059543,1.0095651378800203,0.9197570322745723
2.064924942197378,2594.133398120268,0.7553906033863967,3.7156386728375095,185.37582036183204,4515.137772171093,0.0067448778214851,132.833673,24.57599278,81985,False,0.5557387486447155,0.5745413602957111,0.5750590468446545
0.9180942932911638,1901.185246816085,0.8936282584381663,1.843981370590636,378.9177668833958,7705.412854431111,169.06871786089195,192.5907722,749.5233161,33034,False,0.4978866977980348,0.2467337289365419,0.4313980098501675
0.0720920985413839,6379.785933847413,0.8737693258315176,1.3607251766781,1801.3477773236432,4015.9784415239465,940.1971080095916,128.2859703,707.8117281,109919,True,0.0529806068090644,1.5886006424471417,0.8028701553366501
2.104547921300484,8130.812220882366,0.9233477895120916,0.5779137765934719,1355.9472927960103,7460.56801106721,858.5684031303286,87.07779615,986.6063085,60282,False,3.6416233094190398,1.0898382278307843,1.5
0.8039375384392913,3384.628357534715,1.6089730394097383,1.8532597802949475,3520.802788842193,5748.853990339056,600.803266695888,137.8246501,798.5787455,138008,False,0.43379622932037887,0.5887483596963554,0.5290741586604539
0.3457220005313286,6951.581859296777,1.8259791299459012,1.5206651897869503,387.64484215866463,4139.903521405519,494.3726086054502,197.2962107,849.5180582,9325,True,0.22734904139597217,1.67916518384407,0.9566035109187921
0.7552056785801322,5221.231161367012,1.1853229733455442,3.959578097032455,2691.3913762867783,7098.193028110955,499.7363429213606,159.8539004,244.5669147,97593,False,0.1907287769920112,0.7355718758216087,0.49678169272647
2.2617798144499197,5180.713789287015,1.8916123957114512,1.2375017319907626,2316.6982338144912,5337.231543450612,271.60913613451845,52.2133573,992.7439939,176200,True,1.827696825211375,0.9706743554481281,1.285380062529167
2.9736725224866736,2726.6793056894303,0.7627247246770593,0.5977301087412323,2799.9101839863024,7992.633277951512,828.2119439292798,82.76710509,84.991446,119521,False,4.974933509398497,0.3411490569534952,1.5
2.1641567871140723,6886.443214179558,1.0305523915983084,0.888564505338928,984.9494982670024,501.4941539136872,636.7909583200815,107.4484656,54.16961213,2548,False,2.435562458941721,13.731851401866871,1.5
1.509293957653466,3925.269611359157,1.2332975314656365,0.6665745865016683,547.8683283398768,5034.803315392982,866.7381207218114,23.47296124,652.6507932,37117,True,2.2642502789137007,0.7796271998508347,1.3814842019217741
3.0751804401512626,6475.963796161524,0.6596781112398479,3.118540272170552,1346.3928696320836,6823.420481734456,22.491054080561955,29.33364438,963.442776,53508,False,0.9860957966449776,0.9490788106269995,0.8854989643651068
0.718908431783988,76.25034092264013,1.3817197207682113,2.931812913075952,1738.60652623769,5210.496245122794,765.2610767943047,122.5535397,933.2998809,19575,True,0.24520943453390448,0.014633988265393938,0.17822122069001178
1.5042864003266505,7473.740718697774,1.8673031259471689,2.1447290013680176,1455.6300280146704,955.8159419355284,85.42713794289314,56.09904343,184.9504322,118827,True,0.7013873071981742,7.819225839385159,1.5
2.6507045558640923,7795.839606329462,0.569881187058391,3.2467313692733657,3912.561108221242,1167.0362512808006,570.0720404190255,52.25987936,442.1629005,6846,False,0.8164222530166022,6.680032082202794,1.5
3.239041288172274,6077.205710186959,0.5062031093421756,2.4694528050033293,1175.5152235502032,3343.4282717566343,252.618032606999,185.9247202,389.9733471,116272,True,1.3116427938881436,1.8176569719488385,1.5
0.7976174713922082,3181.27219040406,0.924121806273024,2.6368127308917604,2604.839932641303,7624.175855230329,356.13376967025954,133.6225963,499.9999006,176883,True,0.30249291485692353,0.41726112440131946,0.39071687312269415
3.38715024351338,3074.820278448833,0.1003985988255256,3.778746273655318,1425.7321001941486,4973.180304665234,979.0679420395612,94.9298728,164.762703,4110,False,0.8963685576772822,0.6182804743568475,0.7290685505388288
2.4751206803174144,5889.52708985477,0.4854372700376418,0.9376432610726916,1240.829843205991,7831.801075397482,796.1759758207132,117.9931179,194.2354683,21991,False,2.639722529187995,0.7520016190916673,1.5
1.4564609312462578,3162.33148297048,0.3783882031398917,2.061457491849643,3351.278949083358,7513.598685106647,485.6080220087045,117.344057,863.7104032,76851,True,0.7065196495610486,0.4208810737813199,0.5660166307682633
1.9199658345878612,2293.927275791666,0.2997004139126402,1.108160254719404,1361.514745773383,7427.938211991202,1.484237895879814,68.19035042,19.91807656,106900,False,1.73256899788832,0.3088242268601088,0.9527304227835992
3.561481837605041,2550.374496126272,1.305188444837989,1.206095421590731,1887.103984126317,4071.827423274526,184.01484024910263,129.0594798,953.1585563,79054,False,2.9528997631116196,0.6263464116681394,1.5
2.67803419311889,5459.022294,0.752895740019641,2.4535842256533984,3731.08149120546,6214.22271728064,385.3412865696218,38.39360103,989.3708902,67579,True,1.091477958506911,0.8784722629816542,0.9056790713748797
2.7600257929885417,4604.3276318522585,0.7785448423437642,0.6184525406905059,3758.551478173385,3347.439529727879,106.89944231150947,128.6517149,542.3915885,126245,False,4.462785983740932,1.3754774625760238,1.5
3.424206436418893,179.34953678111833,0.6153923112825942,1.070905968463126,2190.824542536594,4483.068993675444,657.0505668903103,171.6322636,944.108769,126609,False,3.1974826359875324,0.04000597291590478,1.5
0.2499463487887072,2620.1613523467117,1.1609737324946674,3.747629995976504,1370.6471195781924,552.9348460594603,8.659708002592193,98.5481115,854.3177986,50675,True,0.06669449288285112,4.738643922120088,1.5
0.6178316660714853,8130.653990192676,0.2393005041140105,2.041729496407344,2643.385398935628,4138.50551588827,706.3533352539257,65.58048162,796.4625866,71524,False,0.30260196786923155,1.964635290931324,1.0530549861751557
0.4423898985742975,337.8826175160848,1.83034137424698,3.542804732222585,938.5948151611856,7656.066148226023,310.2959926085139,27.87925366,671.5305727,104254,False,0.12486992852886784,0.04413266695066923,0.08999418674882859
3.9637766400767696,5070.684587804689,1.940523171983719,2.434776815305323,1213.1433726954,3378.5562721623787,687.8939284179952,117.9695797,900.6911088,128667,True,1.6279828964926348,1.5008436082843317,1.466971069868582
1.0562940477465914,5287.025888771901,0.2462468525436058,1.5133902444881442,839.1343207340685,4617.771877582072,931.7358793326588,87.80619366,188.360359,185129,True,0.6979649522842647,1.1449300718586664,0.8732165407093264
2.6189657558300925,3316.830585309077,0.3449091199336199,3.3438195588404045,1545.609556827926,7354.176386615361,505.3931839411367,14.10884863,799.188479,87598,True,0.7832255678032907,0.4510131944747358,0.5624635839051442
2.920262752371421,2683.0293254664184,1.0660113052050053,2.8934056466531657,3041.222232777015,5442.186205882226,382.8488563860243,88.15188948,230.1809134,7609,False,1.00928182899881,0.49300579279581447,0.7201160996219635
1.0880330849094526,4380.542161569206,0.1981864767467106,0.7744181852099787,2126.078817757973,3804.753572880861,936.8013948167333,176.2418817,484.467035,20112,True,1.4049665939183047,1.1513340027173005,1.2384776519540046
0.9144742072436656,1402.5984854968692,1.2162912374679828,2.354240304121672,3768.740842261546,3416.380027120074,1.372414451186521,80.86501685,460.9703667,154873,True,0.388436905614839,0.41055107275892694,0.39998693720403966
3.2196812825732684,3595.3181385596126,0.7880094674454314,2.636464232400625,955.6404927835672,1373.6186218416346,482.56530326362446,195.1668365,412.2812853,169484,False,1.2212113564044982,2.6174063737734565,1.5
3.379164335039248,5435.290887394521,1.243916379874491,3.290300031354537,2559.307923462682,2861.069263919278,108.32723337234928,131.6764782,683.2883921,195585,True,1.0270076515303308,1.8997411052010555,1.3828912001594997
2.1525971424715777,6469.638035740169,0.2110678888200462,3.349692031164765,2346.090148598503,3754.376541032757,86.14929461323983,77.73730686,970.4385228,152156,True,0.6426251965312386,1.7232256709757914,1.1035110017835204
2.2412801637311324,7264.157018769964,0.7342521520349224,0.5747212831292925,3326.35025243749,6343.775745746094,542.082062860503,69.92821522,56.34724836,22905,True,3.899762075567413,1.1450841436972232,1.5
1.4677658741907766,903.3919257859598,1.9407315631618105,2.770914207070195,3035.207457341282,4031.364858538409,278.21768480764206,55.05064279,314.547858,90439,True,0.529704362820509,0.22409083703959212,0.36673985911518103
3.592525758001796,5476.156242411019,0.7976354006479016,3.0156872034948603,953.718419483454,6786.179317843106,300.3082158775319,119.0902846,384.7645133,29245,False,1.1912789106773183,0.8069571971382246,0.9587658800374533
2.198560379035956,1035.256319982277,0.7214298534190627,3.555506665968842,2765.508400299777,3424.266940800057,513.50173259541,80.3781581,334.4582914,28910,True,0.6183534351730526,0.30232932699985915,0.4545061013045726
0.4088352741970249,169.4915029783133,1.7355943537836551,1.802521303018823,1496.2602149693955,6594.573190625688,455.3970230338496,40.45709367,508.6863656,172313,True,0.22681287965886304,0.025701663785238905,0.13386501363145303
2.8759351846818584,7152.313130115225,0.6848718716038081,3.532741812424124,3856.7796820987983,6409.816410454392,472.31378157548966,81.259318,74.34774088,64872,False,0.814079976206484,1.1158374391712664,0.9091023824038165
0.8388639636803119,3042.256502577644,0.3305472035826451,2.404577055720223,4059.8364003349834,6306.782459765785,38.329293362967306,106.2330844,470.2287197,141759,True,0.34886119071275234,0.4823785379475806,0.42718734503544425
1.227105981240355,6678.74711369664,1.9636287071788197,2.654009782227604,1833.6384152520643,6346.466853743931,575.2484165499787,118.8871525,447.069234,153196,True,0.4623590791181346,1.0523567311636286,0.7410801553830133
1.9202567566286168,4967.269072941973,0.1239755603029496,2.420371977615101,2105.7582952926423,2917.361096872229,704.616592615391,99.30156029,746.1360207,160570,False,0.7933722506358212,1.7026582950478224,1.1728766073111756
0.254293016663166,5433.631146354775,1.9689320209868575,0.918197151226394,679.054988530114,2639.1583236036627,974.626416023784,14.33631232,336.2911339,199383,True,0.2769478639480147,2.058850011270459,1.058278944247908
3.545640245057008,6461.091471011599,0.7191678728286597,2.095902963761442,2488.063662901091,8081.889222660082,983.6249167694472,36.15855278,829.1684074,119314,False,1.6916997660015765,0.7994531095645896,1.1391024696557595
0.370370475305442,4441.159179695895,1.994436204368316,1.4824937727582728,410.1176176637477,3930.359217626668,481.7663747573658,52.61773086,718.041517,152970,True,0.24982919475415413,1.1299626656638546,0.6472216043989465
3.678961718081651,4363.094750571765,0.855879864143368,2.8465198015868927,2176.5043892834506,3259.0578545050994,468.4120605252377,167.565779,242.652268,118062,False,1.2924415363592934,1.33875952622374,1.2678437546949552
3.9392873190601336,224.26540258133355,1.2045053600779072,3.911779966626326,2091.004569450467,6199.45513126362,159.7961799992582,3.241663755,818.4268469,58114,True,1.0070316698885955,0.03617501825510382,0.47106423594193425
1.994941717226272,417.32154427830847,0.5739903147969456,2.182682974365549,2578.2179882498003,5796.781526618608,738.3391894072132,39.57952188,996.2780664,43526,False,0.9139855978491577,0.07199193937014726,0.4634844681647784
1.3446511879222904,1126.1488725886356,0.374984522352361,3.4557351109743912,3149.3769522145094,4845.623230356319,190.25242641332065,3.202360723,353.9528027,113249,True,0.3891070222787202,0.23240537260537686,0.2812821476772765
0.8157061828470278,6442.41730338545,1.366934092116992,3.687580142561037,3322.0621653193457,2229.2363554890844,163.69185954539424,14.36320725,909.7183107,50734,False,0.22120358883290014,2.8899660121871857,1.4072096715958282
2.1714776101336,2161.685532069777,1.0255443632731531,3.94722700585581,1221.317795519058,2685.0311860869365,316.8583126000609,155.7713464,184.4282989,85130,False,0.5501272302770854,0.8050876810913502,0.6877513353687429
1.266256100540399,8142.416435134525,0.6419722178636401,3.820183490170332,3456.550376222727,7136.756159899691,49.13618084951133,149.1961269,942.7907913,130035,True,0.33146464622286864,1.1409127972936175,0.7371860651057097
2.7716391794048505,4705.106217504568,0.9698300164430804,3.5047641864329853,3860.351231123724,5350.813557823254,560.5092045772816,163.4434732,962.5545285,112332,False,0.7908202210333292,0.8793253896402458,0.8333071468918684
3.2902873915830604,312.0625956465737,1.7391402371371214,1.1710351443761655,3333.256763939863,2682.2600775340265,320.14753427630694,34.72523419,602.9769965,142889,True,2.8097231732636767,0.11634315335190377,1.3340966889470744
0.6337859034718658,6627.327579761055,0.5172483713235199,0.7491134199830733,3906.596565289777,793.2109291726204,23.148075883078324,18.14202719,788.2164621,79027,True,0.8460468608870011,8.355063360408815,1.5
0.8217728275888629,270.68545737834484,0.9449767766469588,3.7016372072314,2329.693973782006,5764.871407530963,150.2993508682986,1.96216338,32.23612746,109707,False,0.2220024706854047,0.04695429233300495,0.12201186377655582
0.224751482271198,7387.730445453194,1.681093907787165,1.537769513053628,814.4669971925885,2504.4273048118657,713.9138686281257,48.85624727,340.0684421,28462,False,0.14615411100899428,2.9498681907472246,1.4176441035620506
2.5595248409324576,4220.351114033481,0.1793083674984684,2.588509045331682,3433.77849930268,4643.583526436025,927.3375268720914,90.24372323,116.1971905,116232,False,0.9888023597005162,0.9088565090081984,0.899079332113031
0.7246499745800974,5605.507571434916,1.4171598903854323,2.921033843641565,2497.863562066329,7574.854429262619,116.32620022786466,164.3215696,36.08035211,72067,False,0.24807988037441495,0.7400152204958708,0.5268235725147312
1.4510309249021467,4584.039288945389,1.012922617298632,3.4461401195947445,3089.1891714588,6289.99458296209,154.16384287124018,141.9813134,645.5963411,79583,True,0.42105963584938255,0.7287827084356384,0.588436985905148
2.246232231113949,390.7868162166815,0.1567189289645382,2.7462129949862657,2952.619716144525,4025.340431123399,355.029505115296,157.9935194,351.7456838,119915,False,0.8179377991718313,0.09708168111648095,0.49077474824524975
3.5411414756273056,713.2289940684386,0.470108671023481,3.656621263110487,3227.158862236897,2973.012899060671,523.491007235168,18.17275562,259.400958,114816,True,0.968418726580484,0.23990107612849026,0.5528325000327606
1.3605187527504552,2674.607754439925,1.017961553836586,3.978811010609903,1047.3102237883347,5826.998570733496,671.7885735365373,87.86486756,358.3571094,42460,True,0.34194094848474743,0.45900264458864376,0.40436774081664323
1.4098753496686238,866.7427116083572,0.8603253865799254,1.0921119695594443,1511.1609333447375,290.1415619212386,486.420828567986,84.50694333,74.10432348,90863,True,1.290961090076024,2.9873097217844724,1.5
2.6649708898199984,5915.842906031714,1.9558420962643923,2.758814318569512,2950.119368238212,5240.795619160737,326.3526638405282,58.96501487,648.8413072,23396,False,0.9659837945230152,1.1288062604987203,0.9721452062233148
3.876458912633372,4451.496316617643,0.8362166905049591,3.769498623144073,3228.791512176966,1982.960332658499,863.7754729726411,197.5533655,560.9797332,27200,True,1.0283749304105478,2.244874111225802,1.5
0.0725253598308754,3220.306673044911,1.661753813526469,1.9556587581614728,2263.2574553799063,3527.251001602868,986.1718664780884,7.894102706,652.7210908,47395,False,0.03708485564945965,0.9129791644168636,0.431476820825545
0.899453609157725,4260.714188295148,0.5063462963730047,2.023017661772362,3413.371385792896,3229.316693131312,396.5857661262907,111.3179993,187.0562614,113709,True,0.44460964505869444,1.3193856756255002,0.8494704375566651
3.4198192045033173,512.2768268361833,1.0789131702323147,1.9602570870044296,3225.033874826251,4779.989046497725,542.3178589547153,48.37022138,621.271117,13150,False,1.7445759959747533,0.10717112983854113,0.8574772023099825
0.6744966829060823,3632.263040043749,0.4255602562511952,2.495380510476961,3375.297792756067,4467.189786869074,852.9358329697557,146.1367106,859.9146648,192002,True,0.2702980205929155,0.8130979905772932,0.5606143401734064
3.713450043370388,2250.8255336220363,0.324198435422171,1.681262749995286,2671.006418759396,7325.907429521167,202.9102783909147,44.82994925,625.0430082,75706,False,2.2087254563008334,0.3072418748078437,1.154605727897694
1.7303441175655632,6328.505571881262,1.292542893534571,3.322865161995721,2489.403402995572,3907.624578251407,435.0091729610709,140.6825976,453.5105512,1184,True,0.5207384327890939,1.6195275271540106,1.0334780970419266
3.868397877830368,6502.935322591578,1.1194614638912632,3.4897708062603603,170.99971589777715,512.3786286364248,834.6597406790578,104.0482836,390.9820495,27002,True,1.1084959397318712,12.691659929700721,1.5
2.0803401899972007,4868.421179881608,1.9251671902471867,3.2830481122844475,2158.930290570096,7526.321305807679,260.8895872531129,28.85436755,550.8727993,82145,False,0.6336610019670511,0.6468526895706728,0.5906618555580709
3.3708235504557558,4214.143445790515,1.3324703781400185,2.562255583146734,2628.707694069796,5979.337656915425,771.8665632915207,35.1908118,433.813718,190370,True,1.3155683051523326,0.7047843234295101,0.9267583702817871
1.5016232759921442,1274.3448508999354,0.2973519285183275,2.366906434734456,3377.962844469522,4033.996413133672,598.5122321081544,68.45926172,604.7829675,65620,True,0.6344241663006189,0.3159013345760769,0.46188443540864066
3.0606555742806165,6542.242604499932,0.9100867520352924,3.595588015873283,1218.249900553327,3825.224869770485,910.0555958060104,144.6080695,262.1635986,45012,False,0.8512250873970523,1.7102896759066035,1.225003272100042
2.319286272919007,5262.777775439414,0.8192353312501818,3.146304976320637,3055.39188713692,3694.253824151084,504.221252422279,107.3944195,816.4404376,182236,True,0.7371458117469026,1.4245847807233933,1.0264890425947473
2.030822022711136,5372.2857381314925,0.9453714167651692,2.601198447416439,2290.041682487753,5200.567444309767,286.6444345396797,5.064196957,129.1085238,151990,False,0.7807252245606108,1.0330191454350992,0.8187176811163864
2.91291968701716,285.24525042082496,0.4196910010297624,0.9086114636446522,2818.2677602405306,3102.402075938616,213.7148012839851,4.925574323,238.2719036,172412,True,3.2058988882155255,0.09194335335872998,1.4864923951440918
0.7552414749020073,3628.741383252917,0.6520617098717012,3.56611953268518,505.9536089245439,5133.977353419219,863.4699824452647,69.82277066,54.26277473,101558,False,0.21178237470659286,0.7068089967575282,0.44828599753545345
3.712224481618832,7235.177542908331,1.0755561821851949,2.8362794156425664,707.3594262351663,3933.8581574184,4.663678764409984,114.5146666,446.5850307,64483,True,1.308835494947991,1.8392065121679986,1.4738901690262105
3.217735564094769,3087.291665982235,1.6848871938792542,3.1381673601382216,3850.049681799831,1493.7496179692637,577.3720343200386,89.10443926,532.8684412,52524,False,1.0253546638756637,2.0668066634303597,1.4360356578848699
1.2064425337344868,4607.352241280451,0.646812301597011,3.604958384444743,1109.5596483224754,3128.25303889905,671.0341453895816,6.979570484,614.1696372,54327,False,0.3346618935403929,1.4728195521642113,0.8168572849844332
1.1791597676192538,6749.061565461831,1.366830858964079,3.5742863151551028,1836.1165983099213,4888.272585200973,396.8688344031105,199.4917134,812.6591661,184551,True,0.3299006665243656,1.3806639147975606,0.8695241896233377
3.74511323475757,4575.745292070066,1.238341619242237,1.329063166214398,1804.5989757872244,1979.5410098840955,955.7477639861088,165.2525387,61.41178903,162508,True,2.8178573540394645,2.3115183100078656,1.5
1.8851757709182813,7004.466949706995,1.0943491725512535,3.2965581478355706,739.9366680025794,7425.03423116911,514.6783307692649,89.38704005,30.24616867,138426,False,0.5718616552522758,0.9433582028968972,0.7265533315421517
1.0465153746156606,5744.678009398675,0.5743224070420622,0.9000937126888274,324.31823206080827,4150.236838624686,37.8007346469027,39.57146944,521.1549359,83391,True,1.1626725053071747,1.3841807663964973,1.1658745214830368
1.1800197909155985,3786.793485559394,0.1809498511101019,1.173761237800401,2893.883969644604,6634.104712912027,841.780454974026,12.72050602,702.5639259,180248,True,1.0053311930761413,0.5708070114748582,0.7156239927091012
0.4684006548746011,7625.339134617217,0.1536624624834938,2.475113075222884,1660.3394037659216,6597.702843857361,488.497407191085,171.2120278,800.0537984,185972,True,0.18924406740017494,1.1557566798512084,0.6908771808196649
3.7848221158769264,5282.442246662243,1.7209296318873455,3.330694646219448,2474.233037126226,4406.688663429066,897.7229443606597,19.65464279,19.63139882,53102,False,1.136345832190624,1.1987328011852274,1.0606150977129143
2.7985586202997954,3637.566695923193,0.1790596699132394,2.4486538217956197,2149.782273373364,7013.821304367752,24.08981354085116,185.5918488,179.148669,169116,False,1.1428963345056482,0.5186283678398428,0.8405046206451288
0.3981619699192888,6140.703604071044,0.1119774980814437,3.0283259967565344,751.1810185245309,6656.879584457791,240.967600186595,54.6898781,654.5752456,153673,False,0.13147918647680287,0.9224597689111947,0.5016241228649926
2.9014311975256417,2625.120892064262,1.4685231969419348,0.90315217366966,3849.851466212786,2063.5371022944755,965.0742579868216,105.1298622,908.1398899,162743,True,3.2125571631848993,1.2721462036583726,1.5
2.294167961393223,6876.569942827046,0.9713768197036348,1.4071466824849497,1436.4650698565408,1114.7380868596438,795.8878486747404,92.13193551,30.54570265,137008,True,1.6303675797140509,6.168776341024127,1.5
0.6706701219230609,5624.789893106869,1.1313189693524597,0.8748360439049754,3527.8121617897573,6657.939021679568,581.7158066047539,48.0520899,492.5488921,110472,False,0.7666229117704221,0.8448244830639954,0.7491832189237516
3.599728344030321,6825.250735672465,0.2296542510828675,3.458767074029048,2493.532595200092,5011.99191834346,138.68681835572195,12.12771496,812.0767364,166806,False,1.040754472975423,1.3617840661974832,1.087207675636532
2.51725346404353,987.5816202500446,0.9888574587948517,1.9569446219837765,988.5991051945226,2590.784818019288,720.2724120454018,11.44229054,989.0579167,74059,False,1.2863175326720442,0.38119013705811444,0.7561009887845525
2.877651336575998,1031.789959385571,1.0162624274883647,1.6246629424181902,2935.927273798164,760.4554887956748,714.0312601356643,163.1653858,621.7580258,196879,False,1.7712286593206656,1.356805195347857,1.4892177791558556
1.7686533654000112,6624.416496466256,1.5564565593873187,0.7408908928973948,333.7384266244829,968.9194675332122,321.45573287033534,81.71732443,263.5677558,172732,False,2.3871949232476615,6.836911334328491,1.5
1.6699825462488145,6834.178009895241,0.8452249303294544,1.2348553178974304,1635.0001171307554,5226.551001161606,76.8597499487601,120.2120142,204.7663781,93889,True,1.35236992518471,1.3075885047460074,1.257101926265465
3.8570169384154913,6939.755144036058,0.7457849746065774,3.2475739790148928,2933.1160694155883,7444.498690784108,101.21225782682642,103.4521763,931.7145522,148734,False,1.1876606278034154,0.9321991219764609,1.0056755621476967
3.2149591330054648,6786.808532759818,1.9681178722260504,2.839553621269673,3134.934480845101,5069.381483109857,518.5934832528587,6.432439342,228.6370208,166286,True,1.1322054201471687,1.3387843377014124,1.1151623933110484
3.181487302609492,6609.513231356694,1.4529628987193492,0.6327024617688501,204.961938210836,4837.411680296477,367.3243647404325,111.975589,409.6216212,88791,True,5.02840192104371,1.3663325899906196,1.5
2.388011723494341,6377.329497664078,0.4437538825660757,2.9682501258207608,1413.6358478506756,3777.080921280746,459.0796308340832,188.0085279,656.1252892,74242,False,0.8045180890259156,1.6884280821320614,1.2158529151880595
0.8019150540795597,1826.822957524524,1.327064288839901,3.097852345278544,2836.306292710456,2878.742216956404,662.0880008531827,23.20775045,78.57839081,12315,False,0.25886152916236754,0.6345906716237244,0.413660189169379
0.62760525655901,3876.4700696013497,0.2971551456617897,1.5908374400650525,3269.619972822851,5198.833601411943,574.3292962895295,126.2337891,150.5117966,38520,True,0.3945122526290891,0.7456422663350685,0.5762017864248624
2.498072277390625,1592.3415545454727,1.9342212181714675,3.831042610011753,3086.6169948267284,5385.198842321744,32.194788994270084,154.7131403,403.8006989,90277,False,0.6520605171035788,0.29568853460632305,0.5038624667248602
3.966740872275794,2159.553785059832,1.5314915801328477,1.959816992292932,2407.977799079927,3613.2306513259473,164.6990778335695,15.33995889,280.0276137,77766,True,2.024035337911567,0.5976794710488967,1.1874435098263147
0.4970526792258152,8007.82147164634,1.1791458336955989,3.636555252049865,2507.784745752028,4909.603543608232,466.6190006288827,181.2706313,45.20911076,157745,True,0.13668224682228827,1.6310525684788941,0.8861380369805986
0.5980524478866833,1264.2815929493927,1.844789235503834,2.1816572895069792,2530.457590999805,1017.33500945016,730.3383734610874,118.927102,952.4735232,171518,False,0.2741274610983344,1.242738704519725,0.7420677948948364
2.72122589609598,4330.49225285509,0.5530348766053534,2.3476351600243435,298.89394631676345,6844.058534051705,963.8133301107896,136.2263574,858.5778745,166674,True,1.1591344274011193,0.6327374657414987,0.874472104709465
3.129966510241366,2017.074352716372,0.5510050005958985,0.6277888578934547,1302.0018312730097,4368.079849606027,214.4309858058262,82.34569775,320.598078,122044,False,4.985691423470826,0.4617759797675226,1.5
1.310792301175459,6936.480839556679,1.5008470661351945,2.6225011007339303,816.6838098284237,6876.258044677259,841.1191503651102,144.8822642,141.9665003,134184,True,0.4998250719450795,1.0087580764827868,0.7513211761160674
1.5063358176157506,6073.47548223082,0.8189064732826807,2.9387885626886097,3564.4101274187638,5939.8289533792295,784.028734697599,104.3052982,656.3278923,108162,False,0.5125701536239463,1.022500063365134,0.7429469371376378
1.1156937823463196,4563.642562183342,0.8957093603795433,2.343423407811678,393.8134174479513,3784.934448103671,60.218564497469984,80.50732658,950.8360035,184016,True,0.4760954860021151,1.2057388637903839,0.7970889156887795
0.8839489918983023,3673.7628040146574,0.2596445623921574,1.6152676194316196,1431.7742229372495,6795.1582317596,269.7126887010177,51.41340005,471.3890311,152204,True,0.5472458148845523,0.5406441878429511,0.5152634565072899
3.42646960294708,671.8225189822006,0.8354368801071205,0.7906334108494775,300.89876890673787,4608.180025605072,363.24894403312345,33.97453075,452.8774039,194442,False,4.333823010897786,0.14578912175814973,1.5
2.260913979972493,4373.830247934003,1.654646641742043,3.964016727300925,1625.9496511015805,6051.982854386777,343.5430627424652,124.9279598,755.8749698,198176,True,0.570359200061382,0.7227102839594007,0.6443604471755146
1.4265730145893496,2272.7344835229724,0.3409225262677486,1.1430026112488132,3758.086081987957,4554.981231368519,161.6825129711157,2.419919928,879.9017414,166285,True,1.248091432563994,0.4989558392408976,0.7873815266978113
3.205257546799084,4742.843523569548,0.8394843706507675,0.773029043582117,180.7629773979342,3831.596414139789,926.7623117039147,93.40354415,879.0682848,157333,True,4.146355724994015,1.237824397378896,1.5
2.534181411422298,6846.892885927405,1.437746869210992,3.3906809754063016,2829.29500996518,1490.175627995534,656.6709284185147,155.2490269,570.795102,113230,False,0.747395783445196,4.594688540533046,1.5
0.2356506344858062,240.5272410456646,0.4416056632077874,0.9682596534338492,3834.328906421342,1591.0414599408475,848.3254975515221,3.028651359,532.0836555,36958,True,0.24337520444530347,0.1511759730657371,0.17906272404290402
1.6996619461105316,1001.3294467915604,0.8996186479055757,1.4157191072520754,1503.6344296773557,4273.923617603101,930.6825833277552,70.35648754,253.1937964,97464,True,1.2005635417650384,0.23428810061861544,0.6808700428243599
0.7807183361804211,3293.4309141974863,1.6395500786901442,2.317512791033991,1944.0568997103123,7039.252803777084,695.3872315901353,103.4029945,629.1798533,153088,False,0.3368775362635891,0.4678665485578879,0.4138489160326716
3.4352331940510856,1947.3171253980024,0.9384145250952592,2.750695443108678,252.565537358598,3317.670246296724,482.6723380488597,181.1171223,862.1591446,5572,False,1.2488594307297622,0.586953187100104,0.9166962749417036
0.925237235395945,4317.018006077799,0.3417591000334391,3.152198871280302,881.3784582491439,6569.185714257777,453.4928308453893,55.56749709,247.5232466,63757,False,0.2935211195919976,0.6571618147514038,0.45559782966618284
2.494727542318948,3448.1620310410444,1.832027832452356,1.880352917451994,438.3307044485554,2595.157682485832,891.8540430444227,19.2203437,17.76758379,160714,True,1.3267329725350172,1.328690758555161,1.2045531892999946
0.707320458202279,6030.951587699499,1.984891040938904,1.0583371734175353,2081.497886106033,7274.725744780015,149.88205588936287,158.4048256,564.4881077,89814,True,0.6683312347302313,0.8290280346579367,0.7530333564821023
3.689525020097154,3872.5049570082056,1.4027032901643133,1.6472073956923516,1523.0138655741885,3067.791598016432,146.09906406568928,19.29643888,711.4037037,145344,False,2.2398653562874657,1.2623103076003512,1.5
3.9866302985504936,4769.410602323262,0.1700327502302483,3.0441240126219187,1403.421098366805,1284.0125324433366,544.3194629940817,73.22265507,528.2579441,157334,False,1.3096145138654443,3.714457980821365,1.5
0.2301585753181201,1344.0597911668035,1.3445081229331275,2.4162377546094493,3215.798725254852,2792.032152620762,450.9193400339792,199.8257937,680.9014202,147963,True,0.09525489767062442,0.4813912294755633,0.35942796604041827
1.6473158722939614,3497.319101190428,1.4808771266613925,2.761905545806946,2701.103320301064,2030.4413188384171,127.6607567971212,195.8631973,690.1071125,106540,True,0.596441568522611,1.7224428339887925,1.1414534096421143
3.543129196859656,178.14075605151356,0.6186885879867616,2.464134337172041,3223.7189470017533,2894.858692733541,819.5940111652646,166.3317904,707.9380886,91223,False,1.4378793012748723,0.061536943560365244,0.7579234422741778
1.2358910783562318,7960.977710105403,0.698445165658584,0.8569660541313385,1629.99002202992,3600.0492183295314,644.0883525483104,0.300950413,881.6918977,23985,False,1.4421687186200969,2.2113524635610524,1.5
2.3417635190214425,7781.702535256809,0.7831859073060157,2.234430739515876,2028.6159454250344,7313.744759113354,370.3348959869954,100.4909943,20.92091656,9078,True,1.048035380811777,1.0639833341868226,1.0006661452214032
2.6186142920835844,3132.3503584996934,1.9329646755903904,2.81945458148978,730.8649247519498,2384.485303026899,759.7942990367801,90.75862784,254.0639858,106660,True,0.9287659324286739,1.3136379382208,1.0544720979376787
0.0575590376092214,711.7093836883951,1.9462709144938108,3.886748818600156,1184.9823811801425,1285.6943606117904,912.7335637284496,41.57769616,611.6868852,138956,True,0.014809041048582784,0.5535603211296437,0.27656011964586125
3.9442985172773817,1579.497938796093,1.4777776944094654,2.1997200378741306,1528.644834440353,7790.661732532993,376.8246308856545,34.25388171,31.28975023,39299,False,1.7930903279850692,0.2027424617856955,0.9152558637794082
0.8284804346610408,3632.4746308028807,0.9356659410087218,3.735116448144288,4006.2900104116006,457.3370839127782,254.385163440628,183.2224341,457.2970203,126036,True,0.22180840259056736,7.94266362959753,1.5
2.811291452495809,6519.773514962721,0.2646757573348819,3.399501500457208,3507.583035799716,6367.816481705463,334.4053403483337,51.71162354,43.47928582,22627,True,0.8269714324721664,1.0238632869948374,0.8587377270686789
0.9858558564505208,4199.484758450607,1.037930740657029,1.3078065376449906,2598.1005433295336,7587.479942199326,632.4291425930865,94.34194483,39.71536736,46621,False,0.7538233479107957,0.5534755663129777,0.6354669620084135
3.1282613407393125,7055.691753783068,0.7576963978071618,3.823231596665565,387.4605002859406,3111.3297451271483,724.5668203974832,97.47824711,744.4835686,157437,False,0.8182241759153309,2.267741554094578,1.4374355618330508
3.5820123456566964,71.43279833560337,1.8253881211311525,1.7978523672816369,2786.878225272592,7198.876144081116,333.96414394919816,18.90955021,296.6678985,181816,True,1.9923829222361535,0.009922770845892706,0.9104946376383816
2.602100359237572,3913.5432621088776,0.1972189325291388,3.3655109177628417,1236.7891764564624,6277.922144429855,185.50835181474145,102.1293507,914.6985994,178199,False,0.7731662887609881,0.6233819361646311,0.6795238022205827
0.8350077794245458,5457.944378085992,0.1576772267453778,3.147483348161994,557.4963135208143,5621.333489799687,218.009020217955,4.538530702,831.0196492,103407,True,0.26529370349757486,0.9709341007821167,0.5585723294610475
2.256833379053941,5800.679211918104,0.847869287476043,1.1485803764679732,1444.548987128842,6757.357986324132,59.7989711032455,54.48509593,392.3767733,158099,False,1.9648876651595877,0.8584241389607261,1.2977394887945386
3.6058575111651687,8096.390016696081,1.1680120537707517,3.56518892636801,972.6735167365204,5933.4443831940025,199.7162177980264,151.8574709,993.6650227,77173,False,1.011406849463021,1.3645345759478105,1.1451208527528396
2.7943364108226856,2847.553379842495,0.934178281690922,2.720495529245586,689.5953868446228,5528.64020989655,454.6392715495453,24.18093264,294.9987182,122036,True,1.0271420605699415,0.5150549269294415,0.7060820526883964
2.8771333751670216,4673.721213917826,1.331018126065496,1.2284774386690736,2927.8854868175267,4290.795372120997,854.207054915998,118.5648334,681.1402568,145199,True,2.3420300142052892,1.0892435568462684,1.5
1.920410419265076,525.8320296177553,0.886731003700138,2.23506420474471,3655.5058766778143,7825.708803174521,363.8825728076077,197.2149231,805.8008824,186004,True,0.8592189682825946,0.06719289495377814,0.5155167943272161
2.8304936600703594,4399.59986983662,1.2093922515848097,0.6057495737330045,3593.809539344083,1166.2164145608251,6.8846331991017085,30.04858722,309.4310502,142963,False,4.672704876905243,3.7725415378593206,1.5
1.976673959273884,6870.759652567359,0.8837427733465439,1.7584059772420524,155.9924323634208,2576.5653685621955,483.4802118874904,45.45329102,327.3869877,105068,True,1.1241276819625508,2.666635100251628,1.5
0.6127384432788978,7190.839771042244,1.0952544702272036,2.506434939543105,717.8034064116257,872.232704377108,303.650914046904,115.3184896,336.5881999,78583,False,0.24446602987610888,8.244175810781252,1.5
0.5185393527016777,2100.5319927141736,1.333894791463532,2.010693620849303,2971.6649923659934,801.3012232691398,642.0371722503792,199.4498952,37.00172387,66643,True,0.2578906549631343,2.6214012023132143,1.3954305496149808
2.3460139005833605,7335.961794868689,1.2657670056557564,0.5086835718902198,2095.703623919911,5201.95932785153,681.124502561284,143.5792314,422.1148069,109514,True,4.6119226534939175,1.4102305172171148,1.5
1.6012517193387912,7792.149941605282,1.8308134347775356,3.249436124670417,438.46712219237,5581.831781809648,660.8293745979215,74.74985838,953.1944855,42841,True,0.4927781821601495,1.395984373015816,0.8873271735240889
1.8570538915246215,3279.361350465425,0.8432462309047483,0.6080772518824671,678.5701208450783,7106.948531914236,269.3719450699988,77.40872262,752.7278034,44552,False,3.0539718955177557,0.4614302939268238,1.5
2.7650203646414933,4028.825732140784,1.1491974953727235,2.39432070269255,800.2138638047135,7174.093061899088,557.9755696164661,9.146398252,993.942442,188021,True,1.1548240829676613,0.5615797978668421,0.7769560583058256
2.369589316985306,5135.804878339319,1.061149420444048,0.6358441936739817,152.62382069838995,6516.554366199867,991.130220510758,181.2003114,106.7058103,158686,False,3.726676462384759,0.7881166317263689,1.5
0.3480326213210523,6249.454013665099,1.1903878280651623,1.8245348127630852,2371.9282528155923,4274.97347138225,823.064273462966,25.7342428,759.2033424,31966,True,0.19075132364433567,1.4618696593180402,0.7565496947115409
0.6536403223244598,1918.6537341789333,0.7497624369224579,1.6271072812096097,2002.4383759420127,6487.655713451447,508.46864266439775,157.1869935,988.852637,62917,True,0.4017190065792896,0.2957391419376763,0.3924687878714863
0.6471070743859699,6605.8508914537615,1.5783232165373977,2.9752727888044777,3527.1521894672583,5448.590973275546,917.067776943042,87.48205246,317.9613318,174804,False,0.21749496695764256,1.2123961814425033,0.6872026865881591
0.4019847187246879,3963.490702695703,0.8497787031472807,1.729066563316674,3452.6418260556343,3638.237401782063,888.8360986581117,132.3787968,968.6381076,44879,True,0.23248641478971838,1.0893985916545543,0.6610537572784867
2.576040980502419,5972.658219711611,1.4527680887500412,1.6531751578135627,128.11973836287387,7002.076442461725,127.80256476238738,35.80420675,240.4188929,127355,False,1.5582374378719615,0.8529838638492235,1.102956045298708
2.4106213995200307,1708.0468369908058,1.2990493887208394,0.993386394552084,3450.456480799377,4971.159379619363,111.29189113876492,32.08212812,895.4271652,145018,False,2.4266679975408527,0.34359124425779286,1.2626616261687125
1.339957990484499,1284.4359056446128,1.362346882097692,3.709890597775424,564.2458477038657,5237.207189289724,620.3256229507319,26.54357461,405.1561891,89103,True,0.36118521395287745,0.24525207023049958,0.2861717946340323
2.258770328508964,753.6883839070142,1.0673223265607164,0.7494875301601251,1687.0325623928431,7143.955087287505,736.8168404679543,94.63960943,297.7101758,22713,True,3.0137490269882945,0.10550015706883212,1.4509934519490384
0.0100008317413333,4195.050095944457,0.8577711787371712,3.2867494166606845,1414.0124821757338,3210.3453352324163,686.5099613045239,25.7079536,479.9060706,180904,True,0.0030427718790689545,1.3067286090996262,0.6022542260203868
3.1581015186958004,1864.8788666700484,1.5322115783495929,2.553896378481491,1748.3971698033636,6214.866486601603,339.20951755814264,114.096117,379.6560107,34810,True,1.2365812132097336,0.3000674061768508,0.7485538188247862
0.4953585502799833,3282.3111500548603,0.7613718002529257,3.219977670759751,1037.475533800903,4518.503573168596,746.185345663948,75.03982633,727.7770414,96666,False,0.15383907812131684,0.7264155258876397,0.4336436147531313
0.5774839725179879,2194.356059355466,1.2409425465696633,3.236769404360899,4046.821661368884,5025.265319703943,313.9608254409524,98.66980126,478.5079354,174396,False,0.17841363469585114,0.4366647170478312,0.3261321636596949
0.2002769481039727,7472.944112547017,1.460409025681275,1.8825136092845367,2718.317642282429,1493.5864157232345,278.76728130004216,31.41557698,658.5846882,120948,True,0.106387991421798,5.003355700664337,1.5
3.5968178694300548,5433.633899746527,0.6686592619667645,1.4864591894177863,3681.874652352447,5880.50083370751,560.8440908547086,120.4873104,415.6896561,6841,False,2.4197202824778303,0.9240086945786125,1.5
3.511717916243262,7638.316744996254,0.3031463532837121,2.4233878653301035,731.106437551447,2510.64214404884,339.54959389623616,72.01028016,894.444044,139074,True,1.449093856327887,3.0423757364463686,1.5
0.4189684985873998,3875.392866543513,1.566322975706033,1.023702288560506,2432.4301141549367,7041.905244776866,197.1655668438032,32.60372583,230.2825367,12083,True,0.40926751263692623,0.5503330038227428,0.44812606208180067
0.5624856636121454,7151.242933122871,1.862384843386304,2.6801160112383418,3529.539492917439,4486.0946888185545,682.393682184139,142.2777775,99.26451139,79666,True,0.2098735470330268,1.5940909471556677,0.8829402214813572
2.765069822547228,5943.491354222006,0.4305108464915136,2.1030389181420333,564.5962508085142,7038.9490992842375,339.68336180513256,25.25382002,994.0825728,28332,True,1.3147966420866022,0.8443719750696881,0.9842558602577575
3.2765424474143767,1952.061437508706,1.892020469791768,1.9168441017863893,588.783458997648,5740.903006610271,17.97329812762538,192.0993414,332.5973655,15515,True,1.70934127351283,0.34002689732277463,1.0182887195052852
0.9816842247411236,892.0932960905257,1.2344040066616304,0.9052034824306788,2784.624752614376,7610.688074258189,157.79212466310244,176.7262605,981.2138237,35500,True,1.0844889124997252,0.11721585318818388,0.6291517763598987
3.521020789044536,207.11731116964256,1.4165692843755924,1.7478217237452198,3626.8187799227217,3225.960630157213,501.6247410087691,123.0163029,440.9765922,88509,False,2.014518258178794,0.06420329782367669,0.9969478185339166
1.4970921157659478,2671.8102747625358,0.5787854922203274,3.2010098144075494,167.46445351568997,7256.048168248619,581.0910858653809,173.6954769,777.1857792,95332,False,0.46769355137059515,0.36821837623484355,0.4630292386799304
2.7555296793059414,4650.309026251677,0.6238905824263458,1.116480142109222,3470.883002739159,2644.225761677658,50.12160992418357,23.25775731,954.8465852,196621,False,2.4680485638120846,1.758665652490494,1.5
0.8618169834436977,2042.7395272566464,0.958088257742486,1.8699499169115013,3048.1508514868683,6664.863384188837,373.471891873896,76.92938733,290.6823967,130423,False,0.4608767939573062,0.3064938332863921,0.3837908356038064
2.9741826588490947,6369.445912899082,0.8872721554986667,2.711316177500836,2429.290536569697,2595.2007834081264,284.7019654239363,81.11062321,54.21893794,85426,True,1.0969512101090864,2.454317196251822,1.5
1.956170125902984,6179.578529285295,0.4184727004463993,3.298808822405857,3046.206945882523,3958.6525399262737,212.29110235019465,79.97708023,275.3354919,9935,False,0.5929926947035487,1.561030796564771,1.009308841665027
2.060492026070154,4635.470156066005,1.7379616266754114,0.752642068947394,701.8924444789525,1395.5860459168932,836.4933435222069,105.0277993,618.3370409,10501,False,2.737674883463481,3.3215222854274105,1.5
3.2189224661712026,567.7775952708307,0.7957692602096478,1.66501617156354,2252.5586197341486,4895.335297075119,34.07465523818409,25.94512901,253.1509249,37863,False,1.933266828202416,0.11598339249490935,0.9351383204549177
2.598571471380303,6578.279597485035,0.4122659599848233,0.581639575252542,2995.887017620376,3745.6031713131097,241.28493505266837,38.43693334,867.2652004,184791,False,4.467658519614165,1.756267093671484,1.5
2.066547306435713,3179.7831018076304,0.4140367276861186,2.01659230544847,1575.04520764958,1208.811349004939,631.60169206798,133.658816,14.91777215,141543,True,1.0247714801255545,2.630504008582181,1.5
1.121570264724722,5173.936226843806,1.3849807333205806,3.881811490265996,786.3611360220307,2888.704030499437,293.35718720612203,147.226113,336.0906709,131681,False,0.2889295316394502,1.7910925350694982,1.009640898908906
1.6371734902143658,4218.279704045495,1.1270880711241924,1.6521757446390553,3900.027932523557,5650.270310942567,230.95049097145147,176.1692149,784.4958175,166191,True,0.9909190984116126,0.746562460052508,0.8699727425357686
1.637232579011537,714.5913748314624,1.5980507267475126,1.178433499144834,1640.1995187700134,5412.913929057426,843.4433459048226,179.5535113,359.1932929,29995,True,1.3893284524508096,0.13201602391336772,0.7744036155440854
0.3596672244548973,4214.269180044157,1.415322787232257,1.9973983302452112,3787.069174414593,3328.8986031260883,875.6279907982416,102.7379093,275.1734735,181831,False,0.18006776061687307,1.2659650176249506,0.7020962045536727
1.1849903703340212,5056.070915087479,0.5402772778115765,0.6111688900223685,615.8346344487213,5860.58386750123,760.5457961505186,144.6995076,41.72658949,160079,True,1.9388886620226842,0.8627247776901971,1.3330934066590876
0.4493940895577677,4584.363595600578,0.8306597209782699,3.755075800845077,635.0335942461743,4966.25438214546,841.0047038345529,149.4964482,4.845734719,7859,False,0.11967640434321661,0.9231028541669254,0.5440170790417004
2.480642771149109,3915.5280449400816,0.6242152607546713,1.653145237854551,2915.468365053204,3203.90307460909,733.9162171623855,25.98821986,717.4060838,85736,True,1.5005585799647592,1.2221118905713793,1.2381989835500684
3.4595667699782764,4349.063782236629,1.666647439151749,0.71977566220239,3837.0952674064906,3680.956646983176,684.3735669361095,190.5217751,226.5126908,188656,True,4.806444764953355,1.1815036682432851,1.5
3.0457382334644247,1277.3716320683789,0.5526843246729538,3.444333619707728,3793.008941983585,4281.87801034195,972.0407418939044,84.50266982,177.0050906,116707,True,0.8842747786575026,0.29832041657535396,0.5744294538537636
1.0869295008966215,6872.679001157296,0.7803529764998176,2.269873171202468,3880.1084332365663,7506.522049392654,991.6724127771356,178.381303,437.7352628,49645,True,0.47885011190766563,0.9155610221377818,0.7166973647329402
0.5892752283900586,3611.808571661837,0.4893581605677645,1.6667279045105865,2728.247550163611,2853.56616273943,954.9907339870224,169.6022725,5.355011779,172949,True,0.35355193444796695,1.2657174792571746,0.8134930072216126
1.602476304496717,4548.075493706481,1.9993067001554512,1.7558881364199828,433.9760765743854,716.0979665275866,772.5256904505055,14.04431697,108.8662388,192111,False,0.9126295454871066,6.3511917362497945,1.5
3.6414341252519353,999.700039880012,1.516256809201795,3.44388868259432,2774.098451851187,7730.088441325464,669.7550140163677,150.197388,596.3168547,43223,True,1.057360850916921,0.12932582173397092,0.609125970585473
3.6287527815877465,3228.19509944951,1.388383032350396,0.9218115642826328,855.2290611370224,4640.724067130108,90.80756104098764,149.8188939,358.7505828,110020,False,3.9365408133829156,0.6956231510550142,1.5
2.9957618093396605,2998.9792333962496,0.6620348884869277,2.562041584331557,4031.668617945032,3921.1375463869545,469.0689970422392,152.1010273,567.4370737,33301,True,1.1692865011926652,0.7648237780882665,0.9464186448268805
3.136452279185694,2263.3150101287874,0.2949571988984502,0.5394079444243332,933.9232878728728,4188.573082059322,95.97540896089728,126.8704112,113.0412995,73712,True,5.8146093267566625,0.5403546661947387,1.5
2.111898067764805,4518.584543338497,1.0532422217672237,2.7930335162848325,813.0054311329128,4994.686481871556,478.37534027309215,131.347252,371.1768209,142942,False,0.7561303146994244,0.904678313410507,0.8130534891242602
3.502349367927499,2423.7418104239896,0.1993151012106985,3.285113416050989,3302.3973501107403,2390.5902238029707,727.1874179385701,103.5645128,928.5016167,68079,True,1.0661270581064406,1.0138675316568533,0.9877924220577501
1.981795947965006,266.190369449434,0.2171585194817347,1.1685247347667838,2402.622572291542,2574.332542293168,159.89372899177278,72.26130163,446.1638509,76379,True,1.6959797195742001,0.10340170314939764,0.8458610827731563
2.7960558924364136,5250.846541581505,1.2072686825092915,1.0556223769560027,3733.047630919867,6173.975099714925,235.96252955873643,169.2396888,175.1794836,173626,False,2.6487248705112285,0.8504806799388412,1.5
2.0518028474230103,1980.4061170564848,1.5299342809165613,2.162991480942376,811.2812101872623,7257.306488442516,142.15858789619418,32.61274342,957.9549045,46342,False,0.9485945353490445,0.2728844537484338,0.5659758846609475
0.818149700533426,3604.8978923381865,1.9171930382872184,1.5847819218677086,2403.0825000254645,3909.4007312147855,37.805663131217024,42.18457269,765.8715817,24593,False,0.5162534813091089,0.9221100980087836,0.6683610294598585
3.435761169065674,240.45051701398097,0.4204271112445602,2.6633223675883406,1371.4926027569834,5260.989099519675,280.1494187868875,16.41430618,527.6082474,29465,False,1.2900277941753584,0.04570443169901826,0.6092886517939494
0.8915416450110478,826.0931387462106,0.274818138301598,1.8676384533400088,3244.2500888309414,1733.5622242182103,403.8235795483411,66.72596436,528.2684234,84133,False,0.47736282472329006,0.47652926830603204,0.46262254231422945
1.1894786499394998,1298.3279210319197,1.1245243226437651,1.0687366666818945,3245.759770531664,1780.5254654778903,860.8635200104105,0.649560713,641.0490676,119207,True,1.1129753231515358,0.7291824494935083,0.8292958570761249
0.1557173685213975,1876.280998424978,0.5449353628232049,3.7883733055854174,3821.114823513103,2153.110940374041,473.8577555515756,72.88553173,431.8179408,8655,True,0.04110400819998553,0.8714279242980393,0.44709100316913275
3.444271918816417,4156.179501848402,0.8862972412960369,2.18268315789415,146.16103844071813,3020.2857964713558,745.5254089238815,175.9624058,328.0320823,144013,True,1.5779983129301878,1.3760881520974073,1.4173415207777276
2.453546610137184,929.1840310975304,1.3878223947827943,1.852839448451956,136.218400990065,2375.6669099690307,265.96912767190327,84.15776678,162.8878066,154868,False,1.3242082512755575,0.39112555165341667,0.8139893338340956
3.271058121315952,2365.6115893722254,1.4764004990039248,2.142804019164944,2812.8195008962866,2423.4077832127728,507.6649209327558,117.5442472,234.2674817,160826,True,1.5265309218804661,0.9761508586309497,1.184993225950645
3.088807928608098,1444.4133269820986,1.40383064289353,2.420222419842773,1355.374879488637,6533.892673146212,773.5049451426551,74.110699,210.7261224,50126,False,1.2762490864619263,0.22106474639497214,0.7108555910266406
1.9036909905338864,3496.734473003441,0.8286217606683679,1.2814778272778014,529.7623620764344,2191.540674799453,652.6153922193959,168.2338739,342.2849736,96922,False,1.485542289120631,1.5955599234898372,1.4706334009416335
1.9055734886425515,605.6420168911764,0.403597427669237,1.8696533931651915,3912.142647716773,5679.959506805455,886.3562842464991,28.90991164,990.318104,104571,True,1.0192116230725143,0.10662787579011739,0.5210862476570983
3.801354588478597,386.3878615280346,1.303944231832077,2.29655036114985,1999.6012409262771,5606.239233383706,776.8429027802712,135.7349993,592.9397665,114041,False,1.6552447521031333,0.06892104410355407,0.8437586222567962
3.3385660453111163,1928.2061685390345,1.9716035110953667,3.509810819907772,1849.1435899870016,6008.765048931203,584.0583648669138,42.79468823,669.1574375,198387,True,0.9512094142411441,0.3208989122583702,0.5938512976918129
2.405507155048469,3598.096806553041,1.4190621673778558,2.064379243932482,2509.527460747985,4633.052684807948,475.3530834482687,49.19269426,595.6120907,24798,False,1.1652442238384177,0.7766146967365161,0.8984388464595806
2.28633100597747,4727.726606066322,1.7055105611383932,1.1123025069295969,1011.1885482417032,1368.361815035397,713.1203784254546,88.72528129,608.747317,745,True,2.0554920412762696,3.455026697371702,1.5
3.0526040397807703,6112.208487069255,1.5629366146231127,3.5287369829762207,2444.8557100351773,2975.709494418513,127.93474545262362,56.69841199,906.7768201,4232,True,0.8650696239016681,2.054034003144388,1.3419527364260977
1.6779921951408947,634.0871643280834,0.6360855732442505,3.550110243384004,1563.1952699147164,364.9262490822317,554.2092398439667,118.4589404,949.0266491,75014,False,0.4726590464645312,1.7375761929573428,1.0538497403472749
2.3866630053930944,4344.045641080697,1.0845628623555086,0.9048043511886475,3622.027957982044,2985.3884934029475,319.5366157894272,128.6920995,823.8726307,70601,True,2.637764025442293,1.455102292122108,1.5
0.9572590805143584,1161.5409973309231,0.163794257845298,3.152908043517998,1448.6310932366644,950.7707474439766,817.0464413749484,111.292652,109.407964,125808,True,0.30361138469324633,1.2216835648676523,0.7420425938172811
3.86193986976501,932.719009211096,0.4784763214658147,2.7112283923441423,3900.6749540235614,5760.71871546807,912.158115977314,194.5653747,709.3247723,130787,True,1.4244238723105451,0.16191018085030742,0.8111566832336793
2.4964173776609524,7752.705990333052,0.3413557046353656,3.9048507170036486,3067.706219557999,6601.9950204886245,549.5712625905511,61.05828626,117.3319736,65128,True,0.63931169698207,1.174297460858273,0.8466606928663268
1.5830788232024142,1890.6333186708223,1.983357178674264,1.0873534165764038,3835.299806984661,4111.349228885423,554.2866422432261,18.74066711,903.9126216,89547,False,1.4558995660189862,0.45985714493135166,0.8714631335818073
2.1114822450338115,7520.495369926971,1.7747107032727003,3.6457361048445223,1766.28330300467,4969.114585152038,771.6577093712807,173.7627225,693.1355904,193402,False,0.5791647023116492,1.5134477661040737,1.0285781130260514
2.738101866781496,3169.50034585883,1.1227643500415885,0.8757513872380687,1101.1200649175353,7362.14698595658,82.12373684196028,188.1370493,371.9169875,9065,False,3.12657082833296,0.4305130489073625,1.5
2.46008752158969,4701.251328092355,1.5695411688487793,2.780126075790545,1002.243539459767,1625.860591129849,834.4377882363099,91.72120688,11.01437382,129490,True,0.8848831202761297,2.891546391399891,1.5
3.8601318184345783,26.095494793731632,1.8168752365669685,2.260091764605888,798.9068151934486,864.4585641070173,828.40910535401,96.52386417,712.3895802,115168,False,1.7079528233911685,0.030187097273425813,0.8304366400418497
0.5099076072635866,7159.469796669641,0.302145937314704,3.2198909315211965,3509.8710757577965,2839.547272429656,858.2282372557095,107.2133238,855.4538045,99610,True,0.15836171465005885,2.5213419983046474,1.25948637692957
3.738137782290953,80.11741882455772,0.8780632884505454,1.206167963762336,270.84222323383267,5265.4180452465935,313.315772369687,128.8378058,767.9932094,141856,True,3.099182531302072,0.015215775484658564,1.46591381611492
3.4251820811555285,5654.770569738644,0.2243679004982042,2.6478406830303065,2208.0523030431013,2526.0580245070896,440.3077611726141,178.1843354,662.6409044,109788,False,1.293575104247018,2.2385750891860394,1.5
2.8101832216680847,8034.481578165522,1.5664829382799512,2.047409945274898,2608.553248985093,2730.574255876527,390.639292955005,108.4187271,813.640233,98516,True,1.3725545563549637,2.9424146067194212,1.5
3.339527395154717,4218.805496741237,0.499230269993929,2.943547789249496,864.6390807624672,2512.7699379557885,215.23312605946933,141.226342,451.3664309,125726,False,1.134524220339552,1.6789461825917944,1.336692034741759
2.9673836314674187,5160.551206208995,1.7251898563339008,1.6129141634086408,1751.0637962163623,6820.380829809221,448.7388099135411,97.88068172,760.2094804,10395,False,1.8397642348381942,0.7566368116715131,1.2173327205255082
0.2273588340970098,4582.027173294378,0.3450881281217769,0.8690742220076388,824.4887556853452,1499.1127385367315,933.7592819894244,104.2629916,898.4838269,65223,True,0.2616100751000486,3.0564927189601194,1.5
2.311575974910536,1210.0935639143263,0.9440721257576554,3.6766834666804336,774.2297975615696,1418.556952465589,733.811775938158,13.06590406,329.1666317,8441,True,0.6287120898893963,0.8530454564816882,0.6733254375712848
2.031549373582981,871.3530954435937,1.168157500476575,0.8800631690932551,1362.272233673178,5533.776319155193,665.1584335974251,55.67364832,536.4453427,33571,True,2.3084105056522417,0.1574608450055959,1.1374857055376584
1.1080624378369826,2674.597272945557,1.7076933854420449,3.33867932616565,2914.329000684468,5141.706875150081,832.1719989101471,153.3448844,402.7701826,132117,False,0.33188635316563864,0.5201769251669586,0.4601195742850588
3.983852482163366,191.9268473596221,0.2098342730634577,3.2716087754172203,251.55805741743703,2477.952392677445,615.2259745692269,72.20401189,184.3266345,21253,False,1.2177040526342464,0.07745380736503577,0.6189318277070094
2.1655981879365496,2245.524272442999,1.4212869258185237,2.2760141569919923,239.07240093525485,3219.1077014003467,541.3914839111422,163.7556845,352.6039204,149580,True,0.9514867162829569,0.6975610883626574,0.8239692778147386
3.872817838244333,5310.311242722979,0.8048695656764251,2.6449343885522314,1532.91709520462,6798.140016171082,118.1766571169216,192.5714586,146.1217883,77446,True,1.4642391095852865,0.7811417872109032,1.1067305622280879
2.962840396483052,4943.8853327949655,0.7595207310368258,3.007719590382075,1891.529175276038,1967.484781436492,796.2467465106602,184.6096859,909.9210528,169472,True,0.9850783367170014,2.512794699571989,1.5
1.712427905989376,5262.147769316107,1.4619947757778515,2.3820348945413885,1298.405646284567,2524.702833865332,501.10215835798846,148.1608558,189.1163344,177424,True,0.718892569970726,2.084264213850257,1.335519006735597
3.3847730134068703,1861.7904229533533,0.7337923950446162,2.8061113441726437,1104.397894541919,2165.1909619198223,502.3801438421533,136.9700228,79.83772153,32250,True,1.2062143628839062,0.8598735422591435,0.9982412332883407
0.4642253682266437,4885.956505455305,0.4977783843578396,3.978084712447719,2564.430278834827,1288.422435918668,228.8250553272353,135.0455138,468.6430463,27958,False,0.11669566766096788,3.7922007297081337,1.5
0.974957644164534,8108.512641184289,0.6941105144435563,0.91790442293597,1570.306975819478,1104.2309731402845,540.0682193195597,142.0434815,853.1752247,93164,False,1.0621547926431019,7.343130949118043,1.5
2.1139098433195027,2967.4978132498136,0.1962615076701261,0.6223616028337318,2157.956487958314,4597.281062296093,775.1863953572687,168.4150009,272.5099656,192847,True,3.396588795172591,0.6454897519627001,1.5
2.7400066149444213,2756.570635559182,1.699254302898441,1.420694294346725,1713.791497637648,4286.35084743907,116.89629586886564,46.05486769,416.2960348,143105,True,1.928637777465401,0.6431042938454332,1.1803169692394055
2.06158180766658,5267.281455723419,0.3447378553070917,2.7968243093562264,1893.393290068445,4786.812008932965,734.6350514071656,165.959376,551.2957142,182510,True,0.7371149713104946,1.100373577402548,0.9098697265090764
3.7841643290916704,2370.7074493792143,1.965931757999865,0.7540419634490592,2888.0889125141643,1038.5636728823165,180.29995774840856,174.6140953,589.2556831,140239,True,5.018499624719748,2.2826789622990873,1.5
1.4239831233571223,5510.157784420176,0.6199917415514286,2.5925161930233624,2633.622209673756,2793.351832295723,805.0355253256946,141.8086153,978.0010434,103904,False,0.5492666074459048,1.972597121043303,1.2057602387355715
1.7000635664858246,7801.213087554496,1.902452894363417,3.878924696630074,2356.8890199492234,7530.609999786806,897.2598454484422,56.39468244,720.3449929,126462,False,0.43828206556336013,1.0359337539375186,0.6916013213022547
3.994193247821985,4928.81988121344,1.7173177467142635,3.615710874451161,369.2407652300743,6744.931137444583,782.2813170449015,112.8868666,268.1680735,34674,False,1.1046768621264311,0.7307442848630848,0.8823966839216301
3.890164485357072,2817.668153266248,0.9728945253269198,2.7237608199037657,4021.142034668122,5227.737275172865,51.83474230027652,188.2595823,710.8880314,6708,False,1.4282322547184088,0.5389842687980321,0.9794001314941145
0.4485335843297218,4418.497319763356,1.056714349113438,3.536135350485534,2805.946655261785,2686.268011592915,566.3346993079775,24.47410226,975.5982081,41579,True,0.1268428419815133,1.644846046280546,0.8095000285103311
0.5788185290627967,2002.8175444963017,0.5568283634397182,0.9036985213865962,216.754127913497,4941.474294899948,871.2180076494302,16.83504393,825.9422,5604,False,0.6404988775192482,0.40530769251558874,0.47903252673057173
1.953888520480823,7627.7156827477775,1.568455668864802,3.2065997486748947,2311.9899832119936,7374.558189934452,119.8520603962837,142.3257858,581.1040879,65332,False,0.6093332702202647,1.0343284960615717,0.8108280039142416
1.0712002850097448,1041.4675783109797,1.0651110389584433,1.838161217698112,959.488874456689,8159.743888638106,339.6880932969696,2.032664059,703.5311803,21498,True,0.5827561216828754,0.1276348366317622,0.3206925105768833
2.271171562665186,4525.093025979378,1.559399085937063,1.8088016884313527,3547.4298442066797,4749.527186609316,331.73651183731835,102.7946407,485.2572616,5908,False,1.2556215098479389,0.9527459991774658,1.045175206008558
1.3943151013647164,6480.091029512142,1.0574540718163357,3.7329865461689695,780.4982264506166,7545.676141019525,847.2253145373636,126.3336157,882.227766,60160,True,0.3735118545454703,0.8587820239761589,0.6177144236712124
2.670674569985416,3000.0623819880784,1.4722801127575988,2.142520069033447,3509.8135486397564,4985.420431980726,755.1756923167226,147.0067398,1.286334707,48831,True,1.2465102950843951,0.6017671773761266,0.9052461182068876
1.9436110084511729,14.156165040342785,0.8767211778052787,0.7023723007129781,3083.633799496944,4336.14324926525,331.1509364565639,159.7660567,461.205794,151571,False,2.76720514073957,0.003264690353455648,1.3266138904146243
3.388202770404375,5097.37850250122,0.8262685419459675,3.176222663400561,3278.031271463948,2830.951132758963,324.74928065101216,73.48153423,248.5697067,51620,True,1.0667393513392767,1.8005886578949437,1.3270473114635704
0.1246434764470842,1496.5743269226086,0.1635354781569029,1.4324531920893575,4063.22335605984,5372.318034795891,952.1490404221706,109.5753608,104.8096041,165181,True,0.08701393533937793,0.278571431726658,0.2193144271589029
3.060893990790663,4617.238929871454,1.0800146973856233,1.9840660506273813,3603.491879395899,2597.327977484464,762.9869602198787,104.5131481,939.7606545,173979,False,1.5427371720238883,1.7776880579269794,1.5
1.582826819223154,2411.104382388409,1.2172647509689898,1.057494228062487,3893.135602500277,3471.594887060081,420.42186365459486,15.30230008,305.4480543,142764,True,1.4967697037490797,0.6945235432512485,0.9937349729574626
2.367529172017381,5414.703254003859,1.7228491811952935,3.857370995188973,2901.678750165856,5649.883779263932,604.2441308923745,102.8294163,964.9250885,133829,True,0.6137673978476104,0.9583742718599625,0.7588909703465367
3.728573372854424,1627.7691639433851,1.258545832543268,2.11224051653272,1501.0432402620047,7619.750457237934,525.5713374157286,180.4813805,522.1785773,60278,True,1.7652211376731861,0.21362499636501303,0.9807434089873883
2.3162548476713853,3572.127796397712,1.1832323757239642,1.9514566948237932,3029.9238834428897,1041.24642159448,486.9993312514117,78.98335185,534.9182648,48266,False,1.186935721853059,3.4306267170618647,1.5
0.5150802550357843,5914.7968599543,0.7649354273283322,1.200373255586584,3228.5742499218136,2229.0032010774485,597.9894850031297,192.2071787,116.5441116,11474,True,0.4290997183908124,2.6535614010969852,1.4833244781688883
3.050021740670302,417.1572900104848,1.5631232025860864,2.979603741251202,1150.593972146219,6773.682515617386,299.89863109891803,181.6351173,515.1330917,90316,True,1.023633000191002,0.06158500770992779,0.579187760995983
3.2754161204811423,5015.097132500945,1.4264836617093062,2.4524389385017216,2902.35758147026,2334.480029793145,701.6795559169876,37.16537491,674.6528611,80486,False,1.3355744493715123,2.14827159210998,1.5
2.3382586165100383,867.9259128393132,1.7391262919045665,1.1145622328793607,3045.851976200849,1998.475801611838,639.070015406271,25.0129104,432.9599234,1465,True,2.0979147234826554,0.43429393125751525,1.1520033930500304
3.907811028547392,749.5565193158645,0.7618959571433283,1.672310411404174,3660.2693921824,5284.404369722829,716.740841059695,67.8085718,804.559209,64826,False,2.3367723271505736,0.14184314195723371,1.1492894969859
1.218433901717038,1729.509985949884,1.1776103238448363,3.093567957258481,769.9760683068446,1344.566519775606,831.2648543497766,119.9005795,692.5658018,187665,True,0.393860269013306,1.2862955898620958,0.816035014049606
2.8057843678737973,3807.1801037756,1.0425314588687438,0.7255267470414729,2635.276200648668,6117.624877443258,347.3291416809987,77.36212756,428.3458323,12351,True,3.8672323413061855,0.6223297733064677,1.5
2.3203085247799025,4591.55059698009,1.9373324928485425,2.0465718551811065,2197.269122538876,7910.256645557695,587.8345584579869,143.0013695,445.999554,50033,True,1.1337532005791078,0.580455325552325,0.8429119198920237
2.363402864081583,4204.307098346021,1.9266280751517677,2.597263597303221,3626.5618174585006,2689.9021323255674,161.56297448275393,155.1926535,717.7996352,130027,False,0.909958448798609,1.5629963061697607,1.1904448481315508
1.4229237435871869,114.898674937509,0.4183184460467618,3.498567174429475,1660.8886974029094,1771.6330608231588,827.3929304136801,39.10144653,58.93703316,195288,False,0.40671602571221255,0.06485466850526521,0.23176229297351333
1.095942833305536,8024.511015973481,1.5342323249423693,3.984893164627573,1878.4907004185925,5469.8751318715695,775.2078600490756,73.13871433,793.6632313,78568,False,0.2750243263757954,1.4670373310260159,0.8205060014795124
3.9146393521514846,5549.836230276958,1.128551418816556,1.8681473051768864,1343.4621913602064,4880.405856840097,882.0371706178407,28.6861808,78.32274276,150908,True,2.0954649806460766,1.137166947163105,1.4690309480426436
0.7665475356086828,6698.890972800726,0.550172637112225,3.7580346071742032,1724.7583187878529,562.020050234857,158.5615204096492,116.2234817,874.2158492,14519,True,0.20397559143540855,11.919309565703365,1.5
3.579184335890307,534.4789047083905,0.6116802753685202,0.7561515327992328,707.7536246121413,681.8388350325338,429.9530117982506,48.33562094,973.6812661,7967,False,4.733415786680466,0.7838786476558046,1.5
0.5313423281467302,22.152568133969,1.7988631483730677,3.897704511397184,1056.6812752380652,5482.61381586808,988.7290412469246,118.921765,668.0066314,64462,False,0.13632182487698088,0.004040512221709528,0.12263840291178972
3.1424780612025125,1494.2988230208612,0.3126260604151682,3.0521306592333053,1009.191811560084,1515.4324122139576,27.445715508153224,199.1751959,306.0346592,125423,True,1.0296010828025361,0.9860544158823448,1.0066568051772973
2.784670175723677,1216.080933967487,0.4557125725414728,1.8988621081240824,1525.495783391431,2409.48260972508,128.1378034802163,56.04595263,365.3753986,175167,True,1.4664933790170362,0.5047062504433409,0.915069628450521
3.0978404525278704,155.71963058475194,0.627707004838405,2.9253282644362493,1553.66492854966,2761.4223644296526,423.6148486939968,117.1792135,361.7228888,29362,False,1.0589715455927886,0.05639109486987999,0.5605170516665741
3.48330997713722,4979.387407613275,0.4986289907215594,2.678810439993094,3078.328094788764,4776.70667358746,617.3383639187826,31.67560834,215.9349981,151377,False,1.3003192106519448,1.0424310611543506,1.0700792803225812
0.96079959696779,2959.6077938445424,1.7269288271818353,1.8641985991959724,1462.1974289334328,2052.924085367539,746.5901541459657,114.5796072,237.8890365,20375,False,0.5153952384616873,1.441654766241891,0.9379762461416786
2.3681005014233247,6524.381521904036,1.9579179846289692,3.535392583703437,2918.620128380083,5202.486340000057,350.86368563516834,105.5016047,770.6495731,174393,False,0.6698265540615322,1.2540891209048086,0.9185256920270498
2.319998624379123,5082.0423981486765,1.5757758909094142,3.524287778013551,3816.382063334655,6413.547722695769,69.47520236727134,79.23886104,346.067777,88018,False,0.658288457759917,0.7923917646035975,0.692435171246801
0.6699098124555909,6049.376502013879,0.567485541319417,3.044841980291464,3924.521278190781,1248.5628835685934,557.4133391480858,32.80461398,483.170894,130873,False,0.22001456784200563,4.845071543275991,1.5
3.507980074122923,6341.606558487772,1.4896856524024569,1.256889249433165,150.186117189526,5687.667747211153,145.0672087700766,36.25766917,484.0191475,99182,True,2.7909995130481438,1.1149748612658135,1.5
1.7218864614576863,5687.935203952658,1.5496959706405031,3.037202229369852,2770.0366241782244,1503.0193332335086,251.8003612436458,50.03607757,491.325732,23971,False,0.5669315918036005,3.784339345743228,1.5
0.5537442588313368,2532.693005952216,1.5269290712505543,1.0737434823175704,1499.272044473135,450.88481664354265,118.3479342937781,115.1763738,744.4581508,129194,True,0.5157132520356567,5.6171618711599525,1.5
3.149860935977239,5932.455701667494,0.4690177394798999,1.7352216953022777,3602.259232991244,3604.4692892063695,205.89268221485568,145.6954421,274.7076523,94890,True,1.8152488118699543,1.6458610752452378,1.5
2.883166188872866,5776.599971536382,1.2907875130435802,3.293712170115837,1289.7038045365532,5637.413670530097,530.8397330787668,19.56282511,815.249319,149103,True,0.875354361464167,1.0246897439350955,0.8648036401123735
0.3590646405264355,2678.683862648416,1.7219587521638788,2.470505902734458,999.8931244995068,5248.375390225112,992.7446245261186,17.98411072,745.092697,87288,True,0.14534047248724868,0.5103834354392739,0.30407000197901557
0.9554109549169918,509.2116250791996,0.8628549188321477,1.4490783299027945,3808.959703597482,1553.6085578934567,382.4692037062824,85.64616482,302.7099198,92914,True,0.6593227404472616,0.3277605688796416,0.4870209918203734
3.0331713983796944,910.256821630266,1.785846025189942,3.3626412660156517,2241.701836437207,8169.627398215774,847.0962770507788,178.3083864,146.9043207,163460,False,0.9020202443281774,0.11141962505140005,0.5452238284618387
1.3761611137211611,3044.416662288563,0.9818203972256164,2.468678395851769,2219.542426672858,3411.033577270929,807.5197607581333,170.2728208,53.54079198,28649,True,0.5574482924083157,0.8925202852537717,0.7376429867350656
1.4158567861223834,5168.60312651243,1.7142847812125948,3.531042415270922,2991.694891727129,6086.017205746202,365.4414770635293,121.9981816,452.7766123,102784,True,0.40097405203208203,0.8492587107350205,0.6236186770574095
1.0799452901284128,4837.800490922158,0.4759183286438082,3.6185240228899502,2841.60642795589,666.0861825626218,85.15834296696123,72.37114006,241.1240683,184224,True,0.2984490319389611,7.263024831181375,1.5
1.3904796720540609,4282.048674045609,0.631699055678123,2.4897100302300714,1094.1578346709389,3835.6584268727393,221.0590792802475,133.9855239,31.20540258,52608,True,0.5584903850972489,1.116379040148379,0.8207003047729116
1.5080408245074208,6283.917726767834,1.1917264303379465,2.726525882100241,2173.0094433421914,8092.298828912418,184.76265162378857,172.262849,941.1961754,10771,True,0.5530995620867594,0.7765306075376166,0.6844859593365639
3.950253661704748,7461.834362682701,0.1137883144144268,1.904986703667244,2264.661690728845,2222.1828788057637,339.6080519865262,124.9502997,818.3118969,171510,True,2.0736373542465465,3.357884911495189,1.5
1.847841030251924,7131.476434884372,0.2811667621426867,0.8929521755253352,2857.6773286807456,6811.73745857803,333.52264465652536,192.5291315,207.0583183,175971,True,2.0693593806470494,1.0469394155608207,1.4986224482635815
2.0770423283402133,2082.775783757725,0.7997750528335446,2.274356547512629,861.1151898459367,4982.077676814328,737.8444640507266,179.8169468,863.3663327,159854,False,0.9132435357896073,0.41805365521146454,0.6890140869317914
0.9152543509855864,5577.351348136773,1.627455365145969,3.9678559246788,3463.20393515833,2316.7572072546486,421.69909172304864,63.8423159,44.72587445,92022,True,0.2306671758482513,2.407395703038958,1.2190572208787436
0.4370215082948872,1736.6743515605067,1.9522317605027315,1.011435093966381,1315.3840891651469,570.0705850288217,777.7215526732404,112.276583,245.812429,36783,True,0.4320801985433331,3.046419854176977,1.5
0.7465898999856093,4494.8991830505565,1.205716724198842,3.3576931587323804,2761.592659152165,2040.105250907624,601.0596727799591,105.442222,678.4199266,108264,True,0.2223519667638422,2.203268276892846,1.1442630493628596
3.930363627957697,2978.32114324808,0.4687513354999839,0.5552900433851446,1922.6622770630884,1345.3117176442413,905.9155366926556,81.26434687,714.314714,166714,True,7.078024532860389,2.2138520775315396,1.5
2.548581645537453,7151.116735001097,1.0937449254875038,3.464633778731208,1797.6944380367272,6994.298508631065,444.7394183015717,3.219795468,344.5162245,136769,False,0.7355989327310207,1.022420865388301,0.7927191986268406
0.5125131950793844,7287.649104591419,1.97607115181994,0.6551181205211282,178.58786897827224,3822.554042545325,36.19405980055335,89.95212098,510.8432555,90657,True,0.782320617770544,1.9064868728009672,1.2549503753482543
1.7461363451663925,1392.541178961067,1.6922228385862337,0.5350420802383697,3482.459021414711,3575.9197306247293,811.7648656586641,41.65015331,147.9242599,127685,False,3.263543459693867,0.3894218224882699,1.5
0.2968019538263724,3720.185755848089,0.6941472229704608,1.1620818720975523,3508.509527277093,6284.162851264912,939.7099702742344,184.7026339,918.1179662,189538,False,0.2554051530685129,0.5919938491898367,0.4737033399688303
1.465410325949593,5103.38838351637,1.0755643565704605,0.5331712914893285,2131.642483557604,5778.294620997421,440.2542087107956,13.68813907,568.3757058,126455,False,2.7484742724649323,0.8831997531050516,1.5
2.115691048703713,1291.5284265379332,0.5491561945830471,2.805193823170599,2381.559184872185,1812.968666027399,3.9393662627549286,1.641893873,866.198486,10252,True,0.7542046745660369,0.7123832033211938,0.660785691748164
2.5733090742396145,5807.824719335575,0.9419424885159456,3.179852928402884,3041.5143898864326,3133.06666065752,658.129106849255,66.9604637,795.3867996,85844,False,0.8092538626552845,1.8537188469086063,1.2318260979553466
3.7680038238702975,6460.868385724863,0.6009346178171755,3.2153845288874487,845.7937113618273,4980.576451522029,250.69886906683823,191.2644388,918.1427449,42974,True,1.1718668850183136,1.2972129726978199,1.2067414257223905
2.7398679058629893,1479.1416306763276,0.5537791465670764,0.660575942568487,1109.5070267455326,8117.144560655131,224.27731882166304,138.1871385,37.46250662,36828,False,4.147689283870102,0.18222437945280628,1.5
3.124620553602744,965.0156905028924,1.8680519154083624,1.3913004213628026,1988.5158310728316,1325.9682785519683,280.45620110113487,100.8638634,990.3795801,182087,True,2.2458257467617093,0.7277818824059363,1.3885676365129092
1.4436390679137237,6675.340742289304,1.579818184539988,3.1759129883047343,464.22693693744094,5366.18430125567,727.1740816215104,75.6477788,371.1733903,109221,False,0.4545586162691771,1.2439641216726998,0.8021683252249981
0.5566752665813843,612.2463811549887,0.5492401727167266,2.9759935072959203,3173.855462594164,4896.021179477672,607.8243490009514,84.33519325,494.0112265,169166,True,0.18705520632401856,0.12504978197321767,0.18262510207155552
1.879990932734613,7147.627941398814,1.87104713025152,2.246181952026696,3037.086171433544,7051.677666257432,353.3982602045634,150.1233879,293.6642455,122173,False,0.8369714190192415,1.0136067300107747,0.9078401259027942
0.075994280000311,3403.07529249455,0.249404077067378,2.53001109277659,1932.75354755126,7994.701326599174,570.9546962329387,52.59867205,309.937491,16663,True,0.030037121252219086,0.4256663448760131,0.2313722952447408
2.0478991178728907,1310.7540259607467,0.6189626964761683,3.115912064115724,426.7254753657791,6001.239236035598,317.6149296683095,84.63755717,817.0379925,191892,True,0.6572388496513047,0.21841389322919466,0.43637281038138664
3.2624572288130413,3545.4079851049364,0.3849012666124508,3.648566477673938,2045.389640995437,715.6633269000797,601.328852044984,107.1351312,687.4154731,26701,False,0.8941748367753767,4.954016570204843,1.5
0.3558789568703102,1761.9837401265595,1.1480823428150353,3.7381583940411622,1000.3369907153872,986.5193457455488,227.71093487704,68.30859532,518.3522299,129928,False,0.09520165390421857,1.7860610092840126,0.8807308069178762
0.0524346776526711,3440.093197451977,0.4211765976599242,3.590106957874617,1240.352447960505,4329.216625598876,568.5647365319867,159.7745581,137.8325856,49896,True,0.014605320583092714,0.7946225597296079,0.4440592642978082
1.0057010934639845,2890.261627327065,0.5072756419434296,2.678645904339276,1974.4475215542627,4759.35086964698,103.69197373521143,164.3657198,125.6279603,55724,True,0.37545116223971076,0.6072806367676284,0.5244321671479768
2.194969855670183,5562.69869679901,0.3028503748537879,0.7389133447043433,1977.472170444711,2931.010702356435,227.7049004953573,116.0789008,314.954949,103722,False,2.9705335556158965,1.8978773057460718,1.5
2.6235976553886515,7052.791947796713,1.183939250590115,0.9431408785676628,3775.860673110284,3654.1305712092512,98.48726129013797,88.89970573,848.6508862,26998,True,2.7817635024044045,1.930087556650354,1.5
1.780086710704282,7008.518938515881,1.300375514452973,3.64829534955578,1685.401363816253,5893.923831802728,407.6104342678427,199.2033538,582.2512679,170793,True,0.4879227288981135,1.189109180459689,0.8542902723559667
3.1861000592751165,1835.8063663207104,0.8552884533491634,1.0835855807091572,2489.056425890868,1647.8160123765376,549.2974551087581,63.93630727,427.8713522,98628,False,2.94032808821789,1.1140845527765941,1.5
1.5489771756575097,6935.94658487031,0.5522269592890375,1.3107694389831563,3377.62680495432,8062.942795401901,270.90698923983246,183.3171876,467.5403755,194896,False,1.18173032408264,0.8602252006507457,1.0105608833710977
2.7188495504056376,1784.5267775447574,0.2833461392357684,3.039249561843582,2068.122339573409,5915.927677685586,818.1093178346053,4.14182852,317.6610444,77549,False,0.8945789414468045,0.3016478352117461,0.5403734676754267
2.6461507852823454,7666.985344627114,1.3586485995795563,1.0120209101289486,2836.929452364962,5627.746505679073,656.5499811851524,35.44121234,776.0385707,72708,True,2.6147168937727656,1.3623544229520375,1.5
1.7064278475012564,6794.077689822931,1.6209571349939964,2.3141137577668114,2458.2919492249025,3879.1389761307455,238.4822614800329,173.4205176,415.686342,93038,True,0.7373998380045808,1.7514396183990955,1.2067091135359809
1.83497485340841,7712.69318418323,0.5163445405337264,2.0780783610198266,1380.4477094684664,4113.236615370028,383.3746853235069,121.1505748,958.9577695,185157,True,0.8830148106123762,1.8750910544479589,1.3017376665645641
0.5518556650476616,7731.610403721267,1.872298053378253,1.2834525097320988,3327.638647673946,4693.10031513776,486.8554955039039,61.56221697,870.2659052,160822,True,0.42997713657961245,1.6474419643524865,0.9656271939237743
0.8311706365814446,7581.383629140039,0.1057961387400349,2.6499068245067896,3994.861750362194,646.0418205068177,611.1497874344287,99.57967562,721.9583101,66808,True,0.31366020693045993,11.735128248287921,1.5
3.66566410809197,5817.572514527971,0.1154224969153341,1.1836941161038177,887.9010120743532,4317.949954118909,334.8645420291313,160.6399211,227.8927643,61392,True,3.0967975268476717,1.3472996618757165,1.5
1.3877648407267815,4687.68562099295,1.7058102847222223,3.41235783263342,3911.482457410723,2328.0904415180944,81.18826636344956,129.2287779,76.84077941,181038,True,0.40668783934888864,2.013532436447222,1.1537292357870934
2.013863646958019,3985.4255022608295,1.2325831648982464,0.6532134465007593,2170.559056852392,4447.932578727468,873.4970731367379,70.42678337,475.2875682,17473,False,3.0830053709715037,0.8960175161883911,1.5
1.4903234620323271,3532.793051593906,0.1174286813580349,0.8756898507750819,4065.49457324954,3498.764784773529,256.4035367575791,161.7903306,679.7585722,114382,False,1.7018831025963423,1.0097257940741662,1.3011388531594923
0.0394776389679147,7995.156113530786,0.9279661890874208,2.5199123915242145,1595.9399510981486,4383.435990900784,538.8316577283553,96.33433118,401.3780769,192624,False,0.015666268174413703,1.8239472706578417,0.8760049786626051
3.375361688965706,231.56102389535957,0.9644759121891784,2.438125907024093,3488.993884604265,3046.5170662251167,817.5533842177875,75.68317606,570.1727052,110381,False,1.3844077103786097,0.07600844465521873,0.6950380658530141
0.7555578471369593,2765.7610201681973,0.4553778065292292,2.5777096244232127,1381.1682393749843,6886.563802216404,395.3041641092858,62.45070107,35.43115709,181309,True,0.2931119730734021,0.40161698913998806,0.34386098164852663
3.638320186370084,6139.818831741457,0.1385764355156556,1.512269011300626,3025.8715504815536,2972.359573000617,126.8731438871562,103.3729034,204.117863,44853,False,2.4058667825072795,2.0656379818400072,1.5
3.1653451853613936,5646.77213714791,1.281284899472135,1.1557862403573644,3698.070617796917,5102.794271948191,263.7138978361078,89.84931824,685.7276806,59847,True,2.7386919277484694,1.1066039183832175,1.5
0.3694772630293301,6400.935470945998,0.4234406296448034,1.0418181534128887,3458.377201201544,4218.927820564767,99.05618943090856,58.52619004,276.8349625,20113,True,0.3546462568085468,1.5171948280859522,0.8715987038610633
2.403774983902713,6341.092037362756,0.1516529184553093,3.04860220779382,4037.6388140745103,5730.979779497036,315.2462167037667,92.91572517,418.6824182,164490,True,0.7884840433669459,1.1064586301529065,0.8991933703394246
1.4960822962925384,5893.101538367158,1.359223680466796,1.2665454141963275,1287.3927593036303,5931.832222032955,784.6237228049156,186.7908749,2.607666606,22213,True,1.1812297437531023,0.9934707046306186,1.0720333652928593
2.9804553865057364,559.1387673090321,0.2032041871967342,2.9440036939130847,4043.27626963476,6965.023716905348,847.755760229099,14.89741473,186.4503168,91158,False,1.012381329645301,0.08027808518033112,0.4991472565431299
0.4040667585513025,2277.5023355350813,1.4724884667074885,2.5398281988573514,2204.9012772023398,5658.15790572997,365.5101121444157,166.7794721,176.1187541,21963,False,0.15909209908016209,0.40251657395884216,0.33613393028344646
2.4373306702231425,3190.846680422009,0.4929915823994462,0.8382411702882845,1721.2379079511638,6280.653083318341,63.08046503988063,166.6410609,741.5748284,140399,False,2.90766887734234,0.508043771497104,1.5
3.137995641361661,3630.173509075229,0.3544708495135122,1.829374147005701,1857.024833167797,5525.955199785443,826.5698931034876,80.34305965,427.8808045,35199,False,1.7153374180784595,0.6569314041053476,1.107702274814193
0.383528865349402,5757.172068414785,1.3723901003168644,1.0375285856292236,3138.6693465365884,6721.507335843503,481.56052146838016,63.65767716,368.0395814,30273,False,0.36965583503510974,0.8565299091257734,0.583620168417668
2.181433544899371,5796.142097799961,0.791457232667115,2.3371586933484068,3488.779691767316,3888.569410200349,272.614978279261,59.24343904,714.1238535,81604,True,0.933369487377249,1.4905589909505488,1.1203967426707557
1.3545796900186504,7942.961348430907,1.395912301021111,2.3803630350428566,1266.0489697237836,4493.616484658899,683.9486057199792,190.5399988,668.1735134,50921,True,0.5690640885499104,1.7676099804645944,1.1467965126670505
0.6137762579560015,2429.75230095231,0.5463224968475312,1.636057924487326,2848.727347998609,5252.589452888733,260.59690891800005,13.183481,394.3474634,110681,False,0.37515534970620573,0.4625818031815627,0.3835750632788907
0.4397140231939174,714.5290005066227,1.2739258837265317,1.772553951903442,2289.091104108404,6341.159887794647,238.47275797354496,109.2617145,812.9183091,185721,False,0.24806792179939727,0.11268112033718852,0.21698121963060726
1.4392801843879468,8171.773873271467,0.7739527421421869,1.267554753999813,1769.3595579279925,729.7649184355911,766.5958042648887,60.45793007,724.3942385,154321,False,1.135476826045917,11.197816797759495,1.5
1.151415115439142,7100.101410281382,1.4924120501052591,3.7395221212109977,2489.177728954512,2708.881265442501,840.7371887536193,92.54666484,615.6193456,114438,False,0.30790426429193213,2.6210456317289057,1.3643120453978301
0.123320682750045,6907.504696393211,1.2884000122609498,0.5088680918595755,1249.6627372329176,6601.726079971059,268.3594585717295,51.86177135,123.6704411,126778,False,0.24234264710279524,1.046317979824024,0.6058344775984564
3.0959185611895776,5276.44750707838,0.7832141269369631,2.4479977365787846,3479.4424717145835,3580.7819278229103,794.2950884666903,116.09619,535.9274235,82208,True,1.2646732675672443,1.4735461728642258,1.2902609681355623
0.9690365500644104,333.47036957830005,0.8587760064531972,1.9948934152542852,1227.7928757444224,4078.323805284409,560.6523112541977,150.0750763,702.1304989,107492,False,0.4857583151541829,0.08176652600866213,0.33044197568469524
2.010039758013689,3054.1594145445943,1.4213359393180791,3.0154106444771616,2495.780559067436,5416.742448637758,285.09785423740175,78.55848712,577.5941737,177519,True,0.6665888425864347,0.5638369265182324,0.5929803975420498
0.5728209272315161,4070.788414418495,1.5510081646499334,2.088594988904182,3179.7814112458727,7211.158812966923,338.28992392369685,190.8607812,763.9101926,139241,False,0.2742612406969413,0.5645123785838684,0.4729017405151504
0.2913742840591196,698.8716415262998,1.4722129477747332,1.1185668794494843,2111.441157582459,4453.636701433789,454.4840942312478,183.9125593,52.22848089,35359,True,0.26048869220393017,0.15692156505365282,0.2798132712933892
0.64931120783978,2772.4094968252666,0.1878881151283863,1.98943440778555,374.4734695632641,690.3867136973822,830.0819058224008,176.9576712,502.2376204,8589,True,0.3263796378101722,4.015734135383093,1.5
2.311618904259739,7890.686015887916,1.87870920567673,1.7735205510501864,2232.438257550376,5158.625411720241,718.6848506145416,148.2192719,127.5937973,138144,True,1.3034061542082302,1.5296101935276993,1.3489850256545672
3.612393865805797,2846.7248978972075,1.056821810456426,2.8559446778475794,2447.324361856983,3256.0737992684863,397.3354816466312,122.4747528,564.0195117,148615,False,1.2648678487919716,0.8742814421658609,1.023869458325677
3.491556391623894,854.9991122501215,1.7714580815811087,3.895123953540062,3086.108194536469,2150.425753398917,423.5505329286008,42.49294777,406.1039749,76063,False,0.8963913695376096,0.3975952717740349,0.6035456324157626
0.3186583491353074,5925.054837758096,0.149912295507079,3.5961373680559783,1821.226787948128,5536.039995617658,656.0626293621086,179.9825171,347.3798353,94230,False,0.0886112592234791,1.0702695141975336,0.6115095043150157
3.894897730087824,5588.983538656182,1.5427994254004356,0.8338941800333032,2798.938307951257,4136.572001567865,280.1249156370543,49.15165531,397.620062,195226,False,4.670728196237174,1.3511147721317798,1.5
2.959881215496184,4809.304197736308,1.3649690012255975,2.892551005040153,2147.0796937930413,5665.760524452066,506.29880449007146,135.0149398,173.6361327,197519,False,1.0232767501979958,0.84883647590322,0.9099748483526846
1.0020292223979053,5323.3329954271385,0.7185567512025081,1.992907738565609,1598.439829784455,3265.7075306803767,543.8445106800015,147.6649992,521.1038222,155587,False,0.5027973449095884,1.6300703427315202,1.0336409248258398
3.028428612707572,7074.070232775042,0.4349027142584889,1.6910247888314012,812.1789959700519,7330.746759985206,31.569018188308707,58.46203981,233.6259658,5409,False,1.7908825712234675,0.9649863054094002,1.2693791272234372
3.163806326130133,1962.6138519527149,0.5866106541332126,0.6640787514341177,3429.8813669264646,7840.914185575161,975.6269522642866,162.5311829,489.0198415,46805,True,4.764196347347912,0.25030421265329095,1.5
2.975848079231545,3531.594023021815,0.2834293722834992,2.8775119375256475,1629.7509730918748,370.9395703726451,197.72578432226385,65.96004728,839.0719711,9276,True,1.034173657544162,9.520672086704879,1.5
1.8294566446138132,5343.981439901603,1.0986335490671482,1.4924622615121828,519.6511471148465,5024.832188598346,391.76267084882966,69.89376981,481.3104713,161662,True,1.2257967695366816,1.0635144096879319,1.0651454192408467
3.4350985001342416,5890.642796427478,0.2101652031927064,2.288139682922079,2102.239008745753,499.46411928367365,707.6864074773599,6.046525863,180.9159078,189277,False,1.5012619310397626,11.793925844126406,1.5
3.32835787695052,90.74770059544151,0.5135044356197049,2.498020936273148,3998.989219761173,1279.62147675292,556.1272908331098,19.94533993,451.6940248,27042,False,1.3323973775491211,0.07091761288252137,0.6414668423259344
2.660990392333753,5890.659732671506,0.4906896403723103,1.6452215519643765,1941.424846666112,3758.39376277512,843.0889828514812,81.13136261,739.7775011,106662,True,1.6174045202313583,1.5673343728504463,1.4737080541078398
3.769709626118239,5778.930304053037,0.8334259862359162,2.598494342878415,2502.265517851992,3701.863721331026,734.3908759369775,129.1426537,220.1298371,188186,True,1.4507278746716712,1.5610867221265787,1.4199036076596818
1.6270441772645632,1384.5597078722003,0.3557042285165802,2.4378935327861955,2998.945496120399,7580.487441147008,508.52177295336185,89.89800391,0.669797646,170785,True,0.6673972788334956,0.18264784665088157,0.4274802459398449
2.5629157421014512,7869.937961341676,1.982427072164662,2.0973010531697502,2803.803520826014,5773.064648876345,385.6298028066396,67.29529339,239.9167832,102131,True,1.2220060235138746,1.3632166688987701,1.1970060458196239
2.0553792532715405,7389.576063234242,1.2109574875569162,3.0545213685300148,455.39440856268,4919.68224872145,165.98438736136188,54.02261155,52.97548091,128513,True,0.6728971031437198,1.5020433613680304,1.0057410875121304
1.02066388092367,172.12274287777927,0.8467514935342075,1.4013144966605218,1631.7580726730266,1552.9156485597532,120.56731326348256,110.4317382,956.8476204,170773,True,0.728361231539947,0.11083843667012791,0.432869155565603
0.0023366393633166,4622.031515037322,0.6919664439202077,3.513793221527648,2638.887529861218,1450.2036594588858,565.0659687899696,49.1514045,839.5383566,57263,False,0.0006649903824762762,3.187160287248743,1.4591030572313552
1.0368221053468751,2771.6792070433803,0.7732280231015217,3.2991239047684053,2276.817720171752,816.464664093523,48.686259883983006,1.85844204,227.2805454,10194,False,0.3142718554997113,3.394732589837057,1.5
0.1551914486438974,5422.722897694688,1.797592602447691,3.535290377239068,2911.520724423517,3647.560273611466,584.7441559797834,35.29249104,944.6943016,14155,True,0.04389778156421612,1.4866712238969952,0.7064065918683939
1.947575662097908,7365.596026464431,1.188983367535418,2.2731319758429667,1137.2953517800718,1845.8462816095305,919.6275505491004,158.3429447,712.4143974,194625,True,0.8567803480021535,3.9903626297913917,1.5
1.3031743699387115,5151.122265601736,1.9474213031661571,3.501138992270249,1626.8659885507304,6971.671259287094,393.2758456220593,123.7654094,653.1005062,111075,True,0.37221429957551977,0.7388647676123519,0.5618833429580244
0.6772971375205268,49.03558634433375,1.9537121759827687,2.1748064267055813,1203.3963288261791,6743.188078111698,201.9997873744857,64.80602242,549.6215612,39535,False,0.3114285564798272,0.007271869888403493,0.17582608775537417
0.0901655426197596,6178.47851192497,0.5701229880828235,1.0576121214294822,3308.9382075012386,5391.095813478832,942.8104975588644,120.2447598,847.1946357,70823,True,0.08525380481086582,1.1460524399012664,0.6142248197011227
3.808147246383671,6782.137648356045,0.592051015024272,2.2663349460969826,1529.6804625655736,5657.807465275889,827.1496212828463,90.84462933,621.7544167,192877,False,1.6803101291941958,1.198721888078001,1.3409977751263482
2.3550590772870725,699.7331515406067,0.3924328291698822,1.1063376968809868,3663.729446245946,6065.594749118458,336.7912031574467,46.81900108,107.633512,56112,True,2.12869628796905,0.115361012459156,1.0332409820061597
0.3961208205443967,48.69038722976347,0.8883186468778208,3.426264492574292,1156.1829324667606,3263.748777205697,149.15696986818384,107.2553546,367.0897957,155514,False,0.11561299654183396,0.014918546290971533,0.1123799208884276
1.611259394975935,7651.893153456932,1.9001605291664383,1.216644992415802,3718.021201998101,4957.21284143677,182.72264832728624,170.8965337,751.8342407,172723,False,1.3243452943748897,1.5435877773800737,1.3760389414114187
3.7315084747249263,3590.21751721297,1.2360265040181595,3.4907526471800083,1167.7540013795422,2202.3491398326987,466.7121478125413,197.8187983,947.4622765,115918,True,1.068969297715813,1.6301763651586707,1.3135490152353544
2.919378263449956,264.7789425720448,1.7011609424964131,3.663842001143337,3519.871096871991,3523.097188080002,548.3720087433918,189.4850445,481.2682668,79587,False,0.7968076859567772,0.07515516273372731,0.48714885801934094
3.306155613645126,4067.691564790717,0.3475575770051111,2.4654806652125787,3467.165396407669,7821.959195516107,673.1822217937633,86.50036575,740.6674376,159324,True,1.340977570547077,0.5200348739485195,0.8807163070383658
2.21555213310891,3098.6485717045216,1.2025763191438774,3.65854559379885,1603.5493270202833,1323.7919555563444,806.186338265826,59.58788152,750.3264371,157296,True,0.6055825930614683,2.3407368177135726,1.3556449254189014
0.0924970404020797,7519.016222878104,0.7968083190607783,3.124029289788942,996.117540908226,5001.498233406298,208.90495320041504,95.43730575,119.032719,174621,False,0.029608240580896786,1.503352769606775,0.7375627189201829
1.1630807764986777,4105.812193920778,0.6626908985311146,1.9581260659216853,2454.6669598455223,788.6796616568802,682.3630169145927,138.8695324,8.847593468,170846,False,0.5939761503430415,5.205931366467904,1.5
0.2748733758105128,863.2685194863107,1.9139277811422213,0.6670756790887173,2021.4257601191696,4881.294437644035,136.4635243885274,192.851725,483.6751843,31558,False,0.4120566412035463,0.1768523760115803,0.36145838371545863
1.4916263204557407,6221.23652292926,1.3105111389173167,2.9412688072415136,557.6167525051052,506.047743991229,297.305107571618,147.8678026,145.0371959,54263,False,0.5071368552396323,12.293773827679221,1.5
2.479310725204578,3605.08504923282,0.2818465045502239,0.9421430471633848,1633.131488894993,7657.608509980064,966.554981380708,141.0812084,200.6878562,29442,False,2.6315622676482513,0.47078471615042394,1.4666139116742543
0.1435137556152059,13.16515058971163,1.0395590892642157,2.366736241380256,2189.249189764945,283.7467759311967,231.71932460986687,159.0469573,103.8190992,35571,True,0.060637806810996134,0.04639753350539003,0.12770873237529834
3.837581912154435,7238.67336269909,1.374153618603294,1.703800692671211,1167.9258146265224,3025.395514458956,35.57122973956128,107.0969658,554.1104285,44808,False,2.252364185727445,2.3926370372770833,1.5
2.3587967591066925,6642.974378246914,1.291059339093536,2.241634883567941,3790.209490039345,2786.896798825667,205.96524084411595,109.6936607,107.3112169,32452,True,1.052265792316043,2.3836456300292364,1.5
2.57903932965159,975.2908550008452,1.1129690964921723,3.4197416620882053,1247.517274624296,4298.437253046337,534.282424087042,24.80958909,307.9069569,19304,False,0.7541618140578874,0.2268942867742816,0.4538830583991701
2.639821884908912,6207.641032772361,1.16819173687254,1.8559115898834828,2550.7978311133347,7372.904394721443,659.9313674621562,102.0468849,632.3334994,160928,True,1.4223848145103883,0.8419532791412168,1.0699880002140048
0.3572692733395293,5883.200047940081,1.311102484305842,3.750698766645229,450.4662487488897,1958.945395826086,557.1282997009979,174.8482967,967.591829,89821,False,0.09525403139880875,3.0032486140104435,1.4817716118504451
3.275422569445826,743.1988886610588,0.6954596231524582,3.430719073262488,1989.913295060055,1839.3671838986013,170.69363816217674,47.93554114,768.9805576,107921,False,0.9547332628426953,0.4040514013530306,0.6354267015763366
3.7259515845807374,7649.019161583298,0.6256008280994341,1.632278692539236,249.9370554152577,1053.8399629023393,249.38410850141636,135.2699265,787.0933081,127466,False,2.28266736491986,7.258235997484094,1.5
0.3699538494411212,4643.427801314052,1.7360661935004646,3.9465851104681033,2317.1527249425267,5589.013999230297,783.6984112415545,88.5871249,850.0612545,5237,True,0.09374021979650687,0.8308134138012032,0.46035347559663836
0.983003904721401,5478.665772080626,1.0151273789427868,1.3641621934871448,820.4893740644288,7681.479117062887,863.975124427554,92.96869521,629.3463543,35313,True,0.7205911355873745,0.7132305755017445,0.6917154287102396
3.830914309445923,330.38639461568255,0.7509413750217269,1.8236640291836157,1594.0185362290786,7176.854879234291,704.8379411047015,45.93303832,7.32670673,114687,False,2.100667747717285,0.0460349833080221,0.9889883366034447
0.0625261094950762,3006.03931745086,0.3330694166868747,3.637180176668648,3928.344987841009,7278.444064217692,650.3371130574546,131.9624234,218.9878177,51857,False,0.01719081521046055,0.4130057592688186,0.2595857255358168
1.8937295807427892,5232.121732422305,0.8752101320166257,0.9036777089985266,1979.0207103715272,7907.252427192833,591.3546635920036,71.46761865,654.9579681,41361,True,2.0955783973725075,0.6616864429125203,1.276511682621687
0.3076830350728325,4523.967446725073,0.4023544997125359,1.7178076359829326,2936.25467362667,6718.670708104947,778.119354255659,145.0701485,361.0878729,28579,True,0.17911368509145714,0.6733426361548459,0.4561580688934666
3.321095603986945,6951.13625178848,1.912432187192483,2.5871507599547297,621.5917601025676,5432.864532512092,804.0263838406339,91.75812433,410.1147814,55784,False,1.2836879750900496,1.2794606250369536,1.199307096052155
3.560925125306909,6603.303347642048,1.024165889639025,2.796728924594332,526.3946414766112,2928.962212611593,291.61709482592227,172.7453611,283.3567819,144208,True,1.273245977022048,2.254485673101178,1.5
1.6407342501311457,4561.586594463748,0.4080254202463361,1.2552909436513962,2226.362395823802,7603.432309825389,382.5389733176541,191.0391256,787.087118,104487,True,1.3070539155684966,0.5999378186045252,0.9536890861150686
1.962360574686934,4272.397308219097,0.3325224450588239,3.477435375783476,916.4719448380372,7261.394767582489,858.0128423765325,46.58147614,734.7973219,38379,False,0.564312430948448,0.5883714416277521,0.5420041481040837
3.642101373335432,1122.8160500236518,0.5823135659586332,3.496486819652408,1093.756064271197,2638.7190499286144,364.71068358209214,56.19864187,395.0971463,84643,True,1.0416456630749824,0.4255155734099513,0.6883287148086372
1.6305434653915891,6273.423144120704,0.8275917354582887,2.756891223234845,1422.6410175099056,8142.758472989703,959.608953554982,146.0902118,614.3392655,162954,True,0.5914425858397773,0.7704297215937093,0.6859054184345654
3.758430618588756,3477.332939929691,1.63815524001382,1.7075091162918576,1048.5472868376391,1200.6106153435462,88.66005014176059,98.32428084,945.8081951,81545,True,2.2011176289548513,2.8963036746417345,1.5
0.9134375238771568,5394.121103040903,1.6535670874182968,2.3990655407946964,389.8505265337764,532.9819141947282,64.0284381961853,107.3575549,305.7812773,112619,True,0.3807470565508277,10.120645652808177,1.5
2.213653229614392,7096.159638519994,0.4696838642622426,3.3581978043179124,324.2929896023673,1808.4267960629704,538.1693665790639,151.9151222,463.9428802,16518,False,0.6591787319941023,3.9239407699801414,1.5
0.4721670414136913,3615.30048409201,1.0263087822138943,1.8862373281517573,2823.5738757881163,6451.833796971641,217.9789940352649,18.67643507,918.1383421,185678,False,0.2503220480501779,0.5603523893049764,0.374143986629129
3.130922865064456,3598.805297900012,1.447268851936094,3.5402517663535837,2292.793130407448,4338.123021199312,220.4282372784616,68.66391094,517.4354327,154752,True,0.8843783401062821,0.8295765886499721,0.8056200274632628
0.5224108176118363,2957.494182631308,1.3318747207495636,0.8533647669672011,3785.351962271204,1352.2750355999624,377.468156356074,129.721966,406.3569511,196395,True,0.6121769091680883,2.187050786700435,1.3245292288738273
2.1617907443139104,3790.429183029904,0.9875336223642128,2.81172589206497,1390.7575793381477,302.9641934764557,265.6660965080521,133.8687392,260.9759782,116486,True,0.768848052211167,12.511145713373962,1.5
2.7451764875771345,2349.478465455082,0.5590016222136436,2.9970659409260114,1857.086587305337,1508.0946999211378,499.728802543419,58.12805874,825.0586607,168022,True,0.9159543452602864,1.5579117571463055,1.142310847652523
2.5176693306982068,204.65924766582063,1.0985075891651002,2.482117019620276,2065.723784060903,6215.940257581156,225.279232701439,104.6659937,134.0060854,51854,True,1.0143229736849375,0.03292490583114708,0.5236072769091137
1.6038471598606758,875.2381647983602,1.1222968787550798,2.399060909740653,1462.2879142348763,365.4288754979066,671.1468458411072,3.34679268,582.5911756,25384,False,0.6685309592673485,2.3950985296679863,1.3803070735512701
2.9953816190009346,3420.7794187917625,1.167441438029153,3.1654392721839644,3934.54082983242,1497.565334384426,864.3648732017917,160.2579348,116.786652,103298,True,0.9462764612311892,2.2842271638944194,1.5
3.8154910267927873,4952.306732971957,1.928196078192119,2.700683642734307,2230.229865609289,1351.490144627656,316.6229983511015,99.37064983,104.0699257,188649,False,1.4127865824903552,3.6643306271922667,1.5
1.2827118122725216,4711.291653441229,1.2427169827559652,2.3297885627624897,1506.0172045267086,1692.6940922524427,806.3840300533229,153.2226126,581.0576121,131820,False,0.5505698165938979,2.7833095609075316,1.5
1.7866637946033457,6422.376169585994,0.2871682647839882,2.448331589846767,3224.1642421834777,3894.283229887642,53.06773988809044,147.8484131,417.1075064,151354,True,0.7297471765121449,1.6491805523149152,1.1444596726247258
1.687796499633316,6529.972493305237,0.5994043076562843,3.044815077034144,3736.4336887516,4641.799708754538,670.5742148570168,77.1510734,402.705589,112190,True,0.5543180464540056,1.4067760139634602,0.9210772505386255
2.0489473554031,5438.350271319378,1.6370565148245038,3.736848561674357,2675.278947970919,3739.663296153709,694.207376013508,187.3976238,216.5749977,155122,False,0.5483087615882067,1.4542352717846432,0.994866426808587
3.284904387957353,6156.910133899664,1.4538254254530016,3.2545636405003253,634.2578685267295,7776.142132570568,578.111225633112,195.5213274,676.4448702,35571,True,1.009322213816089,0.7917692382858489,0.9082756054139635
2.027213275738428,5659.467607135063,0.1875149262523887,3.004726996432234,257.4923554164518,3348.0436848392237,525.13124556459,62.40192643,377.5437272,56843,False,0.6746744724133128,1.69038045443438,1.0954832724797547
3.1832033558239616,629.6369129887107,0.8313213103688233,2.795093667864972,3107.3127068443423,1730.71830923803,532.6804280358913,171.9215522,574.1925242,156400,False,1.1388535037546494,0.36380091968988015,0.7621761836314684
2.6479301398669817,7793.843474823492,1.5609518199708992,3.3917568145718384,2956.438563935368,5175.901341307338,504.79678304723706,121.0027373,713.7082584,8037,True,0.7806955226846718,1.5057944422389464,1.0894365747662669
3.326658401620659,3700.703210992583,1.844579553326772,0.998186354690086,3356.0929064685856,1978.14294285675,975.7623520219933,83.99142593,468.5040101,9657,True,3.332699403563882,1.8707966593037952,1.5
3.7375385537678576,1595.8162064933676,1.814440764198952,0.6411003921454151,3409.980068100107,4815.0847516799895,511.2276474893574,81.12364927,556.3962773,83366,False,5.829871217812152,0.3314201698329744,1.5
3.590389858205651,1367.4964231836238,0.6039838116441058,0.7888870265132846,1010.8368341091248,350.442586332157,993.3439109237138,172.4471721,386.9249832,50767,False,4.551203386967859,3.9021981705878725,1.5
1.122957975735248,4234.01664994182,1.1710417286976045,2.123507842412712,2838.3662819497117,4780.737231987551,169.65219955492273,10.70231848,53.31097487,82391,True,0.5288218976565942,0.8856409469080823,0.6418607414007573
1.822578290790508,6140.65820884139,1.7859348761775278,1.5828414484437197,3742.73600590301,2532.989339301111,974.0413630035524,21.856789,318.6636038,127537,True,1.151459068198797,2.4242732139217824,1.5
3.1562003797747997,5604.214127930609,1.258349598853316,3.423725995072849,2821.5894811359994,7660.814323499962,237.47588783284567,123.0395622,928.9804617,11654,True,0.9218609966031017,0.731542873974616,0.8055664925726402
1.7782548829842386,7024.526718554275,1.1530619952277883,2.7327494550135736,658.9176313895188,7597.754664705922,227.78397777312296,132.1235642,773.1753978,185443,True,0.6507198195582794,0.9245529801404311,0.774950616889893
2.7632722477271567,2487.53851241396,1.6154608609633383,1.7560012930213158,2513.6621441598413,8059.257452686154,137.28996049336118,50.0746448,141.3051105,190459,False,1.5736153982878733,0.3086560426576528,0.8720655631996074
1.4679374817638395,2873.69176546202,0.4602345426869724,1.231398337133268,468.85604284870817,6717.54084544421,586.7942709727957,31.8203379,995.6979934,42306,True,1.1920889004059716,0.42778925073200685,0.7448592084104831
2.971794339717601,2369.3777120399373,0.2515315581614243,1.3584380336523665,2124.0902919685827,1645.1941254042872,704.4958339713337,19.37201742,639.6484766,100600,True,2.1876538189038106,1.44018123698169,1.5
3.1311217752580704,4507.416587699461,1.8761465702999425,2.664973340776853,1141.911917522849,1724.8203069751714,565.0537469477739,163.9498331,420.57818,104924,True,1.1749162936950952,2.6132673455073587,1.5
3.588426062650293,5240.8363266158885,1.9134619607989,2.217784093666264,823.7095441602469,7083.937681394513,688.1764048785038,71.87432574,532.0629441,10444,True,1.6180224463129542,0.7398196542074013,1.0969748527549472
2.2849772684217298,4951.790795483348,1.22010430795868,3.166413120932081,2689.4059285908493,597.6917895933443,921.6835071461236,92.9471294,219.7951029,52308,False,0.7216293198405497,8.284856632492101,1.5
2.949659189171597,1992.5333891070327,1.472759976430494,0.6683434462512683,2916.7856301170323,7671.171944639323,345.31064885203546,84.77538018,757.9093045,156472,False,4.41338176103083,0.25974302273848626,1.5
1.232153658529365,6229.948235344025,0.9895130665277186,3.521960706555921,747.2158647551935,1214.127664591658,767.8400995801746,178.7569145,85.30931915,21877,False,0.34984868127208335,5.131213472767793,1.5
3.996207414756117,4323.779192260325,0.7868667974560948,3.6286453942013175,2609.7589639998428,3911.1702310599226,160.88696249143797,143.2095688,991.3938749,73525,False,1.101294251526457,1.1054950144635076,1.0646773778091074
2.212059601931712,5257.953376887546,0.2950976478474106,2.824787743299167,1966.883290422825,6875.854703700679,347.4854538520702,173.0692445,293.7778365,165911,True,0.7830885078323316,0.7646981506594294,0.7830596751876795
0.9779941985370516,3799.255151592533,1.1127886097448454,3.4542610959381874,1216.589389882105,1457.5764995720383,726.1783734293306,24.10328637,976.421821,105067,True,0.28312680722376554,2.60655625972392,1.3124119558582332
2.7863776951379298,1727.3012320833914,0.9409830041570486,1.6490293401665206,188.15391682333257,2675.813007301836,904.2463626367354,199.9513445,470.6826845,85369,False,1.6897067490320155,0.6455238937565361,1.1508537887547265
3.189631949587714,7821.81140502556,1.1050665337994432,1.9517929183075209,2331.754420943178,7920.20673390513,835.2708654175157,10.5533049,118.4797266,60792,False,1.634205291690617,0.9875766715222303,1.1850798198725707
1.1729446214267782,5908.303943747109,1.773648988322693,1.034189770039872,2571.509879827847,2698.943521604945,239.09870535308863,169.9866517,317.3431793,151024,True,1.134166592283121,2.189117295068323,1.5
1.957895998073587,6733.956208938089,0.1346848526528986,0.921639355452278,1557.4397062026155,416.579886985593,24.00466418242342,70.65931485,813.2814852,41069,False,2.1243601004350396,16.164861538325095,1.5
2.790110295807082,5575.600646681263,0.7673184563434371,2.279690681061349,753.5447849371054,3220.7456602906263,535.0958170372812,84.15068719,97.72106373,32320,True,1.2238980906874646,1.731152109802732,1.3718581720803016
0.9400061413791976,6704.942940864513,0.9716113885558664,1.2489329521680528,2495.6939445256585,6650.293153715467,104.98057772037204,70.95809935,114.5366233,188282,True,0.7526467990940752,1.0082176506926308,0.8278766852563444
3.1509821101694704,5797.293756371653,0.1839159094976525,2.703215639630372,1609.083695805476,1602.8600853311473,409.6513114972733,142.6913063,314.2006812,143786,True,1.165641726221515,3.6168432951882394,1.5
2.584745229281049,7785.242432754253,0.2514278597096521,1.356091184911116,3421.82731967526,5392.049286512008,945.550437278918,153.7317972,868.817362,86577,False,1.9060247216530228,1.4438374016322297,1.5
3.3493239817611213,865.2767615887878,1.9515248110296564,0.7817346196982905,309.2997669401517,6538.418323181038,548.0614211444976,104.7216192,947.328884,7891,True,4.284471498246155,0.13233732053954608,1.5
3.9279579067557946,6185.443228377818,0.2617699406333018,1.675402118998202,685.2668692472848,7234.209971448837,426.6367205432324,141.8967461,584.9435889,96482,False,2.344485253856096,0.8550267758241467,1.5
0.4699223740494762,6510.284326630495,1.5565723600346126,2.752604262857481,2316.5700451148505,7867.42202939137,156.42371676215194,112.0104357,196.6840045,82099,True,0.1707191293973076,0.8274990589651432,0.5052170304577421
3.887853630774372,2645.9307154492744,0.2055477795958394,3.174225254636141,4000.797425136335,3817.308434400891,901.334507100516,193.9738219,289.765659,21549,False,1.2248193162336607,0.6931404051376846,0.9600923855566279
2.557027092980413,6403.274880413985,0.2516003646940061,1.9382943361084144,1791.509018071483,4447.222170817332,630.6594681568814,84.22650622,734.0090378,60080,True,1.3192143866549504,1.4398369663185329,1.283696609437367
1.2887932064016887,1486.2192341522325,1.7345691352867023,0.795832598099112,2192.5776545612152,2129.0294167484817,711.3087689985425,168.3217597,710.6213178,74033,False,1.6194254797485745,0.6980736018781545,1.1270559455916513
3.4218897481949084,6805.785490012193,0.183368398932203,2.438873184682373,1737.705864317876,7964.747123194664,470.3136158964315,74.27218522,588.1674814,33298,False,1.4030612032742305,0.8544885837414886,1.0530425331554678
0.6344179733404927,3766.767599710284,0.878615577093062,2.9855972829815145,1325.3636112101667,1414.5371831425014,81.68220465418341,103.4875994,323.4141794,55201,False,0.21249274457210043,2.6628975483551636,1.3456820224238029
1.1012255208874313,8126.760109862924,1.2406152330147622,2.985259143236173,792.3425905428434,3109.1567698670265,927.4573984120474,8.976929225,768.5613692,188767,True,0.3688876238750996,2.613814840734672,1.3467056658726035
2.8997194062403047,3726.483750885426,0.1181916305256463,0.6332462418226485,749.2832236097511,2904.2306632649224,359.145780013338,82.55786692,139.231617,158059,False,4.579126784499157,1.283122513902876,1.5
0.6352463070346754,969.4563770490458,0.1690080023896504,1.9905568286680224,2570.6389839286626,7089.008386140721,442.5972820733392,44.176844,266.7319922,161794,True,0.3191297926068037,0.13675486388302413,0.22724189223360775
2.622441979097663,5671.424738888676,0.8519363427827743,3.4075427237113574,4048.5883180244914,5095.310489693777,752.0350145502312,16.87964268,403.3602512,155994,True,0.7695989227810719,1.113067544999884,0.8556417855174699
2.8355464866196405,5838.671667840109,1.6044716761261424,3.6992632045712903,2058.84103532866,4654.821887110032,806.8355743840154,81.69747122,109.8763473,172701,False,0.7665163475254543,1.2543276215904253,0.9502384615042575
2.5525474580076657,3218.9112223593597,0.5995508606989238,3.348727527700482,1600.5263176496967,7457.683871250131,530.6627432168866,192.4669197,498.5323904,181677,False,0.7622437701035321,0.43162344737309843,0.6334971243654723
2.3384383325870446,6375.661897704381,0.2361600615014237,3.818533285544261,3746.360035956496,6843.276115929323,308.58290400813314,41.46365048,163.1927713,98981,True,0.6123916030922173,0.9316680766295358,0.7155637258249838
3.131569554402053,2628.67408293724,1.4047664128557644,1.497342292695728,1115.6486356466794,1461.1209184235329,837.0508361400018,77.17556461,498.9616773,188703,True,2.0914172252137058,1.7990804511746712,1.5
1.281550187175057,5836.735772294026,0.9083947130802836,2.555757782392022,2893.045643383122,7341.897946186375,76.79063303840982,5.1743452,724.8357944,126446,False,0.5014362842081718,0.7949900440295319,0.585979649848063
3.181898988000271,8165.118351139392,1.6514063335393632,2.167436586723998,2463.822635713505,3844.533907738561,548.767059415246,135.439078,551.706331,51271,False,1.4680464191864429,2.123825291950271,1.5
2.272383873338861,2907.450879580284,0.3244580676858258,2.89900633949975,2495.26750476857,7359.532485334867,441.4307198404299,46.48260606,319.1618497,8587,False,0.7838489549084692,0.3950591814057238,0.5537556197170683
0.0327238568937362,1758.780529603806,0.8823757958770656,2.258312048476134,3506.7250831392275,5535.091205451495,469.5473301345935,122.3399049,156.9062029,96748,False,0.014490398891250983,0.317750957301993,0.2106934473252282
3.625152735941863,8012.748397769193,1.6026459723841453,1.447617335735611,796.5422262186744,6281.022040951009,943.6292686663528,20.43557565,646.8024675,60710,False,2.504218581964653,1.2757077342273224,1.5
3.521578496739721,3285.624460383611,1.132215774909801,2.095130532302073,1961.2416933737325,5658.911379251317,52.3449808604759,138.9313786,744.5144617,95424,True,1.6808388602076487,0.5806106934011915,1.0871348916279633
3.544036958716982,3472.182643825011,1.6713726767120114,0.8003022024012434,1157.9594224428706,1305.042349537577,570.1854656547035,30.54669126,180.3418488,41866,True,4.428367833695271,2.660590012572955,1.5
0.4348484149210625,446.746177402868,0.3509273370463566,3.1266861979426097,2096.970595137421,8116.057277105162,42.96967613889835,10.13313923,76.83641552,118626,False,0.13907640495896006,0.0550447294905204,0.09242231297424308
2.707625516348165,3353.119890283217,1.1419977113355897,1.6759646409651523,185.25511127418173,351.44666102246595,738.3997229735078,118.8804151,178.4137331,123167,True,1.6155614710507442,9.540906921656498,1.5
1.5899836814302275,5855.172465778563,1.7345995107383805,3.775121897045298,1315.5496355204662,1542.6359526766375,293.3845454503429,131.9350048,571.0975805,143629,False,0.4211740186457694,3.7955633354866722,1.5
0.1201415774599694,1278.5286847536,0.5174071110215447,0.8419988227087185,1614.598744846356,5345.816530902255,834.1764812306882,119.3373055,937.8853537,178290,True,0.1426859890225074,0.23916434040033324,0.2315158202647446
3.781013344642669,3379.538760250466,1.7202426753090854,2.1960604879868644,3807.2399845494574,4751.175321796997,397.2220138407399,66.46808416,507.1771323,166494,True,1.721724717329629,0.7113058413220048,1.1281058803690567
1.461277750093697,7610.373630955431,0.3582770572888685,1.8579801654903336,1851.671287394942,3717.254956649381,949.3315175970166,63.01145964,630.660053,4621,True,0.7864868477867784,2.047310103197193,1.3067220241054551
1.3123852286503972,4426.193408587575,1.5270236597904627,2.7666179127699757,1045.4382843082003,1387.1090757530517,793.7841121596011,40.00847622,627.4890169,36833,True,0.47436429447972633,3.1909483419634297,1.5
1.4039780083108575,6301.003655824906,0.864213995598277,3.463455391134801,1659.656999871386,6296.712886375609,101.4344955580595,2.128126863,886.4135164,79525,True,0.405369044606577,1.0006814299025606,0.6337870358809713
3.673398666982353,730.1418447937549,0.6695340101383203,1.540259392147379,854.8407358506009,7254.494132193085,867.0362820322266,48.76392702,501.5570161,26127,True,2.3849205535052582,0.10064683096964351,1.1428932194282364
2.95219133588412,4891.655629642042,1.7722612472219486,0.9637647790127042,3772.022701100501,3820.364208730392,63.23185421816402,76.66492378,945.6925777,62680,True,3.063183400129011,1.2804160444135384,1.5
2.649488728198131,1410.8927720329248,0.7352463057517542,3.1949033879621034,3519.145390597213,874.6217865648966,51.66298394524726,58.91695658,298.1758829,149606,False,0.8292857646009649,1.613146153105907,1.1285600094395738
0.5880693494652576,2680.470046515312,1.3015467097489724,2.261524707082238,3951.302510921618,7192.942932578662,399.5284880793309,14.40866967,176.0320888,145977,False,0.2600321312393877,0.3726527613617134,0.2919142895485088
1.0793704652771,6760.947635625896,0.6844643694639359,1.11041149398064,1113.845329587471,1790.6726082760315,147.85711527774038,79.4271586,525.0034018,118583,True,0.9720445970557665,3.7756469834870288,1.5
2.039359899505666,646.8272978111117,1.5828011903836987,1.816467619140048,1740.010003163614,4676.360534642804,513.229810347671,159.0253058,935.078911,37689,True,1.1227058249270165,0.13831852631572172,0.6469929589079086
3.8933176434109575,1877.2700097346933,1.532888834073987,0.7279481133500836,1131.1513389815336,1181.578205647218,137.03115318870562,82.17625058,188.7477984,87827,True,5.348337640654,1.5887818505569193,1.5
1.158764847818798,2993.0227104325204,0.2724587393579172,3.656648098147432,2543.3440905407774,8037.268219721894,741.0547921280221,164.0165909,931.2613119,106055,True,0.31689254744346756,0.3723930355734342,0.39220676302521634
0.3997120628967234,1628.832309044671,0.2439661123923251,3.212403151333352,2201.269755636183,3573.272961862101,966.9839840968208,73.96879897,147.3342357,109133,True,0.1244277008952368,0.4558376384825686,0.2981128016816613
1.5873821304386522,103.39730311252424,0.127624812571385,1.5356014988310958,3876.085655602508,5866.380406793939,110.76188428472057,64.57596417,470.3542202,37001,True,1.0337194239049305,0.01762540031927574,0.5054010096753311
0.4013485353834993,1869.167410304597,0.4288764542912978,3.417726593676353,274.5691238323905,2218.159342157752,749.6614498080163,125.8386213,334.1726701,171032,True,0.11743139977747027,0.8426659771176165,0.49497844051535506
2.319922545070863,2602.607282363315,0.802952761534406,3.713659605371323,313.81863707139894,3732.85103344412,834.8609109045005,16.53989368,570.333855,77805,False,0.6246996674158644,0.6972170221496353,0.6031344694846645
1.0368614967006846,5079.702943932477,0.1347856181582352,2.7651657340546434,2112.9222068384806,7263.887833984135,562.8451935513156,68.64457203,679.8121054,91972,True,0.3749725048877269,0.6993091109512667,0.5177573648426107
0.025056470149066,6669.343585644941,0.5445118487975981,0.6509763959175046,3095.0011862813017,6159.306971711866,688.830618923391,36.01836244,697.6212291,123059,False,0.03849053792989349,1.082807467657114,0.5225976659387616
0.2910511968528899,7648.285257053349,1.446909587580251,3.845347427243903,3082.883066140027,2512.0743015600265,438.0303754913254,142.2427153,989.177489,123434,False,0.07568916116698858,3.0446094883654786,1.4752730560201828
0.9223885109025796,5562.111813009581,1.3945309121902254,3.323429999731645,3204.6443124112425,5073.945837742231,781.4511306787155,134.5708786,391.5818202,59014,False,0.27754104447393646,1.0962103242293104,0.6854899278965161
2.760464769946514,256.81350979663694,0.4368902601471499,2.104132811915643,1503.7515334553218,6727.620471662791,20.246679544209336,3.230211514,582.0104911,129228,False,1.3119245336556493,0.038173007951352256,0.6091593924865737
0.1914647439083801,2534.3556718343816,1.2930994194867458,1.1740269246455413,391.76434444260906,4762.159994950607,996.0357856487008,100.5451829,51.47314961,123991,True,0.16308363701501097,0.5321861663592597,0.3631562358833571
1.7907898338333816,3171.722960520693,0.3227463351501453,2.1977095347041766,3320.456640862885,6190.984134916993,169.925259308234,174.7210467,108.183643,175926,True,0.8148433588295245,0.5123132107737028,0.6846022372557546
0.1362529691781246,4566.39965488197,1.2967324561844913,1.3268047501850777,1660.4352920015244,4798.83733124344,233.61829219963448,12.59204011,195.5478207,123975,False,0.10269247714604683,0.95156375153629,0.48071285498328903
2.003903848901414,1815.1332563233173,0.7598925372354601,0.5476093923364824,454.7627492513364,5960.777836536246,706.3587850474751,138.1467026,158.622216,199336,False,3.659360517888242,0.3045128179233672,1.5
2.652383026825835,5223.263909814888,1.1846769256239218,2.166890511,220.9573088690173,7225.512384815565,592.5793474098659,171.2115714,552.6324024,49496,False,1.2240497566958415,0.7228918353345709,0.9617503327146997
0.1636386857846963,1275.1154797847594,1.1675604369122228,0.6397173808419597,3005.9575424894265,6312.348489085816,672.589035381621,52.78500591,597.0484543,129284,True,0.25579800531809743,0.20200334024451558,0.2324095305906792
1.7597014256921957,883.3022348299255,0.5731114910854511,1.3801509009423747,3618.925544625008,3257.8794525199955,928.6197196750516,75.84476992,280.2250163,132762,False,1.2750056167662869,0.2711279675727585,0.7336917256308156
3.9579125652590776,2961.928795849246,1.2306718535836882,2.300620569800184,3293.0333247841763,2609.6032835074884,852.6851679963481,85.294141,751.8099403,190063,False,1.7203666249216443,1.1350111388322583,1.3275774415732464
3.0905296478939217,6797.451210031773,0.1297828389733933,2.106415571621381,1142.5561337779795,3911.627032567484,699.9501424914257,189.0796938,435.618287,129492,False,1.4671977468896549,1.7377554536001758,1.5
0.9585985227876246,3243.0469148339425,0.1656562669541002,2.31903845933638,3935.258190798585,7962.968241823659,665.3436165363448,160.0791094,728.363042,41815,True,0.41336016035791756,0.40726608670788345,0.4493408420401955
1.73036724690568,3654.175564785823,0.5460372076002357,3.3591506830129854,3403.6541323202696,7634.281929784338,307.476029647596,82.90550552,102.1606947,90893,False,0.5151203072061425,0.47865347362281613,0.4886610409016607
3.0126547938413992,2920.8567252757166,0.1862265398445372,2.74388214488293,1054.127000549206,1720.1510314070342,563.3348429526272,81.27428799,157.8074248,74752,False,1.0979530230577428,1.6980234120422064,1.2988364280951423
3.601501833910882,4311.107795664735,0.2587629062738764,1.9373848145568189,440.6181469377213,954.8890483447592,787.5411416612161,122.3083067,849.3497115,28301,True,1.8589492123099567,4.514773521199137,1.5
2.017181896229996,7473.514262132272,1.7287841257597485,1.5957841725866544,343.1730962255172,5026.636899168907,466.203805238481,52.07516846,962.8171481,6141,False,1.2640685794568998,1.4867821986269076,1.2639267701372416
3.0580286450651206,1037.7387805630033,1.2808657917785142,2.8316986769032746,262.1519798797796,5474.162343016345,857.1282010852208,193.0042694,117.1310701,164231,True,1.0799268969120897,0.18957033338576934,0.667799370362132
3.590035717556101,4812.912863859108,1.1960608840886848,2.157100477463138,2805.29645890309,396.3803848381455,969.7401899903442,146.9646812,509.3864273,23399,False,1.6642868938081516,12.142156967939304,1.5
3.2145800437005594,5440.21012443548,0.8307311430341296,3.9410667079844015,1977.162182641374,7791.259499252147,805.1705273343285,73.25261522,949.4561321,37675,False,0.8156622219882151,0.6982452739841895,0.7178935931391277
2.8365456949528443,3117.767637764615,0.4600422178530543,3.6520213918403615,1932.9269694823167,5782.448591544386,866.5093538757113,69.83654076,489.4298473,142625,False,0.7767054499146774,0.5391777527922196,0.6270742083200535
2.354402865012424,6022.105682781366,1.6209946300733888,2.525990468356389,1808.6620224811968,1300.4438538462152,142.13418274067712,28.98480343,843.470046,4578,False,0.9320707906208351,4.630807904808404,1.5
1.805242829366145,3759.896132245779,0.9643800215539532,2.558990581809369,246.634166676592,2473.5219660330517,645.9019905211375,189.5189357,501.4023662,25965,True,0.70545086673936,1.5200577081414448,1.0962613845283775
2.3008659977265298,2489.476045371859,0.315704684759977,0.5312521248756101,3077.673214246773,2693.573898621498,202.6642737843841,180.3408591,807.7442535,134625,True,4.331016402520483,0.9242278616234295,1.5
3.90553237316471,3511.602912653884,1.0488896430329322,2.791989673401137,3154.2759016142377,6033.927646393542,79.72105448303101,154.9167411,877.8578885,52507,True,1.3988343193163615,0.5819763043016899,0.9688419992547914
3.049347118574026,4849.306566403464,0.8187372530631783,3.633724677224353,2250.8769430502307,2295.7681379705195,553.2800836846882,62.24918634,525.8035101,151635,False,0.8391792307512028,2.112280628033289,1.3592891032230618
0.9989913044656644,3257.4730040567674,1.23180684185773,1.4433367393302792,3453.2329214859387,7609.621504810188,294.6516033131789,27.32758876,674.2353849,118724,False,0.6921396685222163,0.42807293392576534,0.5177627903158508
0.2472025608147197,1395.121301836849,0.3278292049549128,3.2260928157118416,2734.900919731279,5507.266612731296,282.4980818207961,142.7314136,282.5549356,116165,True,0.07662596779138431,0.25332372657579094,0.21986043480369433
3.363128580916881,848.3605189739519,1.916402073918137,0.9217193726098364,1835.8116988589811,3991.451777913839,927.8061031570808,6.813572077,772.2612198,141208,True,3.6487514878229677,0.21254434876445114,1.5
1.8009809854326106,4842.116606824485,0.117332576585226,2.4093833990394584,2948.2817017529505,5533.650845478884,186.56151663663505,181.7383068,604.5395621,180218,True,0.7474859495855464,0.87503110354452,0.8210239386537326
2.6306748099423465,6617.567544792984,0.7532343564465415,1.035948130587852,760.5534873247295,7646.872849718054,452.0519128864994,5.153932994,686.6377181,58071,False,2.5393860878570007,0.865395263394707,1.5
1.939560038016212,205.3327267726736,1.5901309419225012,2.699851507551432,3173.6905572930445,4607.928187040902,236.7727082165452,0.456994372,405.3371447,65602,True,0.7183948132689849,0.04456074799637284,0.3435585553560188
1.8266593089625265,6903.25624760511,1.347783596616254,0.6406336714977908,1275.3644419307452,8053.59253956592,632.744194127808,17.15255204,502.1536141,67433,True,2.8513275822113,0.8571648258629214,1.5
3.0344426088048806,1500.051985797184,1.279881667246958,2.490516007228137,2813.0979719805537,6568.947831562742,538.838170663412,19.12210047,686.2315271,4815,False,1.2183986698336642,0.22835498530850243,0.6606025215555433
0.1047080589707336,3975.387557250784,0.393539715914413,1.413929189843512,2270.1602831228,3212.142645934004,603.5188422774349,139.1212311,782.1156853,160583,False,0.0740546172101483,1.2376123959019376,0.659827697752989
0.3565853589598355,1036.3665227909887,1.5359461853316454,2.8098086900324577,2787.327294838048,1594.1149997931043,124.46721854868682,171.4755684,857.696179,141900,False,0.12690729917573754,0.6501203001511029,0.4354210666175112
2.493391848727527,7697.466118026781,0.4689058321749093,3.68444907933069,3019.04641339308,5005.306215343535,644.3607674305345,167.346552,248.2681674,49068,False,0.6767337852438678,1.537861178781169,1.080261370171418
0.1825231295126066,3944.066171878574,0.4436914474997858,2.918218041557432,639.576157817613,2803.8585305329466,234.8532135640218,71.6838923,398.9077639,57074,False,0.06254606899391464,1.4066566224802521,0.6969918787949165
1.779648835321995,7199.590341154049,1.0065194765968166,3.6643618341293744,917.7092344694844,1765.1681222588002,827.9501822062285,127.7686196,45.67737677,184307,False,0.4856639246382997,4.0786994996614725,1.5
3.112752377704247,7848.423913087606,0.8270975901516077,2.8279847280708457,606.770986909558,1179.7797871635353,590.8010608128222,102.3478052,767.9886578,8509,False,1.1006959288396618,6.652448187220253,1.5
0.2562857884656266,1524.0574460110374,1.3614179217858562,1.54432076082568,3234.558888059215,685.126741106818,959.6141677705714,23.10585959,405.0547939,23831,False,0.16595362117322107,2.2244897948727593,1.087255278209691
3.2784180472870164,6570.033735085681,1.5938600431148986,3.2612277942267007,3873.2076968833976,6395.259900568435,466.9152767692948,69.61608129,380.3608498,160433,True,1.0052707902894593,1.0273286521904108,0.9494862596605032
3.707788809819772,1140.7362340205464,1.3124985646237328,1.8251272422859657,616.5673579994453,423.79073839209696,102.96952626986744,151.5041071,924.058128,192697,True,2.03152234671235,2.6917441274362575,1.5
3.322168974815219,7507.958309045144,1.2799955638369802,2.377024818180212,2988.717550068471,4728.923564659743,671.5653436302861,117.7047678,472.791977,109659,False,1.3976158565070123,1.58766751139013,1.4022442201040968
3.4707219045553286,4290.447714067948,0.5620866172716535,1.6061753088866175,376.8172891547889,6087.86436019429,527.5917092772174,182.0034842,22.38625142,119016,True,2.1608598541471404,0.7047541567148626,1.3805501905961375
3.103642875622114,6699.638744091082,1.7009208955908888,1.8003150039999074,178.26698895606722,1550.2916218945188,145.11037848250984,61.03302676,203.1334667,112809,False,1.7239433903417514,4.321534506896398,1.5
0.6184734950995519,598.9325697431514,1.768264839650039,2.136491927493755,496.9544579290748,6329.315923161265,557.3693263536411,190.8317763,947.7846423,65770,False,0.28948071259241726,0.09462832586011566,0.26828817316352016
1.8456994793604884,5492.2550914502135,0.6364557935267968,3.710537183162724,936.2795359688138,5838.075766906529,273.07178957718736,64.50105194,597.0706366,165962,False,0.49742096382020873,0.9407646131697391,0.6794418831906548
1.4646469054626343,3348.892747816084,0.1841451608798659,3.113405434902197,157.5823871520081,902.0853030305798,160.48370471161843,116.9925976,516.6272964,197191,True,0.47043228569309614,3.7123903170276678,1.5
1.870662717645497,6326.525450575109,0.8462833183526823,1.452286490529215,2112.7793377511207,8062.330756295471,764.8093213091568,192.4789796,243.6514417,166678,False,1.2880801699695326,0.7847017991478878,1.0290147940211058
0.4490742955050226,2531.4792777363077,1.1592141246869545,2.0498857345713777,3660.674699567513,848.679267761144,688.6637585065313,41.57250658,874.4169477,166728,False,0.21907273603530197,2.9828456649254833,1.461654591676618
3.12961083949244,7212.615786044661,1.997627634421009,3.318329288338168,404.663205233,3150.058467878185,347.138095523268,14.52122656,795.5914633,194490,False,0.9431281902500913,2.2896767972098164,1.4620246243743014
0.2111553409122133,2626.9680132153053,0.6777506861084519,0.8200248216976429,2342.973231006885,7493.068558648103,362.103957794363,54.66635414,762.0628695,187880,False,0.25749840471495516,0.3505864109347847,0.30097799514071405
0.6753850273444129,3318.340015465076,0.9780316465002108,2.258694176436067,620.176629275761,3915.956179877544,919.4789138951112,158.7746717,577.1551116,183449,False,0.29901557075536167,0.8473894656097644,0.5952889196693728
0.2394718955161638,675.4378439618849,1.034703850966321,1.9016690727966108,2924.962983385347,3046.926922835636,863.0783672968548,161.4593298,553.0506407,45638,False,0.12592715158207995,0.22167838640239107,0.23717180107928232
3.2075339327786447,7010.377850243751,1.1978790105164854,2.063417292189494,997.5027840943284,6201.624767365111,190.749347401464,182.692,855.2737293,50967,True,1.5544758641133924,1.1304098703301335,1.2995668078766813
2.329164534116908,577.8793099793857,1.6615514097452448,2.9116482365713225,2013.1622848117577,1524.799011155579,287.9791293838608,153.7680944,332.8154742,179603,False,0.7999468153175165,0.3789872011803371,0.6074230629496277
0.4964857645614153,5677.5735954453785,1.064937846932037,1.175229920713951,3596.086716970511,2884.141488354765,496.1103010623796,191.9667811,625.7523644,189802,True,0.4224580512737029,1.968548913567883,1.1719598805299154
0.8077749355973034,4969.322530340304,0.1426335341972662,2.0758891942814484,3333.181588231618,740.3922753755103,107.62240399326662,79.20611726,817.6120823,148892,True,0.3891221885543458,6.711742800271968,1.5
0.4107518259054661,4084.423614942864,1.816120495292857,3.4776431925281366,131.3191803730228,1733.032628996054,815.6830457103806,27.39848176,71.12733416,173677,True,0.11811209058936607,2.3568071046372414,1.1274162121914895
2.905623635315993,5666.701093196608,1.0923114511853629,2.067921796082315,4050.51856937445,7285.551431625538,574.7075938917563,38.22933474,966.393662,94168,True,1.4050928984489675,0.7777998886701243,1.001421072778019
2.140911032503019,311.72649373372406,0.3077791599706023,2.3421694159238866,569.9515025023474,4935.061330343339,439.6249933657281,61.75505203,228.0622996,142859,True,0.9140714176677535,0.06316567775032517,0.47064173243390617
0.013799159727148,1309.3898255710474,1.8043377089695043,2.146392400317156,2396.839230945812,5280.725155989368,905.694645540506,15.92664316,196.3663523,93,True,0.006428998395685061,0.2479564428453521,0.12243870786701186
1.718357099076313,7560.549353131272,0.4696146056271244,1.899646390611469,3692.36616828526,6997.59697459853,704.1941751078751,37.53618066,426.1869461,134090,False,0.9045663461381636,1.0804493856242114,0.9120297364943177
3.019173359080197,299.9035330471279,1.5241339550832405,3.632141088206699,568.095183407379,4143.9405023323125,335.95858120146227,177.5244457,197.2448401,139395,False,0.8312376789672499,0.07237158274979169,0.4954079892848876
3.2224810025970894,1668.6427274046382,1.467934934112898,2.662366619142784,3289.3172111937056,549.9752404230858,258.64952116058583,123.7593664,282.1459681,66688,True,1.2103816841171797,3.034032446782422,1.5
3.151526739104756,7045.569593835779,1.8558626733670505,1.4381290667881472,492.87594117748336,4440.621378632129,790.9304322949421,46.63504154,200.7825581,62572,True,2.1914059179245378,1.5866179508462057,1.5
1.4348953178945036,3158.717074625968,1.3206518571173198,1.1598381603688637,972.1283643464556,6449.237767283643,347.2931927513104,93.87012251,793.6638932,151747,True,1.2371502592119445,0.48978145761039416,0.8240657546131053
1.7253759716887171,5520.323348703914,0.7563489885962849,3.352471054256964,1652.8480451067676,2349.969232988787,740.9838978662715,29.87752267,267.32663,155291,False,0.5146578237685344,2.3491045196935776,1.3036354509670809
1.4387056543447718,3286.7096085737567,1.502547332409684,3.213851225988524,1498.067039545721,6020.198255248897,988.5112110610636,0.497243857,290.4885478,98707,True,0.4476576871552492,0.5459470716204718,0.44737082387516997
3.39886497779572,2690.2299373332608,0.8161603467513217,2.891544882909296,706.016235838015,3844.9610433067496,483.0740276343779,86.26417286,107.9044204,4751,False,1.1754490903585422,0.6996767734010455,0.8869492205255536
1.1145811774903462,1047.6522937173695,1.9078002663298477,2.908535190082333,3452.9907018193744,2897.1018331821656,957.1485181260874,30.9305166,149.9541501,135122,True,0.3832103520976974,0.3616208037136932,0.3506430416026556
1.8318220824552287,5498.385097856748,0.1400365431162823,1.4239272433010663,3563.598091384144,315.71616219289854,396.5674406564201,162.2753162,305.1151629,122009,False,1.2864567376011518,17.415595838523178,1.5
2.663313747432298,1526.7795951102453,1.477104127747582,1.0782858737137633,2628.0537021818104,4119.4707334444665,887.2586345468245,93.283,848.8026401,51106,True,2.4699491502289104,0.37062518307127623,1.3249112993403789
0.3851428161220354,7688.959899404601,1.8581083722178735,2.5493148082293837,205.10006591919392,6683.222538321748,934.2673374725312,109.5076099,36.09600274,115761,True,0.15107693400667163,1.1504868877499508,0.6404708480766961
3.24792811594749,6623.072228181329,0.5559201043391061,3.7849568384392014,3291.9723520047005,7132.718683421348,867.4113233159561,17.78490479,36.68179857,38366,True,0.8581147411900457,0.9285480783991742,0.8128928850256711
1.4267604137004986,7458.05026494266,1.0153151436660026,3.1314575469916983,2983.252435022328,743.2538822611375,458.04491195355536,62.45490183,821.4407226,166272,False,0.45562168308794826,10.034323981220723,1.5
0.5487227099640695,3212.997786460633,1.4063719979759983,3.764905227174234,3694.326312298066,7880.023727947577,987.6740544331628,52.9311497,525.2857928,198430,False,0.14574671369063966,0.40773960802396564,0.2755408595347839
1.9328298603524048,7631.481697471174,0.8812769189570124,1.065639047705103,3788.62945731066,4767.566002712603,873.4953973749396,15.61827825,703.7845138,113784,True,1.813773670119501,1.600708137344796,1.5
1.9193091852056456,7791.880737783949,0.2625268285211304,3.851833357289669,3902.3324736017016,1341.7539194062226,930.37312324943,125.4616501,923.74798,133525,True,0.49828445544999017,5.807235305431355,1.5
2.936371288631663,6573.227173175677,0.388246759004907,3.5860106106319805,1389.627282850192,2695.720112979645,236.42204981113736,186.9155774,939.1040463,162898,True,0.8188404298317851,2.4383937854259417,1.5
2.6818936237707507,973.222364678628,1.0840518730280522,3.936917020664727,1390.4438065059228,7374.367015945992,116.0411186145004,158.311594,73.03375697,186114,False,0.6812165276730674,0.13197368159764805,0.4451106522861471
1.9743261117741773,1687.4869798815362,1.64679162546059,0.7010757114950568,3880.792306413884,4755.807653542677,383.7106026697357,143.0875576,772.9571986,33367,True,2.8161342109965353,0.3548265830872435,1.4984935450067276
3.463647540983392,2205.1386127726078,1.890587288695368,3.818028098728605,2889.775271726964,4303.907073835813,437.41539522827975,88.21624103,585.4471063,53715,False,0.9071820699681882,0.512357393974806,0.6829116121931157
3.921456194064261,7788.148683076622,1.200911892387532,2.623183125573326,3017.577123140761,1039.2297430221554,174.93621891448484,129.8143626,92.97020907,133781,True,1.4949222038339314,7.494154904510301,1.5
0.7517618560160533,7518.930690370495,1.523289488343713,0.8506473742903089,4056.1090021397335,4274.06978527734,394.2100985239632,119.469567,80.54155739,19980,False,0.8837515931811941,1.7591969870289335,1.2490761799607315
1.4090964911085186,5406.325874729995,1.423919495574755,0.6996977134555099,3264.5987407446564,1500.006207993637,752.7751553522919,143.1376752,818.6423786,33754,False,2.013861772232793,3.6042023308404376,1.5
3.9735009222093662,7817.983901380264,1.17598360227612,0.6393109003698241,3035.201967358528,507.4922252054523,330.5533865748694,33.62358683,563.261443,89724,False,6.215277581898299,15.405130359997365,1.5
0.8345779407298726,6224.903600963217,0.6589318111991631,2.6457318289871243,2700.5460083101666,675.7488303655397,248.5866465342168,165.9246221,53.57098233,182026,False,0.3154430151019357,9.211859957469786,1.5
0.8785352740868659,6231.108870752924,0.4713805111745898,2.8297690241022058,3860.3067862215744,1050.20384370312,765.1915613554751,17.00294273,28.05321509,16734,True,0.3104617218374828,5.933237534961019,1.5
1.9846830867166911,3936.3812553585194,0.1497096624907575,2.3903543570923715,1542.689890242019,5407.506615489474,200.0498089138383,147.432451,153.2184728,154952,True,0.8302878820205459,0.7279475615166233,0.7749401125858932
2.259958401431364,4818.3570094497545,0.7548498780417563,1.5042263231043151,861.5209808488472,6603.499156787594,520.7836480798186,133.5560102,986.6895346,15352,False,1.5024048338434817,0.7296672407033477,1.0712266878513037
3.542409415358822,2106.987816460576,1.6375056126526852,2.63327268775752,2300.8101113407665,3933.7706916220895,892.225060438636,79.0526129,889.2837379,28751,False,1.345249235515476,0.5356153118971316,0.885924970788855
2.096331314212767,5035.303732160428,0.9812871812907764,2.5841227234189,2227.013913847992,518.981267374811,334.70201900926435,195.3887837,525.9784916,41079,True,0.8112348860135984,9.7022841458777,1.5
1.2024882065088065,1524.6128612275045,0.6798614875453414,0.70113550471787,513.8283514744511,3412.895353999397,648.9490578219298,51.95394784,679.6443276,177794,False,1.7150557679102376,0.44672124476191977,0.9987829506435895
2.041014307645093,7486.325352928775,1.7823185361220106,2.7783069099284723,2282.77865273928,6822.578611652231,573.215217227292,150.5196191,576.0992978,24013,True,0.7346249493626641,1.0972867852406492,0.8996384032185826
1.4672380429120553,4559.609744748524,1.190619176232171,1.6002505268368077,3738.120362051015,3519.2255757418934,897.0165143523841,130.5277537,653.4412871,192770,True,0.9168796394228862,1.2956287243654954,1.0609085213246074
1.0097705423042358,7763.867674644757,0.8217746786483187,2.2330981009389856,3667.900625597534,6445.42590222772,756.2027416843329,25.80691877,466.2292415,104314,True,0.4521834888024638,1.2045546394004454,0.7584387568969644
2.5110116115497734,7778.100582651064,1.2297640440135942,1.1754991834899862,1456.6993920362186,5083.885554575808,968.7364899083374,187.0593727,588.0951088,135583,False,2.136121837169551,1.5299519427852473,1.5
3.2862445889748746,4915.051862331215,1.632177337030343,1.7260282555110886,3912.454372016549,3788.376258514776,146.4428053167227,49.15856034,443.3465621,39376,False,1.9039333073191718,1.297403300421048,1.465186734571027
0.9468203601295796,2779.8655173446705,1.2988590024526518,1.9062590121578904,3309.928984967564,992.2407793948032,946.2028786362245,194.06884,256.9100579,73414,True,0.49669003918189364,2.801603776291666,1.5
3.707138639499681,1066.6432146344969,0.1592820840383657,3.7180154687154094,3774.8106920963537,2058.0038200667414,130.51693670373322,80.88290434,97.73155618,132280,True,0.9970742923525868,0.5182902012697019,0.7223653149871715
2.454475665622676,2041.8034289792977,1.1306496550232883,2.218491916818556,2931.51714166581,5586.849040248608,204.00899615995405,177.8856057,409.0290923,21261,False,1.1063707470125856,0.36546601025091846,0.7512909862216334
2.5480162888825038,160.33435270833797,0.3883389593327776,3.2295998243701,2451.5098248724057,2321.996841872422,378.5187904097012,182.432354,956.8171867,109546,True,0.7889570344593492,0.06905020271689803,0.4773416295163551
0.284050598569189,5497.745766637904,0.2424007517683681,2.610139343603718,2890.7188674814474,3779.696919593548,22.078501961512064,37.88449852,999.000961,106607,False,0.10882579523559699,1.45454672216802,0.7224644913412643
3.75499890260692,5825.352514443648,0.2347300529224009,3.29345408612682,2012.125675058423,5504.279678340544,512.274206363797,129.4843691,959.9767501,65749,True,1.1401397026558167,1.0583314900055316,1.0540699750731701
2.839219223011533,1006.8058167234404,1.497419383065833,1.6534828475093597,3079.8001216199013,7519.769431438106,159.0576518811414,8.004323589,491.8136816,187413,True,1.717113370831076,0.13388785730322686,0.8369536883077531
2.3775232837366915,1045.0999391170344,0.829867406454239,3.916759060683219,2740.1593555126847,3733.751733736032,386.732516498586,159.1438992,398.5903799,90486,False,0.6070127469901663,0.27990611410882166,0.4787047994719876
3.5896009692620368,2723.309137112064,1.3730915012110732,3.398531248374667,2225.810468908565,3835.161136594924,577.1416446271015,188.5111539,227.0871702,116473,True,1.0562209527300344,0.7100898865542542,0.8891183899973182
2.604033090348437,3914.2967195346064,1.6158777051060431,2.0455259849861323,3496.746728010013,7651.548678043653,609.4659638616018,174.886022,25.28186771,144224,False,1.273037759688167,0.511569210852076,0.8905374253992714
2.87230097940154,4625.026851177588,1.079326609942983,1.6461237020444914,3696.1523212228985,5216.389771114497,905.5786567455772,121.9566532,583.7142909,33504,False,1.7448866272610661,0.8866336783155686,1.245177302069111
0.153642671463281,7168.783510474881,0.8816600670777127,0.7157690774719663,3543.4976238410604,6449.268784494949,106.15757977392592,43.59788507,287.8920962,3377,True,0.21465366644821576,1.1115653183192167,0.6186027900540008
3.193539953407769,5786.135011074169,1.90808674916868,0.9144795740606372,2675.3549549176096,5337.126920063517,149.24654737771726,101.3577209,255.0293269,74772,False,3.4921900409838695,1.084129175987664,1.5
1.1670804466740758,5121.907159357783,1.5829528620749775,2.113678525922755,3362.153456198544,7025.79872939411,249.34898258936545,110.1870678,295.4322384,140636,True,0.5521558175497637,0.7290142168747369,0.6316334553940628
1.6839825048990074,2820.6635709986667,0.4700371716607441,2.7136063486344693,2282.512391100801,5346.354307827059,855.6195296247153,179.9041911,44.68259495,26812,True,0.6205697024466028,0.5275863528800608,0.6066442086429595
0.0138666800419162,535.8411633428977,0.7513881348361,3.095839679030977,1918.4920621274257,5182.066408701618,964.7468594155636,183.9577503,937.8259054,107052,False,0.004479132319643976,0.10340299042476983,0.14054821176066434
2.281310307171962,4124.526872156735,1.8635396120469785,1.682742731121004,880.8256917575926,3282.212786456653,927.5611357479468,161.8120219,21.88617257,50685,True,1.355708694663927,1.256629944261713,1.256478085463392
0.6464252518462636,7387.664951752914,1.6781421870076647,0.6613995801437215,1399.7287722290357,5680.343324602428,749.8000976570663,56.17563059,800.6731047,78169,False,0.9773581566949885,1.300566625692368,1.0531608020250407
3.139584791970874,4708.81358311172,0.7019256657389124,2.0220828562856115,1667.2036744605643,1833.456520337944,407.4537461328352,92.95162402,706.8083672,88746,False,1.5526481664998861,2.5682712015856892,1.5
3.3639117219062835,1483.0378391844124,1.8228608278849685,1.041847089705886,2779.460925226467,1935.8135550787883,111.84148728788055,154.547805,583.1542801,80538,True,3.228792906704774,0.7661057205263481,1.5
1.4593797350103328,1460.135538276405,0.68733978430662,2.2714571960809105,2689.451303000793,4606.2462604633565,467.0727107812883,102.8392502,946.5412206,141210,False,0.6424858434675541,0.3169903334287939,0.48319641672793523
0.2515353718619812,1937.8113624826372,0.280501406847835,2.9186326318437694,2936.13977963256,6260.626505370973,214.93024624571663,175.9667478,289.8700235,106205,True,0.08618257842217777,0.3095235533553504,0.26607254234347066
0.170101397989101,4474.026711833315,0.61886587329026,2.3624976979549976,3386.178975409326,4116.817719294635,84.95441239405454,45.48648158,748.0096708,148539,False,0.07200063142313791,1.0867682311455642,0.5441947630972679
1.1118405844044328,7799.202158601982,0.6244928795800867,1.3129717847744848,2372.158542822648,4936.250459099298,750.77783846749,69.12206856,338.5059089,41973,True,0.8468115998271828,1.5799850963083208,1.1266279573360602
0.2304640357117131,1667.221500678647,0.2690116457520805,2.0079246064112524,766.1958049002834,4961.282782623359,880.2951653824107,39.48223236,832.5680667,52226,False,0.11477717848502336,0.3360464568119276,0.22261655570290714
2.94918863587264,6918.901762251882,0.4578582017423126,2.5365462752175074,1506.1144813533317,2968.7863241341447,13.306217962638978,16.02873376,183.5461967,10798,False,1.162678363887284,2.330548919494653,1.5
3.880175561985817,2968.0658398658325,1.7952017147148644,1.0783607972960607,1653.9360067948887,4291.276574117543,941.1229393150088,174.0572658,880.4263736,30430,False,3.598213115222708,0.6916510245636017,1.5
2.391058460450254,7442.828446829056,1.2289822153992729,1.985821097762344,563.6399249547791,926.0248953896772,175.0859039572511,113.1175699,15.22514109,97296,True,1.2040647866415308,8.0373956206217,1.5
2.828542802002832,1994.6822617487503,0.2490864293653174,0.8952000400137297,3663.831482435629,5579.912393323748,908.7974575425624,139.7648561,473.7447651,7157,True,3.159673275133204,0.3574755517269181,1.5
1.0016946942859637,6272.874497510745,1.5372914209157555,2.502610458281735,2921.079419599193,1675.8893074753587,898.9113571720583,85.43566545,472.5269917,158591,False,0.4002597730347307,3.743012420800927,1.5
1.0662577487950466,3251.868804585846,0.3040136535259932,1.5165981020944712,1112.2329174788256,6323.685101006147,718.9739166958695,37.20795068,192.2663547,174861,False,0.7030584070124472,0.514236359358598,0.5663911471438405
3.539372332155538,322.5311013305836,0.977432448331752,2.827690400376202,3106.0381264639773,7107.993825564862,915.0920989224352,5.24465988,216.9843748,138311,True,1.2516826736059856,0.045375827441658856,0.5862992935074315
0.3028501653752826,1750.7051483275882,0.8520023377702675,1.837843684717537,3696.091225607878,3004.228078910349,926.310917734959,115.3649714,375.4075026,98020,True,0.16478550548564358,0.5827470823652751,0.3940861862099831
0.1864871314871328,6266.689758186623,0.7030089378426894,3.5749691189329287,1890.7470008650453,7535.638521784319,86.76796970953104,150.5915644,796.6287237,135677,True,0.05216466859387239,0.8316070017476321,0.4730113557040546
2.623552407364059,2138.5336364330224,0.4750586128566301,0.7285143771952725,2819.6667549209783,3074.368365472993,306.6041706646717,59.31067142,477.7389977,198063,True,3.6012313390892743,0.6956009760425723,1.5
1.2149992751519298,787.55112629408,0.9850879024793512,1.3129716289612725,1245.0537137185238,4620.199463888225,353.05814071927466,93.56299326,93.48542761,91292,False,0.925380505542715,0.17045825235017917,0.5399203211027146
0.6405431504237034,4491.712972137714,1.4673824715185022,3.408163336960326,2836.146095581704,4471.255012408247,553.6594535914296,144.6131,331.3595793,38042,False,0.1879437395307619,1.0045754399308735,0.6089577752331728
2.068948934227669,7733.015806296235,1.4833113215751197,1.9568191317792871,1634.1403916746428,4310.022536275927,990.5275181444084,129.9213302,98.1913899,85240,True,1.0573015376463988,1.794193821358472,1.3481493836409981
3.1057429513413406,6080.000920119386,1.728729743214951,3.4445718143539508,2927.359849546612,4071.091143949564,161.8216104450353,124.7028734,406.9745296,150575,True,0.9016337057528105,1.4934573321115636,1.140157575819803
1.974972927985712,6432.401341040467,0.983323311472543,2.3360756678618357,2336.6956525305623,6397.503834300741,745.1942414999448,118.8213094,566.2446727,6551,False,0.8454229928135728,1.0054548628087043,0.892320146225388
2.31107709621152,1937.8272056787275,1.3567648167855884,1.547429869266718,3277.481878278317,7165.880264187997,93.38108623868548,86.62090108,107.8243443,33405,True,1.4934929515181972,0.2704241675782296,0.8370836929387726
2.389640905223648,3639.682378647908,1.2153507208682786,1.4053141668592313,2561.585005419929,7100.348892821227,587.1240707376545,51.79287378,277.3783632,11758,True,1.7004305949136715,0.512606131483931,1.0217692651928276
3.864771764011728,2979.514311569256,0.31377483369274,1.3465193747405315,302.2631744459697,5133.594800863366,302.30427856299866,87.31350219,310.3078406,9446,False,2.870191819233669,0.5803953032069782,1.5
2.389616713625606,4756.671522566498,0.8764455157090387,2.6776878020236565,2171.5311873081373,1724.025367203618,908.734121971331,61.18823034,386.7177469,89000,True,0.8924176371128935,2.7590496116207412,1.5
3.931584244738199,5655.479867673802,1.968818522567901,3.475541145572104,2730.6919021811896,1728.648144548966,671.915719146537,103.1624452,507.8161268,159207,False,1.1312146652421118,3.2716200125721904,1.5
0.6503757670909014,3715.180333974629,0.1677600359659803,3.2468589678801383,1884.9054308418029,5203.211581032953,840.5024445611774,66.72770542,758.0780295,54610,True,0.20030915208071912,0.7140167712578518,0.4448186366952189
1.0823553753115105,1526.7416062336451,1.3808664925674805,3.881268129942137,2007.092010877751,6380.620938711889,583.450039356408,21.51635378,7.141217942,50356,False,0.27886635506970026,0.23927790424462728,0.24392571138687494
0.958115720608983,772.5938950196087,1.869444883835905,3.5240481144427043,4082.994063779197,4231.714982554708,399.5373443341319,125.6354502,428.6180976,126984,True,0.271879218902572,0.18257228996330407,0.26733618963322603
0.1102446803638539,3890.803945563437,0.6401881631387443,2.028418188322389,567.7572283961125,627.0801025577474,58.3230096138544,195.5552541,476.7802867,67182,True,0.054350048056404025,6.20463625538254,1.5
1.1304629077890214,5665.573649832349,0.6268013561521791,3.1188113305688394,1302.3490482350824,743.9230283822677,320.54113159686545,27.31375889,939.6060016,90398,True,0.3624658324929851,7.615806240783913,1.5
0.8770174340328079,3814.498392819733,0.4695694744751754,3.431293861703585,3061.1916770627804,1323.3406800132652,81.36772916387037,40.84138024,315.4835702,192705,True,0.25559372463763785,2.8824764836058843,1.4325572528307433
2.3504248285199925,4049.21347778134,0.1411236308421889,2.8268498773429407,356.19430833459217,1479.404370184482,329.44731941654834,45.03833281,199.5773028,145448,True,0.8314640320642741,2.7370565861849827,1.5
0.1194887763811802,4426.5924270811,0.4327683370951772,1.59066513721964,3951.375005552394,1809.3897620484536,513.7109307558837,196.0424254,904.6567258,91163,False,0.07511870252675225,2.44645599167268,1.2327536767576657
2.7538675366045635,5377.246191702019,0.8772070929333602,1.6788386594350326,1044.218738834399,1330.3437206371589,270.35674481677864,56.09236154,42.90307844,51489,True,1.6403398151383333,4.041997646356106,1.5
2.723526606073919,6561.250732765676,1.5960405200640957,3.4523836004972117,1333.4339888616862,800.1318364039383,631.987774702931,32.4885644,21.29951661,157608,False,0.7888827350468651,8.200212047621967,1.5
3.594376871751462,2429.667230809122,1.871185440943015,2.4581176938996023,1015.398989010638,4875.62281489922,965.7633266359514,120.7306637,505.9173882,165573,True,1.4622470756484423,0.49832961296474154,0.9426395305245059
3.222623111807765,4078.324517133381,1.97860960733156,1.0583088298955072,3209.438438610202,4687.505099734211,204.80429906031875,179.508837,327.1432061,183771,True,3.0450658406205604,0.8700416169135659,1.5
3.985824735940453,5740.384872922551,0.5139236028544781,0.8927120884699674,1919.0782222573011,2500.9562891770274,333.70217946190905,123.7067624,461.1425172,14591,True,4.464844066274204,2.2952759692238462,1.5
2.038315838506158,4807.526367999844,1.0928575508119251,1.5989902784378305,2988.849917739772,2056.522677890993,350.7673117944259,85.08015729,223.6773767,80692,False,1.2747510671212263,2.337696742830168,1.5
2.1681805211005245,1064.2686373222414,0.8483359680810318,1.3828688325043597,1713.3932655581973,8152.408395244473,627.3707351392557,195.085614,279.3068519,168123,False,1.5678847496253334,0.1305465312327229,0.8618606186427766
2.8797936619222195,7513.2040866703,1.1855984023536472,0.8092854919547021,3360.1347276260467,6898.760379324747,13.030071005816655,181.0150716,916.2209772,70165,True,3.5584353508317412,1.089065813634859,1.5
1.2958192515797595,250.090670890746,0.9962477075227903,3.5129845693589665,792.4607915415911,4667.317176203484,613.2636695489731,149.6782796,715.1833788,55190,False,0.3688655207929632,0.053583388785373436,0.2649593598450595
1.951564984656457,564.7960817833646,1.3804715721474043,1.7581288265672732,1658.448326022695,2804.1695408656174,141.81153010301085,70.90111984,67.4919105,189379,False,1.1100232503687533,0.2014129578654524,0.6256054798702588
3.4488585055844125,698.0921888452422,0.7078102368526928,2.303658235766615,264.3101010466846,2579.455006295439,67.58436738647644,167.862403,520.3312169,97547,False,1.4971218190769853,0.2706355361387724,0.8794424344686917
0.9617555740509928,7716.2119247737955,1.482690557292274,3.5251428556578457,681.3104308426344,2332.9017242830478,408.3173510815602,198.1056178,169.1600712,17185,True,0.2728273266089206,3.3075597832298738,1.5
0.5666696200781356,4225.713013974019,1.3910568899440034,1.7272383242727556,2725.3489374067294,3510.778043832088,441.8246938653758,169.2306939,427.6933351,157052,True,0.3280782298751383,1.2036400364854525,0.7739091564081393
1.919356112575123,5170.400159600613,1.4342469733382106,1.1205254276200294,3534.9601916053416,8018.83750539604,536.7680065565767,61.44926004,90.76542006,87533,False,1.7129057068754625,0.6447817598843427,1.0916914663382413
2.040428695395592,4193.079967769042,1.851786811635858,3.3959356285354683,307.0506908468277,3159.276650965334,39.93667082648423,107.7450277,766.4989639,187914,False,0.600844161298601,1.3272278529835608,0.9215180291671309
2.636501788728153,8055.524098687597,1.09767258587053,1.7850924383178255,3451.2540132377217,5558.367410333995,269.7151095788036,175.5921544,982.9123998,45520,True,1.4769545011675402,1.449260817531004,1.4046143341827042
1.485822716093534,6585.2283762537445,1.3161668366898027,2.4235251466591645,3574.5044770922896,7197.483294494809,598.155916251224,134.6158633,20.66985385,70510,False,0.6130830146568641,0.914934860686054,0.7549323537074697
1.1984983970103564,7565.12898859563,0.1348967814924781,1.959049303423947,3601.2027797348865,3500.8946471759373,288.90139250500124,43.50695112,943.2520952,75307,False,0.611775202972415,2.1609130661893157,1.2694684899928788
3.7614215570976577,4559.178210082441,1.9356785597330093,3.4547291321476963,3052.2635394647323,2864.2280540943866,274.59799246282824,192.8651693,796.7416164,153120,True,1.0887743508808605,1.5917650837800343,1.3026987953517666
2.839198085313364,4782.550062126581,1.83796186229671,1.733469339468782,3469.2291113290185,5613.295175499667,599.5707290677306,9.509976847,79.1919718,60594,True,1.637869434895223,0.8520040211227372,1.125199200670979
0.4894372722212643,3860.3964855007753,0.7799788263617934,2.385386579017893,2577.645017127272,7622.39695789716,585.7809073962532,176.5745968,952.3194599,198037,True,0.20518144578533204,0.5064544009341798,0.40854491252182734
0.3594869936473182,5358.860789813084,0.1178066259438496,2.5378434642542165,1180.143136467878,6456.947692691168,370.5346242901466,158.7442192,749.149493,27925,True,0.1416505222091925,0.8299371535948816,0.5166058774618703
2.692008389056765,231.43866029433596,0.1552817513184228,2.4934625427812027,354.7097535276812,7622.447776968409,333.5212962686268,82.27423137,387.1420786,180909,False,1.0796261276209018,0.030362774142353086,0.5406421314425892
3.180228009139853,3324.585041552432,0.3885673207391935,2.3948698516520857,3736.51823378271,7025.046004837105,336.1602821977376,27.89112854,953.5927971,5947,False,1.3279329893492977,0.47324744048509243,0.8244801510932799
0.0945375163554023,7988.166194507654,0.1698858329472354,1.0908328264602205,2097.515824135863,4430.807903970724,601.9101129837571,80.74500327,979.2137089,8633,False,0.08666536924526681,1.8028689949627674,0.8906727894379064
0.0407572010931582,7500.774996459821,1.9531700290632263,0.6376459367341616,2966.7438650340277,1802.011454043957,494.46720629385055,101.504149,646.0615657,30164,True,0.06391813203385638,4.16244579104346,1.5
2.8724963749933043,7211.34286526425,1.124055633972855,3.3288442320461265,2855.0296654321005,3903.7593613844265,286.88891521002813,186.2461496,101.3444719,91853,True,0.8629107617681822,1.8472816062257338,1.3127323001929816
3.8316666585936816,2680.6634238747547,0.8156064241135351,2.491297416791165,2268.7264473160285,8012.621157568378,388.8535210704069,100.7128733,694.1536973,139705,True,1.538019946855236,0.3345551188337614,0.8930274695271789
0.3991196679176201,4324.359775807688,0.8478008774780074,1.9184906061225824,1830.842161227464,5757.255901593993,825.0368865818882,55.7337573,287.7483095,112449,True,0.20803826644009737,0.7511147409409578,0.4594925128663164
1.3988361487430407,6188.509245980999,0.2962252355867015,3.0877838159595523,2284.5701355119063,5208.6689013468085,702.1659192355276,18.40148589,142.7440267,53040,True,0.4530225492116561,1.1881172257258885,0.7477158804992795
1.228491576188829,3186.050034951835,0.8623780444913707,3.142068308911094,3808.2210867162535,6172.779521050606,616.0833736769619,29.06263865,777.2958385,182318,True,0.3909816924485893,0.5161451212651484,0.42274192142675715
0.3770602149006175,6102.945831084397,1.0686950074687918,3.8970449668199216,1058.9009980947694,1198.735008181618,780.1844983161394,191.9550082,638.1290532,193841,True,0.09675539321603312,5.09115507959587,1.5
1.5333770319240705,4078.4722085313824,0.9510253789995144,3.3175358628543865,1083.075668260024,2746.7355297396966,246.79808136485192,3.259085579,765.1560375,113484,False,0.462203464592331,1.484843430642574,0.8778010421646179
0.90772797924165,5463.592033635742,1.9029113374349065,3.27405869407524,1704.0393409550811,512.3051126119977,76.92616272880993,7.729266007,624.0224059,180199,False,0.2772484511764647,10.664722815501074,1.5
3.0451891626856407,3450.431676507709,1.5772802048215304,2.276923192881545,194.3555741414281,7724.341568813969,229.06814950586184,106.9169714,473.2740148,144528,False,1.337413503798659,0.44669589573714413,0.8563207236350976
2.5677483805243173,7496.93677132598,0.3602979816497957,3.9377183506240288,2010.4569512508715,7700.601648183662,510.0729273684479,160.8481917,328.9401198,118616,False,0.6520902461261985,0.9735520824039413,0.8119827134201981
0.3177013721509096,8151.2748735088335,1.4618194121204011,0.539306084013929,796.1665197715719,688.2338621404778,48.15635752041148,71.48548309,827.6354326,104800,False,0.589091783824416,11.843757347704132,1.5
1.7329360748128615,1522.0372219736057,1.5493123925188086,1.1864447699239868,1908.3250338524467,1210.0648101975169,517.2683042841091,119.103532,741.3405947,132203,False,1.4606112801294637,1.2578146293398544,1.2828579160934086
3.644900958736709,4438.294062201035,0.4903370381535628,2.029177235916232,3826.0691301052975,5262.656669517176,660.3677490144181,7.222946417,106.5422892,99365,False,1.7962448513503455,0.8433561868220583,1.191432819171982
0.8257460001702084,5407.763972650956,0.5947200205059413,1.4458516906163963,3707.080543475581,5431.154359134753,475.1915199397216,196.5008872,702.8722669,50426,False,0.5711135066036196,0.9956932935555128,0.8033374111186746
1.8178542480208155,6511.365853659716,0.6802900889737432,2.1266537836197115,3952.1524623985033,5673.50391464784,821.1789264616013,76.16087958,748.1210113,46753,False,0.8547951750432684,1.147679802546889,0.939203445883566
2.4501314610057063,1228.6770948306455,0.3504444282127139,0.79221596805754,2989.6666920049024,1638.746196351445,129.89832332793927,150.2335571,403.6574837,32166,False,3.0927530711861113,0.7497665573939658,1.5
0.4838130458679046,4870.173359737679,0.6674037161700376,3.977775859486069,383.0327791196228,947.9899972598662,915.1859726066314,106.6956039,952.9158197,36382,True,0.12162900609020424,5.1373678716836535,1.5
0.9147721056222716,3613.1215731143,0.1652600446074206,2.4789357701263413,1820.391359438044,6684.7285675307785,584.527367982574,40.80986218,9.17139681,153950,False,0.3690179260101295,0.5405038568242749,0.42969469853196907
1.0400054964879533,1647.9479218293443,1.8068464781785183,2.428685637611359,3091.265892962298,7949.986309284667,107.12494218226244,152.0555851,686.004573,80714,False,0.4282172431725529,0.20728940371852486,0.36202428362268246
1.7548133133420016,1459.9860731401322,0.96365886612495,0.9479343742221068,3021.949325458498,3955.80547191741,310.9811881849749,138.1152522,907.3232427,32328,True,1.8511950931064616,0.369074284146584,1.068195649773145
2.6534900617537795,1780.259206423162,0.1809156384931183,1.414008158079332,2310.152350994766,1820.032708134248,347.6433924829442,124.8707949,653.4458546,37576,False,1.876572048060885,0.9781468198283065,1.3470740805112824
3.842074409170624,594.9431127648377,0.6753826532956483,2.757231627444215,274.6890291993175,2265.619779380155,580.6611171506428,35.22351202,814.1337165,6996,False,1.3934531206864438,0.26259618578409943,0.7628382294202023
3.061173874232506,7232.9120413907585,1.0036890230720454,3.716088098587698,2360.484164562922,2109.4244159498403,996.2933651950012,73.78200879,548.2483114,42187,True,0.8237622384769803,3.4288557500672705,1.5
3.746251972337189,7606.248340928076,0.7353673583221998,3.5074325255519745,1913.3509264426104,3926.435776770795,72.18658183216809,168.8302639,392.9743821,179109,False,1.0680892296448101,1.937189036425923,1.436810892559048
2.8072515247518024,1598.624178969204,0.1101317544101276,1.2240357477432038,3059.950799442593,5734.73645880576,665.9149134950692,156.4312078,352.3099243,120746,False,2.2934372925711775,0.2787615769571651,1.2357241275232977
0.9357033631891812,3779.1819828029047,1.1427418426621108,3.2647374826092945,1174.5792914263936,4060.8080256583926,754.1185293763182,61.20664891,182.3207728,106585,False,0.2866089789958717,0.9306477819176211,0.5783763136249119
3.6029402899950216,3421.4487839080302,1.7940148690969815,2.4347440876638773,3914.4644828467503,5181.933978113792,476.66961194235313,98.6026186,803.5798129,107141,True,1.4798018520501546,0.6602648350400562,1.0123433150617975
3.687368189512465,3539.517737344303,0.4429459980582911,3.035644877623929,3680.545381774407,2552.3766591470644,731.8004253561052,56.01979791,586.4843773,93488,False,1.2146898347704027,1.3867536843642667,1.1986662982618161
3.7551478465115062,2036.0291377876183,0.1443456799665578,3.017213649803249,1257.6063003406352,4586.361567169905,790.9106586690884,85.53312635,248.8815287,10843,False,1.2445743118595747,0.44393123122215034,0.8026044640221218
1.9722748814248208,6005.953502245454,0.925736772823446,3.235951446866647,3819.445405060549,2169.888079703966,120.25820035993662,144.0024276,972.4232722,124043,True,0.6094882152346097,2.767863262466962,1.5
0.5518461429803567,2617.2352645623787,0.5159767796087478,1.6074587084716407,3959.764226177325,3648.6586074635416,983.4687829042854,134.7227754,14.64066953,144714,True,0.3433032505088712,0.7173143736965029,0.5446557097531262
2.389682305365897,4539.801810971085,1.9367437120918856,1.4991879115127285,2228.3978542962645,8041.257657010232,680.5066059802449,96.40951679,972.125377,24369,True,1.5939834446578405,0.5645636545980838,1.019562682805777
3.0973061999468894,561.8864109871365,0.4083422508456148,3.2276510369376865,1218.1518762929452,8155.215884419006,662.683773495949,104.2829849,717.8579316,12602,False,0.9596158955491169,0.06889902350614074,0.5149858937026511
3.715771884457248,7387.92411590194,1.1651751169565423,1.2668095746607335,1354.150107220319,5394.421419666379,749.4027075986893,171.7285908,948.2760154,119779,True,2.933170877147418,1.369548935794731,1.5
1.3100990285817726,4394.017077713843,0.2937204557475853,2.457612903832592,2611.89732590366,6373.878519860993,189.59211937639907,116.2045386,488.3499413,33780,True,0.533077643538191,0.6893788551715749,0.6082218318431197
1.2992375225776889,6534.917937708604,0.7891752907933024,2.642356428799504,1730.818298471737,4617.961179380315,702.6402947785923,80.32922787,286.796793,50041,False,0.4916963573576677,1.4151088938279937,0.898236750292172
2.4324590171626403,4756.88941310361,1.8777212595898995,1.9281236210711692,1935.929287160319,4842.653382784901,739.6682813074373,115.8920299,200.156158,62665,True,1.2615673232839526,0.9822898803849018,1.0676958567030737
1.27377141105354,5718.013755209025,1.0877039494922005,0.9213906842370176,2355.912779098513,4622.65000196463,386.2190612148626,47.32951315,758.5471765,46720,False,1.3824429206872206,1.2369558049045262,1.2023999414766366
3.1009463817824425,5632.175763305823,1.0733119244617646,0.5429808180520098,614.3819024706651,1958.708602712072,672.136194761117,0.71915457,559.2309286,188388,False,5.710958044428325,2.8754536293106243,1.5
2.876201224002783,4458.861609120148,0.7079572764586042,1.769009287199807,2851.8885370395037,6929.492419666593,486.8830163858937,116.7517856,758.7784443,151902,False,1.625881570511139,0.6434615031574306,1.0795944806558517
0.5751795752890061,1769.782263285625,1.418678254519823,3.126015709407368,2266.4424928057106,2970.56123829078,729.8833557888115,172.7149722,160.3044389,149453,True,0.18399760102307608,0.5957737009010997,0.43727558547942635
2.227825645681612,4100.841790311263,1.5327459923684204,0.5000248282701956,176.3262444587598,7362.207399441016,646.7979637611475,195.4219745,269.749391,176000,True,4.45542113972116,0.5570125326903466,1.5
2.173439073973997,1683.1179043460115,1.0814254646624957,3.269838141176023,2452.606190352906,6902.372668692782,30.77238410857863,142.5823918,251.3966661,104471,False,0.6646929650466851,0.2438462808211318,0.4801512039481194
3.0315674723546637,3010.057182678141,1.9669028432168625,3.013374986473089,3306.6813049290554,1896.733124869542,77.64984723270484,189.7314835,512.3974471,9133,True,1.00603691207577,1.5869692692261093,1.2617416071776697
0.6843865068232136,2728.18645439137,1.1763210272257827,1.4065976353391991,769.6389608615473,1609.3236057635404,530.6641507295807,20.83464901,816.1324519,62780,False,0.4865542235210365,1.6952379514757376,0.992226338118787
1.261695972999409,2138.262483420195,0.9238510395876812,0.785274690026375,2235.497131293324,7633.210834944409,86.64498130604292,6.417232904,676.830985,150270,True,1.606691750456496,0.28012621809831634,0.8522774830597484
3.906026576682929,3799.178489799821,0.694223784556144,3.246402886173928,1347.1725366812568,5522.52851707824,435.0678264652097,78.78394751,289.3053816,149822,False,1.2031856520743647,0.6879418507958887,0.8904089353623931
0.5574916489573458,6855.595994757683,0.2288836176106453,0.9495544030719156,1267.4750644344797,2250.338853317853,898.3991579424151,127.0687947,45.39419385,182490,False,0.5871080793746203,3.0464727485833794,1.5
2.824455907446426,31.959439566153375,1.120714810196053,1.9294434898033803,2533.969793276796,4773.930696906158,684.4603035395301,116.2940914,874.6604904,188059,False,1.4638700011184316,0.006694575516182242,0.7199152542048186
2.1402969174049065,3637.438393789308,1.706951141044484,2.4871202127909564,3328.612068680113,6873.8587502457885,117.4272483037384,102.1015015,75.91731697,100625,True,0.8605519129496481,0.5291697902768331,0.676437939467674
0.5538638189476224,4373.090049634353,0.9177423604966536,3.2048020125154864,3279.671638779448,4462.253571476868,831.0589696323765,169.3350337,611.7552615,131282,True,0.17282304615436828,0.9800182752068427,0.6034667137530085
1.565226272407231,6744.843036098614,1.3621858783916,3.6880488390462585,3473.6668260936744,3902.7000084405786,617.2852101485965,148.5864748,753.7923252,18649,True,0.4244048591306465,1.728250447070728,1.0430062030900698
0.1577764780406907,3932.6339500409968,1.097637846677313,2.7240587586805147,969.746616097285,4576.044629044621,655.7701610235989,120.7625359,779.2035103,156082,True,0.057919609706768974,0.8593958905515853,0.4731879357425909
2.9616583208509133,1845.724447033844,0.6905373377466636,1.4288614286849537,1855.90675851401,1957.0739894511385,9.963915559476732,155.1212188,378.5526353,52431,False,2.0727386075765604,0.9431040706889029,1.4347086875740795
1.958441017886976,1575.0191182891886,0.8380784694554922,1.4394175547646726,1444.2496364547042,3163.2869843177214,782.2154071492406,189.0742979,385.7257326,147447,False,1.3605778606953953,0.49790585729324627,0.9308778259296692
0.0320488968115832,4690.767263479427,1.313604285198282,2.602411682575454,2301.513620202072,4648.289086599469,850.7142424061564,193.7966557,368.7240879,89789,True,0.012315070944038858,1.0091384539729424,0.5565759924970881
1.1263785482915385,4003.526795666892,1.960749636867122,3.1039821299934767,1864.6772881067404,4145.878290346631,562.9425361870027,183.1950844,10.48695879,15461,False,0.362881659184116,0.9656643331819802,0.689465527350028
0.701120239461805,1271.0809960395045,1.0735806343514491,3.2466758149365087,2321.6683548091,2261.0176948923163,445.5444622925648,36.17062956,469.7533551,99616,True,0.21595011743585446,0.5621720689531664,0.36824469938537585
0.0221583618870426,5018.550193080426,1.1250107483501592,1.0232045331913824,2013.68756431504,7487.89022290396,401.1950595038624,92.12578718,486.5793932,53063,False,0.021655826877646545,0.6702221911666735,0.35741921027195983
0.3605308914674876,1042.7723391803977,1.499030604907438,3.668382206102869,675.7795900589424,1092.7803900757235,812.1866827934639,164.2291626,375.2928151,52108,True,0.09828059698553139,0.9542377843675448,0.5557678339892109
0.6663382709831418,1898.1166424815372,0.4136985726672524,3.020290774242767,651.5102001444203,1172.2333472685063,377.6367385605884,175.6016972,281.1605626,132077,True,0.22062049655788732,1.6192310560736267,0.9157554120135736
1.3321456585745537,8063.091420710561,0.8826465968846808,2.120381135424683,2295.110643727529,3645.368857077764,229.9101265161092,77.40185967,296.446718,132465,True,0.6282573486725511,2.2118725798744827,1.3167688148440553
2.218174160645196,962.5189578795736,0.6302948380487755,2.592345585860241,250.0979557823356,4359.66037113634,7.239976149628458,129.2367594,949.6074887,40435,True,0.8556626543472465,0.22077842669380135,0.5490325898683909
3.734511284904507,7857.397006496338,1.4964547363057628,0.6380478147342818,3101.533272953712,2689.84548957261,313.0586507021956,14.878384,567.1009373,187342,False,5.8530181369583145,2.9211332152850416,1.5
2.258623048407128,7267.485759504661,1.2609408282983354,0.9843643715566256,1765.2959645991111,6711.499570424398,772.6733831055413,183.2615173,292.4959163,136826,False,2.29449665101024,1.0828408289627982,1.5
1.6688852482478906,7905.72038507907,1.7457284667022088,1.4430187692019971,1891.155880846441,8097.853972001212,511.198353195754,57.11889954,365.8160107,47537,False,1.156522789130463,0.9762735178279667,0.9883247373206401
2.643556101216185,3870.750987775038,1.2638829374894736,3.109874384344612,2723.083749385432,7776.7954673492995,792.8371624540705,111.7670403,268.9228485,164521,False,0.8500521000050614,0.4977308460185905,0.662399444092375
2.0890751305155497,7954.115935383979,1.7923754822912483,3.672718025396773,1749.065180386799,3173.053228080442,431.08485111606,32.21892123,954.6816783,105813,True,0.5688088623359533,2.506770407280278,1.4001240518846758
2.190796570321161,7263.334374267797,1.4589841305723652,2.4671446619399857,3910.920592436961,669.3520427400981,283.71550130943046,140.5719977,68.35862818,25952,False,0.8879883357184822,10.85129184589159,1.5
1.4556979431856614,7736.725391416593,1.0146804685092443,3.2215756199304586,2655.288815383169,1898.2181029052165,359.18977861760595,147.7401445,563.276266,85848,True,0.4518588613351323,4.075783165011321,1.5
0.2221465001092339,3033.346734771011,0.4924243267497775,1.2948324055452392,1116.2028533312778,1627.3666216747338,50.33644672956639,118.5371557,731.665075,154754,True,0.17156376963852785,1.863960273306708,0.9752688190989185
1.2282006514711767,5333.101326262266,1.8217366478867996,1.960849794448185,2790.709701924489,1547.4737110264118,374.6100498612497,168.8077509,861.2810522,110981,False,0.6263610953717731,3.446327575593247,1.5
1.1686609253542874,4203.95537793051,0.648799019727717,3.4406104280381418,3398.258463491191,7060.723587525505,847.5289046579006,101.220498,158.443679,85211,False,0.33966664059494367,0.5954000783662492,0.4714025876102564
0.6980302997358137,8101.860172430382,1.543980584699664,1.9058339438223169,1460.1103100775604,5227.926571686719,468.99089494085024,120.2886051,659.5426158,27540,True,0.36625957667449077,1.5497272312045307,0.9223530011106985
2.989141414739757,1309.9830383165054,1.0277912485741978,2.7557840597272523,2930.668413936706,8053.68719948603,823.1215144059007,156.709638,232.0753158,129905,True,1.0846787212917108,0.16265630955190927,0.639674649090619
1.8311411111323013,129.30742895873482,0.1955771558508859,3.813473673477739,3406.6926472700225,4974.537850388421,362.7303112066596,143.8430485,956.5845042,61286,True,0.4801765497140099,0.025993857685220827,0.29971570836612205
2.946780854067258,4145.267198538052,0.6704649705720973,1.8320506691025005,684.6456380360361,2887.309493232983,254.9181113285678,80.27539234,843.7308064,91458,True,1.6084594685644702,1.4356850925810594,1.4100125154591672
3.414957281001381,5988.418411105696,1.2604004449823751,2.478355763845759,914.9080993070476,3233.3187467435077,83.46216024191378,140.7969062,67.65545552,57127,True,1.3779119014738876,1.8520965232038868,1.5
3.0629495090524195,7190.908448861195,1.3190030984079,0.6429394225133438,2580.5163342992464,6031.121202291325,348.4056677588869,10.36149211,236.7675371,154802,False,4.763970971181004,1.1923004374272808,1.5
1.88162698675895,2751.5043809838544,1.9058238303433443,3.655000911325426,207.20812613648923,1125.563965164018,990.2992979822068,185.2890476,615.762646,195944,False,0.5148087558938126,2.444556207996892,1.42438130089991
2.586571220752917,2428.586837582251,0.5436369824038011,1.5946947797060371,692.8810665098474,2412.5992754802755,934.1340360358004,52.39953078,220.9200058,182724,True,1.621984113628068,1.006626695638117,1.209081004793128
1.2522286423381104,340.72026832047777,1.7409376900159934,0.5021698797347344,2654.4302537321755,2751.0647075428683,798.1312816698883,20.97328224,83.70437748,18092,True,2.4936305406629407,0.12385032866091471,1.1883555840479032
2.482641885631975,8110.151808727387,1.1043294977311962,0.5280965472258445,454.88768739811707,1685.501329774003,440.6586253741117,89.59703701,224.4555995,140308,False,4.701104746033323,4.811714865275785,1.5
1.4834315780246077,7256.535256172403,1.937597757842215,1.6030634044752028,1200.7554588737107,6261.263846640361,229.2164381833161,130.9386903,611.9626412,95125,True,0.92537241416089,1.1589569506653392,1.0034334900885886
2.586390918616251,4532.920604882464,1.5208994186523808,1.8471796716668836,1119.151454095986,8040.165393143863,176.50818625658184,150.5431727,318.9713437,112500,False,1.400182969802466,0.563784497292066,0.9590752625052998
0.4770770289692088,1666.7681909739713,0.8567767869801846,3.804916978562236,724.0400937930211,1727.1036602850734,877.8860918976194,73.03221343,654.3481535,10299,True,0.12538431357973234,0.965065518843143,0.5272274168314689
3.592683752706847,4406.341087519978,1.6105530900349398,3.1188280752609585,1261.770504105958,2846.8924239150947,807.2098052427942,108.4727022,375.6184954,121868,True,1.1519335192827904,1.5477722477172253,1.2691171436733002
1.9285175215518715,1825.675127782818,1.7837281879270794,3.5526741440044285,2702.953889824525,1173.7733936343184,336.39398065569003,31.86465321,858.4492263,1743,True,0.5428353123719964,1.5553897678449213,0.9601374895426655
0.4096975183176585,1874.3652853764447,0.2160096256665582,1.985669869550952,3273.362392825437,1157.61330316599,97.03064884303802,44.82124765,212.85585,32741,False,0.20632700242528573,1.6191635657874919,0.8438868327358516
2.2998710249157006,2030.254685035204,0.4417290662607178,2.81619134213044,3889.483494209694,2232.9047253185418,721.3913853416461,76.44145868,209.5591992,181576,True,0.8166597822561565,0.9092437581887101,0.8148866228550792
3.7522341909096126,1745.4856786426235,1.974302351303347,2.121847772805861,528.9224927536602,4179.857596156953,133.12070175325752,62.43834935,301.0309224,100736,False,1.7683796503309634,0.41759453236633326,1.0149151535035021
1.820120501939276,4701.920952716788,1.290614456018686,0.5924033347482487,797.031118450847,6656.847321841861,847.5119283866525,88.89702824,133.5154199,165431,False,3.07242941210544,0.70632849525975,1.5
1.7767496000636631,1415.7410991647412,0.2453513354603806,1.7590129408313002,766.7122171348963,5365.873786473723,422.28984468863126,167.9710563,264.6681812,149532,True,1.010082728067511,0.2638416696400305,0.6572719434593903
2.161859486565789,3154.774048251008,0.9632113877327712,0.7669131873478446,2307.578635341462,1525.6610354862698,954.4140235512089,154.2927399,155.1006674,76297,False,2.8189066289697515,2.067807968352346,1.5
3.936034943626438,2065.547513934681,1.5884773822670983,1.0106603250960884,3740.453614529424,5829.806761941903,68.0036429532339,150.8737132,490.1096315,147214,True,3.89451426099858,0.35430805821295197,1.5
3.67974477485143,5890.299993667111,1.1837891248571368,0.9218365182103196,3084.9551408895877,1417.8095970253155,740.6736546003982,91.44487428,164.016661,80348,True,3.99174984979499,4.154507066302099,1.5
0.4631509073650961,6621.2875071751705,0.487505868328183,1.021013042295917,630.5127396424928,7888.762121584662,625.7987272845071,120.4589169,733.7304056,164186,True,0.45361854801098095,0.839331621905438,0.6420716906486569
3.465909572208992,7999.924726215678,0.1396024954860446,1.5713226205899868,1445.0125241797518,7398.84395848866,607.2484732882047,54.60173069,365.0500203,113046,False,2.205726132283077,1.0812398220611423,1.5
2.851880749564176,2392.671612884622,1.602719081387418,0.9567722185697004,1079.346176493313,1216.64891699726,384.6367385950219,67.99010143,668.6136298,56627,True,2.980728028557812,1.9666080966259574,1.5
3.2042562623332635,6208.740569701747,1.3345807954720412,2.087838327557681,3024.310994776568,4204.441259317339,163.97117305823184,115.6335597,546.476792,8416,True,1.5347235872223692,1.4767100276323346,1.4129759751897097
0.045570885400457,3879.5966568572703,1.5775909443365763,3.020737204815006,3765.3817979258342,7109.499714244808,48.2633519184511,5.563144653,966.4678785,99177,False,0.015086009548201752,0.5456919350511121,0.25513232424090276
2.405960910695374,6671.605524846346,0.3512708011573998,2.088304215675699,1520.3345201369916,1694.661955631886,877.977604470934,149.7616567,37.13429091,66981,False,1.152111718457253,3.9368356023675997,1.5
3.124567845418929,6440.194792690467,0.1127817348106379,1.104887168587616,158.01466326463205,6413.193408813148,670.6378467768736,155.5997597,964.2473649,174960,True,2.827949410855833,1.0042102866936777,1.5
2.4997154224491736,1113.150760971875,0.8370032106701706,2.048660677469896,356.2697482046081,3166.0550682930225,177.98152064576743,108.7039021,711.8238999,28496,True,1.2201699528720282,0.35158919747420586,0.7616567942582304
1.869484897409829,5684.671905995366,0.4913738432298989,1.1077884290744875,1161.4908754379844,7947.209553770833,672.0330617849589,145.9339167,483.5425221,143447,False,1.687581455775135,0.7153041412608491,1.1542832321899135
0.18453260223413,643.6838832241028,1.1816257744081882,1.127330106239502,2817.5139521468154,4704.560616011821,895.860799896577,120.8396803,879.1005271,68450,False,0.16368979904199146,0.13682125401818057,0.19566451608924773
2.939183147488718,6627.215436683536,0.5638365401017136,1.9299876908296296,3361.4617073771333,2663.6318859361504,481.52606098951946,162.2523797,801.536177,87954,False,1.5229017462404268,2.488037280671883,1.5
2.75219826451734,5450.086949830219,0.1717899046228532,2.352101261841069,1313.6191355153155,8054.446211943964,59.083235758466856,42.21677738,86.35877929,195602,True,1.170101448889855,0.6766557011792582,0.8521542425611187
1.226667168563968,5195.761749384853,0.5224871575576986,2.9910240736302107,2106.506039246827,6652.660080961226,116.2219553494549,1.372500949,136.9775755,146402,True,0.410115976418466,0.7810051446147426,0.5366909219259356
0.4748495389507905,4921.310240382499,1.938540237427728,2.2984376476971007,1189.2990161083362,1450.2101217985642,970.1013514319172,92.03373199,896.9922343,162763,True,0.20659656912163463,3.393515300310777,1.5
1.6555443241173236,2450.561673190128,0.9961585308718603,2.0112633401942484,4094.489803413509,761.198078777739,397.5858113916498,38.9281397,342.2120473,161145,False,0.823136119420996,3.219348206850001,1.5
1.2457666199291997,8057.214712707248,0.3137144955354857,3.6196674378729594,2176.1821972896314,5039.947792389908,320.8523637987121,5.00242727,449.3297834,127697,False,0.34416594815553175,1.5986702725918323,0.8767781215958695
3.4686692640716967,4687.743689034303,0.19490916015499,2.6420649343182103,1101.5037994899508,5294.046716901603,8.001755311614511,198.3619465,169.9113121,31136,True,1.3128624910592144,0.8854745601664015,1.08845678017595
2.168060539887158,2230.66597667968,0.9856784397264156,3.410118666529398,2133.1466047098547,4792.640304491532,768.5886204943304,119.1154545,529.9566348,27172,True,0.6357725686775302,0.4654357169520368,0.5551159480660814
0.3346370129248872,449.1869673778883,0.8618999690387577,1.7744599637086085,2154.8459069624,659.4613503396184,270.1468295246946,117.456316,346.7528332,16851,False,0.18858516460429686,0.6811422177591115,0.45011977048581764
1.8134867366195824,5673.743965796149,0.1080023530383297,2.0300742982339863,605.268595322406,7920.236741076896,632.7555763180399,183.3953822,800.871865,159870,False,0.8933100847033507,0.7163604006498855,0.8160717224636427
2.0913250132180288,6456.822474784555,0.2689652091853369,2.1797880816083675,2819.019512926417,7611.291359770051,661.0960095430481,58.12013313,218.4555433,6623,True,0.9594162255712074,0.8483215487012055,0.8425491362228663
2.0599930067570726,4025.91244064132,0.9957289456279678,2.197927144666088,903.0398816511804,7707.288839157852,279.9279193983584,98.42881275,760.8939347,183062,True,0.9372431085867137,0.5223513123920843,0.7060438712404254
2.137546866698974,3954.006458534699,1.4129450168877096,0.9392484389933844,836.1623213227329,7152.876124704208,687.3121942833856,96.14209782,19.56229819,137533,True,2.275803187053093,0.5527855353632903,1.3209476712072277
1.5686095213606444,5770.288161559785,0.4407440271793262,2.7989716324136205,2224.7656993979213,7513.381891298891,904.6273103595032,95.7498404,159.0708579,36263,True,0.5604233150389881,0.7680014465222709,0.6456777123880905
0.547694540401499,6517.64401067375,0.5833622931322814,0.8983646419597431,1448.9975747903711,6473.490389418295,916.5449946632754,181.9334818,26.56742374,130989,False,0.6096565972923104,1.006820682134758,0.8184036517335154
0.4690126986369414,6215.772088556694,0.4174702179762799,1.3793398417148195,1473.5485958709723,6645.70098134491,696.7530139430838,71.57898359,271.2563441,30142,False,0.34002668843899164,0.9353072166607596,0.6096984578076223
2.3548413664655805,2897.4076420842894,0.9427456811973948,2.3858106407183888,2549.207323191948,5198.939533466231,389.94287936681184,161.5065212,212.0712059,184928,True,0.9870189776408824,0.5573074321938162,0.7757197948534664
3.183713852798472,2836.3706449107303,1.7911805905341551,3.6947466271618743,2299.496503051844,7185.305422529132,475.6255396126554,137.7624972,982.2163491,135804,True,0.8616864192275147,0.39474600976914626,0.6342926026395356
1.4024435404921558,1372.3309656807205,1.4561428901250375,0.5728103872672254,1902.8361999513645,5951.537180806525,201.83870372848236,189.0678737,767.5758471,173623,True,2.448351362536538,0.23058428835425074,1.3000779828540296
3.3289245869767807,8187.5246236052335,1.6126795808825585,2.4889191588124087,2766.858589761828,2505.1421378284567,795.0983580818245,19.16262035,484.1317379,14935,True,1.3374975389187176,3.26828745431354,1.5
3.814681421686889,921.687351284163,0.6995143830703816,2.1241545350512983,2314.698832399328,1525.883152368947,324.9889243809486,62.54548118,731.6135224,142514,False,1.795857863861539,0.604035341270529,1.1112322925484341
2.3809353697246234,172.54905847953887,1.8790309020943403,2.6167525143617247,2860.253366147033,6965.235752126675,131.3239987717848,181.2668516,960.3179041,158599,True,0.90988140711655,0.024772895648518728,0.511249916029487
0.7789443694063563,2434.2457086767463,0.4890448249262455,2.637708120561438,3555.0723504490475,2492.3809247854647,440.5904805716581,36.61755445,840.3058506,154550,False,0.29531094362692933,0.9766748266658327,0.5907068289625551
3.328018236952804,3367.571614009883,1.0775782580616722,1.018529720818425,608.9930248625486,7595.4864257316385,637.6851123837934,22.3817511,432.9584743,177157,True,3.2674696687387352,0.4433648386439102,1.5
1.2173165911472537,7151.885389830358,1.1609970252037016,2.4441631677192337,3584.6401134538214,5055.687998305671,328.8585847772069,141.8039634,667.7715281,25715,False,0.4980502566990784,1.41462158875559,0.9316215648540512
1.9067788568965431,6228.282134908379,0.710563760586213,3.0059632449217157,237.30851227935733,1535.0243348483957,774.0294809600465,180.9083947,218.3864055,136618,False,0.6343318487962258,4.057448464793268,1.5
3.2446495042433696,955.6354524823146,0.7344807189822966,2.547978903610061,2788.3831267198257,5859.631335002717,580.8277146904796,130.6198397,54.64108472,78332,False,1.2734203671097422,0.16308798244877695,0.7117545691248905
0.6840705572454171,4319.512990391548,1.1437319678555578,3.9491134313555567,172.5374605546062,2710.0368395951427,162.68401190901517,171.6199054,802.8369334,183306,False,0.17322125482461795,1.59389456471114,0.8810329517724075
2.152144302184825,5017.498073778549,1.1508048416770285,1.2510994419089172,2694.6389685334084,707.2343263649926,313.1926594768314,87.06556256,804.888843,42116,False,1.7202010566802324,7.094534130537327,1.5
2.675290095908096,5183.088559713767,1.6885696659076854,2.446757002443954,521.3412337511827,1424.7262242023965,651.2870101,131.7107311,602.2774563,47710,True,1.0934020010298817,3.637954063053382,1.5
3.356497736815212,5099.081257678012,1.7215641530840369,3.651523760607132,3247.4642045248183,3161.2323051816898,187.58782644736417,60.52943255,210.4539287,186707,True,0.9192044301671758,1.6130042856094189,1.1697660027392052
3.903702853862588,2495.690693052131,0.2761926706554514,1.4472353304927568,2033.245790293828,3561.44147128296,124.33306564296608,148.541731,94.37604622,181693,False,2.697349957027026,0.7007529710862664,1.5
3.605634561190132,3817.024545932117,0.7021073115323929,2.9675544446196795,2052.451553954783,1863.270020067063,980.869778596186,1.12641035,292.7685752,143428,False,1.2150184313244494,2.048562206644731,1.4691746293068018
1.4618586691495383,2199.63298305568,1.1075346409581368,1.8523610543254776,3924.875566619985,1362.373664885311,325.340091575005,19.04983763,406.9347291,52563,False,0.7891862531603533,1.6145592344713247,1.0912127059639036
2.593817851914035,5316.582861296512,0.8155100462398887,2.746954069505597,1629.2209363837517,4100.233597480182,238.5430520512032,25.06132696,729.8949384,41934,False,0.9442520122401842,1.296653649993793,1.0209412605928851
2.4256085689871294,474.82170531887823,0.6441642556670784,0.8087404962823632,462.69863278830206,5852.199233939598,323.448052770286,100.5094678,34.47195524,179920,False,2.9992384218408583,0.0811356015502741,1.4364352729956371
2.2917847941227563,5916.803135576844,1.0206873367523268,3.504706368374208,704.6429343227119,6771.218444246523,720.1375328904818,179.1344251,559.1490594,26372,True,0.6539161628167226,0.8738166082546799,0.7770687540738589
2.029099231153193,594.5957467984572,0.1147203214807199,1.928284747879496,1179.151492550447,2098.295159875587,131.38756372951144,25.31311634,25.75700677,69589,True,1.0522814024760387,0.2833708802675508,0.6137031651463792
3.479078510109758,7273.054407680729,1.4664046567647109,2.1258022477018343,2783.872453251572,1707.0494024102254,760.0267504821805,130.3858027,393.8427006,155810,False,1.6365947854632943,4.260599835687897,1.5
2.8155545444027177,3865.4183818733927,0.5600577921038747,1.874065813726875,2045.319562723541,5290.517750337483,689.382544051617,13.31340742,543.3621912,189952,False,1.5023768223095244,0.7306313982022242,1.01151202272729
2.4667707542502826,4047.001298024994,1.477234636212757,2.617054900334483,1734.61309945775,6351.683967346175,695.1917815,181.9566992,713.0173994,95730,False,0.9425747283178044,0.6371540709823342,0.8018784472011616
3.0805919838410767,7982.444234752842,0.8998251836942271,1.5095117650333427,1697.0399783164437,2062.477887705756,882.1789218761986,7.864641881,58.57635774,129047,True,2.0407856463360425,3.8703174848395476,1.5
0.6116364069824614,5590.280820975761,0.2998439183453663,1.5799776924029048,2149.85172223926,7798.871990527161,797.9884304008908,135.7815453,304.1285502,112018,True,0.38711687057770156,0.7168063313578099,0.5646727334978258
0.8028021887778958,1402.8405570902414,1.500648121659082,3.808658251118535,1902.685660925768,1674.6720292395007,509.9314015361117,95.99628076,420.3985908,146677,True,0.21078341112876586,0.8376807707773182,0.519818701706637
0.7993870722330505,1517.7681833945144,1.6839380620934985,1.2151511348640245,2668.982213227116,7820.90793364263,902.196753327356,5.431095525,807.1428676,59577,True,0.6578493748212868,0.19406547118034415,0.3860778892420763
3.810958111932956,4325.029866967007,0.9571774581518117,1.2188124076753908,1974.5212285964155,4325.275553392295,825.3502416116513,86.26966792,214.7078454,16175,True,3.1267773130273415,0.999943197277908,1.5
2.7580517373135724,7194.243766495754,0.236959028507544,2.4451040755994877,1169.8402584135367,7281.968989058618,957.504796278322,158.2691013,527.7607254,64199,True,1.1279890442488885,0.9879530902036762,1.0313277670980687
3.9790800673197313,8160.390978104589,0.1614676913810255,2.5187096659479007,3802.647057644494,4515.660522544353,582.275969913413,15.9208634,546.3653803,13606,True,1.5798083206282965,1.8071311905659988,1.5
3.4331347629389484,385.9582880379649,0.2116681273236859,1.406540873295828,2589.3313406704747,1589.6253847734044,400.5552030126609,32.90234338,844.6383261,22423,False,2.4408336702371902,0.242798266492318,1.2240895463097858
3.14363635448142,6172.831068695742,1.9194019301895544,2.0762836768918644,757.0687724579027,6999.475677496753,125.88595721853548,154.313142,72.01165773,143077,True,1.5140680800993767,0.881899066762877,1.1553605617272862
2.24341589130981,2375.7471741868494,1.972245077294276,2.421372503134016,1696.471103397455,8074.38795402781,780.2559684092399,20.44455837,723.4409659,48621,False,0.9265055095408151,0.29423247773318895,0.5595568608628321
0.6131003036004623,5711.715983440859,1.8834777900375657,3.716590784995125,3814.373493866826,1944.9120336451847,457.66849354707904,8.220263583,12.19647505,6190,False,0.16496304654057306,2.9367477200493863,1.399880976882321
2.110431443972424,7239.495743412492,0.5236467659763645,1.994123076274294,1767.1138469939503,6024.3711571657295,238.3561662872764,5.357029929,654.5925881,136173,True,1.0583250405939795,1.20170148109147,1.019691101490541
1.217798027740387,4442.277495054605,1.118953005390144,1.5485366913776866,695.6587932418784,893.4740238741967,824.7518589547216,105.7772767,846.3579291,11534,False,0.7864180733353345,4.971915658857669,1.5
2.938383829929025,7619.036006730157,0.1105616047386485,3.4557896200048224,1874.659266993242,6488.946793079789,60.0999877274857,45.96274025,359.8947091,193796,True,0.8502783163190959,1.1741560300172915,0.9339824180721413
3.757111672611222,1674.6753273099075,1.2774330623009875,2.5710106821892853,3888.9016131177327,1190.4315792192845,68.9653896615725,5.741791221,504.4024183,24112,True,1.4613359008201552,1.4067799906664291,1.2935237453593604
0.6980076356099123,5474.665720470056,1.9336991840805795,1.2327649708426265,2768.1929454719493,4943.427141226296,394.0557165084847,45.21062751,474.0827075,86752,False,0.5662126081666633,1.107463620472115,0.7757651172317829
0.353911336214904,5403.406466987763,1.2885744717274998,2.758938767736777,1995.0067933394628,3030.58836386365,728.8296268462728,132.005248,379.2504309,58899,True,0.12827802199727825,1.7829562502233356,0.9260741070297087
2.1874297284067024,4290.133836604235,0.1554712981648406,3.656657480934363,3770.273057775063,6885.6182579707565,962.979341725884,134.9468743,428.5274361,117643,True,0.5982045465311713,0.6230571715205008,0.617057628699143
1.100189544699253,4413.189253483235,1.843801848199098,2.255616791338717,1607.8045643802832,5447.635262136051,992.3328536176588,132.1701955,289.5480315,197627,True,0.4877553054084959,0.8101110005192759,0.6501410160164072
0.2261874021418903,287.94634926696745,1.5675855507484509,2.2271230340042787,2238.306898910713,7133.039803372311,462.7714509009497,162.3534201,200.589075,185878,False,0.101560307683095,0.040367971743332495,0.14506418865841725
3.784768428938401,602.7220174803579,0.1434414657656267,1.750602308801518,147.06100386878668,2899.2392328646,460.54293463857175,44.03713895,32.9424172,144457,False,2.1619794786801214,0.20788971480526885,1.0884650643592775
3.9981747070998015,6855.621921334258,0.1264831647609723,2.178257143279363,501.73784786242,384.9500898256584,551.7922405806352,92.95260118,316.9242083,45428,True,1.835491683772869,17.809118856499058,1.5
2.434869016429281,4165.770548668789,1.0880889525115238,1.2885877517989044,1017.0652114510208,3942.9458244723182,855.4715955373936,191.5621522,411.3924218,168050,False,1.8895625256934292,1.0565122456811284,1.4215380297902345
2.1582046624616846,547.2583119547835,1.883597922086729,1.7569032165778986,4062.03237910028,6844.286667000557,121.38416821427278,113.598084,235.4916498,41141,False,1.2284133887876028,0.07995841473347517,0.645580174591701
0.8116732206675699,1842.3018513363595,1.302863250152044,3.1193100910351625,2609.8990270392483,7981.948107618911,715.1092939669871,55.71250891,950.9734106,63130,True,0.26020912854774325,0.23080854777131926,0.24882098710821637
3.139059517529781,7720.7991239943185,1.339988153038664,0.5541786173193108,3344.492906247981,4669.795315912176,473.0760358835535,152.0884751,433.2130196,98535,False,5.664335929051496,1.653348508880592,1.5
1.369883491128451,5396.122511392488,0.4859010190702951,2.825117887933337,1461.654708165182,3139.659760784189,72.42440472289624,127.1822913,808.0254551,3492,False,0.4848941037417946,1.7186965852395448,1.0552224294329187
2.250279610356127,4756.51888050428,1.549271091017783,3.0377127629324256,4002.5633175828793,5164.277394282924,820.6949226333631,8.87574719,969.4348404,65645,False,0.7407806613694381,0.9210424840557377,0.7522593689116372
1.998963114697012,1818.8567700086933,0.8797095886335865,1.488013366132109,3308.6401315079006,3216.0263266050715,316.3440389905445,114.6325089,148.7700161,15311,False,1.343376220145673,0.565560286119663,0.9163516291307997
1.2194234832539892,1755.287122548184,1.1974437526501056,3.2053882402763785,3320.7359036244998,754.1280996244875,129.22348518260017,26.55355986,462.499859,180295,True,0.3804291434973578,2.3275715638956362,1.231880328918224
0.7153101969936864,6755.876763869142,1.501892667353055,2.219025808584801,537.3485350860659,361.1257142783342,545.1406321424593,118.8920299,880.1667513,41022,True,0.32235311183548976,18.707825219984997,1.5
1.538087151738485,3770.5028284169966,0.3697387150490452,3.656170288882453,3403.92257050203,3204.5429139687085,162.59251260331587,91.8744553,817.1173607,167618,False,0.42068246540183774,1.1766117441600294,0.7647307999363496
0.2437666294775402,2336.9221325424523,0.2184182226807173,2.668378048164867,3916.762367128392,6833.172833324391,696.4870373320363,149.2440764,336.8836446,174353,True,0.09135382382993398,0.341996637462999,0.2696479036889273
3.508115211685789,2660.128549245016,0.6051159927985038,2.097390439699905,1256.685714365686,4594.145007877722,7.205129123027176,197.8666273,439.5690845,70259,False,1.6726087201861235,0.579025813095709,1.112192927237817
3.204735975829011,4756.638088812986,1.2749159346890055,1.3140482013692285,3132.5378170781087,7655.446323346485,536.3455444367323,56.3624167,404.7578997,185504,True,2.4388249484796325,0.6213404009751242,1.4052624729858612
3.558177317847594,5988.604902697852,0.2892815025785374,3.1660121274132287,3505.191075236208,6654.800490117126,707.1016869909525,21.5756402,516.7284902,124569,False,1.1238668870443946,0.899892477722132,0.9214821592634972
1.1059472182470227,5092.086868430481,1.119638691256747,2.804706028593898,2152.431185779911,7462.466952019313,199.7421041262564,89.01487536,104.3634376,59969,True,0.39431826817272764,0.6823597210531329,0.5290233629019285
2.0903409729624074,578.3479941532469,1.1490448527353694,0.5111300496003846,828.3112987886875,2171.244650907512,297.77544616430754,71.5731552,949.0670538,102400,False,4.089638018658209,0.26636703222050473,1.5
1.0541505652290604,1004.5798943953578,1.1803020146821788,0.5751304153724455,1429.0388108628667,1052.4256364291753,729.6330603302232,110.8824046,472.0589532,197720,True,1.8328864274374754,0.9545376496616964,1.3097955275964064
0.1211261307168811,870.3827607150624,1.940994868295552,3.0446926279784283,4055.5628346313288,5362.837196014425,975.1294770448668,129.8722924,327.5551115,179634,True,0.0397826991864875,0.16229893407907628,0.1558886821920844
1.3566792971673922,5747.414269584538,1.653986524091781,1.3252249608189135,929.0510441947756,6435.800189886698,990.939797558541,61.89866818,428.4620631,119070,False,1.023734319488461,0.8930380215537242,0.8935044185129348
1.6266563428688454,7427.323651193751,1.386143207020071,3.4019492351325664,1703.7868519511665,5218.382256824361,307.45435298608646,91.85853893,770.5334648,57274,True,0.4781540676492166,1.4233000351895144,0.9015947917894598
1.814176220975889,3516.9578559271413,0.1143892844420169,1.2832990824977173,2718.2827403083093,5405.570793775477,446.1004091113024,116.5520705,500.0549411,155070,True,1.4136804366480793,0.6506172963873318,0.9872241955224234
1.2463553386660775,6367.626207832223,0.2488574766325596,2.491223119976562,390.1766922717733,4250.590244481684,382.0337526599196,164.238569,452.5100641,88638,True,0.5002983588155864,1.498056937998415,0.981399150291065
0.7584904712503775,3960.220901510369,1.7617554628497292,2.6336628296931,1906.4214540790704,6636.425163631063,26.03928047945503,41.85220559,847.439793,8526,True,0.2879982109708983,0.5967400826903664,0.419063426926651
1.383241617354482,2009.5003438968895,0.3858635133737186,2.397537851542737,2564.5687886118853,2757.482835733994,17.326983567632404,165.8847693,208.3914792,8169,False,0.5769423158521129,0.7287444611176523,0.6705216167975141
0.7427841758536124,3912.14825864298,0.1624232991353577,3.804292750902101,2091.10659761158,2649.979847823005,278.8032240073549,153.6400647,437.9063583,19187,False,0.1952489015017513,1.476293587809949,0.8290328452890167
3.8326734020490254,4568.185409311232,0.2832726046738253,3.818406805745684,3094.012482528892,3959.314780802861,847.023454981734,43.28506733,311.1559928,55845,False,1.003736006479422,1.1537818185880953,0.9925308212598032
1.7478389988687448,7556.140158178105,0.4284499907352982,3.2838735516158786,761.8262514102377,3140.8451988389616,329.0512338250092,62.55139588,175.2126816,173736,True,0.5322490160315945,2.4057664983188367,1.3533902897663146
2.385868131963468,7694.923415215856,0.4159401627104946,0.9293807385426556,787.4819845717063,1701.101960605917,329.5993290373842,167.9627119,12.2377872,60071,True,2.5671562427132457,4.523493352480472,1.5
1.0782991590497768,3993.625093593994,0.646783964615808,2.9917788836322368,494.9182865900681,5248.158830644032,426.5271179709536,31.69300204,452.1108997,116129,False,0.36042061949445414,0.7609573608013223,0.5204704481090668
2.6292394685777105,5919.833314451991,0.7296344891672094,3.100310754197578,346.576008304358,6258.272505531672,684.545467895735,39.36362594,67.89965356,148662,True,0.8480564785195963,0.945921307880656,0.8269766060590421
2.986336037251452,5371.861813332641,1.637536745801316,1.4917438780473982,1373.231014580905,3633.2593466932335,781.7786766675993,26.93897944,350.8557038,102647,True,2.001908021404023,1.4785241842818766,1.5
1.9518179258469208,3293.622985788963,0.6613396746772908,3.863580043382478,3450.392347078419,4604.578441585218,269.61847135350325,191.4029303,441.3626781,43092,False,0.5051836376488037,0.7152930560001003,0.6449392644918228
1.2606758023530245,7652.835953635008,1.58150256724162,2.4710133779801757,3988.47407831004,2685.782714384016,710.4533737941082,117.605579,268.3803789,195868,False,0.5101855390188015,2.849387595578743,1.5
1.3666065430136447,4844.172296579879,0.3747934036768287,2.635049708952325,1673.7195809318823,3395.63180769922,152.11607754686273,24.7362776,882.1250098,42110,True,0.5186262785648617,1.4265893858602878,0.8877181973515067
3.8393275473495145,2286.698326584751,0.5482609315452864,3.894856156591652,309.67312315623406,7036.308843455072,263.3772756735433,66.04719529,145.5442998,167835,False,0.9857428380529542,0.3249854969607783,0.6228593840891996
1.637432925093658,751.938792597537,1.4086195396499686,3.174864617088741,3173.380479110377,1625.3036106186682,217.2188002585782,123.0348119,58.10103534,101498,False,0.5157487347748394,0.4626451250229291,0.5018096119937137
2.2808496701373917,1257.749459520891,0.702298426632679,1.6591895419322762,1542.4370663777606,5998.894926951645,515.3202573927446,91.40722946,932.1579723,99526,True,1.374676152312885,0.20966352547040795,0.7586675908705633
3.12320216158373,6013.33007066316,1.2983456463314418,0.6485780544254929,502.7463170913604,7159.239573398135,532.5435346409703,48.50554041,719.54888,13125,True,4.815453321029989,0.8399397740742166,1.5
3.016250128990438,7644.300171421221,0.3600074172022682,0.7509814249582845,3427.717882289805,6434.476725237404,417.4999799597538,106.3049095,50.1332373,97910,False,4.016405748986715,1.1880220407435165,1.5
2.302087837550885,3825.172604884284,0.5158013308015051,0.7121964051490861,1531.3696255287664,3303.0606092777625,407.5874797906929,24.41429342,865.3296539,75935,False,3.232373244983928,1.1580691534941636,1.5
3.612540669479076,635.904740399279,1.1426849399456689,1.804019068090051,1632.5668119228244,3875.675403875094,974.1744227236956,51.30792498,346.5219706,99165,True,2.0024947246311617,0.16407585103731695,1.000616963963015
3.946973445245237,4063.8675168512,0.9221249264213854,2.458404263610132,2988.5570708114333,5876.4806476333215,158.86824228281827,178.7407259,564.1191493,83953,True,1.6055015434880593,0.6915478429757653,1.1230643335007018
0.3620835869453307,120.87421008377989,1.787454196152776,3.6686906574303153,2445.1625884280697,6577.477196272986,997.504811060782,174.4496235,821.910015,63368,False,0.09869556254802486,0.018376986564680786,0.1399286834120861
3.7483894202530985,7574.242597702056,0.4726797916439863,0.9280303993755248,2881.1012774492638,3270.654006969476,149.4214730312865,120.324975,459.4153487,14807,False,4.039076073046021,2.315818970531946,1.5
1.91265363879508,7003.52149077733,0.1434473042853698,3.209861549612726,1682.9192434432262,7073.77657173774,821.4552358114997,3.988713065,882.178487,187811,False,0.5958677697977579,0.9900682356534736,0.7156660442757116
0.5927233481779619,370.3775671950816,0.7446648413668111,0.8066500495833535,1602.419784248839,6671.96208271851,706.5576136224612,83.37754501,735.8319283,182528,True,0.7347952357888975,0.055512540771013745,0.3973374161566741
3.6119043377975184,6121.851645246474,1.2939099885746956,1.3145923730359343,2367.921171274025,6975.120782523306,19.717660239359503,159.5798189,55.80866035,38092,False,2.7475449153194442,0.8776696254074291,1.5
2.4476629311026703,2400.13178905882,0.35540242791408,2.490299015027325,2422.138698694237,6339.19550018653,553.709345762257,142.5952909,559.4728602,1220,False,0.9828787360288447,0.3786177265884257,0.6839884026047534
1.1562366214611104,4591.307481681351,1.2885268322199148,1.500170363893147,3416.8439552042364,3528.840297223893,144.48112863994032,142.5123418,964.5509464,80589,False,0.7707363633848606,1.3010811183470703,1.003591376564278
2.8437738665715537,7113.442560227201,1.461183537544279,1.2334098240613045,2021.0130362707796,4374.739056173742,974.3980197990768,59.13962952,813.1899887,96868,True,2.3056177318176423,1.6260267109103352,1.5
0.9399585281078836,5899.129173226283,0.4083185731137704,0.610135831163465,2011.0983891306992,3627.661881502762,744.3056124430906,166.5973565,970.1944478,155417,False,1.5405700493698835,1.6261518753110507,1.5
0.9626073381051744,1677.9637503219392,0.4431675554507172,3.644032663030932,1452.7436299697367,2021.972772300003,263.8575440981759,110.7156403,691.5504822,1799,True,0.26415983690571176,0.8298646611266596,0.5476823145768261
1.5146959983219743,137.54289908580176,0.9720023866628495,3.012444499628288,3733.4610718093913,7832.304084313132,444.9052715943197,165.9274932,470.136411,26992,False,0.5028127474866768,0.017560975364033362,0.3171521095919788
2.8032417859021037,2885.1375741794545,1.862643939804374,2.0256719430090544,1519.2685509499847,1905.929769754416,869.0887491293147,21.80436132,368.0586137,179255,True,1.3838570513451212,1.5137690897379932,1.3148365969935105
2.0337964367873607,3900.657723547848,1.770151808685476,0.806395525571238,515.9161998032681,7893.237356409429,722.0659320952766,81.2220227,612.3880089,176958,False,2.5220798605830463,0.49417717305641107,1.3979365584340202
2.534433464738135,7847.379502698627,0.7255526359974539,1.9357459605310177,1832.056553069944,3597.428670661053,555.3198776710341,29.50492542,499.371469,165836,False,1.3092793202903363,2.1813857115547006,1.5
0.2895472606478066,7820.782023818878,0.4489923422615096,1.7020063567694204,2644.3310638228068,7624.203202468893,782.3765005321984,92.04933678,660.1667978,98453,True,0.17012103942805287,1.0257835232225374,0.5841929208433787
0.2927497205894469,2153.5462724380923,1.6364927994767768,0.9211680645700276,1803.7340364732215,1204.5317987965418,687.8435553349598,29.77816951,652.0530906,95859,True,0.3178023794427933,1.787870002935455,0.9624452798114558
1.9381099591057995,1491.6542817981044,0.3160716355400955,0.8164348926330524,1683.4530237348597,8059.548429647421,717.5546887243463,113.2424953,150.5784811,192384,True,2.373866676604925,0.1850791386929206,1.2081606422782456
1.6512573716931942,3947.8073297598776,0.4864118899281209,2.09404623633935,482.7826092832792,3327.879776602163,226.8806471049492,183.9461539,332.830005,144610,False,0.7885482920527588,1.186283037124734,0.980669555044664
1.601914913253446,6541.668579331819,1.1797692103785251,3.1626036522181784,2775.6239967861866,3406.9557049911105,683.3211443573018,85.58373928,647.1263872,25944,False,0.5065175984389638,1.920092053978963,1.1347766258462777
3.0937929125802683,775.7745990383855,1.286862110688715,3.5025498711495167,3091.6276983599805,4503.241242598628,916.2766892217352,156.0176967,399.6161223,44962,False,0.883297067307092,0.17227027313741,0.5530331335753909
2.23182610258984,5627.598646673642,1.955220790419968,1.8467647305642927,1028.8361800357177,5306.919587345342,457.8560410133935,2.268854818,366.7393726,98973,False,1.2085052617409624,1.0604265907914925,1.02215403709075
0.6739639605881687,3533.6467013901447,0.8120079231763009,0.7512074291938735,3204.9967410767995,3495.915706371958,295.153557773289,20.69185721,617.9506771,129586,True,0.8971730539703922,1.0107928786551181,0.8689331157788328
0.888771803701534,1307.7452340950083,1.7209829409806086,1.6928468253109616,4080.6653786710895,3691.7248409631816,702.9888964994876,39.88656842,969.6918832,22234,False,0.5250157695292395,0.35423691907644367,0.4156118469157262
3.7300932448146593,4152.2738154198005,1.295155030213292,1.866261804463628,772.3581178547129,3791.299678200825,949.2755977494484,87.66975631,495.7683471,163638,True,1.998696665814279,1.095211185282791,1.436104077563923
3.5913141010495564,960.4280669527244,1.0230544713946657,1.589191682746493,1213.4828313758894,7945.047333472084,967.8084419831806,47.06226637,771.6257983,67442,True,2.2598355379052806,0.12088386972669193,1.0948605924899324
2.8931682500891016,4582.58041351815,1.6649686426150094,3.397563883155283,203.21070813410552,2364.522331903333,667.4204804175819,15.14461698,499.4084314,26605,False,0.8515417216704472,1.9380575728761773,1.262893833618648
0.8019831814750957,4259.409416517604,1.0525718680508485,3.846830459185084,3207.426975833265,1600.5662823753955,325.11704807731365,191.0234668,879.0379012,28594,True,0.2084788974989272,2.6611890183860667,1.3868855365803148
1.670087303062541,2908.0199388746,0.9317661536149368,2.7434986915051027,2868.2020465741025,3656.601938948705,516.1082811881164,0.934410839,320.5176686,38435,False,0.6087433901427995,0.7952793294518117,0.6322775429229622
2.7211261776623443,6576.019025920584,1.7365559050147588,3.3486277338371155,3740.403523649381,1645.9211690416066,329.2194998548579,85.94369257,612.9035135,126532,False,0.812609098812895,3.9953426358531803,1.5
1.3685871804258842,5798.319251834658,0.5327720559600064,3.639655984041308,3260.11446124598,3355.1205361103584,67.60513715171935,157.4787513,870.8538001,95809,False,0.3760209235174321,1.728199981997826,1.025657942917678
3.609576897557298,4332.021066249443,1.834678530224667,1.8536332049643636,2117.0433754602877,2708.067699700916,677.9826243284873,40.74677268,189.0288488,102572,True,1.9472973081151643,1.599672366066848,1.5
0.9271242358191452,1674.3003903888302,1.1566230557574664,3.907435064850403,2115.640746949044,3067.459476122883,612.6529340290539,41.24402875,193.7180112,94757,False,0.23727176092762,0.5458264087515303,0.3730212087203486
2.3541862063348886,1388.0626598869558,0.366465878871303,1.6388611208632164,3819.513720409233,2257.943761922172,224.55731635711103,191.2313885,909.5107295,12993,False,1.4364760624859028,0.6147463380977041,1.0186890408416607
1.7797425502225417,4987.835781297534,1.4272000434060923,3.645690009435772,628.5434066515967,7875.595089200279,620.1464757627379,115.9735683,439.5743587,174682,False,0.4881770137996376,0.63332811351665,0.562678201464857
3.332839629517085,3824.3595498686127,1.0475564283237888,1.584266539459137,2618.7706077416383,2826.0379978393294,343.00916376865484,45.59425672,463.6591456,20135,False,2.103710103569315,1.3532583608002795,1.5
2.578540195689223,5960.475252226805,1.0753109220121926,1.8051122379187468,2878.728311894937,6208.467262589249,990.4407128079968,156.4178408,882.2701989,138345,False,1.4284645093302952,0.9600558397373148,1.1530621081896608
3.8653369769496457,1432.344966530136,1.4149224836865244,2.4769159037196684,981.6779432538076,3159.7795969037124,115.18872411124492,39.60916007,970.6591368,167949,False,1.5605436626254763,0.45330534049918997,0.9260414505231466
2.7201487224384127,6989.176485071443,0.7203545626912922,3.5917614992853597,2680.98021088285,3865.158401971875,731.7475100856991,138.6299662,728.895468,143496,True,0.7573297853016815,1.808250983891772,1.2238431957694438
0.4797419403124237,2876.113621714594,0.4697656896196438,2.8796470997417325,2244.34187503583,2446.076472466621,419.2495610497325,133.3302979,244.2825371,65889,False,0.16659741874552322,1.1758069107457287,0.6707633189648154
1.915174455755752,627.9558384753682,0.1306507660149017,1.0613519723483238,2385.2033149173794,2443.57479102655,978.9494094485134,24.77393233,873.5832849,62533,True,1.8044651549976665,0.25698245068021036,0.9400414028615287
1.9206569140381564,2038.8428814472063,0.3756703246849876,3.983849597902432,3122.4451007626767,2717.565904568388,95.20996344434984,173.7119318,713.8718757,136795,False,0.4821106783094266,0.7502459746310276,0.6414375945326867
1.719924718728572,7492.707724320011,1.2189001523234604,3.0644614619353736,677.576901879016,7382.964514108845,281.7080143244657,6.568243513,230.4919978,30381,True,0.5612484212459063,1.0148643825913808,0.7125356826141959
2.0702730821689266,3972.64230953608,0.8541360032662747,1.5031444880113929,3807.034742326804,2402.1692594504384,67.71430331726658,174.5703174,861.2388375,118764,True,1.3772938805197248,1.6537728522890005,1.4512864277096207
1.12523792319376,4544.7859634882925,1.432805064341275,1.2853330969371286,502.7226694042295,5222.338317197055,237.8909682092821,3.493396683,649.2805499,111537,True,0.8754439222262385,0.8702588163719965,0.7873133557377755
1.1362029102714235,4878.348372632873,1.8588592361096608,3.141808865915728,2794.8155948215026,7485.3476699181,873.2481706235586,156.2270634,894.6253996,20215,False,0.36163961498677766,0.6517196778429036,0.5341442209714987
3.630703209333624,4244.955261786899,0.8577300080743772,3.545566573380984,3697.727632331067,3465.2562011188734,212.95488039277376,148.7623108,700.5754164,55370,False,1.0240118497788087,1.2250047367901022,1.086456718648697
0.5319753495794535,2456.1935984058355,0.407097925905056,2.038764827,810.1867354026928,7660.400867509859,734.3589115390149,125.1658076,65.48224627,62354,True,0.26093008943662926,0.32063512609407696,0.3243024791929344
2.801558084200295,3657.879180403868,0.3121955181299878,1.823235041508027,1464.80154051709,2519.933043624505,958.069693874903,6.103689,718.3961955,135288,True,1.5365855108278152,1.4515779251384546,1.3477261332953194
1.1215207205152304,1422.5745204315635,0.2712315827689636,3.812712909648935,906.620693257398,6355.227949746971,158.85685087634116,89.21346875,65.12130932,180831,False,0.2941528651486198,0.22384319358117738,0.2777158150357332
1.8674038254019187,6175.949203263852,0.5058050718718698,2.939177714221568,2056.413132488424,4190.629082054331,373.4807210212213,51.80641209,15.78289222,78523,True,0.6353488531902677,1.4737522889433403,0.97500502307618
0.7238491910235836,1741.09691186469,0.923439115156216,3.970596065722277,1685.705023529856,764.2412589727508,415.7144070554742,136.4467909,68.35034322,164752,False,0.18230235378766915,2.278203236405699,1.1754675119515312
0.8548551093715795,3586.105071264021,1.9480567801275213,2.973403567123814,4045.8829302913455,7669.021421415848,130.9164224590046,121.6510235,676.5677893,144523,False,0.28750043597278935,0.4676092129280228,0.40063965453029415
0.2828116469407837,8153.222508655906,0.7853295067201552,2.6211848259535424,255.82999641518936,4335.896200508894,438.311768169508,74.95690678,403.8797142,159703,False,0.10789454305014856,1.8804007590907226,0.9322204590490155
2.5765089016620766,6322.313688567593,0.2260263951575302,3.0566205742370256,3708.574758076145,7817.18870787623,132.1575732141299,83.00777677,779.2706496,37896,True,0.84292701568895,0.8087707645318524,0.7847779886959086
0.5680847471492911,7119.995432431497,1.178691319395177,2.178682577533775,3341.730144097421,1800.3089646541707,656.4779598698552,190.2069192,909.2009823,17335,True,0.26074678902768955,3.95487417341408,1.5
2.456428262597216,7747.991955293866,1.4301712986931672,0.8431727062064406,3845.923534717333,2801.6076239654503,514.1217280452096,112.3372745,424.0812226,86499,False,2.9133122208578333,2.765552137369492,1.5
3.957927919163859,6723.965030091084,0.28418714929602,0.7469303614807974,502.2175099028751,714.8704757428287,633.9983176918086,41.38075504,461.4373736,55704,False,5.298917843424374,9.405850778350159,1.5
3.5623569881727075,2424.663196289802,1.57990166111148,2.5354365859105474,2933.5305176010725,2323.975240983832,246.5453368089078,15.60523677,141.6361671,24040,False,1.405026496399975,1.0433257431004381,1.10956302478455
0.7051626732274823,5797.27584754362,1.2875749694132597,2.8491844116372445,509.2185585640951,5842.7133269692895,714.214662128999,156.6576563,584.8869751,17379,True,0.24749623887140093,0.9922232226920739,0.6362216457401562
2.6107118520818866,673.7802849989994,0.4812619984283056,2.9498964495417868,3490.5539274634257,5843.714764655462,578.5168610303568,17.95386954,73.68128541,6131,True,0.8850178342597684,0.11529999529732772,0.45912214244345495
0.5013223536549285,5465.980903966931,0.2144626284717051,3.1250216435661384,2904.184848008023,6832.493333619647,798.5232791910838,30.56439263,766.709799,67114,True,0.1604219907612706,0.7999979855481574,0.4474749042969891
2.647303115585767,1216.141633129709,0.3319327284853673,3.884162111933181,1434.2027946097355,6955.434311514219,767.5637147557999,148.4926479,595.9608583,53031,True,0.6815633224703022,0.17484769152971893,0.4596493467339313
3.998829512471428,1354.0665221151976,1.7398463808990592,3.933557644290804,3669.2794941311954,3260.7859564784985,548.311203463551,121.175534,784.9481183,146966,False,1.0165933380134955,0.4152577138679383,0.7049354832707407
1.10009569191096,5552.75901478264,0.5902483180605785,3.9844844755183537,3147.55628569113,3121.437233304986,918.7278697308132,12.7134595,631.7941508,187461,True,0.2760947928334072,1.7789109945114783,0.9311108808490289
3.650191945244904,1890.474328284682,1.2707082216310377,3.262714981992513,1313.516280400189,8073.565208233895,753.2593595675351,55.55260276,777.8513524,152166,False,1.1187587167840956,0.23415607346832468,0.63659471584811
0.5988990175782463,6036.356904661085,0.927516924943948,2.103239249421045,2232.704625599533,6027.292782048809,687.3962430843135,141.8494345,739.9608453,25840,True,0.28475064498366465,1.001503846243834,0.6497564965341047
1.0523815241116583,5682.062601502172,1.3333755107387697,1.1941171112230586,2819.75154545718,4843.921545174918,508.3341087888935,20.14197839,389.70866,45331,False,0.8813043820546123,1.1730294447045917,0.934523661827522
3.370775266629254,6636.981199929596,1.2401151204808425,1.7818457739805575,1332.2733159765337,7286.511969145563,948.1125606965117,109.1557729,940.5162798,52643,True,1.891731273334524,0.9108584775709918,1.3157565548871513
2.453396025899638,4485.8044506795695,1.5448266865987583,1.3797161260343749,2804.9748105309773,4976.384346503119,667.3105015179735,21.0592001,773.3214671,46232,True,1.778187702106202,0.9014184069062721,1.216354911291051
3.928376134165192,2456.524874035329,0.1349986748945925,1.8569173279022635,182.0901927135622,836.8721383850412,42.92083894175747,173.8067326,6.484101694,140702,True,2.115535225829252,2.935364625521477,1.5
2.2957188250221323,2964.194439633025,0.3387458202332949,3.5389003291404477,4069.97917150615,7569.028562576382,145.82267715297004,77.70681095,365.9866232,145771,True,0.6487094754856395,0.3916215158570411,0.5070118058442524
2.58785645160617,5003.930346691589,1.7956875405875297,1.450809242772544,1786.1990209174255,1714.9942769850795,278.0419327914565,119.2585848,790.2180355,85020,True,1.783731859144236,2.9177533773294155,1.5
2.07761068295104,5496.304279430997,0.6954709915879848,1.7023943895130824,1659.325624679676,7062.707690903146,308.935178110611,31.34722257,679.0677358,146197,True,1.22040431720464,0.778214888566334,0.9150560677683534
3.56995732055965,971.6698632984052,0.5024298057554287,3.464210458830542,1294.5668305006034,6993.379214481588,52.64701708934416,46.85734237,713.5166591,69109,True,1.0305252329385244,0.1389413949049655,0.5496943546528629
2.298206156692941,6136.260503261398,1.551404017763789,3.419114542104259,1501.684777900603,7552.016974504338,79.19932164817934,193.6651037,27.5132394,121887,False,0.6721639349100598,0.812532668181881,0.7649695856704343
2.0079875566695766,6393.687039499176,0.2175143773905906,1.1166883248783612,339.3310701408641,2366.395062906597,996.9527817742534,187.8218946,180.1810986,186626,True,1.798161325566807,2.7018679750557233,1.5
0.1727803920924242,5855.511682627145,1.751139674537249,1.244051077673197,1669.7796247548329,1579.528451783596,829.6631214278962,11.47406286,896.4145579,170200,False,0.13888517626656166,3.707126435302892,1.5
1.9414585874923789,3947.0229796491103,0.8639775402004529,3.30214405784873,1240.4782745426694,3652.743622346381,95.65142564452944,195.9067934,986.1328165,40437,False,0.5879386136831898,1.0805639230801345,0.8488033734096351
2.87342307794491,2099.683120617361,0.3669456282159716,1.352270565337713,2314.487965417612,4748.45604683835,676.0114511353828,1.627668433,37.02604837,8792,False,2.1248861187340786,0.44218227976927454,1.155994811574669
0.6594772181432536,7608.982639128047,1.442236577382751,1.006052822495627,2480.1935169536137,360.3587358401546,148.71682249156316,34.62821786,666.8908325,144708,True,0.6555088837169247,21.115021952425106,1.5
2.1052507764154784,1435.674436502387,1.2963621457397292,0.6486798442643958,3108.056173422887,5705.657940796893,840.2636972887707,188.9238555,926.98693,4565,False,3.245433860164058,0.2516229418495858,1.5
2.413365358263987,6919.996710016164,1.8279453040279388,2.3048344992182983,2142.133419186757,4849.318222154438,145.22806537949327,146.5798992,146.6353948,67246,False,1.047087898065826,1.427004042954881,1.1866491568270476
0.7078308321713869,2121.17872615378,0.2372120109508851,3.121954054190296,2777.052857383325,5565.362957007561,477.4032337777433,10.54846076,427.5434661,79392,True,0.2267267849424464,0.3811393330783186,0.2788152668767672
3.3608469815045607,7762.542659476722,0.8139925738024163,1.498354264491398,2262.624287917767,3138.039762533128,557.7728952282474,57.6847241,421.9754656,154195,False,2.243024108601752,2.473691617832418,1.5
3.82451248720606,5767.498347410162,0.6598786241802439,1.1309478405905065,992.4301022097594,4716.381872509392,69.01051598064734,166.5732571,413.6741548,37038,False,3.381684785325173,1.222865005864898,1.5
1.802113111844187,4721.920327990684,1.0250624575943266,2.758237955689668,515.2545218181363,1551.0926778474427,382.81873889448457,152.4700092,495.4781372,67215,True,0.653356413564824,3.0442541521757174,1.5
0.3817272943544849,3398.3633730751308,1.034610181273762,1.0926064907185289,1779.5399147733087,8130.850459569206,714.537600028681,144.8410822,898.3906011,15861,True,0.3493727597487461,0.4179591531729174,0.41773752412783316
0.0152798309679824,5415.160407660229,0.3028893178916206,1.4561855493757951,311.40733400327656,2149.4430314833644,636.4825318381359,21.36658973,652.1257394,102330,False,0.01049304498419671,2.5193319040439093,1.1491071215119053
3.8828541507453447,3129.625002121491,1.6384108191181324,2.24374323500109,530.0881628465816,2285.976152883152,253.79400635601635,88.10255939,177.1754624,167873,True,1.730524402102122,1.3690540895648655,1.4388723200177396
0.7073178509341886,537.0509476106145,0.1345122928175743,2.0562646447235275,2712.0392839078354,604.5941461647326,403.8507262177875,74.86027067,949.5092419,35043,False,0.34398174805341847,0.8882834048743863,0.5919585620908213
3.9648099658493705,6479.452670883196,0.2541662537377454,2.4324048332341226,2512.8386715003257,4815.483699723185,704.3229577110894,14.5244728,488.960528,109107,False,1.6299952547711851,1.3455455513036245,1.3462573662659636
1.7676241679513067,2370.304674123525,1.1326062754860435,1.0968532858941895,583.9537539776801,276.16023219276235,646.8240632798629,190.790155,834.6076,95919,True,1.6115396463170903,8.58307746455671,1.5
0.684303691020129,4404.643325456696,1.0835453228126062,2.109155328135624,195.9294590402204,3594.533779228511,870.449404123303,173.5978015,299.3510885,146505,True,0.324444272760481,1.2253726337707933,0.7842376296127961
0.4804152894990583,401.8398712506632,0.3009539175721966,0.5854146782197409,3548.480498320648,859.6242169295838,512.9652657352867,195.9991214,641.2476693,98902,False,0.8206396025470473,0.46745992361464617,0.6776681938720657
1.388887142407239,7248.277777461038,1.6423693778771522,2.384546000130163,652.2018833005638,1125.7246504933964,676.3118709271496,33.63434769,65.64500205,195455,False,0.5824532468143531,6.4387661475169855,1.5
0.4409917636083396,2298.6471474546297,0.7962839717489362,2.41407460924274,3036.9116098886007,4727.658596784278,268.2207121741854,183.6771683,160.8863366,53887,True,0.182675207818645,0.4862125933822593,0.3928604419288382
2.5453191185808284,6010.081013238012,1.569441362662995,2.5633953325799994,2214.190650056232,2328.694802547192,749.7588921982563,131.2093596,210.0736767,141645,False,0.9929479441905198,2.580879643001366,1.5
1.2656202217251438,5309.591200319547,1.6167778174271237,3.3570987383500284,1227.4382736565212,3997.931234378581,312.8647896904272,41.63022236,272.741072,129021,True,0.376998099659434,1.3280846737267005,0.7881074241800645
0.2037963356584198,2068.2826103627576,0.6973828254701219,3.029001444041868,527.4369137028948,7402.45578402031,749.8685628250835,171.2115634,654.7581988,172579,False,0.06728166761941472,0.27940492593662725,0.24163557940025965
0.958390285566226,6651.670631189915,0.3993958949863073,0.7388982565098428,500.40241648117393,3387.257404866807,303.6547125688945,85.72081682,862.1542898,85864,True,1.2970513600096705,1.9637334380519975,1.5
2.4010097173513514,1779.2751241791357,0.4644072739300378,1.7677979114735736,2947.3972874848,4986.33758969177,850.8651401573832,172.6420226,799.8120494,81936,False,1.3581916482514158,0.3568300564928841,0.8581017830730073
1.720027732683003,5169.006389048942,1.8475480612946944,3.935916679547268,3238.8927175785507,5296.889158825579,966.3596494344328,38.54271459,744.2455807,5804,True,0.43700805573780455,0.9758570045704243,0.6550653237657561
0.3513712601579346,3909.283000941028,1.127306964880699,2.542745095661353,1143.8040958610843,5030.862979627434,632.3926517506972,93.52567974,88.62579239,39409,False,0.13818574365622807,0.7770601218905537,0.4586348582471829
2.28644985208672,2976.157505197108,0.9798182790986154,2.625264420799083,2845.7767959871408,2422.0805116688343,24.981352257315127,152.7483864,941.5385133,142337,False,0.8709404519527653,1.2287607656434796,1.0212583253802652
0.0869328737235686,4960.569900735512,0.1245739237930687,2.3216160116433584,3339.130796740225,3889.580453664629,962.6242477969646,193.7373992,849.9406327,99886,True,0.03744496757543704,1.275348320610385,0.6876492505085743
0.4554363337189753,7518.171614923087,0.780708728859826,3.72932296135602,2531.042758179733,5243.914600321639,529.8076489720328,73.17875447,386.4746875,194092,False,0.12212302777615866,1.4336945176468472,0.7367161760305675
0.98217559694335,2604.6410229360954,1.3450090922519853,1.6867353500958533,2010.4128800995957,4225.779684114754,784.1670464351321,95.4484406,943.4942006,103679,False,0.5822934905550208,0.6163693370269407,0.5871341055273442
0.6176841299941769,7303.842244787031,0.6959511458123282,0.6323702671900753,1613.4698098258882,5088.660843529457,552.1652189981191,151.4179214,284.5862654,55670,True,0.976774502641209,1.4353171625967163,1.161168632446869
3.9565778772187055,3350.573144390558,0.1594593533209971,2.535617574263458,294.9487182891765,2010.55766775368,246.0887407753245,47.65503462,846.4624156,188351,False,1.5603994691386125,1.6664894503958878,1.4759333290907217
1.9742815909780207,5659.9469941747375,1.1312170416013216,1.6748497354499725,962.060779894263,5776.578118267656,112.57721029279068,176.6025315,223.9812875,154790,False,1.1787806215743768,0.9798096515471854,1.059688375151449
0.2867861898829624,3438.8419446886364,1.073921748897961,3.5620612842277395,916.4772369003256,2471.682512010302,689.077996625716,128.8869693,697.3318534,47266,True,0.08051127886022859,1.3912959802027387,0.7267724323707456
3.140966589282375,2077.343510309771,1.3897403851902443,3.3634093754936085,618.102684536381,4112.367343428482,187.1538613526199,77.85401377,546.398746,80507,False,0.933863620142223,0.5051454153589167,0.686490545035115
3.013779210451544,4199.95267004008,1.1593212055559146,2.2025292817605227,1482.8364005242202,7876.042584067992,723.2095866276504,25.61110106,324.5123648,189459,False,1.3683258910940264,0.5332567243862639,0.8685208434924582
1.203030475038621,4005.733448591449,0.2622815211948817,2.916512694211421,3397.458999660239,2840.2397616250078,927.2275017413792,17.14170975,870.2924694,26160,True,0.41248922555253126,1.4103504574871764,0.8288507978035207
0.0114457294617191,789.8267490128374,1.7708068632216465,3.2592104949216707,1038.4849458096814,4807.809924006266,87.47194857314177,197.9502998,609.1013928,178353,True,0.0035118093684786103,0.16427994478417488,0.17450552305977218
3.8707840746649698,5498.437695045524,0.6691917234614506,2.1917969736644185,2302.3600389995736,4722.592278693557,368.4156999805844,127.3251805,608.5560781,175218,True,1.766031414014628,1.1642838020737014,1.3823199286157999
3.28846691790886,8081.0932575055795,1.7451022328539487,2.95949534707035,1202.0449351426937,6066.245730792962,627.6192068330145,114.7526691,371.7376564,67554,True,1.1111576201687707,1.3321407695624459,1.1568745714098387
1.7287564040842716,277.04114908367046,1.31104053611031,0.6225037035593064,1570.0565639885858,6841.86993479167,443.6779295984199,177.43817,943.2554421,40343,True,2.777097737896163,0.04049202216405684,1.3566560651925117
3.95353585649953,7912.759963998792,0.2363828622005812,3.0445763572771685,1897.282125881503,3606.595737230028,750.851546792057,39.99401599,845.9166669,25680,False,1.2985499767479263,2.1939691992987425,1.5
1.9579167116993657,5889.571013373316,0.2420893799958863,1.3792277203570085,1211.695553089596,990.402080125068,92.74545220344964,108.9606848,787.4292213,96461,False,1.4195736231424807,5.946646443516086,1.5
3.723589526946599,1913.00280833046,1.8009192525165325,2.700195056628573,1807.571917142224,3535.257388166583,600.211215358584,85.84598916,195.4268471,144197,True,1.379007097579359,0.5411212247777636,0.9069911841657697
0.5203586411334582,6014.724988755697,0.7965276955281714,0.7036686061788865,2756.25209147582,4037.0788981625456,453.8132788330032,83.62158007,112.6865576,126843,True,0.7394928480130672,1.4898705571504673,1.0450344962490372
