cpu_usage,memory_usage,cpu_request,cpu_limit,memory_request,memory_limit,network_bandwidth_usage,network_latency,disk_io,pod_lifetime_seconds,predicted_score,scaling_decision
-1.6235199138520664,0.3783857583219464,1.7099695967416793,0.2845814209737278,1.3071642028562207,-0.9124124409654414,-1.1834102498955394,-0.7337604042270234,0.9223777591382988,-1.0426472851540949,0.9136753854895532,Keep
-1.7349556583000036,-0.717160405364819,1.4890754751893225,-0.3262228679130004,1.3671048681642244,-0.5229438059046254,-0.4296863671983212,0.5739356002835179,-0.0894780442394197,-1.146810062274907,0.7138440815217477,Scale Down
-0.2524035638570792,0.4693327357212789,0.753843951353893,0.1333578852741279,-0.7080081210736182,-0.7515375890310185,-0.0146146929762882,0.8355744629008648,-1.0836334796929543,1.3535814693825845,1.1896707563199604,Scale Up
0.9540059979362128,0.8400081746921567,0.0691920973660419,0.4406738120915962,0.0312601770543313,-0.0922093240288317,1.3738226258768027,1.626500405625491,-0.8688397464094492,-0.2322383668332699,1.3307943093788763,Scale Up
-1.379175023515842,-0.624201940567725,1.414465526087536,-1.5161501292210902,-1.3714570892135347,1.2015479409390133,-0.0623403943014407,0.0430377540413105,-1.6080171818799829,0.5233790258333157,0.6244319767123421,Scale Down
-0.4100233952766859,1.184382354666133,-0.4892389063448665,0.8863255547058669,0.2781580951515885,0.0980568373180773,-0.7928755855031909,-0.6840947536420189,-0.2697174652263986,0.6493960714040804,0.9793153460642242,Keep
-1.5567511874754023,-0.6535718782639983,-0.6703209581698452,-1.4228704815766016,0.2190097987942884,1.447972311597515,-0.5013219189293818,-0.7720004337517178,0.9405523002625892,1.534649798156518,0.502424703714451,Scale Down
0.7653040831911487,-0.1132510243176632,0.6746602687537904,1.639140393145611,-1.1279620002424715,-0.1825141539522722,0.8967164122773545,0.889183417632556,-0.6818979582916931,-1.660264150659292,0.9372895145332011,Keep
-0.6335206042027094,0.6635866638387062,0.0741424811427768,-1.321879819956299,0.2304932041108728,0.1772297004244604,-0.4168820122128139,-0.8981524660834947,0.9281315675391644,-0.9098419089713006,1.1859767446417544,Scale Up
1.595506374296071,-0.7985678316642102,-0.9054706609485326,1.6405795113750317,-1.5854743380057,1.2457634623648497,-0.8470169666906803,-0.5763145462322152,-1.2375708672812344,1.1875271269367875,0.6162200241970286,Scale Down
1.236526946805013,1.6892550316591273,0.2127142173884336,-1.3389658526380237,0.0625335586039272,-0.4313734605427643,-0.7511607537316501,-0.983690496852876,0.089555710776078,-1.3293503504927755,1.8581259570234814,Scale Up
-0.9596771739786129,1.4350429294081268,-1.6038365544431008,1.0963098746162934,-1.0004762673575094,-1.645020056667715,0.4482736726134311,-1.33145539370269,1.1631751375872257,-0.8248146046216435,1.2461450518087103,Scale Up
0.1395668934688475,0.1292431104796357,-1.1912828113368563,-1.7189052064345796,0.8544751793147175,0.5131337849504226,1.498833491905397,0.8129983839788802,-0.0625257816972814,0.6836321163530157,1.234170294434633,Scale Up
1.6756615751576946,0.636939680580289,1.6742214269380695,1.2228165749255018,0.5630968270563226,-1.1039533063078848,0.5834951673633033,0.0618571427862618,0.042313791701695,1.038114584792421,1.4815040265049197,Scale Up
-1.0227360951197608,0.3793870483961822,1.0384004325887055,-1.1772210645314996,0.6727461773268609,0.8440342305127312,-1.1804609546993603,0.1934152878845958,-1.6485949404861642,-0.0259562386432261,0.8987412650621747,Keep
-0.1486705616230063,0.5699983489872054,-1.646794512630294,-0.82120337606421,1.3022725149226886,-1.729462388420142,-0.3806467873632305,1.0782630896754215,-0.6738165687656197,0.3939504977866077,1.5637593819285978,Scale Up
-0.7028123936803227,-0.6451562955857516,-1.5973163758853055,1.6328530555416845,1.069921050847522,1.6518713000104108,-1.4748139444213753,0.1547173640142025,0.0009172152662312,1.042184119725653,0.14268645360011534,Scale Down
-0.366911869477225,-0.6493474409605628,-0.8671678460293518,-0.8194131283502936,-0.5838150999744042,0.6679401384600463,0.1510365960594993,0.4157648845462762,-1.2016816113163724,-1.374704018535902,0.8094549876671957,Keep
0.2248887500099043,0.4346320320223567,1.5340173015674272,-1.0069388422110843,0.195691639588436,0.4935770191141561,-0.8181928095926161,-0.8141780599386834,1.7555348913225688,1.3323852533899203,1.1967500329298297,Scale Up
-1.4870547244234298,-1.47517363312168,0.7723998603994704,-1.1254334630524063,0.0135330213910607,0.1024070226169116,-0.1778495303945142,1.4503008910727937,-1.5672500643978742,-1.1065822765306597,0.6196324976367061,Scale Down
1.5088637410104,1.3701418056669572,-0.6958740837840931,1.7401451583943963,-0.6343814292697995,0.2204564532701417,0.19761361469143,-0.7262270263565382,1.4888268430325342,-1.6957297146731614,1.2482867182313067,Scale Up
1.3702064343785,1.0136754772609338,0.116528109474837,1.0229996398267984,-0.9510107630103012,-0.5796794411636915,-0.4751919469683233,1.3065863492287555,1.64044374045965,-0.4868700334640962,1.4657115003489392,Scale Up
0.543551135548256,-0.5141475379292801,-1.1988899726899669,-1.1668174868671388,1.6043637056437163,-0.757492573676435,-1.1367766475740035,-0.0303138253330031,1.325349939227929,1.1463295796765365,1.3340826800016965,Scale Up
0.6680411273899118,-0.033961382028969,-0.6564974605380204,-1.4259737395481633,0.1207040992874165,0.1071574464118869,1.3397569256159243,-0.1915404228640742,-0.0441193094157559,-0.3984485638084243,1.3274367363264088,Scale Up
0.1495140207327742,-0.1304894712425354,-0.2539879445085606,-0.9729373687033172,1.7674295046579669,1.692407645100934,-1.0695707499902922,1.489757576456697,-0.0141147000482495,1.5625304417416397,0.8387971196288201,Keep
-0.4034221968924103,-1.341319767402382,1.1302189979633246,-1.1620538877977944,-0.1163331704457941,1.0562376893086325,0.9553141320259402,0.081101129925243,-0.4718008371248471,-1.2439074340648308,0.6542452391446902,Scale Down
0.8803936761329723,1.4844171592210862,-1.247333676243771,-1.49165831746674,1.1816834878188696,0.9793306400118054,-0.3073507439959917,0.1158896969216697,-1.5746524344631383,-0.0233759803238577,1.482701126309151,Scale Up
1.3684004492697812,-0.245539454878606,1.6958657005606168,1.5463757509388107,-1.2092848266355505,0.570320689553489,1.088357983890171,0.5389647424867046,-0.0437998715721633,0.6334989094095824,0.8847278897558275,Keep
0.5157095118978023,-1.0298378716823615,1.6359948583839938,1.464037780278645,1.5424727353136534,0.9621975021094484,0.6245762928881807,0.8641993645502523,1.7529180058596283,-0.9271937132398048,0.5211810432979604,Scale Down
-1.5828073773956444,0.6703488714520004,-0.4104925836379464,-0.9700951447418784,0.8392460275377818,-1.3081474871420968,0.9607555175457586,0.9353751014121552,-0.2626171738682941,-0.0267181941200866,1.2675052027781275,Scale Up
0.979193650968654,-0.9134601852491652,-0.9004875097808402,-1.6143948931038083,-0.7048166301866666,0.0645307564388617,-1.0184041707380305,-0.2960727893104172,-0.6191163573886385,0.3945565987341103,1.2378980838483407,Scale Up
1.4118962031646365,-0.8882362171420399,1.005616986274175,-1.3275290735314509,-0.6474441210027697,0.6112781721788011,-0.7964105086672437,-1.142997195596983,0.1088009729858051,0.1396998088942116,1.1727554000096445,Scale Up
-1.6977906215923169,-1.728682187586804,0.9137300207511886,-0.3939300802262211,-0.1436884120320002,0.4718784803216527,-0.880079072805918,-0.905500786070786,0.1474640582109676,-1.5330349031935222,0.3109593636415675,Scale Down
-1.2856195050250192,-0.0555516283286463,-1.018917689071758,-1.7096769309054145,-1.2593160038583795,-1.5156405806028832,-0.1548629026973502,0.4787180593782641,0.6508338832275874,-0.6991265852795232,1.3438695174403277,Scale Up
-0.7334415252567993,-0.4975883983801041,-1.4063195793618728,1.4032531687295993,0.3968320671893313,1.688891078201161,0.8255881317278588,1.108203133701496,1.538320259600942,0.1176723687449725,0.24007469501977874,Scale Down
0.1619513176369487,1.6360849743434056,1.5266366320326068,1.057763454286991,0.7309981701516804,-0.6848498141689575,-1.5586481870626852,-1.5580769993262875,-0.093532809466283,-0.4712153118485992,1.3029464428701891,Scale Up
-0.3944141331876999,1.1825730406824757,-0.8982684676298313,-0.9339423321513974,1.1372293739878074,1.7002572872386572,-0.8206514023365399,1.4400638762526283,-0.099978024487152,1.6561470623759056,0.983801658600287,Keep
-0.1608062071249839,1.0016504068538548,-0.6657094749600495,-0.1210779446117931,1.6471011981419434,0.6424457720859346,1.106145685676471,-0.4024165662590302,0.8912965505796432,-0.9092704423636552,1.0612972142329045,Keep
0.582925478396143,0.4113425096339945,1.4254172574465724,-1.1315668183743657,1.003321427499316,0.1812430161480751,1.2849173482140246,-0.5319597965555871,-1.467559813563334,0.9001313748009612,1.3213475262600904,Scale Up
1.0762434903706584,-0.7232086711551238,-0.1584430510791736,-0.9011831745698295,1.6242884117001757,-0.5914904984765011,-0.1857591895956036,1.460265391308227,-0.9250984549511796,1.2479294156479086,1.3361236466982702,Scale Up
-1.6766308132686998,0.3891992873903677,-1.0670446897769317,0.1769078726283258,1.3142158849424015,-0.2610332502260256,-1.435767979290069,0.2684722688982266,0.9466325565667624,1.7181252135505334,0.7830742252550218,Scale Down
-0.8550129513069951,0.5384086487389346,-1.6797613839709906,-1.065648590349799,0.5799501990075346,-0.2361240099925972,1.0990682039347686,0.9822812162951872,-0.4516218640725001,-1.1419266203550285,1.1786964828152169,Scale Up
-0.347932592666453,0.1650517654593234,1.729587088276775,-0.4904712204025996,-1.475159728404097,-1.5522122036616186,0.9357846203059716,-1.470468964477294,-1.367152259198691,1.6079187441246237,1.3313728285481095,Scale Up
0.9805864206030206,-0.6528448866581672,0.6499188757597837,-0.7480600689831493,-0.870198702440212,-1.2223883843890797,1.1617217514012663,-0.3849697415444701,0.0110315521396629,1.5489018290077945,1.421370960481523,Scale Up
1.4992800475989894,-1.0793511806203646,0.384386470384513,-0.1354378616761793,-0.528174203571824,1.5040547551239396,0.0710650223887379,1.3913040858396315,0.0930554687804145,-0.6750557190787038,0.8369070341940072,Keep
0.2259235522007626,1.486561608498608,0.3441235871067372,-1.4514904110921567,0.3524681634392176,1.5712840692755057,0.903035509600457,1.3670927801352228,-1.0413187281655971,1.3775137982239745,1.2740722037908658,Scale Up
-0.9046086963937744,1.515060245125351,0.7914269005864915,1.2722346866404952,-1.2556589685115949,-0.8364484959261058,-0.3395040510901839,1.6943409591646603,-1.154137761882984,-1.4213045228138914,1.1403350613047663,Scale Up
-1.1337405961187346,1.679392942227458,0.9027278430955376,-0.3410804302747108,-0.5645007757809062,0.4451873914377202,-0.1270534430912613,0.3563299111573779,0.5783543865239975,-1.241985228202751,1.1153615949675042,Scale Up
-0.3023683895256938,0.3659299198526208,1.5374592720380362,-0.0865884504996326,-0.0017641886491115,1.2025664501678095,1.3344819210571857,-0.2917549528628878,-0.7241034529403587,-1.1618067314331153,0.8026805279884771,Keep
-0.1653570169131996,0.897462387036159,0.1066450764258694,-1.284514923291666,-1.2518430855496772,0.1218072405951506,0.3905574126717264,0.9250039639751384,1.326456901566044,-0.6502748489108098,1.3719180926644716,Scale Up
0.3059323843537157,-1.474806525880582,-1.1884500524977586,-1.1376173798832656,1.3911356594957789,0.8160255204651732,-0.5899554446916486,-0.9069303768012248,-1.371507409123273,-0.7471990490014474,0.7524768984281203,Scale Down
-0.0504275749133558,0.7046086048346009,0.7165501003497455,0.3053707954396647,1.2818501056685954,1.5528809659826053,-1.1239044956739814,-0.8534750801912769,-1.4450845790056142,-0.4476293264057819,0.7490799006575646,Scale Down
-1.6618705106122449,0.8598002233489761,-0.8657697895222533,-1.1861625999347,1.0762705986429582,0.5174228875103234,1.5320430305127266,0.3555760207962899,1.2413177295089033,-0.4924461621811206,0.9617907898084499,Keep
-1.648036244358882,-1.088252152256129,0.5814712093444663,0.7226233431823511,-1.476450146749225,-0.8235780817724652,1.4322715945141358,1.6542960077603206,-1.1420040805414005,1.4662296597684334,0.5614887237692534,Scale Down
-0.9617561543528844,-0.9127370186374928,1.4071450325499968,-1.5097205925401622,1.403769108575474,1.7468085792082335,1.4083034535921373,-1.0449867368945165,-1.293364221194603,0.6365467313170243,0.508754039378418,Scale Down
-0.5120855927909819,-1.467748970541,-1.0919822600181972,-1.1223570140043484,1.3299209799221017,1.6272458424899514,1.609815724851566,0.5631721811873021,-0.7418975511781524,-0.4860388093075211,0.4744305096720912,Scale Down
1.4076329198182873,1.1808780065149238,-1.2605975980092885,0.3197691162217636,1.525365854593404,1.0069048312180358,1.5508311202418843,0.4041229850061944,1.5946460378305247,1.2170702188350595,1.2601939626870677,Scale Up
0.5534727735744657,1.3341103036008657,0.8338818709348245,0.1859134604369486,0.6161407855722538,1.5658970260440033,-1.3794064790834497,-0.0041102739975369,0.4038599518332004,-0.0589108130174415,1.03725455371007,Keep
1.288664833127331,-0.4619166495182322,-1.1609891618511166,0.4299822050812542,0.7031772420116197,-0.7019370223721683,-0.4260523337073831,1.5424144951393446,0.0326215793418732,0.8242994876834157,1.2482405619701122,Scale Up
-0.3482767588870162,1.2939362374822874,-0.3864208325439259,-1.390887800375602,0.5233722959314864,-0.6022048696038471,-0.1385865000644734,-1.3891235416473566,-0.8464665872171236,-1.4382580321740368,1.5036145259210956,Scale Up
0.9119789713362888,0.8315611946803927,0.9371514530359556,1.2758155104675435,0.3094270060302381,-0.55187563375507,-1.321273884352841,-0.7370605695863858,1.4518180170795734,-1.6456138248996568,1.2590790527030948,Scale Up
-1.0737708348537047,0.2647046726859857,0.1019783108314719,-1.436355603048243,0.7371699544132602,1.6888236730210202,1.241177240834772,-1.4098541426060152,-0.3303070470949221,1.4685328433689435,0.7109461553159935,Scale Down
-0.0784418430825881,1.211368106164039,-1.640600667581582,0.9581203793544352,-0.3667654861188839,1.262350534226471,1.1071131928574895,-1.643368291403977,1.3649135800661978,1.5334549134314412,0.7946288149601466,Scale Down
-0.036220731326245,-0.0904788791306447,0.9913698407585196,-0.5224359290227062,0.7807581756826047,-0.2643008739291926,-1.2164521367132657,0.930920180625202,0.5915309419639803,-1.1884751731232317,1.148151780966097,Scale Up
1.43919052471356,0.6268350947257905,1.4884018812348472,-0.5230029697214159,-1.0753311514437571,0.5772319901647313,0.5183289897977039,1.1499777603183878,-0.581576792331883,-0.4652928397330019,1.4051995180594128,Scale Up
0.0882812804822537,1.6917300090692144,-0.2243236198977982,-1.6640853641624953,-0.6569418825314824,1.4335842250234034,1.2370662903712368,-0.2147075489886491,1.733850816548729,-0.6749864503989892,1.3531455217087696,Scale Up
1.0217059316185275,0.8602233164027714,-0.2628337984538479,1.0500943278761483,-0.4086240078338042,-1.5314010312147304,-0.2117629121229006,0.2417753790063603,0.1332167103201586,-1.6080875176642786,1.5218158978232457,Scale Up
-1.4282434481409765,-0.6315346848580595,1.2259311213895767,0.2215014222381888,-0.972927750063707,0.4542401426486462,1.7068891818878815,-1.4027268682252485,0.880597697601632,-0.2073189593059467,0.48466924105577447,Scale Down
-1.308848129303073,0.6463542750865656,0.0327998879120502,-1.0689801573401985,1.3311050563024287,-0.5924130553288075,-0.0320938618205451,1.5887878025794993,0.4589754528979045,1.5679333987593775,1.1981560573386378,Scale Up
0.8160163186327901,-1.6248535969225149,-1.1634305843680204,0.8612481182675518,0.7711230550934229,1.08078664090527,0.6252847570307335,-1.5634643565913358,-1.108951824925308,1.6624678293998618,0.43356829968954236,Scale Down
-1.65654234867336,-0.2988852128512113,-0.2530433000517514,-1.1481700371725825,1.1368914085115684,0.7729427792648202,0.7571961971077552,0.4111499017829797,1.5859870546426726,0.0376843608445517,0.6815730890874676,Scale Down
-0.5069383521203121,0.7517136681711761,-1.565342137398808,0.2069242543363788,-1.3907053460009722,0.3861856234730499,-0.5180890105685696,-0.5556410660265646,-0.1960980526860588,0.3015114447074897,0.9318302448752385,Keep
1.2707155576602598,-0.4594062582365965,-1.2016576952316589,-0.576933945028199,0.2017182511658469,-1.319790242319456,1.0590622920614117,-0.6039207968888236,-0.3255759478303371,0.1173087081764709,1.4898963929316633,Scale Up
0.8298406965204853,1.27825910334141,-1.3008284527481844,0.9444733176374248,-1.4204538942435283,-0.5636219834823281,0.4502656454004988,0.8273592634811407,-0.5405261840002801,-1.0593583541352392,1.3944269700030159,Scale Up
0.1348997590002556,-1.539779209619215,1.519463245942418,-0.4894598975156096,1.7446158571318815,1.160754688524955,-1.344210967445581,0.2412909134097063,-0.9197922689990994,-1.0064544000032225,0.5777382609761098,Scale Down
-1.2463290567900789,1.2813755526418409,0.9057127615878556,-0.8517634334420096,1.4287222672497446,-0.4328209946102062,0.4144471413175429,-1.3135113120168855,-1.5860825357330708,-0.3377865175483737,1.207910159750175,Scale Up
1.5221153215048229,1.0451089006987515,-0.0017990134337849,1.4691194767562958,-0.3409577963671308,0.3399837519406666,-0.020701957139917,1.3140070779597124,-1.4250550239169897,0.2935801808801693,1.2144659126868518,Scale Up
0.5070766143842816,-0.7381062015603325,-0.9138676207694244,-0.651067927573274,-1.2453904260403863,-0.8011661591126628,1.5016620867173696,-0.8109769325188183,-0.9712730141793218,1.4453624700044136,1.1923284397456595,Scale Up
-1.125225619231858,-0.8690991578853681,-1.4703266333314722,0.8705382693452947,0.6042405853761804,0.5945714568343847,-0.0975973344331673,-1.5305778541523258,-0.2412847089503359,-0.3440553330625439,0.3262636600752967,Scale Down
-0.5185766461198443,-1.707093606961316,-1.461553278298365,-0.1498199219214049,0.8486297364354541,0.841266939272257,1.379178749412301,-1.1272136897538958,-0.92665884188558,-0.2686736923631433,0.3918317656096727,Scale Down
1.2521678089463348,1.1381279215101252,0.8481933981467614,0.1963756758457623,-0.1777903032939113,-0.2617763367341226,-1.149769380111229,-1.2210459431717535,-0.8632008295734154,0.5947257659393417,1.4582216914818857,Scale Up
-1.051750435927461,-1.2916346632829736,1.0635824576486683,0.5236666683903107,-1.2151499378019306,0.1781893154994001,1.0586743068507751,-0.5362068372591297,1.227231271709528,1.049595868455114,0.4461231056587186,Scale Down
0.645173005002743,1.5439927497402512,-1.669210175529165,0.3599880012207114,-0.0833150047879423,1.4584642412897502,0.5624961927681236,1.1769015190190049,-1.5862223404608355,0.8490457235114524,1.0832463147544393,Keep
-0.0922088752239163,-1.009725127722328,-0.8983664574794502,1.1819913904777826,0.3928419355106245,-1.0924705248064004,0.3913762480297192,-1.3308512499262313,-1.656709983421633,-0.918067564687408,0.7796308882822032,Scale Down
-0.5205257951213141,-1.2720645841890463,1.6358365632599152,1.2499370055964012,1.480278584318497,-1.3173582099658057,-0.6998322668136903,1.4334487756082748,-0.3095814455407524,0.5019230522917221,0.7499864901663555,Scale Down
1.142973511609264,-0.977363063516747,0.8017544193537657,-0.9207518277042538,0.6952443202694267,-0.0162277669890645,0.4850290480774328,-1.2981951984929756,-0.1025384938430638,-0.6637995586250832,1.1595778681203956,Scale Up
0.1178366317295824,0.1666831767088091,-0.0715913625897933,-1.259269704777605,-0.6029749114255332,-0.0007136956173569,-1.420925816079546,0.1047141418785678,0.5564955449766609,-0.8935464520684436,1.2726874046550565,Scale Up
-0.0248596737538368,1.4356488913838743,1.1287153844844569,-1.4638685977826955,0.0289271155502474,0.4937256640451299,-1.1822070037083705,-0.3260384650894998,-1.6303365898973146,0.8605789586839313,1.3987434278280362,Scale Up
-0.0388923948604813,0.3890517149792929,0.0591005973761836,-0.0419988092737458,-0.5754904351323541,1.2854345639901634,1.2534210956389849,1.701054079500553,-0.4089648285912017,0.51910168486094,0.8611806967602522,Keep
-1.2198686286401408,0.799239266103403,-0.2167525888077138,-0.1444058110257546,0.1211501919038139,0.7990691286756127,0.6377007817633747,0.7270538305221241,0.8624671730245563,-1.271424417081451,0.8262874823489534,Keep
-1.4398359072155336,1.1892355545978008,1.4148291620174744,-0.7248235004862371,-1.5162771105449484,-0.0364835651241961,-0.0381784547997513,1.6804237500023051,1.2495262419916744,-1.5574174784530572,1.1586557931435288,Scale Up
-1.4455412195738704,1.0724632447448517,1.375850597910837,0.6183774569842762,-0.2543512097564825,-0.2031949144965258,0.0946580299499476,1.5718271943597617,0.4769568195709771,-1.461947920636426,0.9407890093610638,Keep
-0.6964272401634036,-1.259057864307324,0.5904033518084167,-1.500205727641622,0.7339794659924995,0.0168522507454909,0.0534282899500438,-0.8189131091296551,-0.6692596770101161,-1.4910754004564104,0.8484050925686378,Keep
-1.606648846775719,-0.4052882970177159,0.849384864615062,-0.9145417125716908,-0.0088304970123056,-1.5965619464164351,-1.6827192505187003,-0.0493759663168559,-1.5664487324669154,-1.577262955191287,1.0822407869560846,Keep
-1.3083874245030211,-0.9179030215726705,-0.9048729971153676,0.8311844965010967,-0.8578970050645714,-0.9737289480562452,-0.1624849352891197,-0.7084044518109448,0.9824549654189976,0.1979547685341803,0.6343584073469618,Scale Down
-1.5264042089129348,-0.21252958425763,1.0571977684299352,-1.689438543643695,0.464003380205058,-0.733729190463757,0.6416234197955507,-1.3886570800570197,0.2694682157451877,0.2597251136696643,1.070871700040055,Keep
-0.3248971671488359,-0.3791802094754616,-1.254072442560847,0.4679806280069122,0.7777068042594756,-0.9749606049673312,0.2281199475301977,1.3084246564705633,-1.378012376759786,1.424148936841821,0.9892212445136461,Keep
0.5840829783133724,0.4300333888065679,-0.2889768672741857,0.7377790563572275,-0.1018521625752676,1.3958707060795204,-0.3877321369689864,-0.4838722913750047,-1.4227605899661926,-1.1371470814547218,0.7895054994165539,Scale Down
0.1428371579234942,0.8887012584223459,-1.6665532598642057,1.673496918412775,0.7444664115430769,-1.2790268970813643,-0.3332297389970826,0.3212969044709426,0.1601894095075078,-0.6197100439867478,1.1964492431954665,Scale Up
0.4882514101799931,1.0385381034366337,1.6472288907850887,-0.3108371266178793,1.7371682292093964,-1.39097058165147,0.2411766573428561,0.5940272332823949,-0.8739870980879302,-0.285419395684145,1.6392080414826196,Scale Up
1.3420829058537391,-0.9266288333889348,-1.5665402497975762,-1.3043826300134906,0.0904302181731092,1.5019938641834447,0.7695862991418243,0.2627747967381024,1.4938169431945738,0.0099249374489305,0.9961052371367616,Keep
0.0639200232981649,0.4384844486863586,-1.1064628328313977,-0.0756157010707437,-0.6594831594674744,0.4377360706092273,0.4549823299019079,0.8433761938134736,0.3558703905650239,-0.3933053643396161,1.0498351336562528,Keep
-1.4085535001907308,-0.3248643558310212,-0.0222742883389826,-1.1512977606391903,-0.2810179528212041,1.7303202069064871,0.7327372246340803,0.7784931949420534,1.422190007819634,-1.4442324557994202,0.5532297100894452,Scale Down
-0.5321212005009358,0.0516922337046343,-0.7539494061864284,0.2406344665692552,-0.8892710515234188,-0.1711737499277258,-0.9951956617414214,0.5918391917399086,-1.641523340452448,-0.8078784124314267,0.9122556002700283,Keep
-0.1488787418253207,1.3000683751300524,0.4682564765946773,1.2526827370314393,-0.2905926199548269,-0.9357528309717634,-0.2393509599040417,-1.0157497746853672,-1.1440549038589964,0.7394626722029738,1.1938363516471293,Scale Up
-0.0122110280511296,1.144386906550114,1.4388222408570006,-0.776506111801012,-1.2877934020231845,1.4601410832510573,-1.668846852058294,1.4229942525701762,-0.8591740915135343,1.1707641064458574,1.0892288965916779,Keep
0.9269344685134724,1.672852942436552,0.1609936036247374,-0.7253257566384385,-1.1550107573017492,0.5711140193069179,0.4572358309462654,1.5303723202981256,-1.1250827421573055,0.4153545198184154,1.5384379522567497,Scale Up
0.2722181835730201,-0.2508197399964901,0.2476193798448842,-0.2956265497161777,0.8286549516662438,-1.4082680405887655,-0.0639962520993945,-0.3538860592539187,0.1380640214092849,-0.8830695642616122,1.3332885026936818,Scale Up
1.642414480881665,-0.9730337082416142,0.8825855401641427,-1.5146063723675232,-0.8564405847195418,-1.3461427532216892,-1.2894224837058224,-0.2989863191112543,-1.0849354952998234,-0.197985004714406,1.625829864224452,Scale Up
1.1465581639250022,0.8391198251701134,1.3784587259561372,0.0026579997553673,1.7035998558255037,-1.3257984068073818,1.0729482751494257,-1.6430402415893834,0.975931009996002,0.1368597930259134,1.6314286652286485,Scale Up
-0.4642238531882247,1.668476449577297,0.907504406005764,0.7869818048219541,0.7926323177266686,0.1669141557277701,-0.0391937257349839,1.557685267398779,0.7525121920847523,-0.7704560082156204,1.134210673569387,Scale Up
1.1716716223632104,-0.6975857749112366,-0.54073540265959,0.0302695774961843,-0.8219495549858641,1.6483092458668085,-0.8000128842462785,1.6361329126653257,-0.4790314105946723,-1.7169086134958966,0.7938805240509803,Scale Down
1.093479482595935,0.7938489930430185,1.1149771542181672,-1.3549609092678252,-1.357623751796542,0.5184891855694512,-0.1020232438344326,-0.6307754612239648,-1.7050494200840858,0.8007481365804556,1.4627383218547512,Scale Up
1.5178250082255156,-1.3106298874297253,1.4945786619104169,-0.7740048107363116,0.5256528824829237,0.2938755100869996,0.0950077188480591,-1.622096981401728,-0.0538882462820922,-0.0001190211096847,1.0748421625425264,Keep
0.983417415096583,1.3039212152205724,1.5561128315251878,-0.7394660668638435,-0.2228539183081432,0.3240370756598037,0.0293089012059016,-1.4901216146532912,0.5435959904105672,0.1751826900780094,1.4872398685723356,Scale Up
0.4710514485595773,-0.5635756866113191,-1.458887957444449,1.4962085211422622,-0.8870660004826136,1.3993032967804164,0.2229796691223962,0.5634766583037585,-0.5202133584469634,-1.0974561279782629,0.47798296071145874,Scale Down
0.1949588926416144,-0.8829657028971131,1.4463076017984002,0.7345982378329984,-1.386221099978114,-0.5699295231587272,-0.290876950982295,-0.6778144057105683,1.3120774164166755,1.3029287473412916,0.8742886491353634,Keep
1.1343321504653066,-1.0549215283238873,0.2195564240592968,-1.3084927263141402,1.5733770580402926,-1.0401121396690036,-0.3894680365325285,1.330211051604007,0.7545258442798407,-0.2448106322014676,1.4565892462134815,Scale Up
1.3399851376380876,0.899188451217819,1.477280023081185,0.2747801421401719,1.0223985631661636,-1.2671951926066456,0.7673161682254648,-0.6729018570899619,0.3864855873684615,0.9853838023596906,1.6380834555868078,Scale Up
0.4775158170209852,-0.4013326299826433,-0.8123296117844114,1.0964723516289805,-0.4398863830316986,1.4323074079705005,0.0888927639252105,1.597387348477191,0.0095149072430329,1.4272313930891205,0.5829939718569324,Scale Down
-1.3526812043623797,-1.3731635045376709,0.2704563415846344,-0.7423819823982155,0.9888089959921832,1.4746222041751846,1.063005498733072,-0.4879686595794884,-0.5744400964992689,1.459372060476689,0.284899480437499,Scale Down
1.024688330819386,-0.7249319184689149,1.1345835600023635,-0.0892293368784934,1.0339854389903438,-0.6308533878411463,1.033361866274493,1.673959311196529,-1.4419898192698648,0.3694640195075007,1.222078564131203,Scale Up
0.779493906947248,1.3319594957595944,-1.089342418929862,-0.9298303302392488,-0.3011504560263958,-1.063937817034012,0.8469380252389163,0.4287934135908612,-1.2380928210229216,0.9352505954162572,1.765655158983298,Scale Up
-1.1949278447554672,-0.1211332007689702,-1.36147160956188,-0.6549109894550387,1.041377013337871,0.4323078492094033,0.2417927786501579,0.4585533401792957,-1.2200209987184034,-1.0518427023862065,0.7676288447057501,Scale Down
-1.1894214448822007,1.3044127215971697,0.3259663319044752,-0.1122226105992437,1.5739870489002656,-0.2876973056227909,-1.7064074200752688,-1.45171720548517,1.5039389447815183,-0.3343404007325729,1.0930525397667397,Keep
0.0330814986977683,1.4171008206798648,1.3355427683142511,0.5281631186435665,0.1655891742707016,1.151144469530031,0.2378917905245899,0.8761318069253817,0.2835541436035506,-1.3030628865410894,1.0142385530547062,Keep
1.2200132551870169,-0.74836684743181,-0.2529236959817706,-1.4333234709652645,1.6330326027371678,0.8822113844948651,-1.402262105505535,1.2903691531481294,1.3267694953981055,-0.6967714501692271,1.1713314398235948,Scale Up
0.7375849587570945,-0.7534104218632995,1.00939527855704,-1.2866292486901485,-0.9024158903585884,-1.3306168477007394,-0.4224225720887167,-0.5429075855900319,0.6104017354888933,-0.7382807064881942,1.4743108353870347,Scale Up
-0.5457436909769285,1.2479035499321516,0.141331647685819,0.6903837835026558,0.3985365217905477,-0.2126696333953998,0.2377287200284146,1.2438285294456908,-1.6183110981332234,0.0528368845321179,1.0938037249581816,Keep
1.7340861458903964,-1.1959815390076027,1.2584145452301967,1.6791377473581677,1.3960611367181253,-0.4256714580822921,0.1506894857113003,0.3715800553844763,1.0214045130848892,0.8261351076958523,0.9335939304840947,Keep
-0.6949823093787132,-0.0660514006180444,-1.4248011174127018,0.6658573407892725,1.1548297668695984,-0.6118484769434293,1.4774786071201,-1.4172113847288232,1.322920992045708,-1.265882922704284,0.859123928633521,Keep
-1.6492355653764017,-0.0789824127522408,-1.1864399777249386,-0.831164422202414,0.154390803839646,-0.4472059925889365,0.3440010295267632,0.6801442131549819,1.0113976970033918,1.0619430106142391,0.9121162439782692,Keep
-0.8393545686579812,0.3915892209774674,-1.656330042660167,0.5150705842072199,0.0148474018300289,1.3465133408101622,0.2015807776054544,-0.5316544050448995,0.649965278818015,-0.1262053353601639,0.5632553371742274,Scale Down
-1.435794020566893,-0.6876692596427573,1.6599686727906042,0.9170219304855638,-1.3098472279923572,0.8754902313598071,-0.0939061062825112,1.30377048268109,0.2289385394289996,-1.0406038591025144,0.33080449150117197,Scale Down
1.0312040895300991,-1.132579132491356,-0.345709816293379,1.251539325357588,1.4763787524865764,1.5288848827858994,-1.0855598111585945,-1.4048147375185824,-1.4053710735693383,0.4076483792001675,0.4250764340887695,Scale Down
0.1758390912503251,1.2958002411034484,-1.2228619848836142,-0.155106605774605,0.3931922753294749,-0.1718560415721974,-1.7032040826241726,-0.513732243716938,1.7611731651635072,-1.4232440458459,1.3540731440007123,Scale Up
0.2798761195950422,-0.2490753045954972,0.7148225865114556,0.5345079647304379,-1.2618737353917746,-0.8379162077067575,-1.4729106250120465,-1.5027735993170606,1.5994920791809857,-0.2111460538601777,1.0857746441036655,Keep
0.7215937638671659,0.3175704608095305,1.118717020730383,-0.1540452008209945,-1.6217509223965667,1.219729046171666,0.6536268109770539,0.1454890319485346,1.3390084194918574,0.3758886895510288,1.015916501473042,Keep
0.8426746259373361,-0.2705640393606327,-0.6879199397488455,0.3994347997783637,-0.6175315754468673,-1.356282050015785,0.7916264696648198,0.9638423190604196,-1.4644144967837214,1.2560165340045868,1.3211338788112759,Scale Up
-1.1310559700005498,-1.2313433885773164,0.0484949434761779,0.9947983784260652,0.2001024515773403,-0.8682717639986065,-0.2091519749173586,-1.0900219430628797,-0.0921597001528056,0.0061671115744141,0.5445265622007907,Scale Down
-0.7580310428969421,0.641240849990897,-0.7628434889013911,0.8674071783658501,-0.7045084870366864,-1.5398939681642412,-0.6468556579226067,-1.242309860525325,1.567801548332243,-0.1534625608278544,1.147169637657161,Scale Up
-0.8261391902245017,0.3864728838207421,-0.2483856157106167,0.8502349139884715,1.6742742133551494,0.4313625382878589,-1.3472453763922283,-0.1599125389669479,0.9581379500892993,-1.4448385567469226,0.7085820768006175,Scale Down
0.1816679368079677,-1.129430243569172,1.6313403524461514,0.640992468674003,0.8606251304664875,-0.760912384484846,-0.5580807489462106,1.514142649734328,0.0122200335372801,1.4730526247203204,0.8987934565660821,Keep
0.9597907839067588,-0.6288726882307455,-0.2488013338149059,-1.318417532310871,1.3728215925636404,-0.5308322514866521,1.4040587403898424,-1.3220857667511632,0.9943696733676928,-1.359741983717551,1.3638048828250273,Scale Up
1.4482616093626155,-0.3866277021540702,0.9601720494642796,-0.8294639871444256,-1.4889140493711026,1.519423687499003,0.6869509320199187,-0.8027723624591928,0.4448341758804189,0.8686314427007521,1.031276423882783,Keep
0.1332315587097599,1.5933789275898271,0.8199436632318486,0.5814151640152764,1.6597492949361756,0.7483286252618928,0.8704632672941327,-1.666602780047172,-0.6529151380828695,0.6619337024324209,1.06363000464014,Keep
-0.8243672505810417,-1.5693739743181598,0.6771286059294853,-1.154212705799715,-1.6396599408660184,-0.0437199057314709,-0.1348735341088567,-0.5655010318124594,0.7084186670514542,1.6734295979646954,0.7329610074251218,Scale Down
1.151266534400246,-0.3379853614273344,0.055754514169251,-1.2251003388987152,-1.319838187015416,1.4933129980787507,0.4636354598805434,-1.3271124079749264,-0.2221538094243102,1.3489577850116354,1.0274913672776624,Keep
-0.6961012972810922,1.468878079697676,-1.112873591909755,0.4832475033804354,-1.1994692676960323,1.0773776228993142,-1.0287390358445767,0.6423136983022476,-1.5310833189888386,-1.6269285985466466,0.8780377291783132,Keep
1.590554596224418,1.5899049493287454,-1.1499728876917537,1.2097082892064048,-0.7777458678551809,0.4556801555401864,0.0645695047959479,-0.9549853563359214,1.2778252570543798,-0.1397300450744373,1.327966332656663,Scale Up
0.943433923259186,-1.157482896245568,0.6482195441853981,0.171404061266867,-0.6574498797173677,1.0233423681772784,0.939213516023938,-0.4376680385434447,-1.007287393456794,-0.8508596281943287,0.7226147932393019,Scale Down
-0.136613490777611,0.5673862264321042,-0.7453113058588371,1.4569427858597557,-1.0293826289796868,0.7153022078757109,-0.8130712756682523,-0.6028994383056037,0.3576446270693083,1.1550920676604317,0.7050160388474307,Scale Down
0.8977540403486252,-0.5355449271152648,0.5527329344848627,-1.294050244238124,0.546166286190493,-0.1467365875054561,0.505682720266304,0.0537729847602547,-0.5252700333319493,1.2114767729481066,1.2988878052164323,Scale Up
-1.151754147751321,-1.7520822208597486,1.6467887321928427,-0.0731035362440914,-0.7923256330532359,1.1159980503226932,-1.0619324616026355,-0.5976556765959474,0.1900098866306479,-1.0342657749086297,0.2413890542460836,Scale Down
1.093447297798087,1.5558380371893683,-1.6254584335131297,-0.3074383543081012,0.3418302538257378,-0.8756455780524043,-0.5209687960908205,-0.4152931447503399,0.1858116677848422,-1.6647146633309544,1.731988683915779,Scale Up
0.0159058308970524,-0.636721015644757,-0.9373079005029012,-1.4063794236462674,0.8067248223696072,-0.8184659999560453,-0.044330397706752,-1.670645853648742,-1.516543975048576,0.3181186106690622,1.214113412717003,Scale Up
-1.1215267404105649,0.617475773283503,1.7239917089198924,1.2507539389807143,0.3425712772722098,0.8746861024501912,-1.1562786704445087,0.9442331880662213,-0.5762866272032025,1.6807028093347272,0.5587566022556266,Scale Down
-0.4435254659650591,0.9451475421496268,0.8260085594079771,0.4892818860429941,1.7357009933593488,-1.520711608174476,1.3075458855723627,0.8286371423155425,-0.8956834137925735,-1.695348736934731,1.3525334600181462,Scale Up
0.5802459888754847,-1.526006074994372,-1.6664457210074806,1.4679763139941506,-0.9021691620211384,1.280752209172355,-0.5766952871717838,-1.667049487214464,-0.0753813038179296,0.5765081031744049,0.2862837791591868,Scale Down
0.4316138658132802,-1.2986407291988256,-0.3811229135540726,-0.1987823629886677,-1.5441214307769242,-0.4676090967347686,-1.1460332911409647,0.1571387566261643,0.7630610307740848,-1.2254300137509646,0.9758244909693488,Keep
-1.061404532309398,0.6126765166881831,-1.3049041830872194,-1.5561078120743583,0.7661360876140418,-0.3477650941525846,-0.4208068105532768,0.9534841994472608,-1.0317665354069565,1.3580492992241753,1.2353955030341783,Scale Up
-0.1953767596137063,0.4327668185454478,-1.4458231231564478,-0.8430394877212813,-1.660800714241069,1.5433004378478747,1.62004254397871,0.6855748689298551,1.5904550155836703,0.4382997699738727,0.9093289606806371,Keep
1.6777619200862472,0.1481257156961283,-0.7574655496429934,0.7188800702640501,0.4992925357465619,-0.6840398632391924,1.115764383246765,-1.4752974672347177,1.5942269965137263,-0.5531947942908144,1.3587567592645056,Scale Up
0.0964151803629721,-0.5084650851608085,-1.5446915798679246,-1.6198020594370564,0.054813782385053,0.1659987973347257,0.9451011747577516,1.183830827048631,-0.7890087772598828,1.620664181192108,1.1507980860871017,Scale Up
-0.1134372911005071,0.6762508013426055,-0.9333136474527756,-0.995289495759087,0.4425739265624029,-0.6770094686601795,0.7808446325305729,1.4494591789746372,-1.5497911108193585,-1.1344629201157814,1.4264869996847729,Scale Up
1.3775161419141728,0.4602514890688048,1.5736954888764538,-0.0302849490735793,-1.1292846374013497,1.2668488869101235,0.6404325464992151,-0.4761209683787743,0.1279763444550226,-1.538039565302901,1.1254346012026546,Scale Up
0.3660327556281412,-1.095735774125628,0.8946412254567727,1.532616546735679,-1.445764314423805,0.4402699796323902,1.6527940985881031,0.2963239210954136,1.642576767873831,1.0868451009716338,0.5614647525940822,Scale Down
0.267986954365404,0.7050438165982353,-1.489345715087052,-0.5165864694321626,-1.4233325293353978,1.482014607494016,-0.6831558175692741,-0.9213779241293676,0.5103759250865918,-0.5172789838588004,0.9680889205228405,Keep
-0.0557533015332238,0.259275972281256,1.6002091405051453,0.46443038261861,1.5204835125467815,-1.0557423112117332,0.4846091516936099,-0.1454036336881571,-1.1982101627609307,0.5902406189278221,1.1735041952092073,Scale Up
-0.4649727849230295,-1.388023308625954,1.623216309362706,0.5207977795233107,0.8333439423609512,-0.0845339456318891,-0.7950527374245617,-0.765392849606769,-0.6404914221448379,-0.1527525568607799,0.566499979880086,Scale Down
1.6253743306251112,0.4786309539045255,-0.2529361241354647,-1.6795501151120753,1.043777266364256,-1.1637637851292015,-0.1179157990886485,0.463534266333947,1.4379385023055118,1.7132071372907978,1.9136692600061627,Scale Up
-0.5528519577257304,0.2286447563012033,0.2131604855822543,-1.00682112378094,1.215845710888974,1.1912268658323577,1.4813781120416825,0.0349908543992906,0.7852212441225993,-0.4426766158061889,0.879660968435511,Keep
1.3232135766494917,0.3030825698304248,1.4041644411948415,-0.8666911669792413,0.7175623360028086,-1.2396157599982929,0.9628037609577385,0.1474577994158559,-0.2734807554771414,-0.6510887558974563,1.7120959400881015,Scale Up
1.1884629290772282,0.3099072873652985,1.0203852768765105,0.6956697912022352,-1.371141011625315,1.2992732111205845,1.5056278103369545,1.663785982438688,-1.1332720757215358,1.3825530946732107,0.9563250509791664,Keep
-0.7583936515453115,-1.428795779515437,0.97240570236845,-0.2627103411420663,-0.3392054312820932,0.2102846430988361,0.8960684416917647,-0.6652135146728796,-1.1182623373785514,-0.5898032915199743,0.5725744346951307,Scale Down
0.8480313351125985,-0.2548711010235815,-0.3125242770549593,-0.169630347469009,1.4305926000533549,-1.512545059655215,-0.3970453020717215,1.438972483634042,-0.2733383825845705,0.3593161579293135,1.4616353939934559,Scale Up
0.812741256110571,1.4736515759494322,-1.7003201604493243,1.2031381586906944,-0.1966027887631065,1.003444696855411,-1.558799741678522,-0.921653204249417,-0.4802837142016166,1.6370981754543938,1.018506244530557,Keep
0.3802447862699314,-0.5902778582630832,-1.2151946509249258,0.2126757907696388,-0.4803208431590236,-0.7074721828725846,1.5943060244268406,-0.6164433278828956,-0.5045348663425016,0.1112996502112304,1.0515038767864928,Keep
0.5348864860787125,0.0886076597491274,0.1551259252898692,0.5346876896728253,-1.4286669005586112,-1.5110218883380455,-0.2429567189070172,1.6966067706415116,1.0346199746742553,-0.1657231171373365,1.392470696016204,Scale Up
-0.5344799219434204,0.2245425291258651,1.1966059648777962,1.1598671320145644,1.6110079630308691,-0.8385784647453197,-1.484958371405979,0.5100501525602482,-1.480296288392388,1.4161657215047148,0.9231294190932224,Keep
1.310893579149979,1.464333186096532,0.0503761176622826,-1.0429472409173506,-0.964860265500849,0.4146037172904237,0.9679903874975566,-0.1615393673530115,1.7021924810296802,-1.4302748168369306,1.6503034367829996,Scale Up
-0.6042160616584089,1.316606842599905,0.8853479889948763,-1.3564124514193932,-1.529114288233292,-0.4881587695363045,1.0549504710559838,-0.1307460738363515,0.6471448518444745,0.4863549165258684,1.4794091640542177,Scale Up
0.5208038126766814,1.2020540572907763,0.6657263288172597,-0.2858698102515389,1.2697111262908487,-0.5936761258668327,-0.613712328197476,0.4460614477538828,-1.0653787496611031,0.5458220780608424,1.5006925439053242,Scale Up
0.9762884865697904,1.2619127791037783,-0.5928705379181871,-1.401733086107821,1.4504141630725638,1.4276848064408858,-1.7305525762228973,-1.162335378237563,1.0626525933360282,-0.5268553788293423,1.3534268559822407,Scale Up
0.8666419931998782,-1.2460495063773425,0.7419456581682179,-1.2728365844358536,0.4668919497411849,-0.6023253499962847,-1.192701011859889,-1.458375210786128,0.869525421689071,1.5310478268113594,1.2192449730216286,Scale Up
0.9043130533201093,-0.2049265238551191,-0.7451917621533055,1.1721652476983384,0.2668800759150643,0.0861870495264147,0.3437677751506545,1.682178355267441,-0.4184924115958042,-0.1070525454190803,0.9611272702451578,Keep
0.2078399066026407,0.0686318284411072,0.6459965008020548,1.0084637432861372,-0.6475980952129556,2.087548009496111e-05,0.1654780974853942,0.2353083180659408,1.7539158861995854,1.5713968327451069,0.9208589901970733,Keep
0.0094922447736933,-0.0747050367058383,0.3372390060877098,-1.589064412402001,0.0659981302166832,0.0998817909689331,1.289339568273584,-0.5010104831046288,-0.0726076568573375,-1.416317177874441,1.226940428708159,Scale Up
0.8517626774380379,-1.2462259303209486,-1.393983959616996,0.1139199299773052,0.3278381634647295,0.4569370211514993,-0.6403666627338093,-0.5273583783956999,-0.5053076351594676,-0.8616655422298044,0.7926275244504503,Scale Down
-0.048372846755283,0.2517217839170305,-0.8047134108240162,-1.197174024344322,-0.6146713706783928,0.9393087264407746,0.0434765829936126,-1.1548132071126276,-1.2787936778251274,0.712707644663214,1.011227864558748,Keep
-0.7510073649752841,0.0633977781276025,-1.5597900592476173,1.0269375469579078,-0.8597826881961463,-0.3187238552058723,-1.329900424857101,-1.372954184822818,-0.2809169647844492,0.5712263663461676,0.7389573620174625,Scale Down
0.7218851967814172,-0.6643894238167741,1.6742980507195298,-0.5616004518076356,-0.5829278854328803,-1.2961733253435122,-1.4807609538147406,1.395479062373793,-0.2231620084223709,1.1752665706273056,1.390321128118279,Scale Up
0.9745202862465778,0.2383426763576176,1.50818975023992,-1.2000987022827383,-0.2044981849143669,-1.6099814138376427,0.8319381414361703,-1.32919133484344,0.6813150918651556,-1.4717840731558975,1.7470172187600452,Scale Up
1.7335172326561965,1.1483450396921713,-1.671407061342351,-0.0696655923335862,-1.4150234795057577,-1.6988123280737266,0.1628784630637104,-0.1136942388872609,-0.6320959189158787,-0.9322156925191124,1.9027109269692706,Scale Up
0.1206301799934448,1.2031211043337386,1.5446896953084104,-0.5034832879808898,-1.6254102584178154,0.5842042708982922,-1.1235862677106732,0.0247734067215767,-0.2318064535617769,0.0897917251598507,1.2428208097400848,Scale Up
0.8849365321994688,-0.4435251208909404,-1.056518856107669,1.0782020956688376,0.9664165251617914,-1.247526614924305,0.280080424622293,-0.4377998560890157,1.5713012763065886,0.3803392022226911,1.1587975237913601,Scale Up
0.0024965625281902,-1.2233447109578173,-0.7338134494244599,0.8417305077545078,0.7198358245040177,-0.0902097936544719,-0.2529867378836694,0.3208142425590362,0.8798898087562537,1.5915886528819094,0.6513865719053795,Scale Down
1.3572457256625254,1.3645427668765138,0.0343099400896666,-0.1414681618601074,0.1167725247337042,-0.0267508195971572,-1.1851201074305968,-0.7761349762819097,-0.5479267388762582,0.970750793769984,1.5328245984166353,Scale Up
0.3140632705017444,-0.3332369049626096,1.250122462632912,0.7122830211008774,0.0138433429372882,-0.5602612571900638,1.1358924658143223,0.7821119384842375,-1.330047967905245,1.2789271498201868,1.0084657354355653,Keep
1.6901386958041824,-0.0333224430955409,-0.6317092323530901,-0.6365757609805786,0.0876097656181227,0.585878696118301,-0.7821979147855379,-0.5332551952040994,1.2664224064111986,-1.7174973972734706,1.3069922259408933,Scale Up
1.690240568119446,-0.7552669206427467,-0.1690106116037475,1.208539859904743,0.4917277358700339,-0.5797995679004823,0.4061649946982495,1.3580832235092797,-0.2322628528936136,1.6681305439665297,1.1175353086133686,Scale Up
0.5768416402320727,0.9523509551544592,-0.9510371749811742,1.5416619983967308,-1.4715741599854244,0.5668021067611835,-0.8902920325644605,-0.520977072262477,-0.8885626020585781,0.2779600936045296,0.926780987356186,Keep
-1.7114479481889078,-0.7991696375911317,1.1956411263818418,1.4207071197546624,0.4936663520361233,1.5736883676256264,1.1520331833967383,0.2475190901466955,-0.1293437065865477,1.6913009173310591,-0.0064066477270183775,Scale Down
-0.9232932514239498,-1.451286569332014,0.7647348473295152,-1.386838478408416,-0.1167622571195788,1.4033324607719888,-0.5874648544527389,-0.8736535269958605,-1.7511472359292148,-0.9696900482447048,0.46434106657794993,Scale Down
0.1388066151306178,1.412066771761418,0.5559160415308724,-0.9014743559722408,1.529136812006296,1.3835999739011255,0.5021417141308226,1.3446339888659646,-0.8185596815156606,1.560642870219417,1.1895572181002245,Scale Up
0.5824037679231087,-0.1080892499585635,1.3101215457117097,-0.1911078248224622,-0.9353053255200362,-0.5650381744713635,-1.4819532409163998,1.1546561505959354,0.3467073734141795,0.7043088172478202,1.2709374681138534,Scale Up
-0.5137878340639707,-0.1011017673691581,0.1981835975927901,1.6807818502359906,-0.1360577793667875,-1.552484210067713,0.2026534327899206,-1.2826458423957847,1.4642873206632754,1.0333177287221855,0.9190367245721547,Keep
0.9733165955277188,0.7894270557288051,0.4566617976064122,-1.593682646793967,-1.4141284976390631,1.300185252663526,0.0954784231128854,-0.8779314705448451,0.7903529226189852,-1.4916122327241983,1.3454369547051153,Scale Up
1.1520539966688843,1.7158963372068927,1.0274832616852114,0.2398465225245299,0.5951935223586459,-0.7601971658374691,1.0148236323266455,-1.382463190008737,-0.0413617352127828,-1.4602681551533472,1.6609822339310192,Scale Up
1.0554498615222854,-0.4574184460657398,1.1586102283847182,0.886691562512384,1.55648848081502,-1.2079435645688548,0.2524470359004392,-0.1798607876255282,0.1308221174473157,-0.809333054705433,1.2197053014432517,Scale Up
0.2605864304105572,-0.6918880628690893,-1.3990174436904523,1.7331692764143083,0.5939330237417386,-1.5291302423882387,1.0289772398488348,-0.0166008140892469,0.7134558542389359,0.9415367281003564,0.9439202874967538,Keep
-0.044414814323724,-0.3694964018544286,-0.700122887081933,1.609419165211361,1.201806297955704,0.169229368287868,-0.8251631943130063,1.5790927683748808,-0.1924622609435445,-0.972668601472432,0.6620811488651469,Scale Down
-1.286323717597223,-0.5127278391350367,0.5175496408992175,-1.3896539425287593,1.4990714728063244,-1.27057477206157,-0.4475236220403517,0.5185301892983549,-0.3161353970382388,1.6821055000989475,1.1329678068994318,Scale Up
1.1663137034529698,-0.3949542238163734,-0.7203406868467999,-0.7611622835921598,-1.585616069422165,0.4408749346810903,1.0767305964651366,0.126786733121566,-0.1560685682605208,0.8622760413369387,1.1845699199717619,Scale Up
0.4029906159946113,-0.0484663161732757,0.781519103444081,0.3675079756936943,-0.3208889611592528,0.9426780462275464,0.6649971414408717,1.416671195825489,0.7672775929981018,-0.0611274107683083,0.8713358723379157,Keep
1.0898745971762502,-1.25573880192839,-0.1529385421882711,-0.5732707224917365,1.639312121806584,-1.3148137101903772,-1.2509436575078026,1.1463453266542178,0.7226517047684524,0.0849256004099009,1.3373673906258055,Scale Up
0.721482789285546,0.5831394938837441,0.4393663347874987,-1.1950900341443174,1.041929682275552,1.431021045361094,-0.3839015639468587,1.165168200688954,1.587922666311065,1.0855463132269851,1.1925251909174999,Scale Up
0.5614006552085726,1.1685747439483527,0.6582551444468399,-1.0594940354001765,1.6497034185651251,1.0824464106319354,0.7381403786355829,-0.8143009997100976,0.908833086886479,1.1941596030194594,1.2806977138129971,Scale Up
1.689032143286147,-0.0412792713818965,-0.2265443044090065,0.209444576755509,0.7919433236605056,0.7323041598394487,-1.2129591265343664,1.361374704014818,0.2412289967532894,-0.2650717210179847,1.162931041361772,Scale Up
-0.0022974564003865,-0.5867405615142484,1.0001871331179033,0.5474717484938583,0.6346789114149981,-0.8288098135230721,-0.1342284423423141,-1.4431800813510465,0.2602106687763926,-1.6230841868224868,0.9548511663741057,Keep
-0.4155464222365312,-1.0858152678676392,-0.3156194736708211,-0.1846941398320149,-1.0972869434881232,1.0644916362303911,-0.2769447454655874,-0.314664133670581,-0.6765347079380789,1.5074445241986134,0.5164221655552595,Scale Down
0.4596227082215089,1.5515231355631265,0.7564616953808734,0.7912619296517905,-0.471541475894441,1.551916598755877,-1.2036045063425975,1.4149618494640093,-0.565046304875773,1.0607827602290198,0.9883744267282596,Keep
-0.5821022959434519,0.660906403864547,1.034271026662951,1.6014374844641517,-1.0580121127069158,-1.7310772347256207,-0.2564808934736033,0.7378929631113711,0.3410383711202707,-0.6568207391438384,1.150395899815091,Scale Up
-1.651291754631778,-0.0116901772594231,0.3048360165160732,0.2695483401760263,1.2912340123898662,1.6257841852953827,-0.9801940524525298,0.352524452714849,-0.6445507763075764,-0.4941778791739852,0.3262726196154886,Scale Down
1.2734680834391272,0.2245672731196703,-1.5471474044025415,0.3924254362261468,-0.8827517595929176,0.4744589712865428,-1.7412235865439194,1.698748358274718,-1.1514836727944873,-1.1797126851393362,1.155979814682679,Scale Up
0.4238891289699368,-0.0857860198510615,-0.483174980804886,-1.4757424940860515,-0.0439096179634918,1.5429836413052884,-0.0968327657403393,0.7206252229713159,-1.3737311246363575,-0.2807437598034103,0.9981826055710654,Keep
-1.6232530530545193,1.229998743672972,-0.8229419877115244,1.440676201830474,-0.5439256816349101,-0.4407281411617145,0.3702470414496153,0.4122766631291777,-1.466131267226514,-1.572725856669981,0.8044513561564186,Keep
-1.44231610349047,1.54463135648132,-0.0054586269050898,-1.5325533441071344,-0.4011536932923274,0.4845904106350056,-1.5104048898385654,-0.3867055350138746,1.5584001213186367,-1.6211966153002644,1.197785216195439,Scale Up
-1.015104183794678,0.879582914288763,-0.7044954985145788,0.396078758058847,0.536343379756593,-1.5700748831394082,-0.8988068895048783,1.141010443272538,-1.5625070872474085,1.433275085394218,1.2335679212914252,Scale Up
0.2450433472935566,0.3370832081160047,0.3145777576340695,0.9148327729660772,0.5264569409281188,-1.6046309612348295,1.4580661095538403,-0.1137883224538006,-0.9752472287255592,-0.8130735634100208,1.2909310017424216,Scale Up
0.951738015483786,-0.3202391241891629,-0.4716949544103784,0.0596085613630328,1.4569446993530146,-1.4890412446880057,-0.2904106663686422,-0.3068275615522678,1.3469785337705689,-1.433045564025514,1.4142481890861742,Scale Up
0.3051435362217689,1.446500907673028,1.1551561294030033,-0.6647943787096054,1.214695543017364,-1.1772038576914536,-0.2486298111711497,0.3650607374499109,-0.3489746827865276,0.69675853115893,1.6920177731346717,Scale Up
1.5683442228269422,1.5443362461010248,1.0369786883572945,0.6103531282113753,1.2014183091588335,-0.1190284337954192,-0.413761261684814,-1.3446722803934812,-0.6918242547824375,-0.8323822078804622,1.5063927118688176,Scale Up
0.8629296676159933,1.0351925525065937,-0.8834488803970504,-0.3699730923224499,-0.2560957703179543,-0.8723062785998872,0.6835160205045863,-0.7631437310689136,0.8081201047994532,-1.4687362512484556,1.6023279159886745,Scale Up
-1.686310460730842,-0.4388989717270222,-1.0398529594680672,-1.18108176602645,-1.547069677977606,-0.2873356737662394,0.9892577040885376,-0.3088748286811291,-0.2234418543729101,0.8259446188266372,0.8378461636926919,Keep
-0.2824533362535745,0.3154418243390366,-1.2145272686870638,1.704593319218647,-1.0920659526623333,0.7246578156243328,1.1766766894378142,-0.5223884120760838,-0.9740282750131278,-0.1354873384419188,0.5843300879239481,Scale Down
1.2279030935373234,-0.6582006806253903,-0.3508684918074027,0.1473837120148532,0.021160457943711,0.5093091570447561,-0.5347717245998788,1.690470657481699,0.2061078302262517,0.2796052247477512,1.0163307848017988,Keep
-0.1681796115443697,-0.250189689899931,-0.7045110006048418,0.5351179810001698,-1.1927937666324264,1.282979678611803,-1.4492586153826097,-1.5016157803764902,-0.8043654132232642,0.8444047219705749,0.5441844324060411,Scale Down
0.8039956808003269,1.7150887316109864,-1.0329721401906395,1.4864463997930148,-0.2395108789647146,-1.6748501632815371,0.6504642432479879,-0.2673558245996831,-1.4755218273050443,-0.941324523901581,1.5775799881186883,Scale Up
-0.7958540852604671,1.1556134143030723,-0.4839981238163901,0.0216113232195612,1.5831645921918789,1.453928210927359,1.7031347936737484,1.3551946696698756,-0.2052777018589375,-0.8591891869300079,0.8154612905607747,Keep
-0.4043285185934243,0.1356378887425995,-1.5349133291546777,-1.0179446858046397,-1.152385689739359,-0.3393935331130097,-0.5949529490812596,-0.5135639783278851,-1.1002167132379337,0.2365720574750632,1.160444571294534,Scale Up
-1.2079970925356678,-0.1212250087440957,1.6330932465180843,0.1030645324959598,0.9715383219050092,0.9528542134869792,0.2509385951289642,0.5083553904256811,-1.2718666199445232,-0.8089001254572169,0.5595836257429871,Scale Down
0.9131821625648838,0.3709509590779599,0.9756002091535853,-1.0001317416458944,-1.6880278568614155,0.5001186784157904,1.211180029056129,0.5415575470492913,1.4537107713583923,0.6841343142809464,1.3475539161090375,Scale Up
-1.1458692111132651,0.067656554008501,0.1758877652377861,1.6946359554169577,-1.707177537055729,-0.6694896877478079,-1.1995980711961556,1.2389369983088938,1.0846046250104355,1.4554410629028862,0.7035624142272942,Scale Down
1.5708582147747652,0.0700074092573807,-0.1628899060679433,-1.0255589888813958,-0.1079787214712691,0.0455811704931417,1.1207516965242708,-0.2286027688439156,-0.993220204665932,-1.438794864441825,1.4664666968157585,Scale Up
1.1326320728089736,1.0478431780870427,-0.887294629802838,-0.4435183156365382,-0.929692871735665,-1.1575543845725238,1.7101384062972638,-0.545331077801084,-1.6638139823530502,0.6234376336810384,1.7020648231962137,Scale Up
-0.4722021032174899,0.5686767310390715,-1.5865105065878768,-1.0623227222567495,0.8620524305071768,1.4909934669138398,1.1447451276474705,1.224835496926661,0.6153402165699507,-0.195924261492897,0.9217716661936787,Keep
-1.440511488979894,-1.6876132071993726,1.4098481328918069,-1.3514257139080872,-0.6053196758739082,0.7610707299457788,0.7792729785525723,-1.5255176934506611,0.346732444923487,1.4006149029087898,0.445497742122694,Scale Down
1.5042421552404652,-0.819392024439491,0.4927583715145351,-1.3377571314837395,-1.2393736902859218,1.368373693079512,-0.6853154274552037,1.3726186924735226,0.8276240930438962,-0.5676373140113061,1.11376998122327,Scale Up
-1.2433309512524495,0.0580444945239743,0.6944032878513977,0.243827422895522,0.2996415035115346,-1.7512841045208856,-1.1699948445110742,-1.3426498184864,-1.5961109208024054,-0.1423103033938057,1.0556670261638652,Keep
1.2676139628087917,1.2302522694545113,-1.4121414097065013,0.5519107618960784,-1.5680519493396872,-1.2281084718884754,1.267426505877759,-1.0294294916968867,0.9071210845349535,-1.4783299633889262,1.6410949740141485,Scale Up
0.166842387879848,0.5974037040970683,-1.3511292357094251,-1.5036817282955977,-0.1053598617499182,-0.5716639185015546,-0.971925078419692,0.2839468850450974,-0.6390531940330229,0.0772714113014389,1.4986488225787735,Scale Up
-1.6602587475195554,0.7159677872246171,-0.5474431176846419,-1.371086783538331,1.187466920130731,1.3090793879072868,-0.7435540836805138,-1.3274855636980671,1.7633828146289403,1.3788818546483377,0.7647947569460928,Scale Down
-1.1762029889274213,1.1732666991053655,-1.355589417555722,-0.8523822997985947,0.01583977754058,-1.1247107325180947,-0.3194262914752365,-1.4890843934450548,0.3481869560028562,0.3440250968823182,1.3385304283736796,Scale Up
0.7075083358369685,-1.127541616015897,1.6057594568832094,1.1766968653937655,-0.9119049604154164,0.1069025751500152,-0.2842508110999803,1.2982056939727704,0.2045846221868277,-1.1742058251020264,0.7583816467877648,Scale Down
0.7074917326173307,-0.2376116632358312,-0.5596681222003361,-0.0453804317690519,-1.3030507652085948,0.5632359631779906,0.3903841840199475,0.9737480697243884,0.556452588311471,0.3936561058978207,1.0150432721409381,Keep
0.224136488782097,0.0908022612310318,1.103694247804495,1.7094840875212078,-0.4173240461974203,0.8099994952313012,-0.5663135641829514,0.4361004861106427,0.9186908213754796,1.712947379741868,0.6526407884562774,Scale Down
0.2846545397633086,1.2000577812252164,-1.4723328116526346,-0.7331929634227055,0.6652378577024406,-1.3050637753543992,1.1527976293869122,-0.3035636160396309,0.4095020970698829,0.2897011348161524,1.6602717422745574,Scale Up
-0.399387287098416,1.192771239967742,0.8578724925827472,-1.2486313472019197,-0.7605997912949248,1.5058227679850946,0.2759533709662151,1.1406215454566029,0.6542360596603284,-1.67680204794115,1.1102207670572761,Scale Up
-1.475446266829008,1.21626198333822,0.3332835878546191,0.0682188259866915,0.4838552168456195,-1.1539090468744349,1.153097913313694,-0.4959520829299552,1.197678344138964,1.136337572627707,1.185459345304724,Scale Up
-0.4722588973624334,-1.150783336732197,-0.6529074292090272,0.023189484905255,0.5264972091613441,0.1699677165371974,-0.1337700342944705,0.0563000227471278,1.592303261530015,0.7264574775865598,0.660276495781384,Scale Down
1.4309856781832613,-1.5139080836763492,0.6218461184494586,-0.1671723061434975,-1.5968215707543358,-1.721869433151607,-1.2817143109836222,-0.2129962715324691,-0.3779093249980111,1.249436009431701,1.3438935221110033,Scale Up
1.299850264734691,0.5773450931324609,1.1207071389796843,0.6415241361848505,-0.8796686584556758,1.2866550162287929,0.8605046967321857,1.5948937809643913,1.5164134891285412,-0.3660135045320684,1.068065262623266,Keep
0.1659763118354013,-1.278090827624046,1.5653872519455132,0.8466269211457368,-1.2507308923263576,-0.1070156277934276,-0.7655965661831036,-0.1390427906936888,-1.3720822499181384,-0.5684685381678811,0.6765184541248173,Scale Down
-0.13778034164074,-0.4461293559700567,-0.4764670509361031,-0.0413041218790007,-0.7444776107501839,1.6008287949741946,-0.9798723294545414,0.2136742199514315,0.9567565270612156,0.6271954595555549,0.5901487547932396,Scale Down
1.6741801910393936,1.1329553547122413,-0.9725557342361753,-1.1929082800256543,0.0691996813065647,-0.9350527901363578,-1.2018710883535946,0.8641255544690567,1.6468428877082912,-0.8464610670324524,1.9482918310384783,Scale Up
-0.1927258963043694,0.5770453008927784,1.5666888677521702,-0.4690039289160356,1.702232303925675,-0.0951556767478729,1.4374320088393038,-1.5936889602914204,0.4434291658844512,-1.2733639401134595,1.1617016303691436,Scale Up
0.1193410088755101,-0.2229895432202088,1.1986777274353673,0.2380542352162153,1.093730475947746,1.1738463354533704,-1.3580662656089066,0.0436149314412134,-1.4835588258629129,0.023640136032419,0.7032828369885107,Scale Down
1.5897250666163036,0.1736210165577163,-1.386681908231033,1.5644131341651706,0.8855313861649725,-0.1164307237877125,1.196641236921694,-0.9676939840943356,-0.6524746786701048,-0.7518227333723961,1.086672323698304,Keep
0.7422285489424638,-0.7314054141556376,1.2345284204565792,0.9563396320620272,1.435615911750506,-1.398929802021234,-0.8859811318075048,0.4884722128323468,0.2553700522554316,1.5510491580789467,1.1358212820673521,Scale Up
-1.5601902390191356,-0.016546857175448,1.0123511935052514,0.8739239724430835,-0.440388591261542,0.1213886898686708,1.0896153365064294,0.1682680262643766,1.276463920910439,1.0730086821986446,0.5677766476092305,Scale Down
0.2170415262219513,0.9395793396838792,-1.5646737715551005,-0.3652171155021626,-0.6042304179389971,1.66991594350743,1.7037303227104428,0.6276995463849543,0.2408645368877335,-0.7246174594144916,0.9735856191556386,Keep
-0.941109818146708,-1.4348540745741856,-0.5283212654314527,0.7133496992377074,1.0066250536889838,-1.505624091020887,-1.314630148013881,0.7542372493297077,-0.6294005389434418,-0.0737862619861493,0.7349566684563678,Scale Down
-1.6000588481713955,1.3329434965487077,0.4840196035491864,1.123250348042078,0.940845264821216,-0.6068346204319829,1.1643119091475314,-0.6038784572377561,0.2413644867719882,-0.7584205751152107,0.9065294015768299,Keep
0.5642557535053833,0.4527635187096546,0.2502426412818213,-0.0809901515641816,-1.664206581685065,1.3295244182825183,0.3056959926361206,1.231915970588602,0.2006470081932745,-0.8617694452493764,0.9910738275339074,Keep
1.2328247307347044,1.127108705227113,-1.5681050977778452,0.1899857911874726,-0.3181442383771107,1.656785778661632,-0.1224218878309017,-0.4348913919084225,0.3261903131874177,-1.142272963753601,1.09356290831236,Keep
-1.099806240714721,1.05895820274841,1.3957458398980638,0.6972314662302536,-1.5282303370039998,1.6116829880192411,1.2715483002373411,0.1800324835179594,-1.7269365609195817,-0.1599738167210257,0.5845956996431343,Scale Down
-1.5496144709023998,0.2131978408000443,-0.89773801536278,-0.937843349511154,-0.2137316559198042,0.3972093359760734,-0.2017438862648846,-0.6020843057116785,1.1742843528614246,0.2790857096498917,0.8189537493878466,Keep
0.5431429494767077,1.3994686696439596,0.8588535769601002,0.2359307420644271,-1.5685714762588996,0.1481338662718976,1.3849329862955255,-1.443101957041633,0.6732231229500001,1.5754490505084104,1.3033952747047406,Scale Up
-0.783433302961515,1.6900033207286644,0.3518250128082302,0.7343493281026469,-1.157121733363626,-0.4927981382927684,1.4782835986263427,-1.557599278943178,0.9635111103398492,1.550010127883228,1.1548072822980429,Scale Up
0.5603869606837929,1.5481406547406027,0.9335471225302778,1.1393423676415215,0.7634392499471441,0.422155671222129,-0.0016778310158423,0.3686089326744524,0.7697183564517286,-1.5797219933211546,1.1779039930074164,Scale Up
-0.023543899266949,-0.9081292889940829,0.3774317763479069,-0.7486977866200232,0.763246392741308,0.2322937675290921,-0.39834583504407,1.2429950396740022,1.3260361252223702,1.39280485927097,0.9252418276542953,Keep
0.431241564238041,-0.414112721336955,0.365006249167007,0.5426701789105152,-1.165877007228579,1.3774619354819255,0.1872038093155742,1.2666736015545383,1.696873034186994,-1.402931005519597,0.7018791517534808,Scale Down
0.7499218953401252,0.0452620169058925,1.0575904562864054,-0.567263560716597,-0.9688051048548444,-0.1417429772218912,-0.5702822022329709,0.6786268689489474,-0.7966050753878138,-1.275944198432828,1.29816776051369,Scale Up
-1.2099589971469569,0.3881034020588526,0.8443501656248698,1.1343860135732846,-0.5567188570376126,-0.9576526346768576,-1.0649774923392514,0.0530711708528944,-0.4820885622185548,0.7523812809697444,0.8660596004201623,Keep
0.8450585939181049,-1.0385557833329393,1.4763547819202398,-1.2058532322303437,-0.288579614906698,-1.7293064661827022,-1.1864041871190685,1.2587413571140067,-0.5639637392554098,-0.1474015513528279,1.5266697950670263,Scale Up
-0.6247652440429422,-1.5731286846097228,-1.3031929229194212,-1.5686680443553087,-1.4894257348077609,0.7870832445217568,-0.2137790018986852,1.5628350710604724,0.5477343771495772,0.7741489635700538,0.7023329515860971,Scale Down
0.3161009281430556,-1.38327193635644,-0.3082138511170655,-0.7797350812717397,0.1599673920650405,-1.6854596658872467,0.1697863910888546,-0.619860108424913,1.0490658292827515,0.7117552003171385,1.2456568205768785,Scale Up
-0.4708866887110209,-1.0277869721148631,-1.1338155927068894,-1.5780397197020413,-0.6551125048521836,-0.9033739359539492,0.8433882371730875,-1.428259773463353,-1.3550910292725904,-0.3125207666224776,1.10526228231804,Scale Up
1.136808155112909,-1.5673264542664933,0.5548172844051494,-0.6548000770039066,-0.7143267548517203,-1.40624795382385,-0.3321079561868199,-0.8674910365370844,-0.2135511070318809,-1.4846507304128822,1.2911208611127163,Scale Up
-1.358173007185967,-1.4685017085210434,0.4123162048771465,-0.4738670926425006,0.1711912584470245,0.9380190057198952,-0.9342210360549992,0.1667299646155126,1.1202215213247968,1.4972620282805689,0.3572935333138013,Scale Down
-0.5442682090420653,1.518276061841343,-0.4509733706226794,1.2302569541441568,-0.570002322590959,-1.25082942610029,0.2017452244459955,-0.6489717178110035,-0.220496544679979,-1.6373881691835492,1.2512561818849515,Scale Up
0.6220037295213381,-1.0125535182662946,-1.386548371562876,0.7881399037434487,-0.0249109444654527,0.7497674743288708,1.0953973400608523,-1.6407355744272862,-0.6294927211227066,-0.3759708772410404,0.6098694823184461,Scale Down
-1.5212349355201846,1.6772762381259734,-1.5429991957055982,-0.999912318151978,1.558779021139056,1.0440118279583304,-0.5665789074458832,-0.8370912478839413,1.087394570836812,0.9950987346896616,0.9725668282911953,Keep
0.9716412110855694,-0.9417977015021524,-1.6665726451502587,0.1482162313075742,0.918796737117366,1.3744043068773866,-1.5770254135754709,0.6041539671374868,0.9463156292303936,-1.0287762320412486,0.7169816106633984,Scale Down
0.6301724284355056,0.9418837072267268,0.0407678134985639,-0.4838882946237932,-0.6149497024807428,1.5905062539937604,-1.5044201998295377,-0.6789652138368475,-0.0228580434860205,-0.1609782125768872,1.0590312533962916,Keep
-1.2236819263386096,-0.9897081432902032,0.1730718275438766,-0.6380654219302755,-1.3398557299977951,-1.664781415059785,1.442439731352206,0.8446301570604977,0.1103080665789175,-1.3477585021269274,1.0483671872940947,Keep
1.046286910668252,0.7071868272339983,1.2658690667449066,-1.3926340045171075,0.3070109375298399,-1.582771047995415,1.5001546117415567,0.7875408679488275,-0.8578841942444482,-0.4689987140977324,1.8995773586133986,Scale Up
0.3898917725399632,-0.8681582880240698,0.4248746744169004,1.0651359539942278,-1.0828926905676772,-1.6213024241363614,0.810965759872979,1.453563569363639,0.3901166961988941,-1.1443337069751105,1.1113915789523727,Scale Up
0.7060237349795958,-0.1258425535610584,-0.8840478984803214,-0.3727309721475457,-0.0451476271576466,0.4728966875645435,0.644655886432242,-1.483036461211771,0.167895907455839,1.5705309742486746,1.0421052743589814,Keep
-1.1149874002067095,0.6136177888766204,-0.715058418083106,0.4573266635586125,-1.452314966440437,-0.6548320970054635,1.2464404216442813,0.3334399515423062,0.9929307167636322,1.6954916724537918,0.9880587682458506,Keep
1.428289380058609,-0.599171309926524,0.6604072370441636,1.0402901650289031,0.0610428722258167,0.821108733763639,0.7038523199676471,-0.7731900075165602,-0.1773848643248897,-1.5114230751225706,0.8269331718378795,Keep
-1.6049172495405293,-0.9734551464225928,-0.9115097989421574,1.5344908015773076,1.5308097860776513,-0.9160423968495156,-0.1100119546594578,-0.4587339634105004,-0.2261832459438277,-1.5690199823052509,0.4375232197932434,Scale Down
0.0035711094618246,-0.4125020029550773,0.0479580278422745,0.6537224591992056,1.1604704028213306,1.1651510278070931,0.4341298090878152,0.8127982437491628,-1.4870640972675564,0.712170812395426,0.5885373796853156,Scale Down
-1.298886760928932,-1.1563850845667043,-0.4905553337486859,-0.6961819947927179,0.6036762755038234,1.6372258776746005,-1.4370516148171233,-1.6166098348223512,-0.046374232448486,-0.2979050752026995,0.280312029117848,Scale Down
-0.6578519505569161,1.6603685881580488,-1.3314003022669971,1.3664093906102752,0.0709884745730423,0.3619686412340038,-0.6457658671125545,-1.625938159370498,-0.1643149552741704,0.4924505603407521,0.8767087830592777,Keep
1.5067912473182312,-0.6709397150519475,-0.7164474031452347,0.3225257354061976,0.2123764709140605,-1.6255996658831289,1.294310538182481,1.5886150649463762,-0.0073686297420428,0.91396779357395,1.4574509462163479,Scale Up
1.6098533578796368,-1.047442589635179,1.0514290267555562,0.386012688769989,-0.8707627007917178,1.1747599723068851,-1.0523200587282573,0.4290600202053411,1.5919408599553522,-0.923851499443576,0.8454034607369642,Keep
0.9735196915235728,0.4276623317230781,-1.2815261349714009,1.1854748433809204,-0.0538020990132572,0.788557601598286,0.4506938041577352,0.6460812845233674,1.0710719704076062,0.2236361315383638,0.9458321192822247,Keep
-0.5026119540346682,0.2824831419558115,1.005760284356929,-1.6155169950004309,0.3868571345055197,0.5368949901970154,0.3095437861211752,0.0159285235900839,-0.6149227472631724,1.4879627080288855,1.1106460206990294,Scale Up
-1.0777113468324704,0.722602368717181,0.9258208702957902,-1.282972427783086,1.5471738775746122,-0.7084260104204595,1.2693479616863077,-0.6000752569259988,-0.2098219142457727,-1.243578407836187,1.2845465081119012,Scale Up
0.4183248127267524,-0.3214620277832378,-1.6006934605631538,1.741902461883546,-0.8198979714968038,1.3845094099656463,-1.3687831039680078,0.6915171676523123,0.6939985696959359,-1.241205955555962,0.48918690401585263,Scale Down
-0.7278510164713122,0.0749706135974369,-0.8136203096777707,-1.6985900537958405,1.756343245686694,-0.5334752939614358,0.5455805668940155,-0.438630945017031,-0.1787377440234449,0.282999390053766,1.2375563794925317,Scale Up
-1.54324216512747,0.95877217175396,1.043554472974556,0.2633768229991566,-0.7843174590988707,1.2613620194923592,1.169107174359291,1.0545835700709534,1.7425796756387426,1.3536334208923702,0.6546517430883555,Scale Down
-0.3048518199797825,1.279796927832925,1.3467898581218642,-1.1746579517017677,-1.103086151524181,1.732641437991174,1.6440330315318392,-0.2410962137449805,-1.661016676069961,-0.5473589080248604,1.042631969634886,Keep
0.2942064185476806,0.902168378173562,1.1113253116589752,0.7593169287907231,-0.6016966821919715,-0.4010961477466079,-1.4100786256045883,0.2200918609614176,-1.5200276866156968,0.5964401657622777,1.195587618484445,Scale Up
-0.5894968857920453,-0.3054078911288126,0.2168394183230992,0.1933307298444339,1.448935868210795,-1.4522962260106504,1.5133013009359586,-0.4828538921071514,-0.4392502597072986,-0.9505718926434784,1.0845514895506982,Keep
0.8766438872037964,-0.2031552488333457,1.127618185758512,-1.0124038022423665,0.229607482688209,-1.639518985352045,-0.8935824948601953,0.3783583937970984,-1.5767922039282,1.7230779241501266,1.6097975281726544,Scale Up
1.1636756363263556,-0.4753466232243594,-0.1240531568604887,-1.0801552840387478,0.7199555047379642,-0.7360333930393468,-1.7075173534116272,0.0035344861345718,0.2564762649036605,-1.3652661609247896,1.4528360530930056,Scale Up
-0.0726593180791711,1.547304291880483,-1.424355646301482,1.597715958918434,1.6028876660950622,-1.2752325006821428,1.4884931145876337,0.4452769308601638,1.5117761081655694,0.5933750266849072,1.306694728126765,Scale Up
1.7045290116129357,0.9880515394127456,-1.439538211763933,0.1835413820344631,0.3697595536275631,0.2625977370967801,0.6969702851604833,-1.4622130088319405,-0.0243019091103278,0.1705243713672033,1.403667843189787,Scale Up
-1.2206945442981127,-1.6255621134380724,0.7276892910211518,0.1602969006119898,-0.0287422656529447,0.4032894183002427,1.0962316831480592,-1.086474260057296,-1.6825616852071013,-1.6961799610913062,0.3308277684233031,Scale Down
-1.5191286921243354,0.3395542762308666,1.1033214353960787,-1.5368623525333824,0.4960679896592113,0.860406687652694,1.1121052043824116,0.0178146912369996,0.7319406337841335,0.9952026377092336,0.8690846682409827,Keep
0.2422279676179229,-0.3005173945092436,0.7506586425406042,-1.2817302256048233,-1.076288985231575,0.9391421873584864,-1.0677451112814598,0.9535161499429576,-0.917563605956721,-1.204943801725375,1.0339317687390919,Keep
-0.5715667708314685,-0.4832335263868547,0.0038338516898321,-0.8717730282701023,-1.519526108375675,1.150530876048449,0.8610438452436889,0.3460823854460172,0.5820071794807847,1.2696278295685033,0.7282304186361452,Scale Down
-0.6642761882965034,1.3962960596747749,-0.1368805733111499,-0.1965998141726946,1.1260815817633574,1.3764338242769547,-1.4848232553868548,-1.3718105159524414,0.5510137570640476,-1.608503129742566,0.8910414489776595,Keep
-0.4152947884596744,1.550388049924062,-0.2626068503877064,1.1799317499813975,1.1802165170755423,-0.8177181515838579,-1.6877124335482372,0.6838352244473617,1.5055125586903,-0.3241579048145284,1.2291040105732276,Scale Up
-1.6869426368550384,-1.5758121381946977,0.7753486942391773,-0.5748845022768837,-1.6844705760491765,0.3262355699192861,-1.2439050189573158,-0.3788839460308267,-0.1511700094024148,-0.0263891678914423,0.4064290860260732,Scale Down
0.7789852200299335,-1.5720722133401697,-1.009879045079887,0.727890202567283,-0.4415494356555897,-1.16490140233562,1.6976138310031177,-1.4245168808728403,0.4259136530441748,0.9759632619185066,0.9324544960700806,Keep
-1.5045986895204402,-0.59343659186609,0.0604612337440252,1.3542432931414952,-0.5010847999669337,-1.4910037036035748,0.9533801192718822,0.0772038967702063,-0.299306414654061,0.0137866663430188,0.6933355893890945,Scale Down
-1.6776408924729995,0.8333728042825514,1.712795847682168,0.5730289000111621,-1.1981120516687982,-0.948542800108934,1.001222965372921,1.003549957344842,-0.0999567378165567,1.7189044861973226,0.9822236983272103,Keep
-0.081260448912959,0.4935480763937304,-0.647397351755538,1.5862060516360597,-0.5446408585535968,-0.064720178307117,-0.055300177217481,-0.8653660605137139,-1.5606288662828962,-1.0160827464835502,0.8240074196047995,Keep
-0.9806883878104694,-0.4634584517294907,-1.158781672215012,-1.2162542667967358,-0.2507892006086765,1.7435912160003828,-1.7202859353966091,-1.4496303033726463,-1.1477221864629514,-1.003389260925852,0.5336793300486751,Scale Down
1.0771999560425778,1.630233456022122,-0.6315014797987245,-1.267430331169017,-1.1767175557470693,1.4127610594514668,0.245243297498081,-0.7656606909457649,0.545412693914546,-1.304119233906737,1.448342153203317,Scale Up
-0.4774895356814969,-0.6771013807138619,0.2942839010378361,0.7807676054927805,-1.6309805663502337,-0.064976053075444,-1.5491579065141323,0.1868419866456017,-0.9109191306420452,-0.2527765303686453,0.6767282710082209,Scale Down
-0.5041937052724773,0.3612329835930102,0.5379665252782482,1.1457188910103613,0.2863823673710289,-0.9853659419418832,-0.1926301433655094,-1.3107071312486784,1.108172291029692,1.19850621267155,0.9786270785367962,Keep
-0.0108530258611017,-0.6606564502007907,-0.0316573756720572,-1.4904841747736148,0.8367484005761188,1.6489907946301134,-0.9406996206437342,0.1188554223329106,-0.5710001900328988,0.1846378648590507,0.7745632141635741,Scale Down
-0.4038516375838756,1.4471395223119874,-0.0193679378667029,1.232644862221176,-0.6961815930773884,0.9301713064413488,-0.4028919138646513,-1.330815673491167,0.6854019997809048,-0.137877107892072,0.8185919769472854,Keep
1.5326493143389848,-1.4068722519815005,-0.1774143052831083,1.0086689732598086,1.7649977375708663,0.2181736423607236,-1.0154114630946414,0.9915380307610928,-0.8614841969506155,-1.5257443746535615,0.8262824060939559,Keep
0.7134347601555353,-1.2074352351764537,1.1752970109977383,-0.4491275118267507,-1.0736323100111729,1.4853182617131715,0.2298033224373631,-0.0822170747735889,-0.3485506699164428,-0.434329739900581,0.6899821122676859,Scale Down
-0.0073316026687139,1.0863048284131311,-0.0750820835474834,-0.2066095889808205,-0.4542844881597874,0.2454166454235818,1.7215214395347251,-1.4726072150358018,-0.5400314639272321,0.8772380761552897,1.1710390442668903,Scale Up
-1.4280905542863698,-0.5549511664487726,-0.0327915013837971,-0.3481523603642996,-0.7141016992146924,-1.4414235407595335,0.4465025938580191,1.5582351161376875,1.6831609178865898,-1.4006278219190869,1.0272661704502153,Keep
-1.4467467613134954,0.7030544922369658,1.446632766633668,-0.6755633625918286,0.1181373157934841,1.2384365368679058,-0.4940669831618381,-1.5072011489730348,1.448913241514816,1.281420822289912,0.71782063927497,Scale Down
-1.4751340343830863,-0.7305299802907359,0.9543739064819234,1.1131320693481823,0.5387586333307877,-1.6620879314946044,-1.3286454887782877,-0.512472246293313,-1.7383387140544015,-0.5576972584722627,0.7190468172605826,Scale Down
-1.6227779399979003,0.9097601405017752,0.2194128008135524,0.2559260687426045,-0.1972562168753952,0.258467762082122,0.1273450321362104,0.2155165953706591,-0.0269636176907044,-0.4271777487200498,0.7974469919031355,Scale Down
1.5740931305006032,-1.380227249302413,-0.6307987049288233,-0.1235679423304984,0.1939172393792255,-1.1937179557933693,-0.6312815506408049,-0.6365241585467597,0.8329765813554258,0.7490390671735155,1.275805468996391,Scale Up
0.3264615566833941,-0.3800453073170734,0.1026668451096236,-0.7439625878990743,-0.9556444067882276,-1.5630198069957384,-0.8564120259815896,-1.5867219561102792,-1.166066644340591,0.6099129239667651,1.3820229633362453,Scale Up
-1.544938479320665,1.3750874907491584,1.1517217289808968,-0.707782488058623,-1.1374870809670456,-0.7605136244849163,0.7305532065786439,-0.8719013026289809,-0.5503287276058731,-1.2260187975285386,1.2472307019472093,Scale Up
0.2834344804857727,-1.5267309688352402,1.1162331096564315,0.6610108887077679,-0.073686108835996,-1.1941979082494831,-0.7608726862316574,0.931987148704375,-0.5759530286291643,1.3913155826571062,0.9069717607566666,Keep
0.8223919100684922,-1.5905243034752596,-1.2548487985330012,0.3758692199203445,-0.9578472925953044,-1.4582922241990115,0.2804765821631053,0.7064549563229975,0.4011102765776672,0.9021228493427556,1.0913977031079372,Keep
-1.1115038689450123,-0.4899031037692588,-1.0352562681789492,0.0427291417148365,-1.44779468107212,0.1864880249041665,1.0486274395881914,-0.0280047362546269,-1.6221995703433814,1.1621747901612485,0.6399704602545089,Scale Down
-0.8328461909779251,-0.0657659291790659,0.9885204260113007,1.4799904084829731,-0.0933999104997777,0.8434503986588977,0.7228389213953752,-0.086471493906102,-0.1324364073601453,-1.4807543671789367,0.44794092570118627,Scale Down
-0.0352550659335928,0.0475795870463713,-1.2972456021116876,1.2247037937338392,-1.046961187032039,1.345409653091283,1.235120974300726,-0.9110144579406858,0.8442247542290168,-1.0542844233461457,0.542394346298971,Scale Down
-0.8903853668747133,1.5332487091307714,-0.3738521199528149,0.8572944039608561,0.3416779053742543,-0.1976541816594702,-1.4206517052092975,-0.8016656118690447,0.3840104063658281,1.28093594153191,1.0203694184549008,Keep
0.1691049271209952,-0.8364412535323917,1.3030479745619865,0.7238278458678238,1.395903106060837,-0.7330926292929651,0.5564375484709555,-1.2312288046356106,0.8478878732630823,0.6807055146350742,0.8897892193810031,Keep
-0.0550648103567517,-1.6854807756515553,0.9865355761528016,0.4499981152069647,0.9562429458641752,0.1707123103059268,-0.940173821759105,-1.704093812285966,-0.3197383119469175,-0.5828591063785868,0.5271567196383138,Scale Down
0.443977039357882,-1.555643656373912,-0.091748468568027,1.5804667920447726,0.1399521722633289,0.114129873175565,-1.1988666148649352,-0.5538299206607942,-1.0090562432873322,-0.1164904030301929,0.4903450429650218,Scale Down
0.8894595504439845,-0.8860228056788224,0.286322835209652,0.7786080998015387,0.7366011502376705,-0.3545581108689579,1.081710056766108,0.4560913964700078,-1.31588044608905,-0.7411726738662783,0.9508694411972388,Keep
0.6387506640841485,1.1569461995884782,-0.6590214497869339,0.6002331494924608,1.122185073956809,-0.8083344213856478,-0.8156407644995686,-1.4280416930182658,-1.6102697538117456,1.1856568725844938,1.3638471872076336,Scale Up
-0.0485871779658747,-1.525846377213564,-0.6974618032575292,0.4606055686702879,1.4889485149266726,-0.3348362999940609,-0.0721214847731256,1.1891646031157477,-0.8545510592334206,1.4093947080626137,0.6916083608291529,Scale Down
-1.1267191018815623,-1.501053599996477,-0.4777330438782576,1.306942315428527,0.6270567644990713,-1.0652788345143858,-1.081120075143614,-1.3529294497862736,-0.855162872246267,0.3003685114921989,0.462179182003464,Scale Down
-0.1531561237342008,1.1686430116349904,0.5464397059411619,-1.6015976239661094,-0.7284564000014095,1.6961179018906614,0.4463346559256687,-1.4170249588650905,0.0223084736066007,-0.551151368239234,1.1066226139539022,Scale Up
-0.6920178172837217,0.1903108139924458,-0.7265041824477878,1.351754782043738,-0.875602469937828,-0.484344164666896,0.5804083049724165,-1.5919425153328206,0.4180543716887264,-0.7781101973240824,0.7735843641376094,Scale Down
0.0495707236805784,-0.0574527146172456,-0.092881503841246,-0.0500683985214584,-1.0588816826104313,1.5428082504146428,-0.7890642891568767,-0.0195344744905828,0.9364225236518584,1.4512156734402963,0.710264069028411,Scale Down
-1.3255685600722404,-0.386987567354747,-1.346766257225918,-1.2220944652044496,1.4101337377662106,0.0081785833998488,0.8560649454153106,-0.9797211647959208,0.7511563062074795,-0.6849957746177472,0.8514321544438379,Keep
1.5135401350292257,-0.3975878177132588,-0.3739857789360098,-1.3765492131436985,-1.2208687168595058,-0.0215476832142997,-1.4819346298292158,-1.2694930533994713,0.1096645069197684,-0.762334255519085,1.416463972516288,Scale Up
-1.5678599384416372,1.507959171066543,0.2093369879251634,-1.3566043521768525,0.68816027377251,0.1102090185313234,1.147461946092636,1.2102583489173375,-1.036330328054326,-0.6610461286064283,1.220377294017353,Scale Up
0.1434628211634073,-0.8224443752264381,-0.1111329360375484,1.1576362540773784,0.0327958615750115,0.2524848998462197,0.9219988274756812,0.3361583778472028,0.1205348798993394,-1.2483579467364931,0.6545653580624575,Scale Down
-1.4585090148089208,-0.8076576863690591,0.0913459852208997,1.1801280365893312,-0.1340957010817044,-0.1992342237453033,-1.0191353569192136,-0.9731623721288074,-0.4821185992751507,-0.3687149830409373,0.40434222333825454,Scale Down
0.7762767186881723,-0.0979823598289754,1.1635967455117122,-0.7757331877017858,-0.2017981346856951,1.2452912706572643,1.2646835283431088,1.4739900515355857,1.3720130210456238,-0.120559937963425,1.062287362775808,Keep
-1.3565311496672174,-0.3311256269757371,1.6496415151581367,-1.355132805843409,-0.1415894303507847,-0.7665236417070689,0.3020983592274626,0.9167090361873724,-0.1513011924138572,-1.2520465039312951,1.0878791082884467,Keep
0.5364787803706451,0.8242384669592453,0.1070701636552371,0.7031555988624567,0.8913781006414865,-0.4496496164322063,1.6112455693718497,0.3559038598428412,0.3441021240427006,-0.9341205812112636,1.2642217819334014,Scale Up
-1.3449038001328353,-0.7000235724317078,-0.2212903473932307,1.653529031105303,-1.3765938301491198,1.0994010942656,-1.1647347110984652,0.4380659935338439,-0.9195618552396302,-0.4948532488012025,0.14144469629004408,Scale Down
0.2481917865756884,1.1944216682232562,0.9413649865728618,-1.1277328538279356,-0.523097548756824,0.7181060673455313,-0.0290790348527334,-0.7075190141990831,1.6599557092624493,0.5229460965850996,1.3310464586017645,Scale Up
-1.2600454246559274,1.479013104490858,0.1142229564912746,-1.242243791065894,1.3363628395554843,-1.2680167718398316,-1.5014159553146638,1.5487064249965277,0.9477161732368004,0.7038585708296754,1.5380090064510472,Scale Up
-1.22523422306576,-1.6151517544924778,-0.5488067598166881,-1.4361957476080347,-0.4382059963398763,1.0844660958073502,0.7047950136474221,-0.2783308716264446,0.8478799566509414,1.4419683046983989,0.46560538695830567,Scale Down
-0.6822566141551196,-0.6265058391238737,-0.3407460845101533,0.8124372026064839,-0.2480793475096449,0.3093891148133948,-0.2086716875444646,-0.5828362445492067,0.9354471036251925,-0.5366222626690992,0.5636540075458344,Scale Down
-1.4216270916814222,-1.1231096070371325,1.729702943436357,1.0172208998675063,0.6057080547015181,0.3224860443327993,0.5783156798791201,1.257779355233886,-0.739643246056643,-0.3510514697137173,0.32326533272173463,Scale Down
0.6735354332852497,1.2917401153790573,-1.2095407955502242,0.0723835676430603,0.637390303496777,-0.1101286391474196,0.7738544072044437,-0.0024233607286875,0.1067146453868328,-0.376680881208115,1.3938281423014747,Scale Up
-0.174482546813495,0.2391306460682446,-0.0396126823532912,0.5081684486843667,-1.403027894770767,-1.1825576258274175,-0.4287883637856174,0.909667449212046,-0.0012755863145285,-0.5549265112836791,1.2025918498668182,Scale Up
-1.6363936643930854,0.1132853173758845,-1.1152019199944745,-0.6550826545296636,1.646411231845068,-1.06820875831758,0.0295353795539275,1.6588657574114498,1.4443278509448294,-0.1402149258324394,1.070472719248212,Keep
-0.3957862793668277,0.6317267460495093,0.2512327920469674,0.211835298917283,1.60692995192438,0.8220798328679134,-0.5593337758790654,-0.2670135132612778,1.185697973319158,-0.3469992519504139,0.8608501425305082,Keep
-0.7157218481012766,1.1029374674003614,0.5810289913633834,1.3211962439597622,-0.2308080858367927,0.2948215875805546,-0.379591446259702,1.7181739381244694,1.1193059846325584,1.477000939464052,0.863138695215484,Keep
0.9487045600254828,-1.6070944749113472,1.6828633904230998,1.6419197176324731,-0.2871424901813732,1.6424755349047713,-1.566264893471626,-1.5115208573667849,0.532349604144777,-1.480546561139793,0.27405839238387997,Scale Down
0.764766624075842,0.6885514627210687,0.4429364430237422,1.0416606307738192,-0.7157307072942196,0.6264685164549498,0.0895125003271799,-1.3755819390873032,1.1284568396371628,0.863141899833371,0.9826462650399332,Keep
-0.352814461049197,-0.0044208277916613,-1.0975395638213157,-1.1691009628981546,0.9338169961907592,-1.3811577821577787,-0.8504930902449,0.3218174953455316,0.479246849782618,-0.2094316540372417,1.3996906931819546,Scale Up
-1.2316663421220089,1.1192944353591578,-0.9839412358020562,0.681875917687822,0.3143971907473444,-1.3919824733807191,0.8381946984539267,-0.0643806391944141,-1.325977252867078,-1.6814430494820274,1.1544918075855044,Scale Up
-1.203419413723802,1.691662583698662,-1.466533989286227,-0.2056878886141746,0.4856152986101222,-0.0371024662169611,0.7040797255525477,-0.5843393730027246,1.062084439690154,-0.4803068260611389,1.1440541007574128,Scale Up
1.514710792922333,-0.7894987495257976,-0.3076533184541727,-0.4052808362871013,-1.2348349428275318,-1.1251626977979632,-0.4002709436713088,-0.5830987327788361,-0.6845208108904356,0.125447778042935,1.4108765758503028,Scale Up
-1.0615127753760325,-0.1224632123814631,-0.9988792784509064,1.2072768475196654,0.2306294288643254,-1.3417103875986929,-0.8674507804113226,1.2748488052536506,0.6144397471605831,1.138450267359002,0.8764693786283013,Keep
-0.2623639962036588,-0.0705966830976951,-0.6006508131550808,0.5111926158389294,-1.453465442195126,0.2006944208332661,-1.041878885157698,-0.8861317372086774,1.4686074778762048,-1.032672595275194,0.8241822915218526,Keep
-0.7150753174084123,-0.209575665578399,-0.0728876059199819,0.9268089883171444,0.3582513792701947,-0.2309758515160245,-1.685176306693928,-1.243136688871418,-0.6676500532562323,-0.2219519678956535,0.6965459646057311,Scale Down
1.001986371078402,0.6150942882256591,0.3840301155978117,1.171193215741411,0.6437653120793543,1.5222338476876949,-0.9377116129031012,0.4036307630492944,1.530262152503317,-1.5170857896892382,0.8559878119107587,Keep
0.2775245332283056,-0.3229701514368155,-1.7089299951525,1.340610299307861,0.1233154000040281,-0.354732149579517,1.5813600257660476,-0.2898154209072622,-0.3141792876047718,-0.4720292188352457,0.8414195287915042,Keep
-0.7570828430752111,0.2635130740783869,-1.5350874144093016,-0.6266267253098077,1.0591140231178373,-0.4031908452196872,1.606420156073051,0.1621974767872362,1.4681076731957878,1.4345219216290803,1.0952298632279143,Keep
-1.4055859992821318,1.5034475932913856,1.473174950039439,0.3000186203176985,-1.678279341159114,1.08945113212651,1.5021288465187463,0.1709579701690358,-1.6242451431114124,0.2857528200724208,0.7813134879538748,Scale Down
-1.003834543837279,0.2509710391754639,-1.0708586153074842,-0.5386003073082782,-1.4943892446738345,-0.8050192417982094,-0.0375093750786076,1.1673015264487443,-1.718704649082177,-0.1999764792562004,1.1223389159827324,Scale Up
-1.3170511750258294,-0.6509228164679072,-0.1013441880590983,0.4415615151428555,-1.5427142592109706,-0.9300751163799234,-1.3649179946778576,-1.1866219184010944,-1.036502611524238,-0.552034543905595,0.7199347339150317,Scale Down
1.6373873338220888,0.1417299653788569,1.05151992215891,1.202572318665959,-0.2477918211106225,0.7196019081134227,-0.2802818138565716,-1.6885555962203411,1.239838545789162,-0.9913018763156564,1.000055784805806,Keep
-0.9782315641751992,-0.1475406143935533,-1.0483721036432287,1.178733070273753,0.8564040465302927,-1.2833840951079385,-1.4843299759202793,-1.0097115354092134,-0.6371856070061875,1.61820514306224,0.8174775139624118,Keep
-0.4993762373492816,0.8493127206102534,-0.7374979638038739,-0.6937395231767158,-0.0064945941961745,0.9055394953162944,1.007666938142432,-0.2969883855973125,-0.437829299546733,1.5784795552459236,0.9909453401805087,Keep
1.4008678611763092,1.15359026837364,-0.2153943644011798,-0.4183052051950374,0.1800528959287695,0.8763989139881134,0.234219651476508,1.5421588206770354,-1.3648490327492482,0.5764215173247617,1.4054616699058085,Scale Up
-1.4019617279278846,1.3713119246938876,0.2628043219120392,-0.1691456696690909,0.7744002332482883,-0.4420966141871107,-0.5132078407288846,0.5323970827059163,-0.1212285064705745,0.7687286893823873,1.1313913203131862,Scale Up
1.371036564622683,0.8740114663567914,0.4984991290970874,1.5590957021016734,0.8537261545696552,0.5450628802530647,0.0300783918247962,-1.4257839989824967,-1.567117044504894,-0.1284219331110307,1.0416778466247532,Keep
1.1612660131756012,0.0247430074009045,-0.99450894455436,0.6927923667088953,-1.0929610768801472,-0.7568203166219626,-1.0155954476315954,0.7163401752428527,-0.1571196016840444,0.4583184184113887,1.2802645517421691,Scale Up
0.877269948325744,-0.5283398177160185,-1.5629147953612388,0.4938657752285449,-0.924797044403976,-1.107715002913514,0.2032953026916473,-0.3144949574981048,-1.1942459814112385,-0.4244070015314662,1.192077413963184,Scale Up
-1.4465244525050207,1.3174413162764385,0.2337942662723499,0.4488177728806555,-1.0986549539829602,-0.2267930273410873,1.5908705097850817,0.6793697910497808,-0.4684124271464381,0.8958020823187993,0.9829836351259325,Keep
1.6831864208480671,-0.506980827426473,0.4873334152110835,-0.1145261004616771,-0.6136894890764987,0.1875432217674874,-1.0335214272993156,0.564271404101734,-0.9286091375128444,1.4709745643288827,1.2063816890448527,Scale Up
1.7258992603522465,-0.5119357542526215,-1.426660336382753,1.2265504875565547,1.477938090748237,0.561039118594662,-0.7007144440595311,-1.0872557043250433,-0.728123360413881,-0.2304893326704765,0.884132950736466,Keep
-1.473503479749004,-0.2783394931054815,-0.4990212901116013,-0.2199423171385005,-0.7322901667510353,0.1993098123985823,0.7982942976636682,-0.3802610794532273,0.4374324021401115,-0.6204719994636082,0.6712435356530486,Scale Down
-1.4391678256636724,1.3887010640120556,0.32399984581115,0.9107059920755004,-0.4426718972629697,-1.283848337941175,1.06168964897043,-0.2139060520106976,0.8698154481597566,-0.7426792676500705,1.1339527543469956,Scale Up
0.8557372291328772,-1.6358549921269985,1.686400839791078,-1.2780325132480388,1.1682882798929732,1.5920414553172324,0.5816515720981567,-1.1396642814093898,0.8578864353366605,1.155905974647078,0.7189318308293002,Scale Down
0.7563015366019521,-0.8782588801325396,-1.2347340828381608,-0.8925948202421844,0.1937301021622392,0.2329244009732535,0.5978365210387852,-1.6839648613935403,-1.620959347625055,-1.5666475300250262,1.025364370287519,Keep
0.6590922878955615,0.8249022017181478,-1.097067634620089,-0.1757369031189084,-1.5682236368685305,1.1475591917605903,1.095122762518125,0.9047003816837708,1.7673107706241853,-0.0125354319485246,1.1295287403927765,Scale Up
-1.017971245134108,-0.2200333820261215,1.444827394231338,1.5578112711781875,-0.3696832909627063,-0.058760364607287,-1.2083180122591433,0.8487323053094507,1.6283443452417017,0.5628968076104883,0.5744033831517749,Scale Down
-0.5500157389550848,0.5264221451578706,-1.0187144842399427,0.5748008280397489,-0.5631301754257213,-0.4792943758409785,-1.51564534987343,0.4748621957704487,1.1029353613020825,-1.6584285306468556,1.0322046005861265,Keep
0.0227293467508355,-1.5196077492559794,-1.6927680494028727,-0.3187127268009543,-0.8138420940468458,-0.940309501687556,-1.3091837162898745,-1.2767095597958866,-1.6607721964041584,-0.513815549873071,0.9040528534545398,Keep
-1.450106652445316,-0.3404429857408191,0.9570927101051108,-0.8533289743262972,-0.9593039218587264,0.0753486637199417,-1.592472717832498,1.6585030964168384,0.1864954432542636,1.3154836955395608,0.8226523559317647,Keep
-1.02536588076729,-0.8843957874861188,1.1782347480961173,1.3176470160531182,0.3341831412810266,0.1827244511962688,-1.479736565608512,0.9271555535475052,-1.234339734963024,-0.8923342501734384,0.41056960872298853,Scale Down
-0.1267809629359008,-1.7317208194157525,-0.5531929009355044,-0.9227226866464078,-1.656449803604962,-1.5798635820506994,-0.3081118221411971,1.283075481885665,-1.0736857364894288,-0.8752422034538637,1.1270635882158637,Scale Up
-1.4910409890597252,-0.3076155989949428,0.0491143977681131,1.309016463402935,-1.0469564905081892,-0.7750098391258419,0.6435895026069092,0.5041729842234597,0.7118614987922139,-0.9003867341902593,0.6398810512484394,Scale Down
0.2262386029344942,-1.3508140592754023,1.1274052073696152,-0.1695477571413723,-1.0584350863464689,1.66464627428374,1.170292140424271,-0.0460601015066266,-0.7947970237008072,-1.0803467640887594,0.49134151663248027,Scale Down
-1.394373559433339,1.4588941253288583,0.094330102315027,-1.145993388206807,-0.302038941783517,-0.2407082331331652,1.6527029124549164,0.293550904526397,-0.1200964874615008,-0.5342671275588032,1.2735896046425093,Scale Up
-1.1895579257276103,1.0510640975075674,-0.9617885862018174,-1.4935194081103806,1.6066719012796689,-1.518074071688259,-1.688188197316999,-1.400011601033781,1.0329513759048397,-0.3503761000865001,1.4956138426308534,Scale Up
-0.7654351531999565,-0.7799062391085213,0.3662798445404052,-1.3823664504579851,-0.987037908862335,-0.0286943121495203,-1.750511016987898,1.251707531657224,1.2134919001895503,1.5465120595576411,0.9657107502528544,Keep
0.2950560270217905,-0.378497510641245,0.350948311433585,0.7472563927760776,1.3334732467486357,-0.2026589177513726,-1.3442087569310297,0.6529220452153878,-0.3293308741987245,-0.9330988681854736,0.9197291896589564,Keep
-1.2959927513964655,0.4863337858877685,1.2488288534343723,-0.246752503691183,-0.2253681538141647,-1.120868590785549,-0.7987573778979393,0.0454532438413186,0.1874507491931479,1.4657794133502886,1.1240376731191402,Scale Up
-0.7416832588201668,0.8143838205904488,0.7146647499787091,-1.117304909207027,-0.2022392075338169,0.0173463488911888,-1.0169141541876263,1.2372854300394869,1.2870136071520977,1.0403311825432875,1.2357159589982503,Scale Up
-0.5196791774045713,1.6235349233351994,0.1779368258361587,1.2769651588501574,-0.1737513613256485,-1.4880790960177035,-1.2932416966087152,0.8558034596469555,0.0859308803334691,1.5749988040902656,1.3332621218104326,Scale Up
-0.9308814584627284,-1.5323720846532836,0.5765757190119932,-1.6720806137656206,-1.103681311956373,1.5458579953917604,1.3590673798380142,1.328369112920648,-0.2061562832913073,1.0634496043980315,0.5183502565555722,Scale Down
-1.630793868273833,0.8278242692246526,-1.3231721585286706,0.8925424736912074,-1.5541687012667336,1.2377596005587417,-1.1021894947954094,-0.7511972350837567,0.7967836744897373,1.3941382813554757,0.4575512089437789,Scale Down
-0.6356656231959922,-1.3939562079384826,-1.6046290827895904,0.9387687320886606,1.1150611309239924,-1.692938268311586,0.7678475582816785,-1.6328603334744625,-1.5400926459681636,-0.8216628796946297,0.7475253241674343,Scale Down
-1.05428699532364,-1.245953389085941,1.5776356192497258,1.597387747792575,1.2907980796898022,0.2945257572842334,1.373050207752896,-0.2683487037057008,1.5433211924638677,0.7144220444861501,0.26456627676665956,Scale Down
0.3239357286839256,0.171488080625981,0.3183896694049056,1.0561447551008665,-1.0480012817708295,-1.131380878010326,-1.3267863692399409,-1.417238319811707,1.3824269459387852,-0.0668940283545477,1.1488510678134942,Scale Up
0.9209674045985712,1.2912175659004734,0.4941751416723674,-1.5993004075782755,0.4298211591253587,0.8007639814086104,-0.5492869768685,-1.5337926539840212,-0.915284635614014,0.9618324512567306,1.4865232443439422,Scale Up
-0.6728226982224697,1.3638070981708943,1.299763601614171,-0.1669532884863847,-0.1783894816256121,-1.1243915376560023,-1.0546870032104363,0.7797016826369203,-0.9082511648714856,-0.2348359423225669,1.4148302047943149,Scale Up
-0.6814586904878897,0.2492747559465072,-0.6031124543620117,-0.7151000605536787,0.3081482110069528,-0.8021840829179966,0.4633389069470266,0.1743654848609691,1.4706362839111964,1.016225682002611,1.208816969417668,Scale Up
0.7962775119475969,-0.4154204773242064,-1.230823946343076,-0.9600563097860312,-1.149540911710838,-0.3690765978942626,1.5618513353099497,-1.354389444382828,0.736385571967779,-0.1539301244159279,1.2824868644181953,Scale Up
0.6658311656247178,1.343366407661881,1.0262801306893574,-0.359894154540666,-0.1618518132599158,-1.566112001339757,0.3504365070527939,1.491923406369466,0.126215242362089,1.1204577278031376,1.7996811124985568,Scale Up
-1.5132685338714122,-0.0825959967963742,-0.2840040815057391,1.078437565294912,1.5788992935397,-0.957302519298055,-0.3902085694847347,-0.6072371740899537,0.2503919997723735,0.3592295720796703,0.7056738287849973,Scale Down
-1.0180645450057804,1.4576071188585733,-1.7089741108483834,0.4002383000311654,1.6850042269801062,-1.5832262624705231,0.3707210599566577,0.0002538363346843,0.7988652947993412,-0.5619745994446385,1.3474228669233896,Scale Up
1.5660041118277677,0.8464547771325228,-0.770672431974729,1.662218086024416,-1.2927431468716954,-0.5184259579614358,-0.1753245363677751,0.7646017635125308,1.3108682231578146,-1.2873215790759491,1.343178306934546,Scale Up
-1.0042558214895292,-1.3777946138880672,0.4000170993721532,0.627006747882509,0.2409886315813543,-0.8889739868639007,-0.8485003932169725,-0.4116925468957157,0.6536322494633605,-0.3332147846872109,0.6241541750692877,Scale Down
-0.5297909731639091,0.0961603238972097,-0.4786306648796423,-1.595231363348606,0.808125417792405,1.750121340621233,0.1663532101119888,-1.6567969024854805,1.6905381323939015,1.6055636090143277,0.7993744486394667,Scale Down
0.5418472869939875,-0.711379062178846,-1.1761651807450482,0.1540172490300768,-0.2027361288201785,1.524218949545598,-0.624362723943779,-1.2197014234301855,0.8659803466622745,0.911560706953868,0.6141161002928196,Scale Down
1.5888503797245843,-0.630691152863866,-0.4199788679590018,0.2422159774944915,0.1531183237182387,1.677979752378738,-0.407657355756993,0.0197384061325714,0.7006332637126944,0.7003951368439459,0.8106472132819483,Keep
1.1509386927641545,0.4934124081188928,0.6704279740585742,-0.9578124825759936,-0.8710188058473002,1.5644462659965273,-0.5754187498020461,1.3995684146056877,0.6805438747154746,1.708133206501704,1.1946961592528058,Scale Up
-0.6641987045673484,-1.3117371446175043,-0.5388815284001247,0.209188542893356,-1.5864823664625978,1.4096145379011265,1.0349965006284123,-1.2004173028440457,-1.6437703379346993,0.4443088279391133,0.2763330288050124,Scale Down
-0.1415756060988128,0.8892686816424357,-0.445802846802051,-0.1153932773017454,-1.304391540290824,-1.4131015859989178,0.9435470629250224,1.3808459777846602,-1.2772050231305254,1.1239211617888671,1.471532950393535,Scale Up
0.5610482876526938,-0.409353242140156,0.2047828076452297,1.4108546027625684,1.1151344964391112,-0.2379380469158486,-0.9460730632423242,-0.7945319984562853,-0.0977641517451421,1.3018897171455728,0.8295861748913951,Keep
1.1505268680374996,-1.13000982701024,1.3552631568586182,-1.3429274814028416,-0.8132511167016432,-1.389411231605474,-1.0553120165208452,0.8263051584768951,1.7324103340678465,0.8362483349341822,1.5288512650468609,Scale Up
0.7732806068755006,-0.3987911077701128,-0.7065443972436286,1.546016815835508,-0.404222307952831,-0.805218447850736,0.7283968858607851,-1.6461993348669572,-0.3390022220742911,-1.308275354689612,0.9604831703453233,Keep
-0.2019762431055406,-1.479715716944736,0.6910168474829254,0.7706146509560434,0.6295250622080022,1.0662563416370177,1.487952664016535,-1.0341730666941715,0.5377063383437003,-0.1874734825677172,0.334342902515826,Scale Down
1.6918820871560645,1.4066647030356256,-1.694460547665502,-0.3419245344106456,0.1495109916017419,-0.8854640495917118,-0.5800921466491467,0.4364846056235135,1.139276743861043,1.2511677264245655,1.8348808936761527,Scale Up
-1.1110448236331094,-1.1175480374734248,-0.6867348078957249,-0.9340790307038828,-0.0623448493233405,0.6080749382372629,1.6795170188220283,-0.7827852088880125,1.7248112194800802,-1.4895514895026891,0.6111770638505056,Scale Down
-0.7451315152173484,-1.264065737183902,0.2329134338923378,-0.2163950433778315,1.3665417872825238,-1.689931928134985,-0.3632772215141694,-0.3868877606477675,1.0343512550119232,0.3209413093674317,0.9842205194853763,Keep
0.1847248465954487,-0.4525790335715343,0.2827474296362015,1.405143640891111,-0.437203565855051,-1.2831843141175892,1.0536485959225446,-0.687378089883327,0.8990881877911817,1.0050214730587763,0.9821792090907593,Keep
0.5799168896649924,-0.7624627349109518,-0.6081576302445528,-1.2740705166980042,1.7719510057102026,-1.7440071414497544,-1.2421044713871396,-0.3906707576270288,-1.4869491004564392,1.6486833621366588,1.4741364643207409,Scale Up
0.2089336595984038,-0.7606222753464791,1.680443952636571,0.1725498875795074,-0.3547386750165175,1.7053240921210722,0.9628524681333954,-1.360421130385693,0.8041034289062261,-0.8769219689369425,0.5288020968433865,Scale Down
0.2837661258212707,0.4108066862484312,-0.1147073273892827,-0.4700689132464857,1.4046930176447558,1.7185312361074854,-1.4909174501430542,1.2888830200817936,0.3533281331619519,1.695335817924434,0.8859673215515637,Keep
-1.5807906407335903,0.1378658597820718,0.4829883545837699,-0.3949899150208074,-0.3720910628421813,-0.8883692264006222,1.1781334367992804,-0.9745929223026104,0.0495697631244915,-0.6551929251705456,0.9672360653714214,Keep
1.0036381337838958,-0.9783138306650006,0.8813556630759228,0.3045832321054241,-0.3086560712955486,0.8821085511165765,-0.5814876293625836,0.2498542549355655,-0.4104682196631057,-1.116089402821487,0.7932600058685693,Scale Down
0.0511441150727264,1.6505769060344495,-0.0724093547310075,-0.415707730672595,-1.1158467110584704,-0.0824889223445959,-0.1468847607970948,-1.2966345992099824,-1.4958005662045233,0.7468397865925774,1.386229338013113,Scale Up
1.211370792086916,-0.8845019103274888,-0.0157797830699472,0.64984459051488,0.1184553813761411,-0.9780216620269666,-0.9068044305803532,-0.1828630987787417,0.1635226286025093,1.3583783254528194,1.1435177187516643,Scale Up
0.3424778811167699,1.137562456975462,0.5743094221965502,-1.5332570069798166,0.0247470091416715,0.9607784091525268,-1.3442373545105466,0.2514333886698189,1.4256987490307222,0.7255396675803415,1.362414426266285,Scale Up
-0.7878893759529466,-0.9653964825180856,-1.2949734930357693,-1.581170498042417,-0.3693998508308331,0.6405766130449105,-0.1727398082709507,-0.678384571436464,1.0188578614109405,1.1297570480548211,0.7755867481895727,Scale Down
1.007177755576875,0.548809019739887,-1.2287127364952195,0.3605804086989757,1.4773786393796784,1.0178613913458383,1.2895280768262989,1.315920584584218,1.2547010944290644,-1.652280935322186,1.0800572514127902,Keep
-0.0646588577296805,-0.9950193549010712,1.3381026558057492,1.299664069232694,0.5384802920496566,-1.3495979661117723,-0.5913463336465574,-1.1640603021421414,1.2810795237708497,-1.6887162608520592,0.8637344087957943,Keep
-1.6331383069031893,0.3706060266057897,1.5797112648086609,0.8725337053636765,0.104496281747212,0.5798839129408918,-0.0374651281045802,1.628863843043827,-0.6699641208856181,0.105186689226418,0.5546557354012895,Scale Down
-0.7532294288734431,0.6456345417278058,-0.1636973189181027,1.2388610389662873,0.3561968965395987,0.992170553446315,1.3985101448923571,0.3097936634107864,-0.0486868505125552,0.6083890130130442,0.6028056689590535,Scale Down
-1.476623475664544,-1.2107369996980175,-0.1725414880244631,1.723962788454551,1.3999472836381288,1.038543866205704,0.5602499005772702,1.1275705159176317,1.1955687143270783,0.3901234032323766,0.037242403661553625,Scale Down
-0.6900411667075053,0.0568279210509556,1.0454969245381347,-0.1396664108286541,-1.55307894563973,-0.8017704980092214,-0.8229563973509711,0.8003523581805663,1.3965088321136911,-1.3323289037205028,1.1161798669968561,Scale Up
0.3672277573506372,-1.5706459463663318,-0.7313129583657638,-1.4341130385980565,-1.4496694444778613,0.7215547076495265,-0.6366769683090516,0.0162409857513152,-1.6299828056227996,1.396805125524487,0.8315904984324053,Keep
0.4974690285269805,-1.4748927513690455,1.040962172629193,0.2712980925412717,1.1204426592883268,1.1358362115687963,-0.7367528419772601,-0.4040545491198937,0.832869954397333,0.441035882822599,0.5401375616357242,Scale Down
-0.6841128139670093,0.3078585773553181,-1.325276809222896,-1.6676854902505631,0.5979502170806417,0.0392558040567264,0.2799011840726088,-0.7542430074738917,0.3002027146358586,0.5233617086633872,1.1707145499475662,Scale Up
-1.0456113952842288,0.572421789953167,-1.5799818611213128,-0.4052820325305783,-0.5907823802423977,1.06389869885109,1.6680278814273266,-0.5982126900383601,0.89844535415122,0.0671062325533231,0.7676010106139715,Scale Down
0.478005286409047,0.1147748792357528,-0.7687218682995899,-1.6211121516121598,0.8706502303804146,-1.0530161751798195,0.9337927766311224,-0.1352982539817691,1.0161566697520652,0.5655290174396427,1.5838469859906572,Scale Up
-0.5999718387134104,0.1131152873403972,0.8719345508702896,0.5165173877521053,-0.932507982187098,-1.255153641565191,1.0102217527020765,-1.024032758262962,0.4651109421274723,-1.081056768055834,1.0851896479457719,Keep
0.6788167631724998,-0.4103772888756562,0.4038388394003688,1.2383612293876454,0.2409659132659287,0.0399931078255739,-0.9874940361347714,1.7184610094251929,0.9046950940702884,0.0375977749949085,0.8928837413148619,Keep
0.5551046831413644,0.7879393829406546,1.324257756417666,-1.0278091539278644,1.5486035834878191,-0.3734078339627215,-0.0261602452987128,0.3446746671012534,1.552604175894681,0.6713369257036762,1.5233837411395579,Scale Up
0.3458555865528463,-1.014791356418191,-1.0577465126686234,-0.4786055288149224,0.7554154270650809,0.3382352491809435,1.2100930364935127,1.256511614173816,1.0739178910767946,-0.3000004527640658,0.9106053463174534,Keep
0.3308345666157604,-0.6072927085940604,0.1658866479896507,-0.9822951933653756,-0.7843867487050523,-1.742353405424474,1.0148061231766048,-1.6752347146723352,0.0531738682806848,-0.6460494594482199,1.4296219934490058,Scale Up
-0.6315842234704039,0.1870453705393769,0.3394897602644219,0.5216057768938207,-1.285468170164536,-1.452804802746332,-0.1485286520843651,1.5039366827077698,1.212043887600172,1.1331858477006933,1.1746845617667314,Scale Up
1.0099316341257636,0.6332291364467334,0.4256799676795402,-1.0883518678387163,1.421612271907096,0.3897909598122394,-0.8458382720149812,-0.1670530959641855,0.6708646515631662,-0.6825194193179507,1.4182975685782009,Scale Up
-0.7993298691039044,1.4440071895826128,-0.3935692897451553,-1.4040408889026414,-1.5800507467162257,0.5288956461575669,-1.4970991286950228,-1.5445366589156997,0.2221193785984489,1.2963135884285484,1.22454792296643,Scale Up
-0.4944585365497654,-1.2747128905608869,-1.1406699233700377,-0.40131524837494,-0.7667822021077312,0.0869781552990151,-1.6896390691688412,-0.7155147024338926,1.0588907021295584,-0.5702522066705318,0.7007352681003993,Scale Down
-0.765242972984272,-1.5156508387017398,0.4633999482990587,0.2916100240231847,-0.1014151178284112,1.028575021631531,-1.2633704538484334,-1.2507170710415432,0.804997753472905,0.5503245422422905,0.29504259386987575,Scale Down
1.150179711730648,1.2626929999291954,1.2674281251965538,-0.190639704350866,0.8256176261873589,0.8831098381595923,1.3179191730385365,1.1927983710595778,1.656274322101796,-0.06315351964996,1.3730682275158874,Scale Up
-1.5099318719314074,-0.7359926382027382,-1.1378505636617395,-1.4784058728072291,0.5716027866844798,-0.4256362050184235,-0.6491879737625429,-0.0103332142026865,-0.7378113703414727,-1.1754699785068177,0.8852472443078427,Keep
-1.259100346874839,-0.6937444093386371,0.8717627807783563,-1.1700909485117068,-0.5297460791114169,-1.6696228334864467,-1.3548424503194347,0.2684285420089753,0.8783558838963781,0.5183743637239367,1.166826505536812,Scale Up
-0.2877778687784835,-1.4518753756274785,-0.3667930332364392,-0.475928787200693,-1.5464971351820618,1.3167931287349868,1.5063816169707585,1.3806256651722333,1.774525072431865,-0.0390999706190692,0.531690830770496,Scale Down
1.116903241414014,1.6705437301259638,1.2679590225458763,0.7086808954029656,-0.7935249486166422,0.8163137119384893,0.4283893275748026,0.261143225469285,-0.4384432909704353,-0.5490559906778678,1.2885934759858457,Scale Up
1.5966772747385394,0.5994213165624239,-0.8739161470616418,-0.0540388734992428,1.1069724967434995,1.3746977731578276,-0.2227486522135828,0.0133384305726331,-0.3049025415796773,-0.0716042985751398,1.1496455179169356,Scale Up
0.8603065545576735,1.0431409240300222,-1.614336664404543,-1.2747939846426375,-1.416873971126662,-0.2675343917850914,1.1273168836972962,-1.41214763763474,1.6926165048716866,0.8654277662639525,1.611384440167837,Scale Up
0.4414283110726281,1.5414322826771916,0.3321195629289865,-1.0687118912275222,-0.56752784860393,0.3814200158494615,1.6228238303024125,1.504408225049357,0.3259346251278803,0.6290137623980628,1.5250977538341095,Scale Up
-0.8625646224132444,1.3723613350637924,1.590124276727932,-0.8937973487862116,0.0331187351483173,-0.9237104093831056,1.2967220507099484,-1.603381203960172,0.5589233460731189,-0.0916229470126557,1.4260468946019544,Scale Up
0.5569379022348953,0.5711686015202316,1.3583487303564254,0.2938862719592603,0.3588259556686504,0.8861171670334319,1.4138993812319198,0.6850929257407561,0.4311432303701752,-0.4885324817772463,1.031842510229928,Keep
-1.5361310725016613,0.6782976994232525,0.7918478679275355,-0.5919224365270542,0.1257171901918458,-1.307790407165382,-0.8782596051904489,0.9212274246687158,-1.064531088873644,-0.8239660632951398,1.2210469565826023,Scale Up
1.6396749289107893,-0.5723106031441196,-0.1343481601418092,0.4738189283767899,1.708327078317959,0.4451035893226103,-1.5877407974431763,1.5250450196140035,0.7597546634368992,-1.6027365121563266,1.074465459868241,Keep
-1.462564880754085,-0.3797525063038331,0.9861224665351804,0.2263329120323297,-1.1352475484451374,0.2819215003049366,-1.1990156361061763,0.6744144345766226,0.8739653395648571,-0.5230629186149686,0.5973529037294312,Scale Down
-1.0705995683245326,-0.0645873714081725,0.6169613693729621,-1.460383348287157,-0.3546199295997408,-1.3504985217911063,0.4522781029155228,0.4206085174504487,1.0727319378511018,0.333530891905558,1.315447984642617,Scale Up
0.7491059861476799,-0.7679375286095336,-0.693593066485032,-1.2868093412664965,0.8718047752397675,0.1602653853194197,-0.9359890341910266,1.1297161734476902,1.0320793858787851,0.9301766646271638,1.1873006965706412,Scale Up
-0.5833384481869437,-0.2228402216018387,-1.544587527913024,1.4534000310558874,1.6039372111443542,-1.3294082517718555,-1.4804582301541045,-0.8456338611345462,0.9544375906871,-0.770525276895335,0.8649294692425119,Keep
-0.9425428391523802,-0.9628429309327514,-0.2782934410804191,-0.4027040591483786,-1.5240220906558917,1.5419777465410425,-1.1772417924115122,1.5995169086796903,0.8962508094178226,-1.146844696614764,0.4449104652712952,Scale Down
-0.2346998193740629,0.9291275872732676,0.4097370395838106,0.4085461724715013,1.6757572464081345,-1.736116427632803,0.2083295402432686,0.4838925626885784,-1.5482996518992946,0.70328710422203,1.4162672503075169,Scale Up
-0.163291642374108,-0.2762911694803345,-0.5126860134925733,-1.3964888356101712,1.5070505002402574,-1.674968637735231,-0.2070968498556654,1.468947777746882,-1.0204902735399322,-0.7430602453885008,1.4910886352177177,Scale Up
-0.6737952500309327,-1.487080027331787,0.8184527085942279,1.1043248736790707,-1.7055295030742412,0.6211996490961113,-0.9648179269071658,0.9156927260300708,-1.250026548907854,0.3290630620639671,0.3061403245633424,Scale Down
-1.3988163200147348,1.3229973461887252,1.0142898485944103,-0.9030332345076592,0.9764969768926962,1.1465789908354924,-1.299285814263486,0.6614025238476607,1.4558680785500082,-1.2443403633130472,0.9501311592957744,Keep
-0.0754268916075306,-0.0550716223735443,-1.664028935417354,1.476059990528744,1.1133625658932935,-1.513673349469974,1.5913829164579962,-0.3844683333472132,0.0585462442185364,-1.1394502650552318,1.037391867295046,Keep
-0.2160786752584047,-0.2815567308623949,-0.4599648964101246,-0.2350765562379949,-0.2172191051565665,1.3511771256232952,-1.5395590214133723,-1.2445670892826457,0.2577782345823083,-0.3971844104036331,0.654553768459633,Scale Down
-1.349195552989568,-1.3216808393852275,0.0260000714582178,-1.2770316841842495,1.2370045781172545,0.8781787787930544,-0.5981955987506491,-1.596809806683232,-0.6965939206808637,0.5196558342986567,0.4743607599035794,Scale Down
0.5723715070343858,0.6356587774104207,-1.3348666242382758,0.6035177106081578,0.1420631096097679,-0.6314923130807909,-0.0451267120918467,-1.582328621631811,0.813038334008066,0.6252905708634037,1.2352086176759616,Scale Up
-0.7948952605819348,0.0936623464954968,-1.541195890902075,-1.4683083072684289,0.0265234429646401,-0.1848554183269633,1.5110019399501833,1.318408763395397,-0.0401771506480784,-1.3706171664327411,1.171333873817887,Scale Up
1.535020375796128,0.6895444656192631,-0.3876190511467748,0.3490161192582812,0.3603762422508009,-0.2304050536988554,0.8022541881935137,0.5085693050295798,-0.9740646328528284,1.539948852154684,1.4161292122089895,Scale Up
0.6430717288511022,-0.5000448381900398,-0.5523516740783678,0.6638294192382713,0.1031198988978268,-0.3442780735831899,0.5426165719524615,-0.2339029501219846,0.6776772916462035,0.8636960492710877,0.9890613664976257,Keep
1.1017779916797346,-0.7649412577337076,0.7800043340525159,-0.1049874883953012,0.6359822552834051,-0.7963812014252559,0.0083650575125801,0.3091425280584883,-0.9241171815493824,1.0661510829069003,1.2357805000021913,Scale Up
1.5730471028312325,-1.7645873481351717,-0.6921861045855574,0.0995035953050867,-0.9380655328664322,-0.5000525558845192,0.7240234746242004,-1.2947228964421675,1.198352438292673,0.6465387383658536,1.0243071573507807,Keep
0.0996521537507555,-1.2885677200300705,-0.0841128963559459,1.3937531191452552,1.188170308529666,-0.3543671828876609,0.5650553813461333,1.331219194456683,0.271997865144981,0.1147804013668884,0.6474369362811034,Scale Down
1.501830146254573,-0.2431113356942289,0.3434920117663855,1.2379717718836871,-0.8239569767136039,-0.894244503297069,-0.1350325585688042,1.6894092913137828,1.5955572968389096,0.2884716157512184,1.2770817719949021,Scale Up
-1.1031354306600605,0.4601892619628341,1.0093690643490925,0.5220406344736203,0.948483330387421,1.11793558663794,1.5968401651437587,-0.0896294312435589,-0.6847151349603565,0.6094626775486203,0.5802426452617391,Scale Down
-1.5486004872692154,-1.5560000875178928,0.6849746148204243,0.0157569980567275,0.1588796324249665,-0.006171903535007,-1.090921378526178,1.0010551913875527,-0.1257367998088679,-1.2601163051180446,0.43459594832356807,Scale Down
0.5454261705100094,-1.069097508457653,0.516293897977043,1.2482453729487382,-0.1316442589792169,-0.7648680965289093,0.4144705737351742,-0.6377997173508179,-0.6160733831000199,0.797838852032443,0.8382368952131725,Keep
0.5630297038215372,0.9134713136877964,1.0855006578778033,1.1853032940581696,0.1859524880048312,0.9731191751531862,-0.283228913649596,0.0950060021590313,-0.5653562083739603,-1.054803938444005,0.9199259797412584,Keep
0.4128224771174097,0.5156067017178995,-1.1342977949554038,1.4892354318437016,-1.6018464145839388,-1.3233515206794464,1.6832549932916896,-1.0382039362105335,1.4068704765594866,-0.3234825351873112,1.2114709966421948,Scale Up
1.3458314783229586,1.2012894307629634,0.5768631407393968,0.8274056647230633,1.3424974794366449,-0.9973393674210628,-1.3427618043617446,-0.0688518445551317,-0.2936181744415119,0.3989205255561294,1.5552817610370822,Scale Up
0.3863892044355942,-0.7502314864499732,-1.2556962055115848,0.2412212712672947,0.2892664372868646,0.9371493656345904,0.1695912761866427,0.739878328261125,0.2248139357491402,-1.6977731407247416,0.7247454294512625,Scale Down
0.3676304437908583,-1.367865995445135,-1.1133551873152316,1.6383662685750464,0.1876279421038119,-1.2514165915060178,-1.114148324399331,0.4349103413222497,0.3404393081348941,0.0607681483594383,0.7998300261140063,Scale Down
1.472184798376159,1.2608324301606104,0.1735067441083011,-0.0367108970759584,-1.6912719793220674,1.3825077864036786,-0.98161950605042,1.4944683780378654,0.2718908223598402,1.669134939822391,1.2948870071280214,Scale Up
-1.4858685417289363,-0.5646540658821535,-1.6041430650738902,0.5144326856136918,-1.6499651517475709,1.3855389747333418,0.2259119470000325,-0.4526258966028299,-1.60869535177469,-1.5314417235600866,0.24133027707930244,Scale Down
0.3435484403317737,-1.6811422455170255,-1.4663951755488212,1.0654900890288106,0.8823497271038034,-0.7736780929260989,-0.5772139994651172,0.2155553582581301,0.0560941545122935,-0.1989547662304102,0.7195855603153951,Scale Down
-0.5428631655791406,0.8848160208496291,-1.1300682743221515,-0.6921291065212517,1.6100170396179525,-1.4689626733878154,1.68938287817966,1.3127054056176446,0.7580642763193968,-0.8697526605864826,1.508046516156549,Scale Up
-0.2044479604698113,1.1433297438157854,1.6177384592809465,-0.6890282265668168,-1.4986418066765332,-1.1292799690130615,0.4180794546186624,-0.7791711358404717,1.3354153706716574,1.345546302535692,1.5349331387947485,Scale Up
1.588824086803053,0.3838026123062531,1.3765752760089096,1.5074062741700058,-1.1636579652650172,0.5488311580323934,1.7047010805438276,1.4875229778389776,-1.0955041993579553,-1.5714963376050473,1.0795919655756312,Keep
-0.2932914111593439,0.843086996636941,-1.4771875648506054,-1.6885542634181785,0.9260047303765068,-0.1990609540040109,-1.6688480602310458,-0.5928282955963212,-0.5030728901607345,-0.503511833765526,1.3952412700190489,Scale Up
-0.8139313275206594,-1.5877799982717862,1.552019310067147,0.2362767826296649,1.583566460605787,1.3837963508338391,0.1854766788897859,1.2671153977129612,1.5865741628653922,-0.7773136075073647,0.27520539080074924,Scale Down
0.5867375505474371,-0.5088730111000037,1.5228043470648351,0.7980772208665421,-1.3357381374074648,-1.5707042919179304,-1.6203999004181244,-0.4383921084418822,-0.1790303721512087,0.0782065384775859,1.2059877241661068,Scale Up
0.3902721771064805,-0.7787862356777178,-0.3989037525590355,-0.4970059236729102,1.0100350500682234,-0.555241433029463,0.3792459826999464,0.2245399796731918,-0.5315180954577718,1.5972860017884345,1.1041374202135743,Scale Up
0.3894737257523722,-0.2662161694605439,-0.0317742220041313,0.1941264850127212,0.9990100174206322,1.5772466740659965,0.0789551577943471,1.23253399482823,0.984299182047176,-0.3106505122701837,0.7148303671094589,Scale Down
1.160430765524285,-0.9513287571438138,1.6792788867091912,1.2569594016915353,-0.2192470773360036,0.7908668475462056,0.2758594641123101,-0.9761257219720332,0.6123229755103173,1.7166013025968123,0.6732392935634723,Scale Down
-0.6825701318497961,1.2745890330893437,0.2072406171878808,0.1952561936037221,1.3209465881125364,0.368936875995177,-0.6177317948223381,0.7262719856265919,0.6074266406379942,-1.273589063322532,1.0458493178591393,Keep
0.7459447339468235,0.9869927063405968,0.1765371156643884,0.952943542646711,-1.0865782889420867,-1.7207970705273687,1.311732583913826,-0.9590870425733476,-0.9613261379592932,1.152719615380207,1.5101463193430198,Scale Up
-0.8631329305264096,0.5417745460444864,1.508280434336596,-0.0979269525726425,0.1228837992444167,0.2060036458854583,0.3779321746755268,-0.2150819057354281,0.948614660666781,1.2264561249363863,0.9339961904420696,Keep
1.4466512523042252,-0.1548683347305852,-0.3358648287856196,-0.9159957922808158,0.3801369801431452,1.5515162335217978,1.2522485475769756,1.5206618679418056,-0.8801681184361271,1.4600474301039064,1.1012200920059894,Scale Up
-1.5122550961178054,1.5434780405644573,1.0777336047181896,0.149055062801304,-1.4312432515395703,1.5372117246803574,0.9445974949159672,1.4194689911370246,0.4477848054745287,1.6040396980606066,0.7359849941853354,Scale Down
-1.1534154425903314,-0.3589639641324623,-0.1250192945407224,0.0104737069705978,-1.3099131215132944,-0.1356257020351736,1.450346646559325,1.0180718685834058,0.287284270499017,1.4579174182026828,0.7688133455884674,Scale Down
-0.710656057270097,0.3815191245575,-0.91996874853008,-1.6309533429542913,-1.3137664930629291,0.7252666092190828,0.8938365871780971,0.7760589151831081,-1.6043526174847993,1.053215156970201,1.0609378322252545,Keep
-0.2314485932143567,1.2425444349025294,0.4342312699138347,-0.8873487816164198,1.5396248820725071,-1.049503977129871,-0.7019672162501385,0.3097281134835746,0.5698264782396208,-1.6015935789410358,1.5713806213063926,Scale Up
0.5510187637491324,-1.3210288259066716,1.1453971204994164,-0.0019549727475379,0.0227785018547961,1.2086518588475952,-0.0936358007454378,0.753831896544242,-0.5065313767123013,0.5792442160231311,0.6264693695153893,Scale Down
1.13194139764414,0.6014768282013448,-0.1037346433133089,-1.2794153459702609,0.3827713934098078,1.5391313862399585,-1.580640606100592,1.6508398881489834,1.402234846521621,-0.4225886986889583,1.2774748791915733,Scale Up
-1.534456551642414,-1.243941562342216,-1.58653419651094,0.2097988364291814,0.3732587363735429,0.4316217334396861,0.8228856944170057,-1.2322803977208396,-1.1170644735519526,1.0430326610521568,0.30625001302033494,Scale Down
-0.2507132627835499,0.2900224700443045,1.1690504066750318,-1.648775890800399,0.0614782196427999,-1.1744422839500803,-1.011742358267338,1.385434355768067,-0.7843930528663332,-0.3931321926403296,1.5396965266916829,Scale Up
-1.3098274846203528,-0.3743166090942044,-0.5184673987633068,0.9681990561601728,-0.9395746502702972,0.1311237746651408,0.8435529504733457,-0.4216923207741412,0.8194225238482729,-0.0449185397150946,0.5095600393371411,Scale Down
-1.1938987279436275,0.3779344202588734,0.4701884211604107,-1.2914686764434904,-0.7205169465881393,1.587189725773811,1.038433542850388,-1.3273829935282768,1.0878653499413795,1.1403205217112955,0.7312914386264592,Scale Down
-0.0877229256110505,0.2089427925112162,-0.8601447744564571,-1.3592476750204998,-1.402968349537631,1.1936615957172083,-0.93168711611298,-1.4628564920216052,0.7746063405135746,-0.147643991731829,0.9871303309854502,Keep
-1.0545662925008463,-1.675185915995316,0.9584034659737696,-1.654461735669504,1.4128193606622683,-0.3571714427365898,0.6881675403004509,-0.3498180085560912,-0.3350633235037233,0.323867911085373,0.8023081817473323,Keep
-0.6581086663957626,0.5919324895962672,-1.0358680680516432,-0.5515216753060279,-0.9801683915004634,0.4241311621240072,0.8873817187135288,1.180087550164943,-1.3911905831426703,-1.6757110662356454,1.0218970559437919,Keep
1.5223686941045234,-0.905383159169891,-1.6389692429555365,0.7661855565834707,-0.7442161418489988,0.1611647052065812,1.000160251390536,-0.2412671043636551,-0.8724866291107698,-1.531130014501371,0.9537522324864615,Keep
-0.7964693132532497,1.1881608658305405,-0.1733645000298453,-0.3791265090435978,-0.9473873496575782,1.118454388971441,1.4011061145243835,0.1315272499361124,-0.7413244047813515,1.1004563965355505,0.925673602374159,Keep
-1.256553805305697,-1.512086448778154,-0.9036923868975112,0.7251179884731391,0.9563892936653654,0.2982519127159491,0.3590769170219103,-0.2618647560462365,-0.0064580939264932,1.210576280111817,0.2799177773924312,Scale Down
-1.6545762100220962,1.5072309312455705,1.4851149523528968,-1.1957630915692206,-0.6411714041532999,-0.9034791181086173,0.3831899121500224,-0.5696893212251042,1.187691643558424,0.0086088325343533,1.372815504074451,Scale Up
0.2159598979817249,1.119804787529297,-1.295521002369373,1.4907547076366596,1.625634270277137,-1.4163385046553496,0.0532750639919024,0.2610670150602457,0.9305343999348714,-0.173204134546512,1.3147033394654093,Scale Up
1.2072467578228852,-1.201788028695121,0.4699339841544364,-0.926169904274878,-1.1819414361992169,0.6359764574498071,1.2409542084655798,-0.4157220520423469,-0.922969354046608,1.3076390175618835,1.0072063939746643,Keep
1.1884150385085517,1.0551777047876094,0.3509168227038945,-0.46460966380287,-0.6779517253288024,1.3565291109923976,1.5506083963310502,0.1649083702581188,1.5710175066727918,-0.8072723114839241,1.2720318397429844,Scale Up
1.456856394991612,0.73700139451993,0.2486304203988607,-1.3214356362162447,0.8774933059786789,-1.241562431852916,0.8242535648915671,-0.139618586013706,-1.1723091219480224,-0.3275001186107573,1.8719735972690335,Scale Up
-0.057222595078363,1.0013818202374989,1.0452344303418828,-0.4061044065702856,-0.4137320898413376,0.7545378216650898,-0.098828100276999,0.1635195330022175,-1.4981226598965331,0.4787526789271923,1.1041828199531318,Scale Up
1.3614699818646738,-1.3589286668321172,-0.9886986788241904,1.2115278281820088,-0.7114149384733292,1.2267583912432756,-1.5848965878944503,-0.906271124179788,0.7690414476046549,-0.5221277914388216,0.5466784132845492,Scale Down
-0.8364683577143656,-1.43004398275906,-1.4549694415036811,1.658461996182584,-1.3268352093845894,-1.078401709736718,0.7304923034602611,-0.2953087611749977,-0.9493804206888908,-0.1792651440215385,0.5062002659639715,Scale Down
0.4608449032533931,-0.442006683876087,1.4019451399892668,-1.5800816615943154,-1.6622150627709726,-1.141618990063335,-0.407724390871975,0.9637894018041738,-0.6947369741629739,-0.2608809658952521,1.5141385100799192,Scale Up
0.6473756308308962,1.0086342749556405,1.2666935377927762,-0.0272339281263344,-0.5662980443455491,0.9563660062630672,-0.0797537127883836,-1.1690564562792536,-1.5557277025880665,1.540693490461616,1.108524184151852,Scale Up
1.0061846096202882,-0.3381975197568383,-0.6236938440453358,0.9920306674468984,1.620152132328127,1.528654088644401,-1.4795823829456185,0.2850189735944131,0.5157808365762669,-0.6545868242230429,0.6698488813160591,Scale Down
0.947765016858796,-1.4424036918607426,0.4358080242531048,1.2497253289897663,0.883414971974132,0.1243670967040437,1.4391339410614292,0.9706675429598922,-0.3399503413064563,-0.940285493705862,0.7032444498025738,Scale Down
-1.0572816634214162,0.3273562514403599,0.8568745001358478,-0.4940060705782003,0.093878455538503,-1.399913113940277,-0.7905816194418779,-1.6912618341900327,0.2443369891514534,-0.9519053147279842,1.2059334089800797,Scale Up
-1.3012735461406215,1.6323755894186411,-0.6215749463668311,0.9206818913266396,-0.201660353106851,0.6275590640120586,0.9686232639467336,-1.0129165607826758,0.6646178164274351,0.9684302929995452,0.7933419977729166,Scale Down
0.7511699188205558,-1.751447221696604,-1.4081265585550575,0.7563318694401223,0.7134734450023705,0.44015815192775,0.0225459475639017,-0.08543446888512,-1.556249743240079,-1.3232027551681058,0.577432735930433,Scale Down
-0.6334671198918033,0.7987324703956129,-1.6408311989823043,-1.6098827575821946,-0.7307837884916016,-1.0887441067999544,-1.706599999776734,-0.0387026322467783,1.012009922310346,0.694212907179419,1.5114621206550818,Scale Up
-1.610046010464639,-0.4924760067742706,-1.2650432204662003,-0.321447146572302,1.7295034121642023,-0.1912659212838833,1.0592070444482278,-0.1045807656038955,-0.2566837631588381,0.1330153813017538,0.6786784397728438,Scale Down
-0.9678260711675822,1.3923411479712022,-0.3378715961890552,-1.7118673310235832,0.975147375098556,-0.3124963897645899,0.6698736040191966,1.042537328771747,-0.6015883149763531,-0.1457044686998205,1.4437036471584095,Scale Up
-1.3211337070778555,1.6090099810691592,-0.6300196288798002,-1.6409944652810708,-0.8292163006037814,-1.0338947447315625,0.8054207979934402,-1.3106673779680569,0.3889736441712315,-1.5195101934792488,1.526303442860488,Scale Up
-0.6615529614302135,0.3239673554208457,1.435053403732634,-0.0071264800778531,-0.3456302712724643,-0.5552280254081199,-0.0051698549980762,-1.0588133790737893,-1.512580216980435,0.3784516307004685,1.0328354352758846,Keep
0.688824434033509,-0.7511675362374238,-0.9268668183267832,-1.1590631396307536,-0.2149858538268242,-0.9736173073709375,1.710484267326941,1.308802474263128,0.101658644940109,0.5455623205119127,1.3903809079154659,Scale Up
-0.9517005033057168,1.6208543787561362,-0.6712416764424742,1.2171687081773326,1.655476233963731,0.19795790696142,-1.0381195946814663,-0.6280843235172844,-0.3580943680739453,-0.0362599547507711,0.8869632038589211,Keep
-0.3244332429848965,1.611165532458349,0.6842808599519684,-0.8016115636711438,0.0518946295671201,-0.4150958644479059,-1.4758010162411628,0.3754410962037083,-1.227722988988481,0.0850295034294728,1.4705619007382018,Scale Up
1.1601957004993468,1.145991697555092,-0.865152543847001,-1.6549239682966863,-0.9390157907654256,-0.0678191990634688,-1.454277062050034,-0.1292820009177251,0.897311810325206,-0.7557364137762704,1.732051849601831,Scale Up
-0.1483815529764977,1.222385521934579,-0.4482131859600634,-1.4348344302527036,-0.5909161949802889,-1.6984450788339047,0.0717252947248519,1.2311170964330669,-0.9546706741410734,-1.17301094037695,1.8069937825489746,Scale Up
-1.0293774986869435,-0.2368557241273231,1.5804710192292768,-0.6609440934397848,0.2723547142840765,-0.1385278181505145,-1.6368641254960727,-0.986616247176696,0.954008252263132,-1.293018927982474,0.8992840435389435,Keep
-0.9772501393152008,0.3731963130295586,1.1854221512778809,-0.41050361629366,-0.9198554758651254,0.7767262474970934,-1.4319597677635347,0.7491050182687047,-0.0137552085563343,0.8932737755092169,0.8262765538771941,Keep
0.4468514072222531,-1.3521483379925978,-0.1053599280370901,-0.2901589358575628,-0.9829508049968524,-0.722282903194428,0.7528178763022505,-1.5152090539480754,1.742512201429251,-0.4364078002920187,1.0080540992609326,Keep
1.3776972031646384,0.92745200921093,-0.3293489401867647,-0.1948707358139945,0.3251915816046052,-1.5710503615733888,0.8474344017485564,1.7148665494289528,0.6290909662767633,-1.0810394508859054,1.8367741928727161,Scale Up
1.6403364552517188,0.2153922437268201,-1.1227871002840977,0.0648992427692962,0.1266522830580554,0.6021783854681549,-0.5222280303819471,0.862319067046072,0.536512660344513,-1.132679251613131,1.248386859745805,Scale Up
-0.2411539219744132,0.5793466915592888,-0.5275886815409051,1.1002020216999608,-0.393452643692522,-0.8288926603743704,0.8253398929065452,-1.1982276715142206,-0.8073211913709587,0.970300547351839,1.0322496412245983,Keep
-0.2340106792306642,0.5912971418859793,0.1794092956287061,-1.5598670329337971,1.6110775392837302,-1.484458061191901,1.1510441566693432,1.0085843544130215,0.7644992574727236,-0.2810381516921973,1.6470423809523986,Scale Up
-0.8929357018059558,0.6554886654797458,-0.4282063751103384,0.2234119442510626,0.6915806903053425,-1.6701654062623743,-1.4758579552482909,1.4673677860157843,-1.604719692079311,-1.603256027254186,1.2798552532046845,Scale Up
0.5617411058491842,-1.171766698224781,-0.5659105519889926,0.943217584627729,1.262822266974428,-1.482033249258505,-1.5883422155347169,-0.6989141917067735,-0.6983326292330737,0.8718524363074804,0.9934057452784112,Keep
0.9581475450037436,0.8178368840524296,1.2382270481101738,1.1919618752139034,0.7376328878511351,-0.0669470039860321,-1.202617801109849,0.4322302772770392,-0.3139535292004516,0.8886327739683395,1.1782370466557728,Scale Up
-1.3490312238301876,1.380410395365333,1.0390152191762825,1.212438004607039,0.5634211299423916,-0.5701706981827243,0.858959250650591,0.7625050393134928,1.119667422067872,0.8827276190226708,0.9733287115872947,Keep
-0.992649148068812,-0.4150201807806625,-0.7312471469184632,1.6694103788426344,-0.0290688171868502,0.7825557718131829,-0.1719935441700105,1.6942177068004085,-1.4789337631668034,0.2666346644711945,0.33432451897484716,Scale Down
0.7111182331877606,-1.2757548440047288,-1.4076351421249813,-1.485027856991709,-0.393541828506623,1.5717195407421083,-0.3208322646231482,0.3352977004079884,0.4029490228014194,-1.5450357019540746,0.8230923588035328,Keep
-1.437881853270215,-0.6514196576942238,1.6687357738644963,0.5543028630999743,-1.6401754966358522,1.5956195564334767,0.2250374661514013,-0.8820345070526552,-0.0031091797451678,0.772763589975762,0.19976847508117968,Scale Down
-0.4165654704508271,-0.7729029855830611,0.8998590649485748,1.6017414539573671,1.575389022763152,1.5949319466307348,-0.498561710697424,-0.129308924824297,-1.4184006283891928,-1.296309190268917,0.19569481477498385,Scale Down
-1.5977991907140423,0.479491642422288,-0.4051689188432464,-1.076918357346481,1.3468851487459848,-1.5441032073023622,-0.6286116370514638,1.5036940518608066,-0.0122159252862329,0.3964441702563328,1.2972280057585084,Scale Up
-0.3339412928736022,-0.417643831621566,-1.2207304020335938,0.3020340463172595,-0.8839529267961995,0.2358321335388477,0.2691784284706208,1.5150541002973952,-0.0391290735888172,-0.4652062538833587,0.7969660383540633,Scale Down
-0.9226758372657796,1.241787347677998,1.0839179272759496,-0.7464836539059603,-0.0590591786094197,-0.7103530458363162,1.7081633392499864,0.8474255382887289,-0.6624452937744413,-1.0359455403917084,1.3638775766008955,Scale Up
0.6953260657727808,-0.5435604870008259,1.4814114114760697,-0.2216860057422823,-0.5119998651661296,-1.025470217212033,1.2739036623405915,-1.337040235808987,-0.4514411283967309,1.385289207521937,1.2482132052980734,Scale Up
-1.3505103256207098,0.1098358246660396,0.0178662503098457,1.2831864932713992,0.6298828404089117,-0.6800122167670504,0.213799408205603,-1.291135841010273,1.6949598573947238,-0.998869479574475,0.6989372088132086,Scale Down
1.6068097367003806,1.4955721390378498,1.098490251692009,-0.5244586378724011,0.9663160561027324,1.505116241516672,-0.1137315820059565,0.5174544177245111,-0.032078480452171,-0.8939793813166599,1.4052795198701091,Scale Up
-0.8872941268916963,-1.39283788849943,0.34054560282126,-1.3380071056050402,0.6109603828016508,1.50004281192342,-1.2167271912961215,1.3267373301616268,1.7147994908453958,-1.1041405555707204,0.5232734957445291,Scale Down
0.9011661167498504,0.5441829843403303,-0.5775552512996708,-1.2922140381259013,1.292674367171093,0.8444841595447786,0.6955119185875408,0.5867857674310998,-0.4139731032569164,1.702193417216178,1.3140210920505386,Scale Up
-0.4314621385422558,0.815056259961651,-0.4139860727459944,0.6880507561987678,1.3029931690638672,0.7603486383248285,0.9760629457290106,0.0815077292993093,0.5669969610112433,0.1541596457846318,0.8266764134022799,Keep
1.3792008862037828,1.3195300796013387,-0.2429285288019521,0.5777818894183985,-1.643561877974372,-1.3139595243378988,-0.1620361894876031,-0.5804547137140604,-0.2126414866011073,0.1669743515318307,1.6888072541526737,Scale Up
-0.0039448187900537,-0.3258601611396149,0.4292066073239045,1.5397111899268543,-0.665250821780879,-1.589936906153222,1.2211377361215536,0.1464312104907534,1.7152846377106974,1.4045805348224498,1.0352810002652102,Keep
0.407843396403552,1.454860935492888,-1.126580663794863,-1.0338568593132964,0.1733989646542793,0.7048731488544695,-1.1901014297770327,1.0042997623341845,-0.31532584890182,0.0514168765979689,1.401415657952117,Scale Up
-0.9279887928347376,0.0939975043245095,-1.4537140926294665,0.1719621126508402,0.0959200471185099,-1.6353059565869184,1.002510946232132,-1.2717321933824497,-0.1812127324808436,1.691993604128205,1.1078447401325158,Scale Up
0.6577788015581618,0.1890219653381715,-0.4872816438972978,-1.62369665237268,1.475286961987508,-0.3873096701534888,-1.3949297590143817,0.5001279434878837,0.164466826271181,0.4673060296043566,1.500477429339278,Scale Up
0.5796809639827164,-0.0378726565723067,0.3708039633997764,0.6949730158430509,-0.9967211461821854,-0.680937811833941,-0.3148656988606185,-0.082582583320451,0.6776240248019663,0.4153025683086295,1.1436741770626384,Scale Up
-0.8035746587406013,-0.1799120290230009,0.7783224944272519,-0.1025977885344852,-1.2507007326230053,0.8630940822651278,-1.7493868863857167,-1.4095625949345836,1.2119567621180498,-1.3054007044814566,0.6605801639237197,Scale Down
-1.104950279589748,1.2088854077130466,-1.140281196535191,1.7166550802705849,0.1089557277495568,-1.639930159326281,1.0855457610479726,-1.6969327625241508,0.0415272695022749,0.2257488262696588,1.0526932457754832,Keep
1.688775196571195,-0.2630032460394856,-0.1034537072456771,1.5172751870169026,-0.0145420274357177,-0.7656652259088681,0.0536001140798043,-0.1730009773402553,0.2558745324287561,-0.2794449720587618,1.1869135495694447,Scale Up
0.3612840424257267,-1.5563472770019635,-0.3998542000530665,-1.0601383276464351,-1.2560889453359043,-0.4840066260041315,1.641276535241149,-1.0501538726082853,1.6413044042330889,-0.3003467961626387,1.03496556861317,Keep
1.5393178214105263,0.4485689296489976,-0.9860693631168382,0.2402451868225687,1.1391949817096416,0.8281074619761659,-0.6643865236627928,-1.1995860354389312,0.0106382762016045,-1.0326206437654082,1.15279109480707,Scale Up
-0.7032822767332771,0.8664477526136134,-0.5660997782649713,-1.6176555964080406,1.4975533554503082,-1.4021045052737648,1.0019234354639466,-1.5759195336467555,-0.1611392968278678,-1.1241592040082364,1.54553704459198,Scale Up
-1.168170349411182,-1.4467499534243442,-0.7062527678568252,-1.2838701606181906,-1.4312806989206208,-1.6202378607478651,-0.3876574568521612,0.479914822262553,-0.1730863357711554,1.5738905052148322,1.030303163114561,Keep
-1.1005718754248497,0.7055656056392605,-0.4036669363882135,-1.5347366996326322,1.6678561547610289,-1.1339171908100918,-0.9587287892704528,1.3762547799318672,1.0841570340048168,-0.0712060036667809,1.4334312230891866,Scale Up
-0.2599903576112916,1.634065275274511,-0.268678651528953,-0.721625723822223,0.1071166543397372,-1.3475619110185806,-0.0539123344934984,-0.320472774538806,-0.8600486104181013,0.363905207960405,1.6450515372985335,Scale Up
-1.6598448400827333,1.4310310767150776,-0.4541156908363827,0.8726058235580737,-0.9762784510602412,0.344946910076532,-1.0377537737472788,-0.0709714196689106,-1.3312346937849346,1.3050414420725869,0.749999853134145,Scale Down
-1.260741210013899,1.5216218555879542,1.498943006505713,-0.9611581490880676,1.0928665981771823,0.2084182581736899,-0.0644998981709159,-0.6534307234538723,1.3228271423187234,1.066081814227186,1.178068795775468,Scale Up
1.5240749211854343,-1.0593634939562293,0.4186851411853296,0.3216341880320268,1.59096823787425,-1.3422233390914875,-1.5277572162011976,-1.6132252949130794,0.0302533641062872,-1.3013484867181533,1.2704997349472755,Scale Up
1.7059461911482066,-0.2913040531960401,0.6973555358846519,-1.709257321916659,0.1880342214960061,0.5511159534321382,1.399322344980383,-1.6770367298684443,0.0305370450632876,-0.9622782995152438,1.4108371923061376,Scale Up
0.8417692421407867,-0.7633364349467165,-1.4443227438203436,-0.8864501805181633,0.0247586945004473,-1.1408986423648415,0.6975756176375618,-1.3788627486224752,0.5080695847037583,0.0232072067842028,1.353372591820032,Scale Up
1.5080460688456756,0.8555659071748172,0.262864744556485,0.2984461367457243,0.8872423639159142,-1.1909817583859184,-1.3070582979188925,-0.9895040215973242,-1.3548229374137115,-0.8402615201979967,1.6183667046995536,Scale Up
1.3465065214415664,-1.035240013191424,-1.009427925765601,0.3046494713476552,0.3235258498517206,1.6103253556747603,0.1662898448990946,-0.965857826830992,1.3349111646544836,-1.17301094037695,0.6804269832489174,Scale Down
-0.0292058778456225,0.1363368970500523,-1.593214788707804,0.8385800697380212,-1.087192435300368,-0.7999095757005853,-1.6126959195443815,-1.281113623894565,-0.7368652087114081,1.6718710526711171,1.0079445618875147,Keep
1.6854293742823945,-0.5783614989594149,0.1361103654583342,-0.6053553042335653,-0.9669521287880172,-0.9430738739067164,1.3315447611877584,1.2918395757592298,0.0521939850908107,-0.8277758406794422,1.5331578986247256,Scale Up
-1.5971893279831113,0.4493273333715987,-0.291447701945317,1.3579256041661647,0.4160257610010557,0.1456118956488251,0.0851468805906531,-1.6025902906398015,-0.362686771529999,-1.3752581679736189,0.5194684225823871,Scale Down
-0.0242971003807817,0.968001994309712,-0.1154097818063282,0.0875687744862376,0.2134386631147574,0.962962634076895,0.8400825634011637,0.3311007512452348,0.2487383435730443,-1.605455307835124,1.0046685402882918,Keep
0.3019060193170068,-0.0475236606107416,-1.6448203923108629,0.5765264065729289,-1.5441883810752104,-1.2142942473239926,-0.6156703191919021,-0.9375477666936024,-1.046675505113095,0.7998476437441661,1.1699320176457642,Scale Up
-1.566826918453515,-0.2042795712768882,1.4868101324717604,0.3217129075565769,0.5346379964617105,-1.663040364248214,-1.3048300716129388,0.8046821764938399,-0.258355624951715,0.572629057110388,0.9677255573476412,Keep
-0.4383679251146592,-0.0636946990772904,0.579115256084621,-0.2018654973294182,1.7242799520543908,-0.8778528564420502,0.349488562123021,1.1693391399954811,-0.866989872484314,-0.7402202295202026,1.1356429396732481,Scale Up
-1.7302644875707798,-1.436415780028089,1.3146378985032143,1.007286661889431,-0.9386788317188186,0.2592005343545635,-1.4629558309079804,1.6916703709122487,0.4001485678914684,1.3696691202462974,0.2279779406320107,Scale Down
-0.7771871955667414,1.390407875321084,-0.490822127408189,1.7025341273544408,-1.361705175583961,0.3730305083538846,1.223725259385702,-1.5690739874644433,-1.4963446677709509,-1.5439274030786412,0.7595821279299404,Scale Down
0.0584474152472595,0.6188100282376328,-0.7493637688638798,0.0341821315959299,-0.7015454187758691,-0.160750829251722,-0.4875022722507253,-1.119247048409031,-0.4361907025045127,1.3494773001094948,1.132490708203438,Scale Up
0.4246177673117601,0.0589961499831636,1.3740824212091418,-1.0480020776882737,1.3472463196070916,0.0528991234163975,-1.0266531582491971,-0.2043367583611786,0.5630938140278574,-1.3278264395390549,1.262640237159902,Scale Up
0.810992703902456,1.0280107949643322,-1.1960518365804096,1.3328771425145578,-0.6270520460308608,-0.675827744098673,-0.9414016648467216,1.5019357618517102,1.5660281703323988,1.1020322589990572,1.3187711177983559,Scale Up
1.1664518300801403,-0.8630773740090558,0.949145846319971,1.425674146970844,0.9570347651863031,0.4037890397042276,-0.1619818325924212,-1.476001671153326,-1.716463441343273,0.353064659585072,0.7080068553659581,Scale Down
-1.3168176797656777,-0.0246301525391458,-1.5434628130249648,1.460840321384475,-1.3866909681496735,1.649146149941717,-0.0791340573382706,-1.0827956101094252,0.5821909153292737,-1.6493023820944586,0.18302142470702487,Scale Down
-0.3269242985542745,1.3919589748692114,0.6160996648745439,1.1494970614423112,-0.3482461989855471,0.4409620955965228,-0.692679486493675,-0.1325059013620364,0.9704784059349546,-0.7270764975443595,0.9636255876233293,Keep
-0.7366222499315476,-1.0488914717677658,0.1147665421242198,-0.5117214788635501,-0.9258914438912514,-0.2703249223233703,0.6943503250783228,0.8034742372979574,-0.0895642967320474,-0.8511540200831157,0.8226345955032556,Keep
1.5999408811845524,-0.0716654073995832,0.051862097841428,0.6150514155876977,1.4869184378726408,1.4409996863857617,0.7523591691945823,0.3284782795933815,0.0054980260859867,-1.2521850412907245,0.9196747543547266,Keep
-0.8931383683667283,1.6822276967981329,-0.6406119763010628,-1.325353177026953,-0.4667050128771514,-1.3803845971416344,0.1218263786348824,0.7303903378079234,1.2624467921140998,-0.1055632688052166,1.6791272658530252,Scale Up
-0.9642886019908432,1.1549617178845588,-1.1509508875703751,-1.2990854779053314,0.9747731094927812,0.9523285676354838,-1.4247798627095962,-0.974913801773961,-1.5456470884403144,1.7154756865514504,1.0145718566634532,Keep
-1.3599830469646592,-1.6727458858244455,-1.6843439446808084,-1.2941577536274536,1.3899409013596593,0.5839234244393372,1.0430395409611632,-0.3791559342972536,1.5040489428710395,1.4851226921605871,0.49565129201543523,Scale Down
0.632684881075736,-1.748558097241789,0.0423205157302084,-0.8133908005454631,0.3358317470767875,0.8168908845749575,-1.1161996686219011,1.2554457241788537,0.7465949088934865,-1.4449078254266372,0.7842868696118774,Scale Down
-0.8421305269283741,1.563104696514241,-0.9475258371247944,0.4094660000895256,1.1001544934515088,-0.5998083920605882,-1.4094056715802254,1.1168422695337168,1.4366099857617771,-0.162657978059966,1.2335665547677728,Scale Up
-1.4756538290166183,0.7188553748014651,0.5054018494850651,-1.5098817339441106,-0.1669970774400939,-1.1889839705939735,1.4888152944608006,1.304487238457334,-0.7525758883730951,0.1772953848093043,1.3718725944718058,Scale Up
0.8245451719316595,1.58738389190606,1.2174578868279016,-1.4638989954947814,-0.0127304802526353,1.502472978434516,-0.3879473185711872,0.8171812423918633,-1.5243399798926227,0.1642036043432471,1.4172280567862274,Scale Up
-1.6868884823298016,0.5806164341730283,0.9620957225192156,-0.0012758213829792,-1.713189133558955,1.30838168498022,1.3980694782140517,0.9923146107541476,-1.0442893817575165,-1.0367594473783548,0.575149819564216,Scale Down
-1.062309325257048,-0.969327922740136,-0.6393589246880449,1.7077615658009715,-1.1713685185536806,0.9784717237214512,-1.5737662365316554,-0.1016064036548852,-1.0173298088557554,-0.9066209153645722,0.14338338347748747,Scale Down
0.0726405578641267,-1.5852882134358792,-0.0654571600498068,-0.2603310887277145,-0.6184791069869112,0.9158426315780352,-0.5280227387023358,-0.4992916293127913,0.3887710653868035,-0.552138446925167,0.565976531876648,Scale Down
0.507328023397726,0.3242909700327693,1.563140955247599,-0.6466469766026248,0.8362663795980404,1.6280443989246398,1.51974076015251,0.1403271045679116,0.286898395363847,-1.4175640141093035,0.9667027693091376,Keep
1.182451798749658,-1.14102419248371,1.4091664143717153,-1.2018692781431808,0.6063776630296518,-1.0122405788701234,-1.3776250098073302,0.9453937465786778,0.3084789733645082,-0.3242098563243144,1.4244531217109935,Scale Up
-0.3235470577099423,0.900258095461457,-0.3982138842354901,0.5068267010956723,-0.5977534883511733,1.7355919189474411,1.590863431676287,0.7999711359115468,0.4186536583092102,1.1030020205150617,0.716212036639795,Scale Down
-1.1882890862370434,-1.3598718791183546,-1.5941831685113728,-0.2566711431577101,0.4210553493029342,1.269093702592032,-0.2194716330357133,-0.9523604857317703,-0.8094220110901564,1.082914103397831,0.2615568948272061,Scale Down
1.0266746834795426,0.9229338597166448,-0.101955911278657,-0.4389708083800697,-1.319693002039822,-1.033370163980759,0.5729087348698315,0.360177839583962,1.43289375462625,-1.2780742103340517,1.6899508699320824,Scale Up
0.6836833577571254,0.9589730539213804,0.9127456064641644,-0.3098031656589693,0.0833721619475108,-1.240938922305822,-0.3010929717480054,1.6442878476935052,0.0036752081226043,-0.0653354830609695,1.6592460439307484,Scale Up
-0.9308993955727416,0.0008824603341457,-0.8843035896587713,-1.4127462619666251,1.4087733952579726,1.3362393792246428,0.5095383491582551,0.8253634321454381,-0.5081942560050143,-0.4471444456477798,0.7939536162405844,Scale Down
-0.0519011217085288,1.369369919111352,0.1095599880553848,0.368804122240197,0.7876362908326541,-0.8029934031921442,1.3685697681266509,-0.9888068415606938,-0.0928784450164744,0.066032568017747,1.3484632042936613,Scale Up
0.8880608881595404,-1.0886511168860886,-0.934779449378976,-1.6183656587609965,-0.2633304358326585,-0.8473710883381239,0.3569973009637684,0.5118042540316456,-0.4572710751893513,-0.4845841670335148,1.390617692080913,Scale Up
-0.289051685196758,-0.656471797269928,0.548789761609004,0.000396730770272,-0.1819044817976317,0.6286389333266165,-0.3736197684460181,-0.492523677304448,-1.260926873800165,-0.1071564484386522,0.6823220278826705,Scale Down
-0.248578386276069,-1.3006068057702185,1.3720035934710797,0.9018599388877868,-0.5828273198272226,-0.7952864416120295,0.0702941019319195,0.7002673547553903,0.8519672832200905,-0.7760840884424307,0.7568343693605899,Scale Down
1.2980241797643788,1.6405023853657297,0.2755352342302803,1.652783178495966,-1.0473636305975356,1.6991560877792335,-1.3457947337608955,-0.9911316027509596,-0.6616393626620808,-1.5481008410314452,0.9611048224308288,Keep
1.117391050737552,-1.555355679782525,-0.2454409864308489,1.4866713782874037,0.7833426147367567,0.4300441817035497,-1.327820175368026,-0.4641292659326544,-1.104502283674027,0.3429687495166707,0.564319953244425,Scale Down
0.9951051021655252,-0.9872291409312384,-1.3973307312790322,-0.4867259739364764,-0.9902794938017572,-1.3042739197628477,-0.4820360225250111,-1.1442533824141845,-0.2531780655756322,-0.2320305607941261,1.3089490128970602,Scale Up
1.497739319452845,-1.5354100539968347,0.3791488575558126,0.0348234530652941,-0.3527042120738556,0.0576773345541177,1.2083559888322104,0.4639637341609662,1.0414200247720085,0.1480813191396767,0.9953508103057481,Keep
-0.0367182442154158,1.1565663940482118,1.0355708649660422,1.2113120815576852,1.1788860415747962,-1.5612423441946033,1.6656108604016633,0.625758325946562,-1.5066662925553074,-1.4268287000211295,1.3584531253930547,Scale Up
1.330767807519036,-1.6535505681645684,-0.6552301359844247,1.554633951349042,1.2058261567319095,-0.3197559056566911,1.6390648830368346,-0.2861778439044973,-0.6829172652066726,0.313616146487614,0.7327585395471196,Scale Down
0.5382421332199315,0.6437341200924823,-0.3540047713529403,1.1550698459891628,1.7326847138383934,0.3864778677263198,0.8640357776239298,-1.4217174512406632,-0.3267225582352525,0.982474517811678,0.9332808283465379,Keep
-0.6685169561876996,0.712416226392218,-0.9995026253420218,0.149678472654639,0.5726055816775455,0.7964817008055248,-0.906015978714376,0.9722278953323714,1.15086699401158,-0.7876173236149097,0.8626091973917784,Keep
-0.1054184467200684,-1.2328379393323334,0.950992745979236,-0.4026245744969802,-0.2010247108543576,0.9063376825355276,1.4905845753854252,-1.421329506334249,-1.603564166618058,0.9450694307658002,0.5919877568083043,Scale Down
-1.4460118818206722,-0.5189141415765778,1.092318676206484,-0.809551273516702,-0.1296011036396739,-1.453191816018845,-1.6227970928383963,-1.0638034627542734,-0.554526402378906,0.0169557084399612,1.0283824733284228,Keep
1.419322583583173,1.263797602912592,0.6116054923343573,-0.4304892003200243,-0.5525235883419456,0.9118512246486714,-0.91266069206043,-1.276111213945996,0.6727004287040715,-0.9571004657065784,1.4000973306042612,Scale Up
-0.071488373547938,-0.9041841647822754,-1.2188902827750243,1.7292435476954655,0.9107643600739684,-0.6661565488710695,-1.435860892001735,1.274907981244389,0.7702964065693666,0.6500021723515831,0.6907437083948418,Scale Down
1.4463332424152489,0.3526758434727437,-1.1031790107005617,1.5966280473124783,-1.296631576922328,-0.2094507383168258,-1.0296835787050465,-0.2018443688316207,-0.0217077415120111,-0.5355485981335231,1.1343543779449978,Scale Up
1.5128379757145751,-0.1129173088396965,-0.6028701084159325,0.7000715902916617,1.3097068593591228,-0.071772161854814,0.0340677995827858,0.1315596062178917,-1.1914178688798382,-0.1350544091937026,1.1585830975499714,Scale Up
0.4871467698165469,1.1374869364712492,-0.4624945886293488,0.97119900431575,0.0214423754299784,-0.183790543244345,1.530361798306206,1.235979244186968,1.4737812340422871,1.142415899272662,1.2389142913047708,Scale Up
1.5009446699047275,0.1102934189754521,-1.372973145238675,-0.8845147895719734,1.611237891222112,0.4193056267692256,-0.3261334878645478,-1.5294162601975858,-0.7788337787453233,1.1347963445040574,1.3111331222282883,Scale Up
-0.7398271784597152,1.2525228080314734,0.8090808543934971,1.485820437538412,0.3487612783012566,-0.6700012637730928,1.1746296483897418,-0.1206740404610065,0.4231761046054807,0.2628422042568208,1.0191142175005834,Keep
0.3928099813084735,1.6453690651151665,-1.0894563596957298,-1.5115743993718609,1.5278646823065605,-1.1871345244006517,-1.7420754815204489,-0.6600458270212612,-0.3088555825094019,0.2691283369409197,1.84758862205156,Scale Up
-1.0409070935042066,-0.3711204986073549,0.1994590402450687,-1.4622497636499605,-0.3464668367305903,-0.9706934466760688,-1.3299767825351574,-0.2909846524094587,1.6811800485491308,-1.4626752417734292,1.1788010703494398,Scale Up
-0.7484061799969319,-0.4200933233423671,-1.0521179860459375,1.2432565817802357,-0.4451679955577632,-0.6888549104627437,0.8581215146939172,-1.5221675106580534,-1.686553444793079,-1.020654479344713,0.6817365018314148,Scale Down
0.8312685055121118,1.5449232308022864,0.1580563108233401,1.560159171446842,1.6228316756810013,-1.585041357979936,-1.179176862044545,-0.3085301895749338,-0.9423643207061688,-0.1595408874728095,1.5156948776083055,Scale Up
0.5603143912195149,-1.357960250130814,0.159699510812455,-1.1420801177818554,0.5824000084566537,-1.32624415250131,1.293823515040355,0.3129765686283431,0.4868477880740554,-1.7047000086962003,1.3107175045894754,Scale Up
-1.5094146337739849,-0.3518549708714134,1.388243549388164,-0.8548168719293116,0.3019498745549346,-1.1914404546079849,1.48316069470928,-1.4715899425121004,-1.1805725649365166,0.5522813824442278,0.994527579868899,Keep
-0.0391160184763592,0.7366907609346834,-1.4614694701903177,-0.8657374458500688,-0.7849603560470236,-1.4307769778626616,-1.444490467237421,0.1615539619600121,1.030170101326606,-0.0484685595504673,1.5711776202635028,Scale Up
0.4092772157935686,1.286164689716763,-1.0920573344959186,-0.5487004242760829,-0.8699767345031265,0.9094905383155796,-1.0033039578823215,0.0940464521897314,-0.2203703215631209,0.2051413940545688,1.2380114765090533,Scale Up
0.162718175945885,-1.5425228832406586,1.3479643931166518,1.3324085978349525,-0.2796577361718277,-1.542401532050768,-0.9671063805189078,0.0474691461132105,-0.3422436808230739,-1.199783285086638,0.8425486841309229,Keep
1.5069829690424397,-1.46027907178703,-0.274393755704412,-0.6702174537890223,-0.1491310505533488,-1.6255003042607734,0.7319452222662358,-0.5110186110180555,1.6290017981877316,-0.8868100729662,1.4431346433262038,Scale Up
-0.8699084708786208,0.9000243057898628,0.8905805123593693,0.2534871443000499,0.7320592215887647,-1.1273097963324032,1.3783286028960346,-0.2429428788045407,-0.0823606082296748,1.0274472081163744,1.2000840645337085,Scale Up
1.4838988460460238,-1.724793793939824,1.6769039727007096,0.1867037826120209,-0.7656247284340328,-1.404702865208342,1.546245494665166,-1.4559895861540164,1.5386385778558218,0.9613302533287998,1.19519233651566,Scale Up
0.9773322772273216,-1.1009817312590966,0.0863096440477769,0.8153868187230031,0.2002884771882066,1.11538228459071,1.665180599356544,0.3510433489887302,-1.0693026996555868,-0.5895608511409732,0.6283327861393782,Scale Down
-0.0578963840774154,-1.7504070330729808,-1.1602450512829228,-0.1974079896826778,1.4936354728556445,-1.1723948663347856,-0.7964093797106547,0.2950835258906638,1.384209963918943,-0.9252022386980104,0.9246963141478027,Keep
-0.1391918018192807,-0.962907657230411,-1.717714110350296,-0.091755090941942,-1.166039890935155,-1.3895361345917834,0.1964644013663406,1.000746391617659,0.8730783529147326,0.9323413108682448,1.1014501689062564,Scale Up
0.1481358421177052,-1.055765937210501,0.0627409316797619,1.01787497041664,0.3163052915975892,1.1864695297599084,-1.6614914063427444,0.7396565369367023,-0.8636007993730512,0.0902419715779956,0.4337141155847255,Scale Down
-0.2113310068019401,-1.3965839415830958,-0.8603427532660505,-0.8648176823737315,1.351373732847778,-0.4269581758053967,1.4823535085625086,-0.4078518586557251,-0.7617519653902546,0.5801620260293495,0.8899070124723323,Keep
-0.3610468335585499,-1.7289175686413036,-1.6693338614648618,-0.7099424774796246,1.5795945149570894,0.727832753957603,-1.3814052787652589,-0.6016113730369291,-0.0900368797558218,-1.0781474835078213,0.540049499948287,Scale Down
1.5701090982420345,0.0711121007473091,-1.2803489729616768,1.6291634915281816,-1.378049984392468,-0.2308726439348958,0.0273573004198816,1.373250547828606,0.3703088104544069,0.9900074867306392,1.1304495106987382,Scale Up
1.1219070217845692,-0.6304020684422332,-0.229681018400883,1.1851012883879133,0.7371852636470532,1.475693725545162,1.722231376925598,1.4213767582956691,0.0199643049744036,-0.2091892136582406,0.642911942347864,Scale Down
-0.5932391305537994,1.0475444619943446,-0.8848631875258686,-0.7889468535854766,-1.5895979443427242,-0.3533105640987352,0.684675203413144,1.2974436964871956,-0.4547256876013649,-0.0419399864873673,1.3219834753132436,Scale Up
-1.3672126301539298,-0.6024032608380839,0.8248983979433092,1.312785857555522,1.52328683627838,0.1010566301514401,-0.490608319651816,-0.7740024603748518,-0.490775318201703,1.6640090575235114,0.37422288463168807,Scale Down
-0.4394933254310982,-0.6344636628656581,-0.8500389289601572,0.9493014084261182,-1.7116796568816486,1.343042698076099,0.2654694293808614,1.2746250503372525,0.9939806341313832,-0.0680196443999098,0.41973658226305643,Scale Down
0.0767928478445816,0.9784083446531756,-1.41266373056134,-0.0681403206999927,0.6414845534012004,1.50030988816735,0.5456095629067075,-0.7126150334946937,-0.979979812531568,-1.6042084716002616,0.901765102198762,Keep
0.7599751660452636,-1.3333102500492682,-0.0555932861535016,-0.6212106905900678,0.7452361831519471,-1.5325750000416545,0.7309642571875934,1.0935672361207072,0.4448636939481163,1.6904870103444127,1.308183616190023,Scale Up
0.9362956804897308,1.6285073405560562,-0.2670400014780325,-0.7359356413685934,-0.3542338180290147,-0.9561659118463502,1.3197393756019753,-1.576724309616974,-1.5448233958249746,0.5158287397444257,1.7670295519043586,Scale Up
0.1974464757035388,1.3022584009135774,0.1756592030175313,-1.0017080141140984,-0.3359250226714581,-1.097128837306492,0.8244652446554207,-0.3252672167129044,0.934807668673592,0.9339344905016802,1.6796953108940138,Scale Up
1.6530269799694826,-0.2766106451745986,0.0036568071352199,0.5417952360180106,0.9390131045541908,0.8020064023434454,-1.4900958668649729,0.9517373539812362,1.3496491644378337,-0.80962744659422,1.047664777456192,Keep
-0.8396722969304765,-0.3403232230112979,-1.7028011800018918,-0.5817828715041182,-0.7938988988169041,-0.9732042487802446,-0.9993505293818584,0.4187895400694001,0.5631691670470312,0.8514008586217483,1.0686805466010765,Keep
-1.206942865801248,-0.7376095735057794,-0.9089908030985486,-0.6098578865050981,0.6678492385352149,0.4561057203987441,-0.8567525214333708,-1.4852704583719838,-0.3585641975242181,0.1977815968348938,0.5973974765194932,Scale Down
1.3003930771129826,1.6018673536620025,1.6558122928219057,-0.8290932515748872,-1.3992668672266122,-1.6563363122623915,-0.5406657945288924,0.3869328806847649,-0.9286222171636244,-0.4803241432310676,2.045897750145209,Scale Up
-1.0321875398103175,-0.612592991210704,0.6366387313919722,-0.7779349022502257,1.5696326049000018,-0.6365027507731101,-0.876334500160588,0.9765971918170586,-1.627206706801789,1.6837679484120978,0.9355840387616315,Keep
-1.1437337983421725,-0.2457466612047014,-0.9310395811473148,-0.1664513342001051,0.0219855065328371,1.3017196280718195,1.442721946700389,1.0725495889650405,-0.7492285527093989,-0.2576426551185951,0.524376224424457,Scale Down
1.2691050698671291,-0.8333221131294293,1.5321557364500826,1.5640358289141032,0.7042778635721214,0.036121282685081,-0.2376161972195299,-0.1951327571258495,0.316579390952581,-0.7887083053204144,0.8374018444411521,Keep
-1.3633741524774468,-1.4240492222384704,-1.5641988913520894,0.0188444985097189,-1.412430752403505,-0.6640642467920571,-0.0013607706310769,0.1489716841235943,-1.3609681425818048,0.2022321095065561,0.5865546996876188,Scale Down
-1.0147693468339585,0.4098640786472531,1.5602826179965106,-1.0052798041386783,-1.0497252410480378,-0.5512934657256324,-0.971486152712582,0.5282513451223162,-1.3358673006859705,-1.108140821824238,1.181944082689186,Scale Up
-1.1528570805517948,0.5839896558266988,-1.3778168054749225,1.150953434353715,0.4510795482495696,-0.9872587445294412,1.3028098698769948,-1.2596885123183144,-1.344006094835708,0.6701074066387422,0.8724518128128217,Keep
-0.695453447454956,-1.1233082154348404,-0.666487802935411,-1.5413197354041337,-1.4042935720564849,-0.3583321871109537,0.5030765721773386,-0.8186384306390561,0.6493725299031571,1.3599888222561838,0.9568980591834573,Keep
-0.4935316442463879,-0.4269826017040226,0.497169240485681,-1.0843149458164243,-0.9975680228226546,0.9858653960911228,-0.5531823483386642,-0.0979180784600394,1.0521968235939214,0.9089284971247138,0.8153230006789233,Keep
-0.2188358727633488,-1.2055516921359075,-1.486784779912712,0.1335740608194753,1.1185516854401332,-0.949936011944585,-1.1903946550940292,1.3753745594222575,1.3332981365595349,0.6496038774432241,0.9174049984293139,Keep
-0.3816629559518504,0.7822622704636926,0.6713807468129926,1.7099213936953384,-0.2795606616230617,0.0111016515679612,-1.0595594874152208,-1.1944686810803185,1.5022910645859329,-0.8027005786227612,0.8134699674587371,Keep
0.4389174415322042,-0.9837736255641968,-1.0361249698436807,-1.401675839722648,1.305767582716232,-0.1479871892883517,-1.325279020369181,-0.033262018550219,0.8478228957823475,0.3426224061180978,1.1391872800313148,Scale Up
1.235685201759914,0.636637434055271,-1.4936511717522414,0.3981798062790886,0.0992721008061939,-0.7509376422076764,-0.22748847326699,1.3518079446369384,0.5893004545113423,0.182317364088612,1.474050748237679,Scale Up
1.6058190208316057,1.583704445049963,-0.9913645383804712,-0.2794964480267563,-1.6757440047553973,-1.6126135765393403,-0.5003550140417323,-0.433975872136276,-1.0461503349827554,1.3186873719763603,1.9637672033239606,Scale Up
1.4881577561789927,1.3751700177342667,0.2148279127015449,-0.97773948112683,-0.6585368231158554,0.5188951430044418,0.8548186596393301,1.2408057704566726,1.5984321876167884,0.3553332088457247,1.653305609883732,Scale Up
-1.6775732246846995,0.9455814807310796,-0.3143566965534803,-0.8841715032435595,-0.2616642224605684,-0.0913455570214651,1.522892152496294,0.4938392117752488,0.7488862681971871,0.1845859133492647,1.0533513704161135,Keep
1.3297786912771872,0.901964670672434,0.2615798714463774,1.01408633498879,-1.308044834508174,-0.0446274425486047,-0.2571122460283176,0.1525906322782524,1.5182869991294277,0.5422374238856125,1.3050631325022009,Scale Up
-0.5100715869434779,1.0998226762465482,-0.0866253412479419,-1.736726103123484,-0.5491831644827301,0.8753111576541381,1.6749324167717434,-1.5917493463876398,-0.2931480771943808,-0.9007503947587608,1.2037686702390358,Scale Up
0.0307369931824782,0.2756091508414943,0.0835012742199692,-0.6467883284257359,0.7922032152695492,-0.9588023004846816,-0.5410175948724382,-0.2490556018355642,-0.9615313879997184,-0.3215430121553027,1.3454883854161541,Scale Up
-1.39581350167352,-1.5265711481611313,-0.181369320640217,-0.2721308798413934,0.761973500100303,-1.037340492964047,1.1602551544715134,0.3442601548985788,-0.0886665575787769,0.8271914550614997,0.6942628376939821,Scale Down
-1.2472029604876265,0.5802765509636317,-1.36376020624857,-1.400492352977762,1.331072480186994,-1.3174773779757762,1.2352273422010158,0.0283845486524448,1.3472338911469144,0.6136707498412816,1.3687116786800173,Scale Up
-1.7123840466295,1.228952264827594,-1.0116452277945174,0.6104878972986906,-0.7450912144658914,-0.3182945424517059,1.695375907289015,-0.6062482300772765,0.6631285496966937,0.1152652821248906,0.8871414564456724,Keep
-0.3485769222536628,1.0582143585595192,0.7153271740645509,-0.7748264629792253,-0.0630061620530846,0.1352823614022191,1.5253847812097563,-0.62383992317437,0.7582037896502636,1.578462238075995,1.240611301628791,Scale Up
0.012849697600967,-1.6272777956384987,-0.8554245940951734,0.9515300786345012,0.0610018756989483,-0.7368240628579192,0.3600290573316483,1.0792121442284195,0.6061130341612974,-0.4666782133272937,0.7107081653530882,Scale Down
0.2463227691978066,-0.5047750112594757,-0.1217748206755362,0.3756871090087523,0.6652307247806833,-0.7969687883831067,-1.6817689137946796,0.9144539574085156,1.574628996380349,0.745973928096145,1.075948039091292,Keep
-1.7059095800074016,1.6339241351026623,-0.2159367379308383,0.2707250352595391,-0.4439566261088835,0.07132896467961,0.1174965135047235,-0.0555476724182853,-0.3337254612735841,1.6168024522980196,0.9399365844506546,Keep
-1.3774264694966498,0.9376112440277922,0.589683288713576,1.4591245994590405,-0.9214556574305476,1.130051441435406,-1.0481332473719842,1.4363341381808612,-1.521337796576922,0.0944846782105141,0.49721791095097645,Scale Down
