cpu_usage,memory_usage,cpu_request,cpu_limit,memory_request,memory_limit,network_bandwidth_usage,network_latency,disk_io,pod_lifetime_seconds,cpu_allocation_efficiency,label
1.1664518300801405,-0.8630773740090558,0.949145846319971,1.425674146970844,0.9570347651863031,0.40378903970422764,-0.16198183259242127,-1.4760016711533261,-1.716463441343273,0.353064659585072,-1.6238141711823357,1
0.6561818671311993,1.3982982103608521,-1.2780020481352976,1.469076271565496,1.2914996412918172,-0.23196086889709103,0.008735824062226975,-0.7577704262790674,1.5543284696980535,0.783708041370667,-0.009113281081468588,1
-0.593613780889134,0.4185178371683056,-1.4484281585994447,-0.926591802978586,-0.4595997164770276,1.4148592695184516,0.07852747321238883,1.2783138985834812,-0.5917209468663311,-0.5264917182608406,0.8494145856942251,1
1.5199051690754162,-0.5148775548799004,-1.335428039181699,0.6021759872404485,-0.6240922688467359,-0.2628919276338833,-0.11115850093635714,-0.5531274148537746,0.9979090137261445,-0.4706784795808112,0.0813929250131271,1
0.7807808923854783,0.37981059100693715,0.49928970663481087,0.115538643861276,0.34296109884343035,0.6057085259025333,1.3421102560542273,-1.172289395092722,1.6815442717077007,-1.0877238784783632,0.9517195012723904,2
1.7187230986566027,-0.9785359449238913,-0.19440888185808525,-1.0828135119785804,-1.276318831248678,0.9524238283686783,-0.2591679510420913,-1.1845618683228623,1.747342172141856,1.3878175143315195,0.8527737255463875,1
1.1425849437153506,1.2419193403017295,-0.2695211755770932,-0.579243904848175,0.6875941235027602,0.7020675928123038,-0.1725140124716702,0.3906804819413236,1.2587161409303251,1.2938718674686092,1.0790521450994381,2
0.1167871988315833,-0.6579636016647471,0.6262071713597988,1.4473522943317862,1.4533022891807397,-0.6612799925667426,1.3312443548719333,0.9817601732098362,1.6554534462995856,1.7032497645818256,-0.5209892563921443,1
-0.863816431324969,-0.5871260767385882,0.2378005493483384,0.963812514682127,-0.33540255468512425,-0.1180393888286991,0.5671932490426052,1.4126294116951683,-1.6331800746396443,-0.3026846141030061,-0.7470172163198615,0
0.2997340494462781,-1.1802224561983032,0.44031415832142784,-1.3005272968895973,-0.8228526547899055,-1.5502455128089054,0.6103402307004476,1.273861892234705,1.6611753056166818,-1.1972722954469843,0.3083075444760194,1
-0.03544896827311856,1.1265084361137412,0.4395984159794262,0.8353880643297893,1.757768175599773,-0.8584408662120461,1.3693192459405747,1.4658559766631372,0.8195527575587142,1.3295971890314082,-1.4912068801072564,1
0.7796641439462093,-0.023659803742136925,-0.8690134049570496,-0.34135028172268456,1.642477410063791,1.4830250613411806,1.3748061921872892,0.2182767935699944,0.05442442520205136,0.7630832919856483,1.2127650851380782,2
0.5768416402320727,0.9523509551544593,-0.9510371749811742,1.5416619983967308,-1.4715741599854244,0.5668021067611835,-0.8902920325644605,-0.520977072262477,-0.8885626020585781,0.27796009360452967,-1.1037779905573486,1
1.0377969381545091,1.1571367959423118,-1.0743905793527773,1.7070236306577173,0.8482035083863163,0.22829161804273382,0.6839474392147656,-1.5025724528754132,1.10768210619183,0.15047108858983005,1.0903581519299026,2
-0.30236838952569384,0.36592991985262086,1.5374592720380362,-0.08658845049963265,-0.0017641886491115662,1.2025664501678097,1.3344819210571857,-0.2917549528628878,-0.7241034529403587,-1.1618067314331153,-0.819115552713806,1
1.3677065480275412,0.2375048489393351,1.0363291372968577,-1.4363743951639187,0.4367014681355895,0.7573785953955148,-1.754373530617917,-0.8397302061428842,1.090678839280477,-1.5120811275798594,-1.7131166317722186,1
-0.37914427178002985,0.7722624466705488,0.21226657815603758,-0.9515588969230047,1.7344537817140595,0.03692981265199749,-0.33392594369558526,0.21811418511404018,0.8229812194189757,1.3588978405506789,-0.7876707944076482,1
-1.6565423486733601,-0.2988852128512113,-0.25304330005175146,-1.1481700371725825,1.1368914085115684,0.7729427792648202,0.7571961971077552,0.4111499017829797,1.5859870546426726,0.03768436084455178,-0.39399574442681745,0
1.202895124068202,0.381694344388856,1.031796313718636,-0.65266084158371,1.3300983984984305,-0.7633400582698279,-0.18246719129215794,1.7086911283215493,1.4392799794399451,0.47217215435430643,0.11838629859731363,1
-0.9131155807307848,-1.121688599594502,-0.9720878401716958,-1.223416453682829,-1.2890759373092175,-0.22900575532197803,0.019755278042104467,1.3564043661258267,0.8835534471325116,1.0253171962151506,-1.7374109850576844,1
0.28630000784486576,1.027395282187957,-0.036280287417059395,-0.8616694461757954,0.6578744314755055,0.0382539245133344,-0.42167647057053553,-1.397620574976248,0.002398588348942587,-1.3146307560534256,-0.8719696507545361,1
0.8347433850744411,-0.3783172132169947,-0.873117512521331,-0.6370167619370303,-1.3268192138254693,1.2887112322672585,1.2120109133742922,-1.060332532466756,-1.0731971026122642,-1.0397553177760108,-0.4438708790695984,1
-0.8431223829288541,0.9302753754596651,-1.7069336925300855,1.120364621228244,-0.18800695176590154,-0.019961290156332367,1.0320656258726373,-0.9892541670703202,0.08693137681555814,0.802895465651608,-0.20174762373974095,0
0.7772919854435751,-0.30759281804160243,0.13497964323445974,-0.09715105681336668,-0.5422060545048689,0.7920482444330467,-0.838939776156108,-0.5933659215769843,1.6915894813089751,0.6680293462473046,0.46933949162376765,1
-1.6655064699676374,0.1979639458306141,1.6532319300223046,0.09598584728250617,-0.2860415084949994,-1.2565636810517549,-1.5351367606128266,0.967675558374705,1.0425400536890244,-1.5856617826066806,0.08616273319780626,1
0.4045454093535321,1.3891296845617265,-1.5984644556232057,-0.010361635180043575,-0.8906791648454793,1.609845702809236,-0.40029505155265255,-1.5416713284373214,-0.39632562945179095,-0.32367302405652637,0.557958916999611,1
1.024688330819386,-0.7249319184689149,1.1345835600023635,-0.0892293368784934,1.0339854389903438,-0.6308533878411463,1.033361866274493,1.673959311196529,-1.4419898192698648,0.36946401950750074,-1.7494493546114238,1
0.1831610126025206,-1.285781599245835,1.2064592758462358,-0.11209527185736198,1.4175007917243894,-1.6842281971122959,1.0636505406333703,-1.1753132326817806,0.2875357497670319,0.167892161538049,1.5998589476345628,2
0.7863177414348093,-1.6605925615742538,-1.3107340255343407,-0.9206358549424211,-0.8844760317567016,-0.026745750489664724,-0.011057806784212506,0.6056095905926048,0.6954949669596494,1.5531618528102415,1.4654205315960924,2
-0.6822566141551196,-0.6265058391238737,-0.3407460845101533,0.8124372026064839,-0.24807934750964494,0.3093891148133948,-0.20867168754446463,-0.5828362445492067,0.9354471036251925,-0.5366222626690992,0.6411963627676008,1
-0.5041937052724773,0.36123298359301026,0.5379665252782482,1.1457188910103613,0.2863823673710289,-0.9853659419418831,-0.19263014336550943,-1.3107071312486784,1.108172291029692,1.19850621267155,0.865872709848845,2
-1.3531807847088337,-0.6905083610864308,0.4281566244477707,-0.6976582564549709,0.9606626608509684,1.2560887882057896,-0.4996530973262854,-1.00841120491231,-0.9562980834219289,0.9593041444471482,1.1858517699157138,2
0.582925478396143,0.4113425096339945,1.4254172574465724,-1.1315668183743655,1.0033214274993159,0.1812430161480751,1.2849173482140246,-0.5319597965555871,-1.467559813563334,0.9001313748009612,-1.7153617699344124,1
0.8977540403486252,-0.5355449271152648,0.5527329344848627,-1.294050244238124,0.546166286190493,-0.14673658750545618,0.505682720266304,0.053772984760254744,-0.5252700333319493,1.2114767729481066,-0.6253595258119397,1
0.09611323882280735,1.1801445024108173,1.0862884897072398,1.2630069746129495,1.731462527548266,-1.4849241884624187,-0.17735214667409266,-1.3292099662706958,0.25076165164667685,-0.1094769492090909,-0.19583509067845992,1
-0.5795546588591421,-1.159893412145687,-0.36866335391627464,-1.1409030080652451,-0.2779676222636038,-0.5959960636143382,0.07221745443337688,-1.5102871304653611,1.4769835753718699,-0.8453181338171616,0.729187487197189,1
0.4985578498170848,-0.9043875079365661,-0.9923975387488909,-0.43658004311124315,1.7635784915675286,-0.08051218982231319,-0.5305071259955036,-1.6623204800579001,0.2991328739590905,-1.136991226925364,-0.31053038755526463,1
-1.678218632778028,1.381271015421456,-1.3756198904047472,-0.4376509494062355,-0.23960203195433283,0.4766815681915827,-0.474773129576594,1.1589613242824293,-1.0656562472663682,-0.42530749436775594,0.010026029854880832,1
-0.7983303865853899,0.15874597912213945,0.32315689236144995,-0.9881469527864118,1.7254200068112853,1.1343079229105932,0.3543603244185708,-0.2119295696214553,0.15009422293580263,-0.9219812450912821,-1.3388676429073822,1
1.1658421763916047,-0.040997026109809626,-0.011532599824555425,-1.116149497690349,1.7223308692130332,0.23626744834831584,-0.8711045436345174,1.709912339817307,0.5456165756472768,-1.477689228101566,-1.4020487440186389,1
0.7311459508249221,0.5210667039826353,-1.4406692979794695,0.9516283362164406,-0.87664322915306,-0.007120424714686677,0.052947445983245724,-0.43513253630594356,-0.8598290770542095,1.7415207101241357,-0.17157465441869804,1
-0.5364851133903138,-0.9842425282830126,1.3120086327112634,0.44768834190231477,1.7714563148998181,-0.9952981614270974,-0.9815556811353109,-0.022845570454626977,0.48988149652071533,-1.12040137813372,-0.04608978516012593,1
-0.08024370735773628,0.8715282556215288,-0.04809268820244986,-1.1326183050373873,0.5195574538534368,0.06182984408665562,-0.4236531299329596,0.4135568769529862,1.7450579348920714,0.06324450365923484,-1.7168873833707103,1
0.5654820493624636,0.26437223981378205,0.11672742376491152,1.4429015144702508,-0.5486548014204227,1.4058963320971098,0.660779172030649,0.24890749582502597,0.5373220169955792,-1.314024655105923,-1.5398022430297382,1
-1.0456113952842288,0.572421789953167,-1.5799818611213128,-0.4052820325305783,-0.5907823802423977,1.0638986988510901,1.6680278814273266,-0.5982126900383601,0.89844535415122,0.06710623255332313,0.395672162067741,1
0.47800528640904705,0.11477487923575286,-0.7687218682995899,-1.6211121516121598,0.8706502303804146,-1.0530161751798195,0.9337927766311224,-0.13529825398176912,1.0161566697520652,0.5655290174396427,1.5723539571066456,2
0.32621580453269133,-1.0116320111170454,0.856698969709908,1.0122481155401029,1.2248323728261727,-0.413669950263915,-0.5122271105413135,0.49014129524173683,-1.463045516276003,-0.23461081911349455,0.2630341372876785,1
0.28384739424000754,-0.042677110597679715,-0.4753369598397452,0.7540502667102716,1.47037898432044,-1.10786877181902,-0.060755970940810124,-1.3806456137932759,-0.5456322539804652,-1.6444362573445086,1.4415464080600906,2
-0.6363469975156225,0.08742652661396362,-0.0531305835581703,-0.22269370478785727,0.03121849851480831,0.6770259567198478,-1.3863312608927627,1.024543161047338,0.42234711152013277,0.8887366769879114,-1.3389990805445027,1
-1.5503658045983844,0.9278090035332354,-0.46933076907351035,0.4514091203829696,1.5423110658890091,0.3627984322489681,-0.9714645753943197,1.481689713492993,0.8305734878754467,-1.2667314640307878,-0.9528165657711937,0
0.5447676362427142,1.3756268537188279,-0.8834718944547831,-1.6401807916782047,1.0410160832059632,0.4524664665568292,-1.100377887902394,-1.0903294018473255,1.7367106220257424,1.4373619374973787,-0.9930706964467645,1
1.1326320728089736,1.0478431780870427,-0.887294629802838,-0.4435183156365382,-0.929692871735665,-1.1575543845725238,1.7101384062972638,-0.545331077801084,-1.6638139823530502,0.6234376336810384,0.5779398183514604,1
1.1343321504653066,-1.0549215283238873,0.21955642405929685,-1.3084927263141402,1.5733770580402926,-1.0401121396690036,-0.3894680365325285,1.3302110516040073,0.7545258442798407,-0.24481063220146765,0.4718778548120279,1
-0.3489504761358862,1.609138287925366,-0.8035389113090943,1.2469833186913188,-1.5114215016513295,-1.4129397965518804,0.6816205371482762,1.706535178268229,0.08837471214555913,1.3327142796185647,1.6035038708025109,2
-1.4906134092135492,-0.1336022373224845,0.7213960651269448,-1.0844224519083647,1.159758394535726,-1.3454483406139628,-0.2754970481883955,0.9697653618577177,0.8484655548950693,-0.5508916106903043,-1.6158649132230105,0
1.3370368124218752,-0.3085290574497327,1.5061726078938373,-0.14460860181569538,1.6639553470133053,-1.4309089113983158,0.9635844069788964,0.9518396533403998,-0.11208774401590851,1.6454104170201445,0.5181053541813783,1
0.4906046897364983,-0.8877616365508595,-0.38983772533389593,1.5973894426514148,1.1877799930890547,-1.739183014416182,0.36071287216542786,-0.9294884181879569,-0.5991002652394632,0.7354104544396703,-1.5986719899878095,1
-1.205415001484983,1.2625352544926984,-0.7691151174917831,1.0130603242425424,1.5012175384485444,-1.4575452899182584,-1.602995219662964,-0.15498690666821735,1.17868633614635,1.2327249404505565,-0.8197385132206947,0
-1.5099318719314074,-0.7359926382027382,-1.1378505636617395,-1.4784058728072293,0.5716027866844798,-0.42563620501842353,-0.6491879737625429,-0.010333214202686538,-0.7378113703414727,-1.1754699785068177,-0.21895749676158588,0
-0.3276085876113365,-0.09358352632772815,0.46689064159853816,-1.424708459287518,1.3967380915467962,1.1104105428227011,0.6344822948458649,1.574213450367507,0.6582026847446768,0.2640197718119688,0.7637809161967279,1
0.07004107392569182,-0.009620395378369416,0.7350335951033118,0.8332287262862769,-0.6091777385029506,-1.0776635444134817,-0.5072665390334246,-0.6718664758465005,-0.15686995777840315,0.6587819775054071,1.5440920692487157,2
-0.6334671198918033,0.7987324703956129,-1.6408311989823043,-1.6098827575821946,-0.7307837884916016,-1.0887441067999544,-1.706599999776734,-0.03870263224677839,1.012009922310346,0.694212907179419,0.08479883385030616,1
-1.5092669673220593,1.661101330938918,1.569755120853655,1.397946767305296,-1.4786075664130593,1.4431370005277955,1.6326254964411275,-1.4210161715609972,-0.9462277966586432,-1.508808182463345,-0.3386999172264993,0
-1.4280905542863698,-0.5549511664487726,-0.032791501383797134,-0.34815236036429964,-0.7141016992146924,-1.4414235407595337,0.44650259385801916,1.5582351161376875,1.6831609178865898,-1.4006278219190869,0.5022511080617398,1
0.47546813308424074,0.28936692699059263,-0.4843322562087336,-0.01745959735034629,-0.5766710356081758,-0.2520022413267178,0.6035383337717335,-0.16978399107812564,0.16049263221599613,-1.318579070797157,0.5285888391063167,1
1.1983990799098732,-1.2846901520164924,-0.3458054930778258,-0.015860248768983124,-0.9281801516133653,1.7334534139086129,-1.4207063471718553,1.3330753545666862,1.0963407209336462,-0.8839873742678305,0.7162166280632511,1
1.1376402784470472,-0.7629791634946009,-1.6175713973955586,0.9510422997917978,1.542143808687687,1.2796513294417782,-0.1792566059800009,-1.039902806929185,0.5305077210235243,1.6496358064827343,1.0220858738414862,2
-0.42526677640315497,-1.1145553393202887,-0.6749931322718291,0.9512344302626982,1.390769080874447,-0.7365758703775549,-0.21497541684160623,0.26802373944192676,-0.719289669099337,0.16513873151939412,-1.4574754573597244,1
0.8481225816748914,1.157499465260366,1.6508685379121728,0.9008602591431372,-1.4530311825484326,0.2587307089981502,0.8650163438781523,0.4747838532650439,0.6485730813825571,0.5624119268524862,-1.6325438488382704,1
1.0268284256016817,1.6044303955618406,0.6825959504016134,-1.3175151066132083,1.3399267934910575,0.5884311381253341,0.3546370345747917,1.278754599463368,1.7394809321244251,-1.2237502482678857,-1.0741057694532936,1
1.1884629290772282,0.3099072873652985,1.0203852768765103,0.6956697912022352,-1.371141011625315,1.2992732111205845,1.5056278103369543,1.663785982438688,-1.1332720757215358,1.3825530946732107,-1.5696917257729717,1
1.5433951170607105,0.4388255585194897,-1.5690762324233671,-0.6204438056666041,0.329790685633781,0.5349175504866204,0.9823591576612188,0.3093218356433956,0.14368909618606895,-1.2636143734436314,0.7500771672765448,1
-0.7394358841369065,-0.9980936851742022,-1.6010802801445407,-1.7192549491872373,-0.25065509117755497,0.6480374764626265,-0.9823761004253834,-0.28932067654280724,1.446261583089097,1.693067268663781,-0.3379094030523417,1
0.3008123551047306,1.330852701504422,-0.6199107906215411,-0.16814886784900385,-0.5603356936604668,1.2830330907104166,0.10228316163697185,-0.6512748339245777,-1.1726214755401583,-1.1626899070994763,1.5167982808810616,2
1.5747887750104348,0.22447593045383504,-1.4910072038741575,0.38317123950337273,0.4646550191072557,0.21985269767532142,-0.9470150269494678,-1.1296380370387566,-1.7368851794302105,1.5438278982187008,1.0438376579063797,2
-1.472290676493553,1.434993473215339,1.6300980717833484,-0.013833370689948674,0.7189390277300312,0.5009342487834717,-0.4716006161151583,-0.758282438560764,1.084710511110993,-0.15796502500930265,-0.2603935260072313,0
1.5067912473182312,-0.6709397150519475,-0.7164474031452347,0.3225257354061976,0.2123764709140605,-1.6255996658831287,1.2943105381824813,1.5886150649463762,-0.007368629742042842,0.9139677935739501,1.206941126579654,2
-0.9240568892763874,-0.09946227752297711,-1.2201626561819208,0.8066311037667856,1.5600521181929592,0.0029877789576230342,0.4080123069126953,-0.6553788867889697,1.537309279119153,-0.8842644489866889,1.2232299518253817,2
-0.7295161406821667,0.9911602477457934,-1.6856505280160128,-1.1051382732667638,1.0786353693856927,0.3571823534290376,-1.5838982927083365,1.4928285586510923,-1.1272428891261612,0.5062350276039552,-0.7017040455463791,1
-1.3510494924206515,1.6001720220329618,1.0791832831659696,-0.9190242953924863,-1.5543549912358616,0.5795479768921745,0.7685159009821684,0.8599502701564684,1.0332426735273679,-0.9520784864272708,0.4433802336775797,1
1.6373873338220888,0.14172996537885693,1.05151992215891,1.202572318665959,-0.24779182111062253,0.7196019081134227,-0.2802818138565716,-1.6885555962203413,1.239838545789162,-0.9913018763156564,-1.6167102035507512,1
-0.8582471934259623,1.1855187882999383,0.4104430683561178,1.0440403831206597,-0.8588100964467655,-0.0860165124137085,-0.17618700522230732,-0.4520477934604405,-1.2384546082193035,0.7743914039490548,0.4151814886615739,1
-0.21459286120762733,1.1041376042376945,-1.268568155271306,-0.15325015257427896,0.869799629994967,1.2495343714304419,-1.153686528670176,-1.2665092455757887,-0.4236950509602509,1.1729287526869383,1.6178208138574601,2
-0.395878202747014,-0.3902290972367844,-0.975834662095509,-0.24570366458057416,1.5159697134412193,0.10284576882185707,-1.3358792396455055,0.5437181292539087,0.4287580884653517,0.11571552854303542,0.987044130664284,2
1.4496803604243382,0.21689787961580617,0.3176085698836545,0.8966210319545136,0.5707151313956225,1.424522274617542,-1.0472710493175628,0.2701978449835725,0.7255217589513561,-1.2457776884171248,-0.34465708309705,1
-0.6309633765598451,-1.5226963625051069,-1.7111362322854715,-0.6052624239756073,-1.1637829148318917,-0.7203720896987287,-0.4945421411452637,0.3917593863212787,0.2903385141599161,-0.6581022097185583,0.5594726104356231,1
-0.5104694207860524,1.287415298368261,-1.10307835378982,-1.7382971678216634,-0.9716771085484265,0.3418033413023213,1.5718145988457877,-0.8291646058704965,-1.589529417459696,1.5971474644290051,0.20547416275340732,1
-1.0665377824065783,0.4163461577124997,0.1009912892595889,1.095136785200924,0.5921424896655859,0.4812729980623436,-0.9182109645034859,-0.09127961158700923,0.7071930678787243,-0.6071550957884787,0.35901282074925256,1
-0.9772501393152008,0.37319631302955864,1.1854221512778809,-0.41050361629366,-0.9198554758651254,0.7767262474970934,-1.4319597677635347,0.7491050182687047,-0.013755208556334317,0.8932737755092169,0.42089187736661565,1
0.03431284833660837,-1.6839189562398535,-0.1340347690916365,-1.6651279103778789,0.559355769830754,-1.2842334117637364,0.1718091886560924,0.8695138520229906,-0.9850853278401598,1.6291149601172876,-1.0231998532221007,1
-0.0522125896736692,0.8848115998733946,0.7417510633992768,-0.3566344488657542,-0.8535433165463462,-1.3032387049021923,0.9500233151295597,-1.0669086508240448,-1.4164937307619931,-0.5853008273385261,-0.5522278388339137,1
-1.2589956721017281,1.3536257742981437,-1.4486972606878858,-0.7512832517743954,-0.6651694295818285,1.5547167239906337,-0.6827002759335121,1.6799752910427401,1.6670855250475431,0.9522214219463315,1.6169578547035266,2
-1.284045114707074,0.8348514471678982,-1.6415969014423666,-0.4698866298497273,-1.5450169284185433,-1.5081101222489155,-1.4707240696612307,-1.5212988024371576,-1.2477868312959524,-0.34391679570311473,0.33310337897995507,1
-1.6977906215923169,-1.7286821875868041,0.9137300207511886,-0.3939300802262211,-0.14368841203200025,0.4718784803216527,-0.880079072805918,-0.9055007860707861,0.14746405821096767,-1.5330349031935222,1.199258485692609,2
1.6595669103481534,1.044064245855405,1.0647337725674377,1.3166995568828648,0.40018462702382535,1.2136853248154365,0.24178067265815253,0.4897638471271711,1.7619758191206458,0.730665549879221,-0.12128604062105147,1
0.20053413950840385,1.3137604114176629,-0.28662066204143277,-0.32169511821896507,-1.3371705683160306,1.5063601561923161,-0.15844016415066078,-1.482110476973108,0.9831789846089182,1.5668424170538728,0.7302777326581841,1
0.7505899675583857,1.1014757859091582,1.3648580374088615,0.1828483102601482,-1.328729508580828,-1.0071117901329785,-0.8328378266407093,-1.420986948085329,-1.288925262865344,-1.0814550629641928,1.2426897833667832,2
1.340153342723313,-1.518071808630822,0.6138037895327941,0.0424380794044109,1.5049671725482556,0.755418139220699,-0.6917222655883482,-0.4213377902882992,-0.1439721237541307,-0.2379876672495807,-1.005333448225505,1
1.0578079199942956,1.1730615513564293,-1.2263443879566174,-0.11241129236875287,-0.9366607209379968,-0.6687644456277527,0.5057363061689678,0.9940420764958694,-0.8862114141810218,0.711772517487067,-0.14359667548705018,1
1.5106683763451638,-1.745282432395012,-0.0953535724544112,1.72225447595942,0.6833044086484736,0.929297363394067,1.416541801075913,-0.7711267665153966,-1.5539175830358989,-0.19149106599116336,0.875837254158116,2
-1.167764907657618,0.7118484473275882,0.9191969559886696,-0.06659702079530405,-0.32878286161524733,0.3852425948777068,-0.8072537852235447,-0.2382168628244286,1.3455615220238415,0.7232538011497601,-0.1414245128580855,0
0.19399677063504256,0.6588841210623176,0.3391540365768084,-1.0352059271098033,0.5617172303654275,-1.2402370299625503,0.356604014576363,0.6683086728402325,0.09486542083589235,-0.3923009684837546,-1.4786110245313613,1
0.28376612582127075,0.41080668624843125,-0.11470732738928277,-0.47006891324648575,1.4046930176447558,1.7185312361074854,-1.4909174501430542,1.2888830200817936,0.3533281331619519,1.695335817924434,1.2661210658028514,2
-1.205694616077621,-0.3613699209859637,-0.6655157736487283,1.4877927914104505,-1.045931638978754,1.4277949865711106,-0.3216912549204027,1.41749189645785,1.2547011778064507,-0.5431162013923418,0.1466234982672434,1
-0.18659695870075257,-0.28837543492691414,1.21895692411688,-0.6683250653001046,-1.7365424773653433,0.6070819192269797,-0.582096517107166,1.3072890847519643,-0.9701113990245749,1.532537103425223,0.5549049710405661,1
0.12407161654693219,-1.007337791454366,1.0165470484228318,1.3073560061103464,-1.1108906405607653,-0.15520763370679944,1.7042085932641045,0.34940488107594336,-0.29028058191998013,-0.16719507658127156,0.0286070729008275,1
1.2011866102332367,0.6184226911148059,-1.2880476632401758,1.2211470568933165,0.8540068573625839,0.2148925121401098,1.0678830606200012,1.1778924898987753,0.15218968919089046,-0.16691800186241318,0.9291858419793735,2
-0.49740473514765504,1.6438206455546218,0.4909232322880659,1.3383139620736972,1.4013663423471066,0.9548542396512498,1.2448371900264361,-1.2921845892943433,-0.12116293227625985,0.6909053277230474,-0.7377693135973248,0
-1.6764673692013115,-0.6244896078325376,0.022115496702045278,-0.7684735039326098,-0.7690222798782737,-1.7058806929581405,0.24214658036911607,-0.835340162641128,0.6612688199286054,0.18245590144804116,0.9853385514022933,2
-1.2856195050250192,-0.05555162832864638,-1.018917689071758,-1.7096769309054145,-1.2593160038583797,-1.5156405806028832,-0.15486290269735026,0.4787180593782641,0.6508338832275874,-0.6991265852795232,-0.3622862713617483,1
-1.3330805416399667,-0.6542808583844912,-1.0991834039887318,0.12979023832166897,-0.5512168079416194,0.9634699812734637,-0.02415555060004318,-0.8515414278352659,1.4749222606353998,-0.27009370029729235,1.6821458929288042,2
1.6102824435713576,-1.1098051017720296,0.5198253903545565,1.4934922699416706,-0.40919849979807055,0.061588084573958354,1.3651313326067314,1.2589878515259159,-1.3292882444695397,0.9941636075135146,0.9556877793177867,2
0.7006507985048335,1.603758934491844,-0.9664252957009015,-1.331000550296193,0.4739638719804708,0.8421704884061839,0.46033964451218046,-0.15549197347406016,-0.36322705239837283,-1.5599977367724256,-0.8907448903263703,1
0.19854553764905256,0.3266848500178791,1.110564064615396,0.2418395276071499,-1.1019205223009305,-1.3875146676084107,1.7256432362907586,-0.459413245013972,-0.7176319514320872,-0.9656724648212587,-0.44033652044895805,1
1.681100189763063,-0.7089491227271199,-0.8283156372531029,0.5515869605518935,1.1542785922080459,1.4654262766454886,-0.040562547880539875,-0.7941886112689317,-1.4174580146082196,-0.29328139083175075,0.500724478894817,1
0.01158718954990074,1.7037397155461074,-1.2312241549101455,-0.8158870547096083,1.558927611874212,1.3282634015219483,-1.6150971010968065,0.9975776115385241,-0.8346789923328938,-1.1143576858286224,0.8661960821787091,2
-1.5037992223575318,0.10089633977194806,1.5807236140087924,-1.404487524115652,1.2480623570100864,-0.8330534414768441,-0.1811328648153961,-1.4969141122490994,0.01855931017007859,0.3404404427070883,1.089086314078022,2
0.20055952250241157,-0.8571522470602204,0.8531344626107024,0.3836160438812458,0.6257729660516325,0.03292863214625635,-0.8897854203960547,-0.5579847015999059,1.2055044077318589,0.4759126630588942,-0.35757202119889975,1
-0.34941046370549245,-0.8813160664726243,-0.6721526460726196,1.5141818900845294,-0.9857047491907088,0.1710747338421679,0.4996073084684056,1.619432999650951,-0.23114822584198633,1.0733723427671462,0.6198709900980004,1
1.4526844079060854,-0.31136045780425375,-0.3280767799323871,-0.5107365575320004,0.7151166524260227,1.1064438120865014,0.769240671010333,-0.2924722896353918,-1.0321988277221283,-0.852071830089334,-1.449589293375558,1
1.1716716223632104,-0.6975857749112366,-0.54073540265959,0.030269577496184363,-0.8219495549858641,1.6483092458668085,-0.8000128842462785,1.6361329126653255,-0.47903141059467236,-1.7169086134958966,-0.8836132606150594,1
-1.081013004381612,-1.3551894702407483,-1.2563960632080715,-0.739141236534092,-0.3165598929556721,-0.15279761485845447,1.708523582408796,-1.4675585511479587,0.7104089043328405,0.9899209008809962,-0.6486043815378267,1
-1.5003423236294895,-0.19729462321243246,0.1291717306148676,-1.3310969039025686,-1.4567141368444694,-0.7528126680117805,-0.3706159042629207,1.1767836158094245,1.2575507345775736,-1.5792024782232952,1.5587811815893111,2
-1.103154879723608,-1.093111774199838,0.07295838697191678,-0.8697258574333476,-1.611645755922573,0.9905246612997622,-1.1882477154544848,0.942819952062395,-0.07363762441902118,-0.18672884426078543,1.6124754633807925,2
-1.2206945442981127,-1.6255621134380724,0.7276892910211518,0.16029690061198987,-0.02874226565294479,0.4032894183002427,1.0962316831480592,-1.0864742600572959,-1.6825616852071013,-1.6961799610913062,-1.0661638275468528,0
-0.8446111429736962,0.3004202859300705,0.855147741274541,0.34978849609638885,-0.48833509822464305,0.011454050759670112,0.2846404087147912,-0.2999163715273374,-0.984568206807214,-1.4948678606707841,-1.721956629641634,0
1.5687029825547945,1.5273408520043146,1.2142978447970303,0.13301692640458063,-0.12563201084754574,-1.736985123039777,0.5253289775042547,-0.5133594506221225,1.2071731206152387,1.003618782294556,-0.9042787434650262,1
-0.5994659459938281,-0.29742720914236565,0.5701244537088823,1.6330065081190122,-0.09386424352909273,1.5784861435115611,-0.5681563208865698,-0.17942863060599645,1.5425437566330502,-1.2687229385725822,1.2097974239248808,2
-1.390618166350101,-1.5090157622870837,1.7099919199654066,-0.7812120786180485,0.05983656729665092,-0.8289022753245714,-0.9295460325515937,-0.14569547847753408,1.2595729135235552,-1.1872629712282263,-0.5823130364632467,0
0.642200653861734,1.5970365287980433,0.45553567149448837,1.1553681678925485,-1.683101718899151,-1.5325925068805748,0.35867169409276756,0.8424131344823333,0.8699658641437235,0.34194703649088054,1.696256541442934,2
0.838614811843464,1.563464136617093,1.0533320368579835,-1.562299652665358,0.17725054800387433,1.2162284268103623,0.08220813590124684,-0.3371270056691168,-0.2780286597863647,0.5329381036339289,-0.3436132017250147,1
-1.7313380364071047,0.8967524424973412,0.8096826648361868,-0.401796671356182,0.4578955867769698,-1.6860038735736302,-1.2576888735987581,1.4180373004636089,0.6062691936459585,1.1472820240226118,1.6332798360496104,2
-0.020787450169877802,-1.6995849063917536,0.4979890993653788,0.7680445030818682,1.429841307884188,-1.5823232186766458,-1.0592689784547185,1.670324882990598,0.9768581827797018,-0.028882840361167506,0.577993767260514,1
1.1470813616523674,1.1640379550676134,-1.3708297102348106,1.6043967880547383,-0.42732765676902984,1.3871143520397804,-0.13568114723167687,-1.5099092827546703,0.2608288329556286,1.51939337144938,0.42874684341152713,1
-0.41554642223653127,-1.0858152678676392,-0.3156194736708211,-0.1846941398320149,-1.0972869434881232,1.0644916362303913,-0.27694474546558745,-0.31466413367058105,-0.6765347079380789,1.5074445241986134,0.6299354843950274,1
-0.022636457315636117,0.03837301070606609,0.6692068756587131,-1.7267976381943522,0.23698567515085356,1.6055908611649599,1.3053051386661574,1.5793931205726426,-0.9434914190362932,-0.7938341876192939,-0.45787920406736476,1
0.9158941578333222,0.6784493840850311,0.9816243456787707,-0.6812013744033898,1.1526322702894494,-0.7285614586666114,0.5334554222334038,-0.28721230662708896,-0.49140857898721263,-0.708997372138852,1.068806522645798,2
-0.1537826459947471,0.9404485170806434,0.21198478962952694,-1.4429357138594072,-1.3157783918005295,1.2937418566151582,-1.7148568163981956,-0.9853405234790562,-1.2472190157524443,0.7579747268566974,-1.3539325162408846,1
1.1002890023795797,-1.40642415991829,-0.0012684529230572647,1.3518484692197288,0.7717865015480561,-0.44062031836616244,0.6272822432245855,1.2011649493212533,0.47595348896435236,-0.4696914008948783,0.5366932490459373,1
0.1659763118354013,-1.2780908276240461,1.5653872519455132,0.8466269211457368,-1.2507308923263576,-0.10701562779342766,-0.7655965661831036,-0.13904279069368888,-1.3720822499181384,-0.5684685381678811,1.3644868977374924,2
0.08657198068670255,-1.5927766918248722,-0.13095618793205838,0.5577191135502542,-1.1838343728702534,0.219987225482256,-1.7144295236626133,0.4550832054732206,-0.6734723176706395,0.010340549527218077,0.8164393621800569,1
1.0254547375628826,-0.48246464684247153,-0.19983242664330125,0.3448355582958431,0.4630621592545935,0.3990986032383572,1.3810902328379027,-0.9588039350804881,0.2144614868397959,0.07792946375872754,0.21640824114156917,1
-0.3194012549003417,1.1753316305289863,-0.8737135961949839,1.1216788924983168,0.45112899522979694,0.3338284498249177,-1.6064442655886257,0.5270271572888094,0.17755471339410678,-1.6663251601343185,-0.0848403308391658,1
0.22884595146499898,0.5063571258975141,0.8435656701592121,0.31158338424179544,-0.6770134165308294,0.06897444870207436,0.43230547506034683,0.3747158619055457,-1.612128319299429,-1.2255165996006077,1.4931945371582802,2
-1.6000588481713955,1.3329434965487077,0.48401960354918644,1.1232503480420781,0.940845264821216,-0.6068346204319829,1.1643119091475314,-0.6038784572377561,0.24136448677198827,-0.7584205751152107,1.6464045033277934,2
1.452734581008825,0.3081967519415501,0.019612731809589636,0.7576998054459809,-0.2840999882328875,-1.6062929290925643,1.488161541495481,1.1003528958771394,0.40136704642345866,0.1817632146508953,1.7321191904319189,2
-1.6326052460037281,-0.4104989004480917,1.5956771780933063,0.2404031642192606,0.07355610693309624,-0.20403848318381657,-1.0980093374564248,1.3329724327729389,-1.2619568162779742,0.4742675319156727,0.5174448605081429,1
-0.09331251120537598,-1.7124684659621179,-1.2818811232980205,-0.3180952677554252,-0.9475816994559793,0.20305557577673614,1.1002352996992775,0.5459376071817589,0.6615775815805576,-0.005972224545567449,1.2329383330596948,2
1.1447755868201452,0.7722464685155872,-0.022048946038513078,0.8043628196315237,-1.2713212360917974,1.4031461261129465,-0.2573799786968854,-1.2680512491957234,-1.6458455983162226,-1.1671750541109958,0.5205521515226398,1
0.8426746259373361,-0.2705640393606327,-0.6879199397488455,0.39943479977836377,-0.6175315754468673,-1.356282050015785,0.7916264696648198,0.9638423190604195,-1.4644144967837214,1.2560165340045868,-1.3541504480528466,1
-0.23627168878220922,-0.7998377475405684,0.07383272668984657,1.3303800563027075,-0.39807954019663494,1.5877955452198378,0.14200288202316555,-0.5680883386614017,1.172811622056747,-0.31925714572472136,1.3443091889782874,2
0.9835279323732133,-1.685045141722447,1.5156621506013832,-0.7428290167787797,-0.7274605213462868,-0.715897444438982,0.46259730930539766,-0.48622525916852666,-1.4357475658274819,-1.2745415076686075,-1.5190849788608132,1
-0.7451315152173484,-1.264065737183902,0.2329134338923378,-0.21639504337783153,1.3665417872825238,-1.689931928134985,-0.3632772215141694,-0.3868877606477675,1.0343512550119232,0.3209413093674317,-0.7933914137190847,1
-1.1729982230007403,0.7271298070929798,-1.156226593182422,1.432660432568968,-0.3699275873473431,1.3285822115007047,-0.6302090105608581,-1.1975112262674954,-0.8629192217456563,-0.7961027368799467,0.6141552504821419,1
-0.7874910470680826,-1.1832761768082893,-1.6644904030872718,0.19479002150882027,-0.43950458302155854,0.5775670454301783,1.4973196884456532,-0.687266403626028,-0.6183974948780648,0.4861124761468673,-0.10145342546895188,1
-0.3820811876808215,-1.0856247377225627,-0.08670351044859334,-0.2775889121770488,1.4319179982336414,-0.7818352146781281,1.6185957330759075,0.35149152424192426,0.5539887190763995,-0.8325380624098201,1.6112709360078326,2
0.32646155668339416,-0.3800453073170734,0.10266684510962362,-0.7439625878990743,-0.9556444067882276,-1.5630198069957384,-0.8564120259815896,-1.5867219561102792,-1.166066644340591,0.6099129239667651,-0.749769790464943,1
0.7732806068755006,-0.3987911077701128,-0.7065443972436286,1.546016815835508,-0.40422230795283104,-0.805218447850736,0.7283968858607851,-1.6461993348669572,-0.33900222207429115,-1.308275354689612,1.3123104281522535,2
-1.4679505648170599,-0.15857349762967965,-0.9878604667653664,-1.1298940165076434,-1.62956793783249,1.1155343064770329,-0.2148874229193476,1.362386210077567,-1.2126258241568793,1.3035002139489371,-1.139512901821454,0
0.820295542392559,-1.554151310434364,-1.6442019181928347,-0.30343447953460473,0.4027526836358518,1.628019273708794,1.1476481673483703,0.10646965844295614,-0.08662683193257328,1.7318057777941647,-1.0817001046046921,1
-1.1405159952433535,-1.212268937321971,-1.340228525055876,-0.1740603775937057,0.22934380777583493,-0.0454184390485479,0.8864420562915035,0.5411059380892889,-0.5869921270546883,0.07922825150337606,-0.16524937171354975,0
-0.2123378636594661,-1.1351844539962244,-0.7472327005775923,-1.150258002375698,-0.14119407139311885,-0.3174989072561681,1.5793921943322478,0.9828671782760021,0.40415308481810186,0.3893268134156589,-0.487146766467717,1
-1.0242751265104846,-0.509955051819491,0.026163670107247062,0.9263978791546681,-0.7170701837112642,0.7229204905922083,0.09833409143619692,0.8082925859464408,-1.1617773402934166,-0.2891945387285901,0.2125151865006128,1
1.4021009194298524,0.9465012913084097,0.7163961490753629,-0.38685084142613346,-1.3847445268076715,0.1045875914448878,1.173056667164162,1.1351693245586523,-0.626052712907662,-1.0554619909012937,1.6996379331257914,2
1.143541085811015,1.0211310116048866,-1.0514328937111295,-1.3745945386486869,1.0173581992034093,0.41358861740664193,0.22668535438105522,0.8670280993311433,0.5545204887388165,-1.160836969917111,0.10496851449804473,1
0.5909277564755047,-0.46462063186027697,0.23395609530894906,0.6990900371220121,-0.8528980145160353,-1.4032548931960291,-0.4663321899074837,-0.2024616409914504,-0.7241673744253019,-0.7279769903806492,-1.202294513634696,1
0.8894595504439845,-0.8860228056788224,0.28632283520965207,0.7786080998015387,0.7366011502376705,-0.3545581108689579,1.081710056766108,0.45609139647000785,-1.31588044608905,-0.7411726738662783,-1.0645301103539355,1
-0.8369561502375507,-1.2608329271543304,-0.7081285192497941,1.2393193004448293,0.7671984202902724,-0.15885662196523892,-0.7795276200653021,-0.15359737407379184,-1.073821115220515,0.6131166004035649,0.966368326455358,2
1.2395230571954146,0.37455423872684007,0.32554505261137867,0.3582273970573531,-0.9756459411811286,0.19885769193335714,-0.4255886774967861,0.5791977740208358,0.32545149910430665,-0.2506465184674217,0.07156898434998116,1
0.38171248435743577,0.8655022396208464,-0.9181719647847442,0.00514548206523831,0.1600832524731842,-0.8283844139705808,-1.0070991836461414,1.0639817150149722,-1.6069267906206859,-1.4581381432521237,1.2358077371695113,2
0.12063017999344483,1.2031211043337386,1.5446896953084104,-0.5034832879808898,-1.6254102584178154,0.5842042708982922,-1.1235862677106732,0.02477340672157673,-0.23180645356177693,0.08979172515985077,-0.2255655714383776,1
0.39356293077570187,0.10206675944953843,-0.5595377268577792,-1.2793094614860205,-0.6912207772265165,-0.8844306377818056,-0.41109604104261555,0.6316903734121393,-0.410377543929493,-0.2749944593870995,1.456042332624457,2
1.0359495303057489,0.7239996073756202,0.3945082271956036,-0.7115410113740079,0.013227208247053389,-1.7021290042480925,1.11291341508777,-0.09915463847048017,-1.1516882233127759,1.000865352275901,0.23442240876542755,1
-0.25071326278354994,0.29002247004430454,1.1690504066750318,-1.648775890800399,0.061478219642799974,-1.1744422839500803,-1.011742358267338,1.385434355768067,-0.7843930528663332,-0.39313219264032967,1.0311948902356551,2
-0.6641987045673484,-1.3117371446175043,-0.5388815284001247,0.20918854289335603,-1.5864823664625978,1.4096145379011265,1.0349965006284123,-1.2004173028440455,-1.6437703379346993,0.4443088279391133,1.342502012220449,2
0.07264055786412675,-1.5852882134358792,-0.06545716004980688,-0.26033108872771454,-0.6184791069869112,0.9158426315780351,-0.5280227387023358,-0.4992916293127913,0.38877106538680356,-0.552138446925167,-0.9954527278713924,1
-0.544240687310004,0.9107061617952237,0.4126233939078718,0.9767996049526013,0.8502099199379359,-1.0679956339468253,-1.3235943634475507,-0.5562267394865975,1.311750218823482,-1.3010367776594376,-1.6962817483464834,1
-1.691268494630575,-0.11630770348849867,-0.0766580880494164,1.4036123855570815,-1.3145633007928277,1.7157825671070992,1.532652309275886,0.9639713126099659,1.0796751080582536,-0.28595622795193304,0.6131316243843845,1
-1.5122550961178054,1.5434780405644573,1.0777336047181896,0.14905506280130407,-1.4312432515395703,1.5372117246803574,0.9445974949159672,1.4194689911370246,0.44778480547452876,1.6040396980606066,0.30550807568852484,1
-0.7028123936803227,-0.6451562955857516,-1.5973163758853055,1.6328530555416845,1.0699210508475219,1.6518713000104108,-1.4748139444213753,0.15471736401420258,0.0009172152662312635,1.042184119725653,-1.723051255659103,0
-1.4620495524629933,0.07323457110175983,1.4426546914636373,0.24951341537741015,-1.1176116380551455,0.7888894061331494,-1.1895832211975677,-0.24619590729601326,0.31677282330842466,1.5518284307257357,-1.5771078857165826,0
-0.3566449968767187,-0.7967343413170952,1.2767846031346353,-0.43404813267691755,-0.9472062593492403,-1.1918628076378464,-0.18789521455317026,-0.9746499010304897,-1.725984595534529,1.3551400146761625,1.4189535047949358,2
1.1780706021425875,-1.732350687205012,-1.370539618472664,1.2337113540646865,-0.5672468034465161,0.9384025924523092,1.3378349228706437,-0.13289577770703712,-0.3204567565106791,-0.6214244438096839,-0.2052484074020359,1
-0.39938728709841603,1.1927712399677421,0.8578724925827472,-1.2486313472019197,-0.7605997912949248,1.5058227679850946,0.27595337096621514,1.1406215454566027,0.6542360596603284,-1.67680204794115,-0.1873636983112969,1
-1.1215267404105647,0.617475773283503,1.7239917089198924,1.2507539389807143,0.3425712772722098,0.8746861024501912,-1.1562786704445087,0.9442331880662213,-0.5762866272032025,1.6807028093347272,-0.6490981976550879,0
0.42325508170061665,-0.7067240467192119,1.042150042125276,-1.0151387707039505,-0.3558586471143029,-1.1538293726317692,-0.8724855929880359,1.4732379132762692,-0.5423424971143795,-1.5761546563158533,0.6221313607290804,1
-1.6039645397659275,0.05787868604984669,1.4210087058573129,0.8983354162864493,0.7302405670512828,-0.3571069736146437,0.45693151404455884,-1.0872659012478545,0.5579475109259932,1.2983223801402715,-1.51854931184943,0
1.6699219882043996,1.6033188987344746,-0.9844288245788133,0.6851012105481202,1.5467206917719654,-0.482843143682286,1.0113279376779456,-1.617321918608046,-1.2616385453644912,1.374154267257817,-0.690185094804512,1
1.6901386958041824,-0.03332244309554093,-0.6317092323530901,-0.6365757609805786,0.08760976561812271,0.585878696118301,-0.7821979147855379,-0.5332551952040994,1.2664224064111986,-1.7174973972734706,1.1795306373951455,2
-0.4302426239540309,0.5019782695055423,-0.833683779776761,0.19992514099806077,1.2130088236907972,1.2003561000256788,0.6366835706719184,-0.8680319397561932,-1.0282064768279688,0.29969314186498175,0.25419323538310246,1
0.7257961397512447,-0.2895626505870891,-0.42830505377150707,-1.4823735140624963,-1.5267295478945595,0.10867664521485412,-1.2203373400648898,-1.5260577498492378,1.489211947633472,-0.6794889145804374,-1.3931933321752084,1
-1.6004532422045445,-0.912765711298783,0.3680246254391515,0.525375086130379,0.2118835670730701,0.08707160248419704,0.06904852953119625,-0.10468723905752425,1.3780655109137936,-1.4244735649108338,0.7004765591410803,1
-1.1115038689450125,-0.4899031037692588,-1.0352562681789492,0.04272914171483654,-1.44779468107212,0.18648802490416652,1.0486274395881914,-0.028004736254626954,-1.6221995703433814,1.1621747901612485,-0.5916270454479841,0
-0.5471554370584267,-0.7680629698149578,-0.36129623178333325,-0.9615377528807432,-0.017831300771901457,1.6473415932920434,0.9924202171933096,0.3857793477737192,0.808320616813932,-1.0625447134021102,-0.8456858895619123,1
0.5364787803706451,0.8242384669592453,0.10707016365523718,0.7031555988624567,0.8913781006414865,-0.4496496164322063,1.6112455693718497,0.3559038598428412,0.3441021240427006,-0.9341205812112637,-0.11772193610218668,1
-0.8356690305973261,1.6796553112500827,0.5848549329802442,-0.7111223101085973,-0.4340543632802372,-0.7208529827765562,0.9088285545313733,-0.9145384574822868,0.5609624177721132,-0.4180862345075101,0.9998436419756638,2
-0.09220887522391638,-1.009725127722328,-0.8983664574794502,1.1819913904777826,0.3928419355106245,-1.0924705248064004,0.39137624802971926,-1.3308512499262313,-1.656709983421633,-0.9180675646874079,-0.8341443274695759,1
-0.14799900583179032,1.462601690300462,-0.6880365206361521,-0.10430101011712693,1.4271531714019916,1.5976129558961378,-1.5585560197246917,-0.8632414061961741,0.17554798717475953,0.7345619131131667,0.6582800792534771,1
0.13122040580031702,-1.5748228851021142,0.48541662691064513,-0.2476940974587136,-1.295358833655424,-0.13984517259635557,-0.5194091345930679,0.7361185809330127,-0.7147444819743325,0.6643061547126455,0.5744363889028647,1
0.2066993519407848,1.1496474939887842,1.1900142644134426,0.5469409249950505,1.2454110683277309,-1.0468288008239044,-0.1583859640937713,0.4097950456726203,-0.4757628252253352,-1.6022169970584672,-0.773150132788516,1
0.28361520079460106,0.19655588634824026,-0.9116257085652545,1.2914470106971305,1.2155591440370808,-1.6393973775506518,-1.036813678310851,-1.351113555003906,1.000348792196076,-0.5414191187393345,-0.6223645829816893,1
-0.8838940238240968,0.6266598118824506,-0.7291467237003374,-1.664842094164072,-1.1893033027144742,-0.6289371260914179,0.7597279849655767,-1.4519086899194729,-0.4516610920727252,-1.4001602583310133,1.3527907805374961,2
1.3886357757166397,0.8514752630712655,0.07832949881891718,-1.346990831693191,-0.21477697669298235,-0.005642546391878852,-0.528319141822023,-0.1567833881973474,-0.08727197611534991,0.8853598288518252,-1.378369344071495,1
-0.40385163758387566,1.4471395223119874,-0.01936793786670299,1.232644862221176,-0.6961815930773884,0.9301713064413488,-0.40289191386465134,-1.330815673491167,0.6854019997809048,-0.13787710789207208,0.4259013770358134,1
-1.469969725812427,0.638673728336911,-1.4267997176654672,0.12558569861826124,1.1017152954595812,-0.11454392471425467,-0.3321538447673587,1.6201318836452414,0.2353499526923192,-0.8767834315775134,0.2332793871977496,1
1.1943015351651494,-0.7952289116147858,-1.0252915282023596,0.6627182168869254,1.7056036124921736,-0.8752528728073057,1.1199708221442979,-0.2512427908833912,-0.15254781929267422,-0.5500084350239434,1.5887763317318577,2
1.5053566883929728,1.467631487212119,0.02013553775385178,-1.4675027016103934,-0.7760711260531,-0.004319175602644927,-1.4243264166399556,0.8684454275844448,0.5220652954041308,0.2151853526131841,0.3497289346349302,1
1.6185301185577454,-1.6582241727068456,0.16984221003510197,-1.5316542788605125,-0.6440870180047972,-1.088849687083031,1.4209208808038725,-1.3349819127288107,0.1841831823704369,-1.4549517839852526,-0.16695238547035432,1
-1.6067455791175567,1.1025208145732976,-0.26565173336964115,-1.1701953630534727,-0.1346887684378543,-0.06274481998727187,0.37279274548081076,0.48631614757704533,-1.7183231288256013,0.9230766249564185,-0.04770534485919611,0
-0.5100715869434779,1.0998226762465482,-0.08662534124794198,-1.736726103123484,-0.5491831644827301,0.8753111576541381,1.6749324167717434,-1.5917493463876398,-0.29314807719438085,-0.9007503947587608,-1.3892514840689527,1
1.4496479525391825,-0.2220209150688038,1.6504505229915818,1.4354970360541826,-1.2303863618789888,-0.2952334629230293,0.4046139235446573,-0.28771922835676955,-1.2271619838935734,1.0188925261716226,0.1260191442503676,1
0.06392002329816494,0.4384844486863586,-1.1064628328313975,-0.07561570107074378,-0.6594831594674744,0.4377360706092273,0.45498232990190796,0.8433761938134736,0.35587039056502395,-0.39330536433961616,1.414522381690122,2
-0.23941735954729093,0.3179126506983793,-0.7511814441876501,1.515166743829349,-1.3730386616435215,1.1466366639896872,-0.4859565972179596,1.1101643958457241,0.6694490657110566,-0.4405985554147513,-1.2239431225053141,1
-1.3254502445074807,0.07433293929541156,1.5650735018077973,0.33268688814544184,1.248849650993514,-1.2882751598320492,0.3857901020033798,0.5363485828717528,-0.7396590835204525,-1.1185311237814262,0.22910399783845473,1
0.5610482876526938,-0.409353242140156,0.20478280764522977,1.4108546027625684,1.1151344964391112,-0.2379380469158486,-0.9460730632423242,-0.7945319984562853,-0.09776415174514214,1.3018897171455728,0.058757319175937565,1
1.370190886318612,-0.21445781926237534,-1.4896000309471047,0.6762079327883266,-0.10442755387942801,0.481409792893024,-1.0741755005431712,1.404933946872622,0.6907534564739302,1.7439277967442175,0.4994512273972218,1
-0.09155062523031537,1.0955200778972458,-1.2622398387893325,-0.5853551791893975,-0.1401729883529288,-0.2901133485398304,-1.3524467757779484,-0.4670418309598863,0.6217829189638316,1.7011890213603167,0.6063611863889109,1
-0.289051685196758,-0.656471797269928,0.548789761609004,0.0003967307702720092,-0.1819044817976317,0.6286389333266165,-0.37361976844601813,-0.49252367730444807,-1.260926873800165,-0.1071564484386522,-0.8072623009390306,1
-1.1005718754248497,0.7055656056392605,-0.40366693638821355,-1.5347366996326322,1.6678561547610289,-1.1339171908100918,-0.9587287892704527,1.3762547799318672,1.0841570340048168,-0.07120600366678091,-0.2174343894922586,1
1.2015415115488814,-1.4114280599795344,-1.0202200941834294,-0.7457190677301169,0.5412502391240783,1.2189382093019883,-1.380747892729853,0.2192665625664103,1.5279545331961732,1.176184380633524,1.3048887776784963,2
1.6771938583190125,0.6573704208327582,0.6118420879747914,-1.3324465529116432,-0.2443151815675376,1.6940691210644712,-1.1134649951279871,-1.2512681349034362,-0.8961719925558732,-0.7241845301662755,0.2886596701306934,1
1.1601957004993468,1.1459916975550921,-0.865152543847001,-1.6549239682966865,-0.9390157907654255,-0.06781919906346885,-1.454277062050034,-0.12928200091772518,0.897311810325206,-0.7557364137762704,0.8012758931662981,1
1.5305549265644314,-0.5056254242202957,1.2804637617986026,-0.08610472882461893,-0.9150378063649728,-1.1015066986309399,-0.9855069134705194,0.8716928029255703,1.220657360867036,-1.631967894995883,1.4347284227018369,2
0.10253551326487062,0.3409720075864089,1.5909011429896813,0.7956655440178734,0.7616809911837528,0.8668505773315203,-1.2868315431912485,0.7990662690557249,0.27074767564938335,1.1171674655166948,-1.7226502829057087,1
-1.7188677617075572,-1.1336099683763776,1.2081993339056,1.723766015380332,-1.3497581729916979,-0.7897001270278882,0.7256899685614709,-0.7806798373187798,1.5930824171960654,-0.35056658895571524,-1.3759165326276002,0
0.8620852644948452,-0.3252365357577756,-1.5432759164284882,-0.43280159057677736,0.6537736541941443,-0.8607674523042561,0.9185228156205951,-1.0717600758526602,-1.7032708861468122,0.6194720017673783,0.4425447201934117,1
0.759057788728319,1.593633578935574,1.1406195898987537,-1.6428733095685586,-0.4689927148099703,0.3178114570249361,-1.5318523943375881,1.119102762805682,0.025838972782491573,-1.1967700975190536,0.4868469737186363,1
-0.9801886669278417,-0.9077475047560031,-0.7300224148331989,-1.6679688063479547,0.39263426969861226,-0.2538328154646407,0.22802395153890473,-0.5900289429947225,0.5619074368493543,0.374797707845524,1.112633246695488,2
0.05598059640366658,0.3727024378540675,1.0290236637075494,1.323492370872358,0.32987735445834104,-0.5008192821096282,-0.26008506998530134,0.2778295945134407,-0.176170976848539,0.1981452574033954,-0.02291333592489858,1
-1.651291754631778,-0.011690177259423166,0.3048360165160732,0.26954834017602636,1.2912340123898662,1.6257841852953827,-0.9801940524525298,0.352524452714849,-0.6445507763075764,-0.49417787917398526,-1.3797126705107416,0
0.871567744166534,1.2634192532505684,0.8937589474969074,1.5221486412296943,-1.699340056091062,-0.6628314606001655,-0.11367553514657867,-1.4167388366911362,1.1403833133362204,1.1704697145570704,-1.0950420823888192,1
1.4336175611748387,1.221427170309735,0.05337867654435408,-1.476267118510031,-0.12674042510726535,1.0540943431364618,-1.0879974305983793,0.22079990609234937,0.21480286000178322,1.4887592978456032,-0.8656321164531934,1
0.9554933518458941,-0.4347013630472768,-0.43726991758765155,-1.062712144383435,0.4786404855156803,-1.4987828925147515,-0.16885229478125696,-1.1045723918954662,0.37944524258441165,-0.6348798848442426,1.6603588829069895,2
-0.4421444063861092,-0.7969566273965658,1.4053448590113495,0.05429840238657766,-0.6590630234116344,-1.5048350298170492,-0.5580105297395787,-0.18085317978824703,1.4563553059637255,-0.1310368257702565,-0.02797037597591018,1
-0.12160128473325593,-1.6502186557415228,1.328446020635584,0.43694508943603777,1.7087260275183356,-0.513612074397563,-1.5102168837151022,-0.4036321039712502,0.48642307108901167,-0.08500778809991262,0.025066113776368807,1
-1.655088676879767,1.4209486532141202,-1.149441122505217,0.038202312974481144,-0.6940450783934191,0.32035577213301475,-1.6824071569982453,-0.8216348400119752,-0.8098992060139166,-0.5595328784846992,0.06819947078161052,1
-1.097240804140474,-1.7235053134791884,-1.1843926617039966,-0.18576476046033497,1.3996817801953363,1.4329774025262016,1.5895021925318535,1.0845976717765107,-1.4233650523792294,0.6022760520282318,1.0819553126536954,2
0.35138766268968313,1.6731006355935636,-1.1174087239557482,-1.6626174335878237,1.053272173603755,-0.6856300576692971,-1.5735508828426639,1.4705550585920253,0.6473900456587854,-0.6248532434555559,-1.6256129079516852,1
0.7962775119475969,-0.4154204773242064,-1.2308239463430761,-0.9600563097860313,-1.149540911710838,-0.36907659789426267,1.5618513353099495,-1.354389444382828,0.736385571967779,-0.1539301244159279,0.5829489864247497,1
1.211370792086916,-0.8845019103274888,-0.01577978306994722,0.64984459051488,0.1184553813761411,-0.9780216620269666,-0.9068044305803532,-0.18286309877874174,0.16352262860250932,1.3583783254528194,-1.6562640595155294,1
1.5905545962244179,1.5899049493287454,-1.1499728876917537,1.2097082892064048,-0.7777458678551809,0.4556801555401864,0.06456950479594795,-0.9549853563359214,1.2778252570543798,-0.13973004507443731,-0.6995433107595627,1
0.6354593070057756,-0.4408082643403459,-1.0460087921526253,0.08142405497000935,0.236933615239374,-1.5646080338370094,0.03091659179280329,1.38528142427852,-0.05912130390736974,0.5233097571536012,-0.7302078657790724,1
0.4622435889063172,-1.7276847303733716,-0.36347386098717055,-0.5393296814993491,1.2533272804760804,1.7495415764632285,1.4340511446205262,-0.40257290136531526,-0.41454713818814853,-0.3159322490984211,-1.1312967719845715,1
0.8591347397582606,1.5053496782700735,-1.1438964712346458,-1.0486429250951232,0.6889594457045407,-0.5698302644831057,0.04931334871562063,-0.8189201450476613,-0.14941743724002055,0.7796731407772922,0.5237241770394213,1
0.7709547742506135,1.572136125539252,-0.9418814079008506,0.22911855347932722,-1.6672992465596412,-1.6022378319762325,0.9407859652735469,0.5188014968414338,-0.9127014971480516,0.21596462525997323,1.0652030838712312,2
0.16691994497288845,0.6562994943741572,0.5083823449143474,0.3807411918314983,-0.37848838417732567,-0.19796402556285791,0.2087377483789721,-1.4280660589250287,0.2268499493351972,-0.10869767656230178,0.6994358192039666,1
1.4838988460460238,-1.7247937939398241,1.6769039727007096,0.18670378261202097,-0.7656247284340328,-1.404702865208342,1.546245494665166,-1.4559895861540164,1.5386385778558218,0.9613302533287998,0.5005723950492954,1
-0.9642886019908433,1.1549617178845588,-1.1509508875703753,-1.2990854779053314,0.9747731094927813,0.9523285676354838,-1.4247798627095962,-0.974913801773961,-1.5456470884403144,1.7154756865514504,0.9735769387746646,2
0.6058704363782139,1.0246139655712878,-1.3102482150403543,-1.5170068830695294,-1.6286736332145157,1.1500216482436205,1.207093266411224,0.7843899338601584,-0.5343751272235252,1.4465054032197044,0.4647183291586129,1
-1.2003774133629328,-1.5424570680691496,1.611344043506691,-1.6713055207479364,0.25341253186639817,-0.5027857625154796,-0.8489751450757144,0.3694889571687512,0.9096557899253014,1.08471508907041,0.08265102781343388,1
0.7760969062040035,1.2631099895616993,1.1501833775697194,0.9111476226783045,-0.13498194990051215,0.1319796092899535,-1.6897371054462629,-1.1382141341750087,0.9821583697995193,-0.40227565836265533,1.2968872497325588,2
0.7499218953401252,0.04526201690589254,1.0575904562864054,-0.567263560716597,-0.9688051048548444,-0.1417429772218912,-0.5702822022329709,0.6786268689489474,-0.7966050753878138,-1.275944198432828,-0.8377355984195461,1
1.0857084973832976,-1.437069951699703,1.2477342139531484,0.6114926416912829,0.26260115164010245,1.6514178786510332,1.0996378808739462,1.0900776322798365,-0.41389682460744054,1.5915193842021949,1.4466494317373881,2
0.34720359668323625,-0.5380305358113144,1.2479022346698678,-1.111756258492361,0.7352547400793846,-1.2890852498243486,1.2529023849604566,-0.7911488087486199,1.7110388291020755,-1.4200750037489573,-0.9898830859222884,1
-1.3211337070778557,1.6090099810691592,-0.6300196288798002,-1.6409944652810708,-0.8292163006037814,-1.0338947447315623,0.8054207979934402,-1.3106673779680569,0.38897364417123154,-1.5195101934792488,-1.2410516179317552,1
-0.3262625650741129,1.6504178933567744,0.3494101300034994,-0.35782955008547523,1.6764345389184798,-0.48399411601359443,0.05832836447311357,0.4884894587408517,-0.3279285259198165,-1.3120678149039857,0.4889666708939264,1
0.1395668934688475,0.1292431104796357,-1.1912828113368565,-1.7189052064345796,0.8544751793147175,0.5131337849504226,1.498833491905397,0.8129983839788802,-0.06252578169728146,0.6836321163530157,1.6867393269950508,2
0.29505602702179057,-0.378497510641245,0.35094831143358507,0.7472563927760776,1.3334732467486357,-0.20265891775137268,-1.3442087569310297,0.6529220452153878,-0.3293308741987245,-0.9330988681854736,-0.947370364762093,1
-0.3816629559518504,0.7822622704636926,0.6713807468129926,1.7099213936953384,-0.27956066162306176,0.011101651567961276,-1.0595594874152208,-1.1944686810803185,1.5022910645859329,-0.8027005786227612,-1.3341935158494491,0
1.070098256207108,-1.552484878801982,1.7081834792714337,1.308037851914174,0.27857129300242334,-1.5648632054891132,-0.48152823747321594,-0.42815485530836533,1.7504648919540553,-0.34260069078853755,0.11743106502828311,1
1.2834722431695833,1.4671508840567284,-0.45261478300909236,0.41943859867246225,0.2103280131817502,-0.6637517880179251,1.725458819569548,-0.6299777555947924,-0.46670218066613456,-1.011632233811888,-1.1322061196608473,1
0.3024096146705548,-1.7251740284762374,-1.4559259066651482,1.6339778369978828,-0.2579109830521713,1.7117894109960383,0.882269746710286,0.02489273018244586,-0.8958685564578038,1.423023320796459,-0.6339624151544382,1
-0.30654375295478214,0.712519041107484,-1.469086159632524,1.6484811916646331,-1.6947881553960862,1.7467490958477834,-1.3853640143772363,-0.5090761711580967,-0.07293370942464983,-1.077333576521175,-0.5329078604847391,1
1.3420829058537391,-0.9266288333889348,-1.5665402497975762,-1.3043826300134906,0.09043021817310926,1.5019938641834447,0.7695862991418243,0.26277479673810245,1.4938169431945738,0.009924937448930549,-0.4599840038601604,1
-0.1168918033975525,-0.2542562936775561,0.5316632007038238,0.5930718741959751,-1.495179479536036,0.6867719073435228,1.6763251954251526,1.4990406053913032,0.44651427754945405,-1.224425617895103,0.6616602178528491,1
-0.15148575562100508,-0.7084693583089131,-0.6265739376203341,0.6878736192711571,-1.1157749508310415,0.5461316268372064,0.6536469682954071,-0.8694446991333155,-0.24420089697144703,0.9978002131985305,0.7889685295211873,1
0.33083456661576044,-0.6072927085940604,0.16588664798965078,-0.9822951933653756,-0.7843867487050523,-1.742353405424474,1.0148061231766048,-1.6752347146723352,0.05317386828068484,-0.6460494594482199,-0.4615525258070043,1
1.510693634153598,0.5855653489660465,-0.3756407090622458,-0.9607450366273066,1.2679012723924832,1.7134175285762598,-0.15308507084529394,-0.4702999374515171,1.3605531741866528,1.1454983555199614,-1.6213103393448307,1
-1.2257835396754302,-0.9028438243510353,0.9132602648164044,-1.5887136400770956,1.3354608114703446,0.49768851962129795,1.5341426817245012,1.6564831947448284,1.0408898247948708,-1.712821761392736,1.0129509650425967,2
1.1104472768518425,0.8367245644429558,1.0252027976545697,-0.9927967474832419,1.0611779725484674,1.0451084837899294,0.8830222061619242,1.6500614718019617,0.16563224180957678,-0.17105680547535984,1.5820241419827956,2
1.2676139628087917,1.2302522694545113,-1.4121414097065013,0.5519107618960784,-1.5680519493396872,-1.2281084718884754,1.267426505877759,-1.0294294916968867,0.9071210845349537,-1.4783299633889262,-1.3525386685471321,1
1.1068161346127858,0.5810467332325232,-0.09761157986351011,-0.5439193373582896,0.9624061748221421,-0.47538342179141635,0.14125548080453754,1.4324611335499269,-0.5594025069297187,1.2411064506960217,0.5856611058690071,1
0.9198468018949552,-0.6035802887057851,1.2142069082108786,-1.5142903425851046,-1.5170587044158967,0.5737221435361137,-1.1963914878806616,0.8588138885851372,1.3359176109609685,-0.34218507871025006,1.349663701973476,2
1.2884791014080785,0.9694769082947359,0.17571471498209373,-1.4020282985575623,0.07286864812750975,0.670526229711334,-1.2592045628630713,-1.5548504833671488,0.39626823274891254,1.1304324176820384,0.0626457419456262,1
-0.9226758372657795,1.241787347677998,1.0839179272759496,-0.7464836539059603,-0.05905917860941971,-0.7103530458363162,1.7081633392499864,0.8474255382887289,-0.6624452937744413,-1.0359455403917084,-0.03781176207432112,1
-0.4769462564804143,0.9607040723103877,-1.3109544185458777,0.45035469088432295,0.9437341966293339,-1.3917158697570085,0.9458371250719319,-1.4247279618518915,-0.21477841332125958,1.1867478542899985,-0.9018399393303983,1
-0.6363523725385619,-1.3681293577780735,1.3475431452521442,-0.4130981152700445,-0.8494998261938175,-1.5332708546646012,0.10283200911652249,-1.6049435289688414,1.059938411763051,-1.5444988696862865,-0.31791147512321744,1
-1.2724179475496622,0.8049977700832247,1.3142408622246438,0.006408566876092272,1.1713593638006954,1.5797959137781104,-1.1681846863376844,1.1804419750776263,-1.1561028315590924,1.5711197580262486,-0.04372245565093129,0
0.507328023397726,0.32429097003276935,1.563140955247599,-0.6466469766026248,0.8362663795980404,1.6280443989246398,1.51974076015251,0.14032710456791167,0.28689839536384704,-1.4175640141093035,0.3609048441738409,1
1.136808155112909,-1.5673264542664933,0.5548172844051494,-0.6548000770039066,-0.7143267548517203,-1.4062479538238501,-0.33210795618681993,-0.8674910365370844,-0.21355110703188096,-1.4846507304128822,1.370867731483505,2
0.4464499837639907,-0.25333535356346637,-0.06886183747333857,0.9136843795937705,-1.367321787779673,-1.2490168146546603,-0.9064484269719583,-1.4006014551221229,-1.622998591731525,-1.3636556641214252,-0.4269056051517167,1
-0.83479533767727,-0.19966026623713787,0.7274263136927226,0.40246410473591804,-1.1759394369081841,-0.9086548592149015,-1.3131372093354825,1.0358169197612626,0.8278467269160061,-1.0563971180774405,-0.6534037227012519,0
0.30124912430124695,0.6702481193104872,-1.70690069333735,0.8520187992719307,0.39315559548883355,1.2580633097448175,-0.8023927175238623,0.7219963277192997,0.9296728398545334,-1.3629110258144934,1.637543506711169,2
-0.3339412928736022,-0.41764383162156604,-1.2207304020335938,0.30203404631725955,-0.8839529267961995,0.23583213353884772,0.2691784284706208,1.5150541002973952,-0.039129073588817204,-0.46520625388335873,1.4843259976073604,2
0.3048929709231745,-0.49642925719659314,-1.5266682851219624,-1.693439494316868,1.4891213975540323,-0.5398287938010973,-0.8622430425889152,1.3131975742721351,0.13590487108282728,0.9100367960001472,0.8999440009500627,2
-0.20503093782006135,-1.5161716857265182,-1.6418658046989458,-0.6921335046539768,1.3385396482347143,0.6319465678143565,-0.6101187839732135,-0.9597883617999625,-0.7096167013707417,0.21442339713632363,-1.0361547817905026,1
-0.6737599848613657,-0.3619338309904833,-0.05249242806471407,1.2371728722495299,1.3297870933729532,0.5750565235103855,-1.6832570789315793,1.1784769869230558,-1.0464816933194863,0.9198556313496902,0.7837769627553826,1
1.0720712241856647,0.23939479226386587,0.9058455953955532,-1.2829657428887595,-0.5182307276391727,-1.2262880916330838,-0.4507955932642413,1.623917369159237,-0.399507895909227,-0.7002002498150993,-0.7585114160450297,1
-0.24431123871866778,-0.27572040559533906,-1.7073655684597764,1.3764558926017594,0.32286799506804725,-1.0980728704212206,1.1800980874043172,-1.525221359910662,-0.08567290560679179,-0.18982861767801323,1.2570760543999686,2
0.443977039357882,-1.555643656373912,-0.09174846856802701,1.5804667920447726,0.13995217226332896,0.11412987317556503,-1.1988666148649352,-0.5538299206607942,-1.0090562432873322,-0.11649040303019297,-1.4833098746821274,1
0.17699947615546838,1.4559056042584548,-0.5262783417936071,1.5893743711365895,0.5971304030090654,1.7372486540701333,0.4215131006528114,-1.3144729093145262,-0.09228166537027443,-0.5854220475280266,-1.5020462896088138,1
-0.6247652440429422,-1.5731286846097228,-1.3031929229194212,-1.5686680443553087,-1.4894257348077609,0.7870832445217568,-0.21377900189868523,1.5628350710604724,0.5477343771495772,0.7741489635700538,-0.20580785507577584,1
1.518122599300268,-1.3593780558164428,-0.7059508087723422,1.6314903680614588,-1.3263889912653437,-0.9853944568303908,0.5960566889969201,1.685711730702809,1.1156813361363636,0.048905886958315076,1.3364829356485597,2
-1.0992260577127693,0.3706776395326497,1.566691193106003,0.3663065444240163,0.18569861519107383,-0.5444778046336043,1.1660973628916662,0.3175274285934467,1.5723875462146302,-0.7371897247826894,-1.1995726627231478,0
0.38878753982964964,-0.3622884540603923,1.4638867839643501,-1.3890164980175401,1.5121238934463161,0.6874669540784291,0.9684959071862054,1.2206636222488254,-0.3521257498500803,-0.5084645443651191,0.9207110045052465,2
-0.4993762373492816,0.8493127206102534,-0.7374979638038739,-0.6937395231767158,-0.006494594196174559,0.9055394953162945,1.007666938142432,-0.2969883855973125,-0.437829299546733,1.5784795552459236,0.49305121344577163,1
-1.3774264694966498,0.9376112440277922,0.589683288713576,1.4591245994590403,-0.9214556574305477,1.1300514414354061,-1.0481332473719842,1.4363341381808612,-1.5213377965769221,0.09448467821051412,-0.998930844335486,0
-0.728599479126454,-0.36410606240029536,-1.2463307407054225,-0.17913968625662743,-0.08767025165782426,0.9262803225948733,1.2665507434457723,0.30560611266636656,0.6775313306996832,-1.4097366533015552,-1.2923117623647093,1
-1.0998062407147213,1.05895820274841,1.3957458398980638,0.6972314662302536,-1.5282303370039998,1.6116829880192411,1.2715483002373411,0.18003248351795945,-1.7269365609195815,-0.15997381672102573,1.1148996593530676,2
-1.7114479481889078,-0.7991696375911317,1.1956411263818418,1.4207071197546624,0.49366635203612336,1.5736883676256264,1.1520331833967383,0.2475190901466955,-0.1293437065865477,1.6913009173310591,1.0137894977947726,2
-0.1698319315819859,-0.23066041004606358,-1.7039753606372574,-0.34655485342046,-1.4790127838983556,1.301801123067201,1.390426686841638,0.9285719257963073,1.461065062030674,-0.38329604012085816,-0.9601196654719759,1
1.5238159381545315,0.3239287807771572,0.3200057715091488,1.5954421256978153,0.07832210671584158,0.7191008976675167,-0.6321097452561028,0.3381770999884815,0.8294718147019322,1.0824119054699,1.3983072719600718,2
1.0425068662287493,-0.15941316786178744,1.2187822789266005,1.1156943314866448,-1.676609036833201,-0.7484080364964626,-1.5466848282485965,-0.25108381610425107,1.2299250070983556,-0.7071963864662727,1.6226113310792387,2
1.7050504089044278,0.042178901973498724,0.11728010962202576,0.820737188368921,-0.5259174152751702,-0.5721595232542787,1.4448463880431253,1.27573941801361,-0.050424415805354075,0.589409394771247,1.1946555924167652,2
0.43946161097102704,-0.943474918335414,0.896274018650842,0.18968063240441216,1.3886593054423837,0.5107684368368252,1.7193721260296246,-0.8974248027429649,-0.06027644530270655,-0.6019253104700273,0.7017646940592375,1
-0.5715667708314685,-0.4832335263868547,0.003833851689832108,-0.8717730282701023,-1.519526108375675,1.150530876048449,0.8610438452436889,0.34608238544601727,0.5820071794807847,1.2696278295685033,1.0299156246354266,2
-0.7268201716831623,-1.5133018307517792,0.3714437424794246,0.26897158176640756,0.5635104391177823,-1.4407411655040911,1.581936714700609,1.0334733091196935,1.1990951728793948,-0.6870218834993989,0.7550381282857206,1
1.3845563441595177,1.2648228901134417,-0.22026566883436766,-0.40093057021201894,1.6349261556054473,1.709673461761216,-1.4827451803532252,-0.94894460032634,-0.18129347605999782,1.3776003840736177,-1.658544011757621,1
-1.197855602280338,1.0547231702094115,-0.5530642673637035,-1.6181268359425078,-1.621834602345801,-1.4838398750265838,0.3872195150040992,-0.6511994149703426,0.6844134774926427,0.48491759142179064,1.1689484206611038,2
-1.0705995683245326,-0.06458737140817257,0.6169613693729621,-1.4603833482871573,-0.3546199295997408,-1.3504985217911065,0.45227810291552284,0.4206085174504487,1.0727319378511018,0.33353089190555807,1.6323562890874892,2
-0.9539279506516999,0.1058475179592835,0.9921525156664395,-1.0282233639426466,1.1601381979616863,-0.5813600616235945,1.6587349525190602,-0.3667372790381096,0.16262034573499667,1.5976669795268645,-0.6523322141543226,1
0.13506469398168522,1.4137355355946977,-1.6334033387867082,1.0471888011344952,-0.6962238619844392,-0.5193605046502876,0.5433414935108438,0.5042993040553863,-0.5206383011868783,1.0892521875917156,0.9970187973749691,2
0.3975481712078291,-1.22365064931362,0.40171697018778685,-0.9455625402327925,-1.0715372686130153,1.2711353769520743,1.7032827667456754,1.4226225955044485,0.7419178593726616,1.0622374025030261,0.3410315614014394,1
-0.9298628632149779,0.9710134295120193,-0.22532476083603387,1.1704945634435173,-0.8548002014288083,-0.38045686830013353,-0.9660092056223533,-0.65979728098243,-1.4096358028739104,0.025025509626710782,1.105568522567041,2
-1.5191286921243354,0.33955427623086665,1.1033214353960787,-1.5368623525333824,0.4960679896592113,0.860406687652694,1.1121052043824116,0.01781469123699967,0.7319406337841335,0.9952026377092335,0.4384824329627448,1
0.4710514485595773,-0.5635756866113191,-1.4588879574444493,1.4962085211422622,-0.8870660004826136,1.3993032967804164,0.22297966912239622,0.5634766583037585,-0.5202133584469634,-1.0974561279782629,0.3784922373921485,1
-0.7384121264652637,-0.6022146324024711,1.3061041349929603,-0.9521140214681397,0.12373167336227239,-0.15492121031579256,0.9138627410924768,-0.31857116054149537,0.486622611191673,-0.09314685796637673,0.40136092024810566,1
-1.1884790547182555,-1.3905774834023472,1.719026506515092,-1.1101622178022195,-0.17030393344781075,0.6972313087817932,1.258367671775388,-1.6805019680776616,0.2686093710825984,1.0737879548454339,1.3337283789089942,2
1.615747514861431,0.6733455373489395,0.2382974676281316,-1.5740822982491935,0.0889170569200145,-0.07262663902700434,0.25678068466088383,0.9732209742364517,0.22092406696776687,1.0680732887689803,1.195563058722571,2
-0.972320711779484,-0.7632538882766626,0.8238568393594713,-1.4040553260016182,-1.02519634944078,0.8234986666291811,0.03316694924285596,-1.635051971880712,0.5960003263265382,1.2982184771206997,0.4662479741030603,1
-1.2578818093255084,0.3386177796143166,0.7541957394673037,0.1685340117100642,-1.1612003101578214,1.3199073371477066,-0.08422297196351121,0.31167934617772214,0.15359466350416343,0.8423786130889231,-0.5063192998236042,0
0.8766438872037964,-0.20315524883334576,1.127618185758512,-1.0124038022423663,0.22960748268820907,-1.6395189853520453,-0.8935824948601953,0.37835839379709846,-1.5767922039281999,1.7230779241501266,0.875146941286508,2
1.0312040895300991,-1.1325791324913559,-0.345709816293379,1.251539325357588,1.4763787524865764,1.5288848827858994,-1.0855598111585945,-1.4048147375185824,-1.4053710735693383,0.4076483792001675,1.6351907325171113,2
0.11173982671963556,1.092460981907882,1.7154690508698522,0.8012276470000936,-0.34493121419371153,1.227970774771891,0.319617833667397,-0.01798926000229907,0.3687545136021238,-1.640695748639921,-0.01831161545142559,1
0.46084490325339317,-0.44200668387608705,1.4019451399892668,-1.5800816615943154,-1.6622150627709726,-1.141618990063335,-0.40772439087197504,0.9637894018041738,-0.6947369741629739,-0.2608809658952521,-1.6445806476745493,1
0.9716412110855694,-0.9417977015021525,-1.6665726451502587,0.14821623130757425,0.9187967371173659,1.3744043068773866,-1.5770254135754709,0.6041539671374868,0.9463156292303936,-1.0287762320412486,1.1372970850849837,2
0.47645936107488535,-1.171987767449656,-0.2576049162022371,1.4856212764717256,-0.9292611946350462,-0.25198040739423583,0.3143726515410898,1.0333673955133038,-0.5560109533412231,-0.8702375413444847,1.3836470852541376,2
-0.5023146057930956,-0.43383637231459804,-0.6756403416995558,1.3769497519941458,-1.1972105407490974,0.39284762094689574,-1.2050929394238774,-0.7301717129269978,-0.7469235961791966,1.1264494685984494,0.04812827760914782,1
-0.5973617131365714,-0.015525865432303363,-0.20762443917886242,0.5908086106756959,-1.2591656503492317,-0.7684028467601233,-0.7948037120524319,-1.6949804144169123,0.02446225669048239,-1.1649411391902003,-1.4796603650191937,1
1.144274520126701,-0.9311947222877323,-0.5160115199017983,-0.3863912242023279,-0.5550825439810189,-0.6795304818217296,0.9551863809587002,-0.3045849452205541,-0.6234841305081409,-0.010717129106016743,1.3137729755372587,2
-0.9318214930117694,-1.1202475132125738,1.3449508352217863,-1.266034392350058,-0.2132328575204244,0.9086783017675422,-0.29095538554570005,1.1130144636262984,-1.5411623911142318,-1.633768880668462,-0.59820236193951,1
-1.1938987279436275,0.3779344202588734,0.47018842116041076,-1.2914686764434904,-0.7205169465881393,1.587189725773811,1.0384335428503881,-1.3273829935282768,1.0878653499413795,1.1403205217112957,-1.5251302375475326,1
0.6788167631724998,-0.4103772888756562,0.4038388394003688,1.2383612293876454,0.2409659132659287,0.03999310782557399,-0.9874940361347714,1.7184610094251929,0.9046950940702884,0.037597774994908545,-0.2454240056950495,1
-1.3014091684345919,-0.013741211927074578,1.1796969538948727,-0.44319188035863155,1.2078914337010391,1.2469187845708085,-1.3612980732217688,1.4424327402001011,-0.6155530046963166,-0.955749726452144,-0.29668319373559393,0
0.09480760385451739,0.43583938584017173,-1.0017403389532056,-1.5968440926454863,1.361260001425642,0.5776146240439552,0.0763786555424572,1.1591215908712464,0.6570427654011702,1.0906029268461501,-0.24320854711189863,1
1.4854043414562474,-0.9332903943101044,0.21508903791297637,-1.7038937679414272,0.054148663384249875,0.6591473907961257,-1.7511832273639474,-0.4894591945651028,-0.3268800637700861,0.8019257041356037,-0.31798919073269477,1
0.8392302410043189,-0.7441198510265311,-0.8317697157660479,-1.3480302723301976,-0.7045519164365637,-0.7078942264477767,0.2516276674646736,0.18205250039195053,1.3063089116916475,0.035173371204897955,1.0288879879724195,2
-0.8307791894581072,-0.7767543218904167,0.3693830804886381,-0.07964825780388013,-0.32394513228448024,0.9071651068950652,-0.9161200924511634,0.8443634799492833,-1.3865418695677905,-0.5545628507151775,-0.8287276001010063,1
1.1796163473102967,-1.2112054636240563,1.5777254391753546,-1.5128801768793316,-1.0431569029609549,0.003272880472984431,-0.5661181488686531,-0.12247727041901998,1.4420725788576192,-0.05728299904414868,0.3991417652431971,1
-1.3908498913260867,-0.8762335739653048,0.7075459256486601,0.5560805111849102,1.6130801252566693,-1.7103169220211232,0.6237085453120718,0.6196587214981436,-0.014174689370879187,0.24737797151053897,1.4478110924856014,2
-1.541807088947193,1.098699723936524,1.5628005031053152,1.2700086331169453,-0.5843251209130229,1.3049926740782638,1.649927670464414,-0.8046331304764948,1.0617022684893687,-1.375795000241407,1.325273625675466,2
1.6628920321382707,1.0429922261454052,-0.4866645150699984,1.7205078462215515,1.6593321283160047,-0.780734568385721,-0.3125998711151301,-0.26407127237567357,-1.4410445759569166,-1.5243936353991272,-0.13752086809096,1
0.6072267241451988,-1.35116302379152,-0.5015794991222052,-0.371830193430016,0.8996206315356234,-0.6698697654371097,-1.073628381477942,1.2848944386335226,-0.5570745124505213,0.6510758368871592,-1.0631979534610767,1
0.5814351201840608,-0.4427953362881464,-0.08997224518347773,0.6794420201457065,0.7879484031897499,0.7247550758124405,-1.6906547834640897,-0.584048422146332,-0.30662810547500985,-1.6749664279287135,-1.2739168528283515,1
-0.2900723437705606,0.3483181705066563,0.8149645074366214,0.9615582899294894,1.513055076388849,-0.9879549759037349,0.12897208467670288,-0.26095750261803097,1.0404332657741426,1.7141422644669446,1.6652522786319677,2
-0.9012295534384304,1.2810745585703411,-1.0485217718721846,-0.2459289430067479,-0.5168733942787677,0.526222637022203,-0.47528162259186957,1.4470459450701383,-0.7714264176602732,-0.011738842131806919,1.0179832470959422,2
-0.29329141115934393,0.843086996636941,-1.4771875648506054,-1.6885542634181785,0.9260047303765067,-0.19906095400401091,-1.6688480602310458,-0.5928282955963212,-0.5030728901607345,-0.503511833765526,-0.7514098987326842,1
1.388950070808002,1.248247311078628,1.5878750394860592,-0.8654635768843222,0.39779366012961564,-1.4190559084534908,-0.33024598013330875,-0.12663992085703943,0.13447628330461991,0.9160285367954591,0.9485191365221327,2
1.6776100456337946,-0.4602335858155734,0.15622626833525757,-0.5610082832126686,-1.1593227297449769,-0.9881595034028621,1.1531804048669752,0.525925767889361,-0.5779598668427122,1.4565320446083911,0.11673651121953087,1
0.31964760306270457,-1.0091818844410099,1.1475712137601848,1.484287996815139,-0.311830983397765,-1.195741511967473,-0.904103495784623,-0.08731978352154617,0.8845293720163155,1.6971368035970134,0.28492593859751153,1
-0.7712903674633876,0.7126459632022951,0.0733439351142166,-0.7779287340332331,-1.4467840148006264,1.5720399936742209,-0.9656857120113017,0.5389218856303248,0.3766488410166191,-0.8141645451155256,0.5274217681090719,1
-0.010853025861101744,-0.6606564502007907,-0.031657375672057286,-1.4904841747736148,0.8367484005761188,1.6489907946301134,-0.9406996206437342,0.1188554223329106,-0.5710001900328988,0.1846378648590507,-0.6099247764402834,1
0.36940487475851896,0.4775365573084891,0.6837133086811269,0.6804340080818284,-1.0470250577760365,-0.5318452521388174,1.7177482568989084,-0.14397812953306693,-1.4517574617022837,0.9389737869509165,-0.5226426284962211,1
-0.37410692276198354,-1.6561521609036367,1.6192621608220363,-0.019679634974633535,1.702787793006019,-1.7543653648934487,-0.6417178239603484,-0.8573044970350537,-1.1682650509307941,1.7306974789187313,1.1272894228361718,2
-0.9596771739786127,1.4350429294081268,-1.6038365544431008,1.0963098746162934,-1.0004762673575094,-1.645020056667715,0.4482736726134311,-1.33145539370269,1.1631751375872255,-0.8248146046216435,-1.352607588138829,0
-0.9129503853382859,-1.6018386748404763,-0.18586839257927298,0.9056975475230307,-0.22243700458865914,-1.6700119029384402,0.18036559736364344,-1.0101918654266915,-0.7010142869129294,-0.8705319332332717,-1.211443660114747,0
0.37417667210585565,-0.48884861572519606,-1.1205821201164163,-1.1611254653928935,1.0837276701844372,0.7184385622532243,-1.2372422872232023,-0.8143320836117878,-1.1288311682692322,-0.33191599694256235,-1.304485356729891,1
1.6119645141451395,1.5243206549609347,0.028483499391166386,-1.3447288330396863,1.592200888862097,1.479607155877549,-0.8184122574233825,1.0744606763479443,-1.5837098889894192,0.7300248145918611,-0.20653781285609452,1
-0.8550129513069951,0.5384086487389346,-1.6797613839709906,-1.065648590349799,0.5799501990075346,-0.23612400999259722,1.0990682039347686,0.9822812162951872,-0.45162186407250016,-1.1419266203550285,-0.692524378280823,1
0.9436049010408203,-0.36973289955599814,0.7784465856370707,-1.3220181570577876,-0.21123046626435268,0.2577277872284565,1.6706719811990833,1.3900009089940804,-0.356318515602866,-0.06736159194262126,-1.112835229123043,1
-1.2516460211584237,1.0535147007381667,-1.0047695328751827,0.3380930789973873,0.04366206405545347,0.5810434143150387,-0.7173774732090166,-0.4332641340081071,-0.41999538012807414,-0.43838195766388444,1.5702305006808992,2
-1.7129798469258157,-0.6855279170682129,0.13535711540398554,-1.3070239977019114,1.6631512195949658,0.8659799032675756,-0.25392922231803133,0.7489826858008684,0.04667294126774596,0.3393148266617262,-1.1602387316362652,0
-0.48443845964934473,0.6752209527427431,-1.408534182200321,-1.047370180641521,1.1858912546256597,-1.223541556191121,-0.6710286719005945,-0.9523412966925376,-0.29596573292971967,0.8553145390256226,1.1413610058618102,2
1.1873703343378768,0.2270228469406313,-0.1283563975552986,0.06261116293672962,-1.0158586425946146,-0.49571450449484195,-0.4587418808741506,-0.6537376186083274,-0.7930043947104444,-1.034352360758273,0.4249112735391529,1
0.5868599699117106,1.529497900573233,0.6501086380686617,0.07654667479629047,-0.21686586243408404,0.2243500685267822,-1.5692420042254773,0.7460889461528843,-1.0710993477185893,-1.4322836085486537,0.3337687523487686,1
0.08375722990998118,0.13009181174127774,0.9820833666352862,-0.7795045341931376,0.07322633237154821,1.2363481273340828,0.1268817682224131,0.6121827680324554,-0.45897280375111194,0.09954129182967907,1.6690137979022732,2
-0.5137878340639707,-0.10110176736915814,0.19818359759279017,1.6807818502359906,-0.13605777936678753,-1.552484210067713,0.20265343278992065,-1.2826458423957847,1.4642873206632754,1.0333177287221857,-0.6741777072229281,0
-1.5902896614688085,0.49109130117676436,0.044490855085268816,-1.0898438874641547,-0.08496914222334759,-0.7564293424844056,-0.3366920473459759,-0.3904442382069724,-0.182018195478643,1.5895798611701863,-0.14586319285912702,0
0.2605864304105572,-0.6918880628690893,-1.3990174436904523,1.7331692764143085,0.5939330237417386,-1.5291302423882387,1.0289772398488348,-0.01660081408924695,0.7134558542389359,0.9415367281003563,-1.1784287951823513,1
0.7124139557605428,0.3025985403232077,-0.06782769901010727,-1.560422302392029,1.5348271105216362,0.5113485942149693,1.525247127483894,-1.263462265112342,1.4000304682027933,-1.0939580596526761,0.5749708412260784,1
-0.8373896939273282,-0.7259826315513938,1.1980485651214599,0.6680231489000544,-0.7974022364446375,-1.313775658083055,1.6836450301363761,-1.3311511762205495,-0.9455221498170425,0.1984050149523251,-0.8099876074289928,0
1.5009446699047277,0.11029341897545218,-1.372973145238675,-0.8845147895719734,1.611237891222112,0.4193056267692256,-0.3261334878645478,-1.5294162601975858,-0.7788337787453233,1.1347963445040574,1.1494916712164085,2
0.3132962082627928,0.3294123080033017,0.02311207065883783,-1.0453971687373265,-1.1041252058162567,1.1118950360131135,-1.7080161465541637,-0.5708132334715622,-0.9247117785451986,-0.25092359318628005,0.8432249641109246,1
-1.1400934245188603,-0.2901402309951423,1.6243470993456222,-1.4076841630072834,0.962030107551657,-0.6822138524779916,1.6925087764455515,-1.3341126011590323,-0.4631169770926859,-1.3762452466595518,-1.3248581939740105,1
-0.12563743495492996,1.1879271444832034,-0.08852173514273845,1.7133979665089394,0.10535417580509189,0.9591830953845372,-1.1219744430481848,-0.8104346044059529,-1.376562360286792,-1.3815616178276464,-0.5289219415370164,1
-0.25563952014820307,-0.5346654339143782,1.472097990988569,-0.3418586869272293,1.559311248933917,-0.10713289804292137,-0.3937995026452721,1.6505925323013655,-0.019252314237270654,1.191440807340662,-0.24226925807033664,1
-1.4460118818206722,-0.5189141415765778,1.092318676206484,-0.809551273516702,-0.12960110363967398,-1.453191816018845,-1.6227970928383963,-1.0638034627542734,-0.554526402378906,0.016955708439961255,0.5449276725055133,1
0.8363028751200402,-0.8982511034662363,1.5286350802799966,-1.08741631021875,1.48034580866397,0.9093248891627672,0.647627004082092,-1.4446366900410177,-0.14260845163020627,-1.3142844126548525,1.4328372649170935,2
-0.38524835651936884,-0.0994889097532796,-1.401638138114773,1.5484529334110408,-0.9137003176198106,-0.4260696441014699,-0.11035763935317944,-1.6127214383470334,-1.4113311716842376,0.17386658516343223,0.9752199162196339,2
0.7703343998324884,-1.6529108066441869,-0.07535573370809938,1.3986097944466234,1.5316045841124817,-1.5964533419390885,0.4703927525974121,-1.0650240265397886,-1.2350400894603784,-1.4024634419315234,0.3955026642013035,1
1.3944601272913575,0.6930389105924837,-0.8133824878249636,-0.4272959212333834,-1.5835192162070737,-1.1105751771915229,-0.3578749595947231,1.206488199022281,0.6275037668001822,1.1302592459827518,0.35280919185668513,1
-1.2537916131204054,0.969406571842023,1.5927163456678652,-0.7750557531172874,1.7665873217226225,-1.4236925301703238,1.5280153036039539,-0.1347252656353947,-0.46824319189723107,1.0025624349289084,1.6701746837632054,2
0.8226195991205126,1.108178149869934,0.09914840898882182,-0.7386657177313262,1.6010649820290561,-0.9774942377951776,0.5433438752966705,-0.9499568005240105,-1.2547504508668994,1.2873432944055092,-0.6558318354856965,1
1.4671823380441313,0.08183797475027947,-0.9427861200269558,-1.537181917454978,1.6685953167690648,-0.8637125315691792,0.2411783996905144,-1.4389141917120303,1.5424412084542842,0.8512103697525332,-1.755436172137151,1
1.3113737704710173,1.1545732405856095,1.3394655133182398,-0.8583093591858548,-1.614332709641755,-0.3556659388614151,-1.4032013043971234,1.4051012321851202,-0.18390720413438486,-0.6057524050242582,-0.5953299420521688,1
1.3968285726311749,-1.7585274862850628,0.2222123220832861,0.9034777575371292,-0.2943391911130949,-1.265955293088376,-1.1934120685537064,0.8875750036813603,0.3611388270523046,0.5541516367965216,0.5461075640477213,1
-0.6650325506043218,-0.0473510743186778,-1.4325560977243699,0.6948545913597635,-0.506954900674448,1.0838754546551095,0.5797308740419419,-0.7241999936819019,1.0118986265719319,-0.5769885857727755,1.4900608022427098,2
1.6902405681194461,-0.7552669206427467,-0.16901061160374758,1.208539859904743,0.49172773587003393,-0.5797995679004823,0.40616499469824957,1.3580832235092797,-0.23226285289361362,1.6681305439665295,1.7266292152724272,2
0.9128061127156343,1.399342170703193,-1.3417514363774807,-1.612933661036425,1.1465709042058958,0.13949156966871087,0.009903817744889572,-0.46949796126771315,-1.5468077918845433,1.0954344172562427,-0.5840808859463502,1
1.222184869587093,1.6519683920725472,-0.9003615402078935,0.994988117538262,-1.4990232337687546,-1.6538297356597755,-0.059343651804107216,0.6229297132453823,1.7464981047077568,0.17419561139207654,0.06891776685740376,1
-0.32425349247768886,-0.4929107917104954,1.3769516949515606,1.0496027953734963,-0.1971626739802673,-1.5253722778369592,-0.16808733011174148,-0.3336215388593431,-0.5413929247839577,-0.43822610313452665,-0.47524363219686966,1
-1.0468045739986216,-1.0441679118349696,0.5785353685598169,0.38607492412962613,1.1578434870564493,1.6577046155414905,-0.8455414153291914,-1.2558882028885079,-0.4895688834624599,0.7842621908083837,-1.748592936623094,0
1.6332617248401378,-0.4991096069043486,-1.067496957409886,1.395515624220379,-0.2919734054919554,-1.5524581226318392,-0.7353057410851066,-0.6408309091248482,-0.7966743909656776,-0.04145510572936527,1.7022559980084961,2
0.7653040831911487,-0.11325102431766322,0.6746602687537904,1.639140393145611,-1.1279620002424715,-0.18251415395227222,0.8967164122773545,0.889183417632556,-0.6818979582916931,-1.6602641506592921,-0.9149059804519779,1
-1.3403115120199118,-0.6329646636058912,-1.3341049642640526,0.05702837507480907,0.5000938683451708,-0.9908033530802153,0.9186978818376018,-0.23408749372290177,-1.1874722930525112,-1.5666648471949547,-0.326732865226447,0
-1.083599573940763,-0.3399846267237232,-0.7611787745221903,-0.40238445279212454,-1.1874488384473887,0.9212762204936726,0.23710207506840306,0.33763108214530113,-0.5848467060866919,-0.7538315250841192,-1.11429462809216,1
-0.8201928535159299,-1.207797074864155,0.6249533960879671,1.7183736289374634,1.476868519925504,0.5796378058384329,-0.7444548461964625,-1.340595824249619,-1.4375490784663454,-1.339480894901034,-0.2432520001378309,0
0.11004553167366489,0.9559220090995714,-0.10113070371182627,1.714215718991372,0.7564273002021157,1.5453730611787775,-0.8244335615577245,-0.18963620014369437,-1.0567475290230202,1.668840547933604,0.24028257410656528,1
0.026493812485461087,-1.1043248510709764,0.04291584817999859,0.7218267270865929,1.2424340116879027,1.3231413378449992,1.077294902291372,1.4812901895838817,1.7157177931231324,-0.7683259963143968,0.8022224179796295,1
-0.17659238087410942,1.5732479203091676,-0.9349313585193229,-0.3847470381932714,1.0795210661053234,0.18927691551174933,-0.8884700029296059,1.504890214663135,1.0553860616020259,-0.04308291970265809,0.4307752853928281,1
0.5987026637537257,-1.2792555579061136,1.0360826459014978,0.9167525748759696,-0.2541038297851799,1.4579222530502733,0.8641901213074926,1.209507986831848,0.12420176681400476,-0.5365183596495273,-0.17821874041114133,1
0.02689215461397589,1.6876023727045544,1.5385773703114012,-1.1348001460735138,1.1884824350695538,0.1620597935769747,-1.6054672745186171,1.2914417162608296,1.3844705143639184,-1.5413125104194154,-0.10272327374538197,1
-1.4455412195738704,1.0724632447448517,1.375850597910837,0.6183774569842762,-0.2543512097564825,-0.20319491449652588,0.09465802994994768,1.5718271943597617,0.47695681957097713,-1.461947920636426,1.0237904862396177,2
0.6851386289881476,-0.8574362322974651,0.08027230740431258,0.6088423381376589,1.5274963015391334,0.06906375452330504,-0.5615836449672302,-0.5664793868717033,1.0116402534779303,-0.351363178772433,0.887347098229194,2
-0.656627444684238,-0.6425471065990191,0.06703062766548847,-1.5614331901155696,-1.2110401738577132,-0.15954042262610874,1.322044673681383,0.19943284788932314,0.15779614254707888,-1.020654479344713,1.296816549994406,2
0.004863911516651734,-0.38591330299242693,1.1777752553910692,-0.5035549385864079,-1.1262767869351005,0.3444289205949217,1.5514460471393652,-0.016110493136977558,0.2265669837985638,-0.5031654903669531,1.4851441913136607,2
1.0334537312771337,-0.7410988391476941,-0.5407756072474886,0.5550938175680559,-0.7777444836046302,-1.7343355525645159,-0.5384069975524323,-1.501356368727528,1.3448477949949742,1.6598875710804935,-1.0617999555827444,1
1.2089781276008493,1.5898883783662434,-1.151328462401169,-0.9941773684174845,0.5275901879876391,-0.4290934690784313,0.9926284510555053,-0.3909494950101123,0.39925105696612745,1.3923372956828963,1.3196318738329782,2
-1.6869426368550384,-1.5758121381946975,0.7753486942391773,-0.5748845022768837,-1.6844705760491763,0.3262355699192861,-1.2439050189573158,-0.37888394603082676,-0.15117000940241485,-0.026389167891442328,-0.9207991343502758,0
-0.1482019274825347,1.3661835628967347,-1.5188839967061274,-0.7406169257109184,-1.0648028597841261,1.4438710015145018,0.05967972161682899,-0.9776617629437611,-0.773343753076316,-0.13280317710297848,-0.930748173932967,1
0.9762884865697905,1.2619127791037785,-0.5928705379181871,-1.401733086107821,1.4504141630725638,1.4276848064408858,-1.7305525762228973,-1.162335378237563,1.0626525933360282,-0.5268553788293423,0.27233592609057056,1
-0.6814586904878897,0.24927475594650728,-0.6031124543620117,-0.7151000605536787,0.30814821100695283,-0.8021840829179966,0.4633389069470266,0.17436548486096914,1.4706362839111964,1.016225682002611,-0.6698893693162684,1
-1.5540931855618736,0.12082913829839807,1.2674004946323665,-0.5359498363365032,0.6673873731593863,1.2397235409293377,-1.0397286956884386,-1.5710853851669333,0.7576581634435425,-0.2146094878459072,0.9623475375800054,2
0.17632322877216758,-0.5150065431317999,-0.5257030073298088,1.1789827082694584,1.2961891746712162,-0.044485688810113166,-0.9889676929101093,0.7525630395724453,0.5442418316424227,-0.6547599959223294,1.598351222924902,2
0.9735196915235728,0.42766233172307816,-1.2815261349714009,1.1854748433809204,-0.05380209901325728,0.788557601598286,0.4506938041577352,0.6460812845233674,1.0710719704076062,0.22363613153836387,-1.1287373611823364,1
-0.04858717796587478,-1.525846377213564,-0.6974618032575292,0.4606055686702879,1.4889485149266726,-0.3348362999940609,-0.07212148477312569,1.1891646031157475,-0.8545510592334206,1.4093947080626137,-1.0561244123719495,1
-0.05190112170852885,1.369369919111352,0.10955998805538486,0.36880412224019704,0.7876362908326541,-0.8029934031921442,1.3685697681266507,-0.9888068415606938,-0.0928784450164744,0.06603256801774701,1.0934292920094182,2
0.03944721404462293,-1.6283359311491745,0.6404828548161366,-0.9490863001614014,-0.5825618481862316,-1.5424186807334377,-0.11850370165976762,0.5588202612879942,0.6217657011803316,0.6158873475921484,-1.0162028479591139,1
1.0405951847112116,-0.15508486982569034,1.5581310779885433,-1.0095745790643331,-1.5544282294660823,0.060529190836296626,0.40888108118244,-1.5035139506942843,-1.5527973610437074,-1.66042000518865,1.0573824397480798,2
1.7097013358369004,-1.6230408038583477,-0.5277687462167732,-0.47109293067220664,0.0999582181864151,0.5595679385956708,-0.7933010145418956,-0.7178099509399349,0.3258194180714985,-0.41872696979487006,1.6805150204797328,2
0.4150485973927905,0.4325476375471396,1.47056041571084,-0.028023128268414483,0.47818078310222245,1.7019043907174387,0.612939362104606,1.461457472177675,0.44345874542530644,0.7290377359059282,0.6058338965373186,1
-0.7314900395554147,0.5856662797034244,0.34768939286447,-1.2548985119185778,1.5575755066230663,-0.764711953355787,-1.2015209662428785,-0.07705426498017968,0.5298960892505045,-0.23807425309922395,0.7153500667306079,1
-0.1830418057408241,-0.7222058654629355,-1.1002549935078991,1.4106804354964486,-1.1222127925468903,-0.1149945630275499,0.048866489048989215,1.2694410488815162,-0.43019090007840655,-1.3852501750224482,-0.7233232540766144,1
0.9011661167498504,0.5441829843403303,-0.5775552512996708,-1.2922140381259013,1.292674367171093,0.8444841595447786,0.6955119185875408,0.5867857674310998,-0.4139731032569164,1.7021934172161781,-0.07740072531958972,1
0.5358043049623257,0.8207980650527987,0.5988878417134341,0.541085946951299,0.100576013984424,-0.4587639053655151,-1.2886376247998983,1.5137054771300398,0.7478017672322459,1.7308879677879463,0.816549661450638,1
-1.720721231629426,0.8449865073340598,-0.26459767888808106,1.1103662172694693,1.518309028189646,0.9982503099420096,1.5111479879083598,-0.1725843634751714,-1.4781008608125932,1.4513542107997255,-1.67823544733386,0
0.22945684829593965,0.1919445041382516,0.5478077547637964,-0.9322117729759122,1.669672503975376,-0.8557773212370995,-1.0110811048931978,-1.6488478029978517,1.1405591537702087,-0.5180928908454469,0.1876302015640851,1
0.953086153825511,-0.8801550828287488,1.0096272013481746,0.4133001471111193,0.5231872616192073,-0.30141718931054146,0.5918441295922552,1.2700749056560912,1.3741026123746458,0.7008453832620908,-0.6912464006689124,1
0.8761894373084733,0.8671260175704237,-0.5967609336842955,-0.4776174329782556,0.8587254252277686,-0.9783802341777583,0.9049544333634599,-0.6386891271957632,-0.2005092166690875,-1.2359415358976533,-1.6037816036974757,1
0.7306490974705824,0.8950424549740252,0.9982511754951165,-1.0640372359711217,1.5900872137969402,1.0960485364129409,0.798604906293971,1.294087228308891,1.5184307855513264,1.0245552407382903,1.3522702901472672,2
-1.0545662925008463,-1.675185915995316,0.9584034659737695,-1.654461735669504,1.4128193606622683,-0.3571714427365898,0.6881675403004509,-0.34981800855609124,-0.33506332350372336,0.32386791108537305,1.0664795291609965,2
-0.5630751575024756,-0.6308999493474874,0.9943964557413958,-0.9517417588140649,0.26390002950196223,0.8713998314462493,-1.6596571161853015,-1.0845239833676479,-0.8863305350284286,-1.5215016680210431,-1.2830489692406442,1
-0.163291642374108,-0.27629116948033455,-0.5126860134925733,-1.3964888356101712,1.5070505002402574,-1.674968637735231,-0.20709684985566543,1.468947777746882,-1.0204902735399322,-0.7430602453885008,-1.7459518659653135,1
1.5128379757145751,-0.11291730883969658,-0.6028701084159325,0.7000715902916617,1.3097068593591228,-0.07177216185481405,0.03406779958278582,0.13155960621789178,-1.1914178688798382,-0.1350544091937026,1.0215838690505294,2
-1.6333848547516292,-0.2100393631577726,-1.5404724703827781,0.42820084605125863,-0.029887469618458607,-0.22968011303338082,0.3921888653140953,1.283045637694845,0.8448944929741895,-0.7449304997407946,-1.2827133139002365,0
-0.9443297048296919,-1.6393242885871107,-1.5538250736383452,1.1646031525501461,-1.2227248075574804,0.6719398039732893,1.6798433050427999,1.643140860662188,0.48468252364148817,0.08916830704241947,-0.7739803267762169,0
-0.8929357018059558,0.6554886654797458,-0.42820637511033843,0.2234119442510626,0.6915806903053425,-1.6701654062623743,-1.4758579552482907,1.4673677860157843,-1.604719692079311,-1.603256027254186,1.6143440202865167,2
-1.5696011525379805,-0.6377060408178086,1.437379637907826,-1.0657381108757313,-0.7910566507821919,-1.5383033762108902,-0.2191501244451873,-1.40640600098978,-1.4238389161291134,-0.07305894084914615,-0.016542048650564897,0
-1.5601902390191356,-0.01654685717544804,1.0123511935052514,0.8739239724430835,-0.44038859126154206,0.12138868986867088,1.0896153365064294,0.16826802626437662,1.276463920910439,1.0730086821986446,-1.4770899347613504,0
0.4238891289699368,-0.08578601985106155,-0.483174980804886,-1.4757424940860515,-0.04390961796349184,1.5429836413052884,-0.09683276574033932,0.7206252229713159,-1.3737311246363575,-0.2807437598034103,-1.4134897487791345,1
0.1006671988225816,1.5701706392342887,1.6904311123697677,-0.8903910593598263,1.162405101796068,-0.2365460246018514,0.7561613669050892,-1.2046898401531978,-0.003875049790031603,-1.139398313545446,-1.4977757357142936,1
-1.4057919385578421,0.6205716781510907,0.21505418415409988,1.033234335992687,1.460204995073232,1.0849952511928758,0.8661106746561771,1.362985666165057,0.31319220513791146,-0.3855472722115823,-0.9931863710615447,0
-0.7032822767332771,0.8664477526136134,-0.5660997782649713,-1.6176555964080406,1.4975533554503082,-1.4021045052737648,1.0019234354639466,-1.5759195336467557,-0.16113929682786785,-1.1241592040082364,-0.47314731427836254,1
-1.648036244358882,-1.088252152256129,0.5814712093444663,0.7226233431823511,-1.476450146749225,-0.8235780817724652,1.4322715945141358,1.6542960077603206,-1.1420040805414005,1.4662296597684334,-1.385488415024086,0
1.0481396691457285,0.07589409277884049,0.9433299754474956,-0.2336238898497274,-0.5159693699041853,0.9851957604966421,0.7800280404253712,0.27845637410362784,-0.11719135966261739,-1.2484272154162077,0.9655739029399647,2
-0.43847901618427615,-0.8557821772079203,0.8478648869183419,-0.31499767763788594,-0.856188332922766,-0.572546707553654,0.3826346189852516,-0.6477342361847144,1.2123142889419842,-1.6959721550521623,1.2646487694981399,2
-1.4994833393278246,0.8213443433157065,1.5595928764249745,1.1760733771299994,-0.9108991943014322,-0.2825424085435331,1.4938626861881978,-0.27424186328106037,0.6269998384720987,-0.3602122526059716,0.36044339181723867,1
-0.7412754402767793,-0.3527677955088314,1.5068315073280576,-0.11927074647460202,1.5474890339219252,-0.08246160508244232,0.8846528393788259,1.30588500988478,0.9352357504307718,-1.2260880662082532,-0.7018769396530149,1
1.440889000703614,-0.45021875559910063,-1.5548987026621395,1.5834751528829543,0.4421948923124478,-1.5255239129462574,-0.022120982453131804,0.9887596031378323,0.29133674956035127,1.0047270811699893,-0.22064902333802705,1
-0.6685169561876996,0.712416226392218,-0.9995026253420218,0.14967847265463907,0.5726055816775455,0.7964817008055248,-0.9060159787143761,0.9722278953323714,1.1508669940115799,-0.7876173236149097,0.43959909091046395,1
1.1636756363263556,-0.4753466232243594,-0.12405315686048879,-1.0801552840387478,0.7199555047379642,-0.7360333930393468,-1.7075173534116272,0.0035344861345718882,0.2564762649036605,-1.3652661609247896,1.5412380127937328,2
1.545029851790456,1.4346893236928515,1.0251751069723198,0.4772209056964553,0.6924485965785987,-1.539329608652645,-0.046015207322334585,-1.2780135339423129,-0.27559886681828716,0.6054277769552455,-1.5928691977197902,1
0.37379975684307576,-1.2335730456737548,-1.2659055054960122,-1.1828044957373802,0.23874641686947579,-1.5120395166706868,-0.9644951174187664,-1.7119418286894361,1.6658188582726867,0.4385248931829452,-1.2667087221957327,1
1.4636262356666974,0.11511591743736495,0.9617973756869787,-1.1912226271745772,0.1805902201799588,1.2314232047912943,1.3874265536127777,1.099759196449836,1.6495751547548532,-1.293122831002046,0.290229448651506,1
-0.3111455604378201,0.15188290469175952,-0.2613510985617922,-0.7051628989507107,-0.9049568625955563,-0.36134359468392224,1.3501841834918986,-1.4390732084453248,-0.055411743316015505,1.0482278120307507,0.8627356519932239,2
-0.40050838890669155,1.0127747523581447,0.7645232771194369,-0.7147666351880282,0.38510146184004573,-1.5348094634205505,-0.22654222338143074,-0.235672333394082,1.5216430639814835,0.2993121641265515,-0.4811698165381268,1
-1.1153415656556973,-1.6459645607320763,0.9459355870665503,-1.549385858365989,1.687197704397463,-1.1169297149408304,0.5823595587528806,0.4992176672972502,1.671411515497846,-1.3376625920585261,-1.0438793782861673,1
0.5431429494767077,1.3994686696439596,0.8588535769601002,0.23593074206442713,-1.5685714762588996,0.14813386627189762,1.3849329862955255,-1.443101957041633,0.6732231229500001,1.5754490505084104,1.0023628598633185,2
1.5145090335743738,1.4793212525362884,0.40926376063723136,-0.9063983002667956,-0.13909463383612874,-1.4980429616946183,-0.9637704481985142,-1.4013105064649847,0.7544952857612883,-0.6631068718279373,0.6404270602601305,1
-0.8912218995209485,-0.9800365542586547,1.210708108846437,1.4427295620258156,-0.3211922129150711,-0.48205579255119446,0.13706759807062396,-0.5179931788110534,0.3130816385983304,1.4553891113931003,-1.539384774252522,0
0.18052431319193127,-1.505710458945132,-0.5802328273232116,-0.941960406433183,0.40950717596301767,0.17875916470223346,0.2770003088780427,-0.8695373511003114,-0.09270299249930714,0.8165240783854532,-0.5541158237693861,1
0.2775245332283056,-0.3229701514368155,-1.7089299951525,1.340610299307861,0.12331540000402814,-0.35473214957951704,1.5813600257660476,-0.28981542090726226,-0.3141792876047718,-0.4720292188352457,-1.7097498023854647,1
-0.5280469133561143,-1.7265414309655611,-0.9986372124307837,-0.4894311241304999,0.11868590391224908,0.7109659239944558,-1.3551336785915313,-0.9314242162238506,-1.0033084006090927,-1.435452650645596,1.294549488106943,2
-0.6961012972810922,1.4688780796976761,-1.112873591909755,0.48324750338043543,-1.1994692676960323,1.0773776228993142,-1.0287390358445767,0.6423136983022476,-1.5310833189888386,-1.6269285985466466,-1.7406096708855008,1
0.2620161989308279,0.9560994496447458,1.4772118631748745,1.336211666480994,1.0340239194972527,0.42284362909493595,1.1138969575090782,-1.6643139070766755,-0.5597292855162184,-0.14689935342489718,-0.9356570115558267,1
-1.3170511750258294,-0.6509228164679072,-0.10134418805909833,0.4415615151428555,-1.5427142592109706,-0.9300751163799234,-1.3649179946778576,-1.1866219184010944,-1.036502611524238,-0.552034543905595,0.0017932783367796995,1
-1.388248290498651,0.2534174332316158,1.6235610041059487,-0.8688534193670806,1.6357546799695846,0.24820309668906831,0.8473382498375305,-1.664429797329372,1.404806121728074,-0.9129936338983143,0.9771519719965731,2
-0.1960192643945457,1.1707977300689145,-0.5931368767004342,0.5671415544289427,0.2334688401088679,-1.1349808032430166,0.3211891448691187,-0.49106759218168916,-0.7253624433430003,-1.3013484867181533,-1.5143983907776912,1
0.6473756308308962,1.0086342749556405,1.2666935377927762,-0.027233928126334416,-0.5662980443455491,0.9563660062630673,-0.07975371278838365,-1.1690564562792536,-1.5557277025880663,1.5406934904616159,0.25521107425963746,1
-1.7343725337591513,-0.7417021957664897,0.3946029846884691,1.7102854012073532,1.6714697738233122,-0.9859816234780096,-1.4081205713476042,-1.3636894991385722,-0.15269682775331117,0.9257781034652874,-1.350644945257203,0
0.03859064169318497,-0.4598837772642769,0.526289535383038,1.7016981779557194,-0.4891952931429264,-1.2551412814756022,-0.27782812036941773,-1.6198087969092196,-1.4038133625544165,-1.2828364320644294,-1.0422777456152494,1
1.4629043493242688,-0.14598240335437124,0.23898889849253857,1.3469040492829145,-0.23963379679264074,0.5072711640133535,1.5477533887146189,1.1799922592128644,1.2154961968060018,-0.1236077598708669,1.5115822144133515,2
0.898595900512975,-1.6587724867453597,0.7763451385328858,1.630150560089879,-1.2493417161132498,-0.5372929044269644,1.5892418486997226,-0.22144656225935533,-1.5031584537631046,0.36556765627355514,0.9602355473917227,2
0.28368083203548244,-0.5544635674232727,-0.0030881010953394523,-0.7932613220333197,0.426332755688469,1.4965303439212776,-0.03966698385368138,1.4390337865628482,1.0517185822133084,-1.664091245213523,-1.5540461512132429,1
0.033425130368508096,-1.0899652914384181,-0.7386128353191447,1.642213661154672,0.992082043406527,-0.4588823796691229,-1.2195960040649962,1.1448726120395243,-0.023260024588446296,0.2840384202494848,-1.1150889364216063,1
1.1110030210801205,0.5826937109671648,-0.9021966681988761,1.1598824292937686,0.9894949169840687,-0.22436432924793553,0.8328284110731505,-0.3579310112667749,-1.2820609984019147,0.4096398537419619,-1.385386674418425,1
-1.4434746045210776,-0.684261419486763,-0.2635762254626399,-0.039399852855991985,0.7951918596062345,-1.0600658651274402,-0.7463566876917255,-0.7653051774603326,1.0787847612288153,0.9421601462177875,-1.323111451443097,0
1.1659993961040804,0.4358804565853534,-0.025085838322430512,0.2088145626154251,-0.9260202994079397,-0.9196507381077194,1.7031745212470857,-1.4283567355319293,-0.4276546440806558,-0.8777185587536602,1.4997896970470608,2
0.13880661513061784,1.412066771761418,0.5559160415308724,-0.9014743559722409,1.529136812006296,1.3835999739011255,0.5021417141308226,1.3446339888659646,-0.8185596815156606,1.560642870219417,-1.292876903016624,1
-1.6545762100220962,1.5072309312455705,1.4851149523528968,-1.1957630915692206,-0.6411714041532999,-0.9034791181086171,0.3831899121500224,-0.5696893212251042,1.187691643558424,0.008608832534353373,0.9440300783763982,2
-0.6240633835067342,-0.4976651764455406,-0.6218768604540834,-0.09047943664040389,-0.8956561416765619,-0.45300520420093887,-0.3328498953064408,-1.5207703546155185,-1.4375853493250608,-1.6972016741170963,-0.10032179334810631,1
0.9739109138716026,-1.48339323062203,-1.337093307837106,-1.0075710510010898,0.980545016553657,-0.6829633244135629,-0.6486264518483139,0.35711967575924825,-0.43862643081193176,-0.8578557648455021,-1.04552461756428,1
-1.1900155865597806,0.46303622054402754,0.12560907738972213,-0.738232658401195,1.720810943707567,1.6888013282602796,-1.0899757166401163,-0.7309408537951131,0.5478907514369957,1.1136520800211793,0.035168881222190425,1
-1.1085660949855802,0.7842032803826355,-0.5446456754594948,1.145131635433382,0.34851967729529165,1.3504403220156207,0.49304063364118145,-0.13312846026113595,-1.5032670610401029,-0.36197860393869363,-0.011125324772478613,1
1.2406395515621211,-1.1649438939404206,0.7779343201628905,1.4164093490525904,1.4561172009830694,-1.1154549590204583,0.8571785798216719,0.5998434993181624,-0.49776761606048986,-0.20860042988066665,-0.8988245387778419,1
-1.1528570805517948,0.5839896558266988,-1.3778168054749225,1.1509534343537153,0.45107954824956964,-0.9872587445294411,1.3028098698769948,-1.2596885123183144,-1.344006094835708,0.6701074066387422,-0.6505878137376674,0
0.9131821625648838,0.37095095907795994,0.9756002091535851,-1.0001317416458944,-1.6880278568614155,0.5001186784157904,1.211180029056129,0.5415575470492913,1.4537107713583923,0.6841343142809464,0.5755948453874578,1
-1.3715188051961367,-1.3830442119904118,-0.5197909885460876,0.5723637243090977,-0.8280395951967959,-1.0073002479738669,1.632555475042018,-1.053376544174151,-1.4480093919580235,-0.25894144286324366,-0.8621930096298596,0
0.34938512431329005,1.2387450907100854,-0.9296511540160353,-0.46102631156280977,-0.7741083612218269,0.17750950705887625,1.6889408349217379,-0.7822910525694907,1.5440336999218178,-0.6687003177148902,-1.7070359481710335,1
-0.9950670041825952,1.656172688986698,1.3893683991478718,0.17952477509862239,0.3849479715758293,-1.6880449359304417,0.4961442972432252,0.9602960410031748,0.24996304396581673,-1.457826434193408,0.740933867355931,1
0.9487045600254828,-1.6070944749113472,1.6828633904230998,1.6419197176324731,-0.2871424901813732,1.6424755349047713,-1.5662648934716261,-1.5115208573667847,0.532349604144777,-1.480546561139793,1.3678914767005546,2
0.6286319349157088,-0.14009882944262117,0.7981110815478669,-0.9364055891601106,0.09066181995043195,0.14625159285722797,0.7930066363087322,0.011566734147922704,-0.08165086989016272,-0.2751156795766,-1.4180775736388043,1
0.3076023358973978,1.172050686111287,0.45752111558203223,1.4682999694661685,-0.8142950703457008,-0.5075950077516523,0.6948380505692648,-1.2885856907549107,-0.47875228925014457,-0.05854715244893991,-1.6523355415647911,1
0.8397523914295201,-1.3604005936800314,-0.6253949572198435,0.19059273489524206,-0.480199995653093,-0.6989726418872543,-1.1857283962886482,-1.1455954755205908,1.3944889474590003,1.201588668918849,-1.7137218082669676,1
-0.5354503296896354,-0.65572767363324,0.5168932445399481,0.11968671414099633,1.3519381720531156,0.05707149343178904,-1.5857154724653912,1.5003768005001668,-1.6900807108341813,0.4924678775106808,0.7196745869865978,1
-0.5894968857920453,-0.3054078911288126,0.21683941832309925,0.19333072984443392,1.448935868210795,-1.4522962260106504,1.5133013009359586,-0.4828538921071514,-0.4392502597072986,-0.9505718926434784,1.1271756016679955,2
0.8025929451291826,-1.725550953442461,-1.1655961071302932,1.3774520672981816,-0.3473921310690982,1.7239337171853373,0.31051966944531706,0.33005022781899696,0.3162911878322729,1.0821521479209704,-0.23716330587759563,1
0.02202103290272499,-1.4607103681218645,-0.10952998287603227,0.23611622097318344,-0.5063835454276538,0.8065441561545831,-0.5507405338817337,-1.6373975746740315,1.634159193308284,0.5341503055289343,1.7093207500608092,2
-0.5785985043117547,0.18976024325819407,1.6795597193748673,-0.8726737168795478,1.3480243828340956,-0.40440737788377756,-0.674008405150118,-0.16348812612760194,-0.8610553337070891,-1.7126832240333068,1.6027325054194423,2
0.8105744621709052,1.7153587999403426,1.5499614107123287,1.5067140412207873,0.192025852252899,1.0141346070566453,-0.20937718157188434,-0.009713688038723458,-0.35509413034834914,-0.650118994381452,0.27549710667590616,1
1.5817822410328493,1.2673258643775707,1.0651557159304514,-1.2059850819015288,-1.195060600405888,0.6037669638964516,1.358096241986743,-1.1312364052052624,-1.0632133121144716,0.5110838351839764,-0.5869180938387033,1
1.5042421552404652,-0.819392024439491,0.4927583715145351,-1.3377571314837395,-1.2393736902859218,1.368373693079512,-0.6853154274552037,1.3726186924735226,0.8276240930438962,-0.5676373140113061,-1.1315709285006639,1
-1.508811794454947,1.6885276906366542,-0.6992623771859001,1.1085347830514038,1.3801138111599085,-1.3153877463227346,-1.5735109642131657,-0.23295692159833697,-0.6361719319509961,1.594896232338281,0.6836295078907485,1
1.3134283823869715,-0.5517822890801549,1.224022968105983,-1.0654558294653484,-1.3347956412014428,0.3397395840813505,0.1858860071987406,-0.40373588771653646,0.061972665452605234,-0.4450837024262709,-0.7085521572655313,1
-0.8904289337399646,-0.17765965581648135,-0.17275526763378926,0.6296533869468179,0.6927543956794762,1.7044017603082267,-1.0615244470156027,0.3843263120645928,0.12123167884579332,0.5605936240099783,0.5219686838670098,1
-0.05789638407741541,-1.7504070330729808,-1.1602450512829228,-0.1974079896826778,1.4936354728556445,-1.1723948663347856,-0.7964093797106547,0.2950835258906638,1.384209963918943,-0.9252022386980105,0.9530475114711527,2
-0.003944818790053758,-0.3258601611396149,0.4292066073239045,1.5397111899268543,-0.665250821780879,-1.589936906153222,1.2211377361215536,0.14643121049075342,1.7152846377106974,1.4045805348224498,-1.635409029463359,1
-1.681515102993937,-0.5695842771008939,1.0659733663231372,-0.52109208654104,1.0203218833718193,0.08377902841274414,0.716665365127824,1.2580898589614402,-1.6768903171151945,1.1696384904004953,-0.2973160218386197,0
0.03785218289241742,-1.717987847942868,1.4380557213826013,1.6695953444150695,-0.11740488105429453,-1.2173801933081534,0.99696064778705,0.6078323784281192,0.6297223856939012,-1.0924687830388125,1.5472296436958568,2
0.34547655036330716,-0.8820762081477331,0.3244590560847793,0.08916590445918475,-1.73008088048237,-1.4990887609265087,1.4410086927866068,1.537844625127937,1.634244082439333,-0.1915776518408066,0.7035706037716578,1
0.11043707534571134,0.6468359167463097,1.3076247232058944,-0.33189044078937624,-0.8793253260515184,0.5607068348536288,-1.1813138714510154,-0.429236452835528,1.2920089678619224,1.471892374335101,1.197774901165079,2
-0.08126044891295904,0.4935480763937304,-0.647397351755538,1.5862060516360597,-0.5446408585535968,-0.064720178307117,-0.055300177217481,-0.8653660605137139,-1.5606288662828962,-1.0160827464835502,0.7957366987025511,1
-1.4413499277055155,-0.5933709450012602,-1.0771703244618185,-1.0373908525262348,-1.6037127845266912,-0.9372400399429659,-0.3825851344437616,-1.422228190626441,0.19334713645699184,-0.8217840998841303,-0.163717978036996,0
-1.4799019237714186,0.7519159008808797,-0.7997941558068051,1.1280730694844472,-0.8805302882371634,1.072039347526645,1.0480624880389944,0.6488584810329203,0.7436291841062789,0.11149013908044554,-0.6834145171897084,0
-0.7965828842259833,1.6186247080453446,-0.08111505967154876,-0.9244014399592504,-1.1812396627423916,-1.3197094293353095,1.1262765390088216,-0.4327276626264031,-0.5016235180960119,-0.8144589370043126,0.11509638200889048,1
-1.0474402266457965,-0.9983498434570194,0.9603672314242322,0.01885570575628578,0.3449603869486903,-0.2958715633889749,0.4145781645457866,-1.3212104968317595,1.0022646006754148,1.1111064560416681,-0.20345166020813682,0
-1.014830067725601,0.8197636674821451,1.598435660595486,-1.5078535057133702,0.46459091472994174,-0.27953717932091554,0.09517578923776686,1.0981015431086247,0.5669676132312579,1.727528436821789,1.0786491373943112,2
1.7258699991645317,0.5925669313677435,0.6125850792031352,0.717040787853235,1.1542512151244018,0.8699230053350585,-1.5022502878486856,1.6961941704478358,0.9525146725191361,-1.5079423239669125,-0.2284719991039867,1
-0.6472303992959786,1.0693381483996496,0.03607668292846142,-1.0543802816203973,-0.47775476037632725,0.7605146334279292,-1.5041954088396574,0.8048663156842206,0.9858083395838853,-0.8948798741529495,1.000564831662068,2
-0.8060568894842234,0.14042956519379712,1.026954452738191,0.24997871468468247,1.7670748717861917,1.3190961693137073,-0.7174907261852044,-0.13250158954102356,-1.1500193970220194,-1.7107783353411556,1.6490084561867338,2
0.9517161377599974,-0.6441596806868257,-1.1621206431707978,-0.4218503036085038,0.29076240595003694,-1.042831779881599,1.056253951127338,0.33968460216258395,-1.261449751405684,-0.5282061180837767,1.1838626272852824,2
-1.4399736027972299,-0.6573738456381881,-0.42426231378427154,-1.280857694815152,-1.0504483708829166,-1.088343109027957,0.10738052322096181,0.20266373731113194,-1.4440095985016237,-0.19138716297159147,1.6052217540179445,2
-1.5870829820743275,0.6128416391900815,0.5111023051505312,0.16968760263252008,1.4764359335962334,1.402953048212746,-1.4725717100361,0.4068419047882337,-1.508105936740167,0.014115692571663136,-0.6110814911737366,0
0.26145165537978426,0.8161643069292819,0.3152537547440903,0.6129771218397326,-1.1205889668115996,0.11952989451593607,-1.3163232596132914,1.0405194096054706,0.031211151228992665,0.10634693961163735,1.5834094798783938,2
0.2513897469214554,0.33030773274603603,-1.493598531468099,-1.0272812934532216,-0.06599462842460868,-0.6809383376376682,0.5834928740736322,0.6460117231600103,-1.1572339316504503,-1.5117347841812863,-1.6705354657260478,1
1.4477877876523746,0.8101341242933917,-1.1254178128848502,-0.2575027437614051,0.9496901331307006,1.1798399502199646,0.40098751919708525,0.09270347563887947,0.470221521199087,-0.5372283636166019,-0.1968380042486341,1
-1.5693647635792354,-0.9903111194366409,1.7106862255125617,0.6619321566973589,1.0293833412205948,0.9581147794229611,1.2832254594681851,-1.3316919159216225,0.5415810119497714,-0.5203614401060996,0.4972376920703397,1
0.0159058308970524,-0.636721015644757,-0.9373079005029011,-1.4063794236462674,0.8067248223696072,-0.8184659999560453,-0.04433039770675205,-1.6706458536487419,-1.5165439750485759,0.3181186106690622,-0.05225787744276327,1
-1.4831823235575836,-0.9019385401851325,-1.2902296589463467,0.08765383102918789,1.2527417459766046,-0.7505092112860313,-0.868095928192191,1.4948066196513614,0.5431801555901894,-0.8897193575142127,0.9648793281883128,2
1.703351443419648,-1.7455316787425745,-0.43541212327486445,0.5455750340484806,-0.3252290933945319,1.2900020319869663,1.5820417432992384,1.2703785299340007,1.1812845881766985,-1.4364743636713861,1.0227641340744449,2
-0.45333962501944375,0.6226636074068722,0.5068133328141771,1.596749091530679,0.49378211190210547,0.4259418235635515,-1.6125319490798193,1.244428111051757,-0.32446191077970404,1.268225138804283,-0.5818269587473426,0
-1.037688879979328,-0.32966839045339136,-0.7137579581822387,-0.7289648676440978,1.0792735818484331,-0.8986599978330695,0.6733985735143547,0.9627340295781367,-0.23059171182051388,1.6688059135937467,0.8518163313682275,1
1.285449618026094,-1.5421561966087975,-1.41277634007501,-0.9579230055490154,1.7604594384218049,0.8142967248918028,-0.8717153620108988,-0.6132004163606207,1.0363528634142645,-0.9655512446317581,-1.3455100674298004,1
1.6708613035811073,-0.9469939433762822,-1.0961795889976935,-0.5786968674766245,0.029224671384480115,0.8269288323252604,-1.7623375576539773,-0.4783208721144997,1.1922968238922924,0.1453625234608792,-0.6060157144431597,1
1.046286910668252,0.7071868272339983,1.2658690667449066,-1.3926340045171075,0.3070109375298399,-1.5827710479954147,1.5001546117415567,0.7875408679488275,-0.8578841942444482,-0.4689987140977324,1.005281329696127,2
0.38724417589458127,0.9545417508617188,0.46216750169243026,0.8611383740673771,-0.35644122108998666,-1.0384173520048119,-0.3355265974326799,-0.11457312769635883,0.17845465144928546,-0.29534213405325976,1.171479851749637,2
1.2229032566397071,0.5837185481889571,-1.0971898040536532,0.803794296276929,-1.2162308421529129,0.6480694916059664,-1.5233480881886161,0.04087244511660496,1.677351599224533,0.09981836654853742,-1.1360765210655357,1
0.771240101420504,-1.7551062588066024,0.5835581060028585,-0.9542201839413855,0.03244879815122499,-1.7427373580144638,0.43376657278924,-1.5988878024962123,1.6572076453808888,-0.5296953946976404,-0.6652713727194182,1
0.8849365321994688,-0.4435251208909404,-1.056518856107669,1.0782020956688376,0.9664165251617914,-1.247526614924305,0.280080424622293,-0.4377998560890157,1.5713012763065886,0.3803392022226911,-0.07898432266357419,1
1.4421675022663403,-1.0751882176185508,-0.7630396456939729,-0.42068943886507965,-1.1593559820763204,0.8552028832859744,-0.11630147950370982,-1.5580667815295652,-0.007085500276989425,-0.4506078796335093,0.5257137036230101,1
-0.3323609992779806,1.1235977612447654,0.06908039003978891,-1.434890320736292,-1.6117778304942976,-1.3794941706980741,-1.1138186367690308,0.20584305063408573,0.7865373180046515,1.409429342402471,-0.3924562214147833,1
-1.6315805874993912,0.3794237422311136,0.37755931642849827,0.41913316207797613,1.1285572089115794,-0.10232366261711319,-0.5551902680230643,-0.3016264658419778,0.7202373337904305,1.5802978580884315,-1.1649333862261693,0
-0.19804220795354416,0.18444446154485933,-0.6362901013706531,0.912414993051179,-1.079795498826034,0.13830169299707532,0.6593615236052015,-0.025020941498631776,-0.18552005770209345,0.3786421195696837,0.5920141204635468,1
0.19744647570353882,1.3022584009135774,0.17565920301753132,-1.0017080141140984,-0.3359250226714581,-1.097128837306492,0.8244652446554207,-0.32526721671290443,0.9348076686735919,0.9339344905016802,-1.2979963040413127,1
-0.6315842234704039,0.1870453705393769,0.3394897602644219,0.5216057768938207,-1.285468170164536,-1.452804802746332,-0.1485286520843651,1.5039366827077698,1.212043887600172,1.1331858477006933,-0.9121087071784448,1
-0.9024081817058386,1.5692038391479266,1.402281095440395,-0.2272117602330662,-1.1670505303217649,-0.710000210093091,-1.2577646177843385,-0.6322303972499485,-1.3419537392819973,-1.2701948980165172,-0.3136440870970016,1
-0.05048367550010971,1.0999937951908834,0.796839855312338,-0.7363584469641866,0.44942467172187694,-0.5839185221548967,1.1703075010704973,0.08946685190950704,0.18642288443740224,1.4569130223468212,0.28478343263801764,1
0.044231585080161014,0.22612902348155445,-0.35300326230767454,-0.419359075850015,-0.3406173507299008,-1.13449905658443,-1.7676343902813383,-0.36206208191875605,0.05522469583780912,-1.2284258841486204,-0.4347519601744598,1
1.152333910687556,-0.957661812226209,1.2323076168989242,-0.303151184492097,-1.6984060097584297,1.3212560594017877,1.1777070023603649,1.6045509016812196,1.5451395921323807,1.2006015902329161,-0.5234597471336815,1
-1.1049502795897481,1.2088854077130466,-1.140281196535191,1.7166550802705847,0.10895572774955689,-1.639930159326281,1.0855457610479726,-1.6969327625241508,0.04152726950227497,0.2257488262696588,0.09400459247812798,1
0.6501978565410851,-0.5046014938279105,0.9876025991733572,0.6675597156354033,0.191230282020269,-1.6637111208274762,-1.3890529984643085,-0.43574445535640643,0.6367789131100066,-0.8934598662188005,1.7229966065293716,2
0.22592355220076263,1.486561608498608,0.34412358710673724,-1.4514904110921567,0.3524681634392176,1.5712840692755057,0.903035509600457,1.3670927801352228,-1.0413187281655973,1.3775137982239745,-0.5882647292560673,1
1.4810578997630688,1.640393591632945,-0.6855480662049941,-0.18362527632574263,1.1228233017105438,-0.5601078174003097,-1.7372719286560396,0.21139346660569616,-0.4820989451761683,1.3813408927782056,-1.6856452929932786,1
-0.05772587321798842,0.1491291795788054,-1.4707450551790184,0.36687829164136004,0.41613455338584276,-0.7252879681020665,-1.6139550954493973,-0.1425269523585868,1.3890566058692178,0.037770946694195014,1.3279470566034224,2
1.1505268680374996,-1.1300098270102399,1.3552631568586182,-1.3429274814028416,-0.8132511167016432,-1.3894112316054739,-1.0553120165208452,0.8263051584768951,1.7324103340678463,0.8362483349341822,0.48470882933938914,1
-0.16427881639767108,-0.6900905952914618,-0.7832409770290805,-0.005464446239334925,-0.6740216891418499,-0.18984963631478588,-0.8260001339222622,1.1034086181076281,0.4671555054285331,-0.9260854143643715,-0.6352010899249961,1
0.9797273110200488,0.29476438781617037,-0.9276676843516408,-0.8598295546196973,1.1011366244203546,0.5812278575379306,-0.677825994078888,1.7128805188588008,0.2795988581969902,-0.25868168531431396,-0.48290093566603,1
1.688775196571195,-0.26300324603948566,-0.10345370724567714,1.5172751870169026,-0.014542027435717721,-0.7656652259088681,0.05360011407980432,-0.17300097734025538,0.2558745324287561,-0.2794449720587618,0.5930116447275889,1
0.5430302440658461,-1.6872528985613424,1.3427824725819886,-0.39566073884860775,1.5741115497027243,-0.13514650168660572,-1.4500407580848098,1.695291616228797,1.502218727284415,0.6074019343271113,-0.5808904865257605,1
0.8133398115005367,1.3423741320233828,-1.2469619224529795,-0.8909982986063452,0.5667710820728658,-0.7827386195397055,-0.04949821353023257,-1.5223691768841614,-0.8277011261810568,1.163127234507324,-1.438737806801969,1
-0.22321106027071472,1.001713498404226,0.09497343777378742,0.8485207736905478,1.3923888884989548,0.6607592862799876,1.2828736860320193,1.0754889933027623,-0.6080482952137162,0.22036318642184957,-0.8985861876388895,1
1.0061846096202882,-0.3381975197568383,-0.6236938440453358,0.9920306674468983,1.620152132328127,1.5286540886444013,-1.4795823829456183,0.28501897359441314,0.5157808365762669,-0.6545868242230429,0.40280481798112605,1
0.7154121547490653,-0.9514669666195605,-1.27017193870026,-1.736451164950675,-0.1648337925846324,0.7324495706122687,0.37567532163894046,-1.3369408864802543,-1.3304027464550878,-1.5478237663125867,-0.07815622645630427,1
-0.8044041106683901,1.3628509205958648,-0.7503851140081199,0.30217918912236896,-1.1756232380721297,1.0630277211170442,-0.9754286608670918,1.6442459038558113,-0.5064522155370107,-0.8982567222890356,1.5019430005950458,2
-1.017971245134108,-0.22003338202612158,1.4448273942313379,1.5578112711781875,-0.36968329096270636,-0.058760364607287056,-1.2083180122591433,0.8487323053094507,1.6283443452417015,0.5628968076104883,-0.1972214093998503,0
-1.0180477025461123,-1.151057708425768,0.7283374243247996,0.23354432472602465,-0.589631583314499,-0.8596327434841737,-0.39233071290490473,0.4945023212558448,-0.24726758011438263,0.17894051595252583,-0.6713475396352826,0
0.23833258010803904,0.04363521898720304,1.1852179519541106,-0.6508460252254559,-0.1383218309330017,-0.7950001914860289,0.7240950290294402,0.806756726890677,0.6593606161027978,1.0011770613346167,-0.6516611896931334,1
-0.007331602668713971,1.0863048284131311,-0.07508208354748346,-0.20660958898082055,-0.4542844881597874,0.24541664542358183,1.7215214395347251,-1.4726072150358018,-0.5400314639272321,0.8772380761552897,1.3739296322538677,2
-1.7321438378186884,-0.04521869858474091,0.1002653536097509,-0.9924852618829256,1.0021097310811429,1.7228527651861543,0.9665126030571122,-0.7888100732141676,-0.7650849078560474,1.1376017260324982,-1.554653757084331,0
0.1727197420700367,-0.9418917215653789,-0.6117868228130325,1.5064092570520171,-0.11246244833276527,0.1469040413408943,0.6645652748074677,-0.22767318824012492,1.0263314297931687,-0.30829537715988775,0.4846693065975922,1
-0.5055816066881301,0.17954435976043925,1.1351467319803386,-0.6921809762216542,1.7161448862682205,-0.09283898306097726,-0.8800837393870142,-1.6357049249827162,-0.12514779863685113,-1.4607703530812781,0.2743847524940292,1
-1.2242507140648569,1.2677769660563376,1.5876530743037962,0.044588451731128215,1.0875682128866515,-1.178461802260374,1.652050212103431,0.7231620978318238,-1.6985350928767138,0.7859765906313197,1.4190850506370365,2
0.8060936634995013,-0.6008115125732942,1.5350920763857947,0.4349596071574387,-1.070962407937272,0.22322174503718323,-0.8075228562512882,0.5058476341554557,0.931921027690287,-1.6190319690591835,-0.6843592618565841,1
0.0996521537507555,-1.2885677200300705,-0.08411289635594595,1.3937531191452552,1.188170308529666,-0.35436718288766095,0.5650553813461333,1.331219194456683,0.27199786514498103,0.11478040136688848,0.4256069093977115,1
-0.44175202321546286,-0.25428405959647304,1.6801248957479717,0.14720653565900296,-0.5906051780943699,-1.345946514815323,0.19755893415060474,-1.243666257247252,1.0986323296629166,-0.8821344370854652,1.2661275197063737,2
-0.31098524233860786,-1.6464092146665088,0.5326690726925836,-0.4723222266352598,0.21651482520438495,0.08754695275579423,-0.6895854437670498,1.4041162397723357,-0.9607810448732307,1.3028075271517912,-0.8032279305933672,1
1.4256164278529486,0.42957943684246397,0.14892040356950062,0.8135006565674652,-0.6136937953962923,-1.4458913217567118,-0.07922390683736466,-0.13638796740252437,0.748165501078614,1.457276682915323,0.02881693122504098,1
0.05259628407220099,-0.8094253830163959,0.2640704632881512,1.4866508758939245,1.024711167133275,0.9441498895918559,0.2259381893124887,-1.6892148110658451,-1.1934572797410803,-1.225707088469823,1.7302346261700277,2
0.058447415247259576,0.6188100282376328,-0.7493637688638798,0.034182131595929935,-0.7015454187758691,-0.16075082925172207,-0.4875022722507253,-1.1192470484090313,-0.4361907025045127,1.3494773001094948,1.206331314723154,2
0.3035589565983072,0.9510076013808878,1.0569020213861096,1.0629174486095985,0.7201228532265643,0.9105587813392756,-0.8406922441594903,0.048247980282342624,-0.41701674173827086,1.4309545846237794,0.4539370117697226,1
-0.7361932052705433,0.781535088124503,-0.4776112859351126,-0.10759698660818073,1.4571179465698942,1.6978834549152038,1.5074050847655425,-1.705535603026557,1.6506455140672254,-0.9454113760047416,-0.30025485864117013,1
-1.3043018145714107,1.2231002415827807,0.6446428269407797,-1.0342633527404537,-0.47665731589406496,0.4253552209172734,0.19332499493970118,-0.7937629817312002,0.9507900755895041,-1.5815749305035198,-1.4442233385762882,1
1.1892707464299404,-1.7711581226440019,-0.7038376906824841,-0.026402036512133617,0.08257610128523754,-0.7049602139216313,-1.4148436722770792,-0.04243101746901317,0.03574333536801736,0.41071351827753805,-1.551551652927938,1
-0.699170303472829,-0.37897799160072676,-1.083974332616127,-0.5778470147603166,-0.2647950718534516,1.2483157603021715,-0.6524535950806254,-0.3368755727030292,-0.13722052545657396,-1.4677491725625227,1.4142666479446033,2
-0.5015182186853899,-1.0126169580856412,-1.0633213105055976,0.13660574431099873,0.7585836034959398,0.15336889668011786,-0.5583145370534133,-0.29487303667680537,-0.9052349868735238,0.32617109468588307,1.131070513246039,2
0.30939691480668025,0.6972080086502269,-0.93799193584745,0.14223857575900922,1.0443477405896895,0.4128452803066749,-0.6571421697958193,0.13365194758335264,-0.7334189461325328,-0.3163651783466373,1.5105924215697002,2
-1.198072797509891,-1.7638839367589993,-0.2851223911900788,0.04642851159725659,-0.30657307829028857,1.2305988292582017,0.4367745156105769,-0.41516840301361035,1.2646408464754137,-1.6580475529084253,-0.7981836517491038,0
-0.5049890030879951,-0.8179712228707268,1.5206347021354985,1.0482573284362928,1.586005702204652,-0.2994718768487161,0.6097127582441865,0.7031769028662647,1.3811212080262434,0.9165307347233899,-1.0491645528316695,1
-1.4315430656751544,-1.1327389053864794,-0.015253215190098611,0.6354026022183897,-1.3079355666599095,-1.6809760169859482,0.8972953277931726,0.9850350732272676,0.32942186345244034,-1.1942937422192572,-1.2032221200288327,0
0.6751050874948796,0.4876564623513185,0.4797747356421621,1.597262009915341,-0.11571537521918185,-1.3178313584597965,-1.0006786872463804,1.1141331831864472,0.6129459593264158,-0.05085832900062062,-1.5675548868344589,1
-0.645201343357201,1.2430117471961784,-1.517848965488956,1.4187187341689225,1.1475165033515016,0.500423580061649,-0.06955602024923874,-1.4956778268320372,1.4861974703928669,-0.8117747756653723,0.5569125748368869,1
0.11721176698539254,-0.722699966471568,0.9961798304215435,-0.7864046999176307,-0.4151803010969276,-0.7369526859885639,-1.2060916748847077,-0.16845582382790802,0.6190781576222952,0.5329727379737862,-1.4826234886041714,1
0.27705447009401285,-0.06380882382818658,-0.07294838031569821,1.104435726049835,0.46107416778019206,0.8577197502900903,-1.0655386076394835,-0.16140618870463178,0.7609645611640128,-0.8150130864420293,1.6418948513309064,2
1.5182496629464999,-0.8153287512121231,1.5872437985757986,-1.302280953061148,-0.9185851251485556,1.3039561912303361,-0.008415559360600657,-0.614090740943684,-0.28515325706566036,0.7964188440982939,1.217954299318175,2
1.0771999560425778,1.630233456022122,-0.6315014797987245,-1.267430331169017,-1.1767175557470693,1.4127610594514668,0.24524329749808102,-0.7656606909457649,0.545412693914546,-1.3041192339067367,0.1410884435166265,1
-1.3589624500500113,1.2499752775015331,0.288696962069345,-0.9134416472168964,0.8029538230677427,-1.475019217305171,-1.53671583634698,0.9085157354606416,0.347270631111685,-1.4074507868709738,-0.001112412836864519,1
0.012849697600967016,-1.6272777956384987,-0.8554245940951734,0.9515300786345011,0.06100187569894835,-0.7368240628579192,0.36002905733164836,1.0792121442284195,0.6061130341612974,-0.46667821332729376,0.3897423546048742,1
1.3491158075029386,1.4086581597910872,-0.7387793906739629,0.7503884948284865,1.0721547613111484,1.0852031286690182,1.2336197510199283,-0.8161029909888999,-1.4379497684558173,1.5361737091102388,0.9619906950062929,2
1.2481523389740385,-0.016718479236075324,1.178513974384069,-0.5935400635669524,0.898954498829751,0.3017412709189093,-1.067088827479024,0.5517658903316377,-0.560919166664697,0.9048762793614105,1.6594173739180829,2
1.6741801910393936,1.1329553547122413,-0.9725557342361753,-1.1929082800256543,0.06919968130656474,-0.9350527901363578,-1.2018710883535946,0.8641255544690567,1.6468428877082912,-0.8464610670324524,1.516658672022662,2
-0.6436709446057537,-0.6017066285529412,-0.9660697747331882,0.547648900925899,-0.3233445956755723,-1.7506890345123483,-1.7447902727593758,-1.6767498643322145,-0.8915501537029199,-1.4276772413476335,-1.7531138942952158,1
-0.6274517970187291,-1.0053933923126608,-1.5481861307694866,1.4107154941722413,-0.29878581884458016,1.5341341753865554,0.33971391283115787,1.722139265966896,-1.7130540283646272,-0.6508463155184552,-0.4426155616749224,0
1.5393178214105265,0.4485689296489976,-0.9860693631168382,0.2402451868225687,1.1391949817096416,0.8281074619761659,-0.6643865236627928,-1.1995860354389312,0.010638276201604515,-1.0326206437654082,1.6085620347891278,2
0.3876154111908385,1.4541272523783222,0.7117694586894106,-0.6335122875212154,-0.569460972028719,1.1145367593470714,-1.5416451478747348,-1.2441036944722101,-1.138731918070228,1.106742529219649,0.6107648708049256,1
0.257776807226097,-0.8049583175803317,0.9226496203024858,1.5810072781252462,-0.17615316585500368,1.5599503629393203,1.2298835394208354,-0.9982795895882011,-0.8849072339417632,-0.49859375750579027,-1.7115530348972352,1
-0.048372846755283035,0.2517217839170305,-0.8047134108240162,-1.197174024344322,-0.6146713706783928,0.9393087264407746,0.04347658299361269,-1.1548132071126276,-1.2787936778251274,0.712707644663214,-1.1379546000095553,1
-0.494655947735331,-1.3659572516645875,0.07788788841571702,0.705531958668827,1.6545741827510245,-0.03353824724307717,1.0724571198714032,1.0662726130127693,0.5001530845572943,-0.19781183301511954,0.6054523902089882,1
0.849515637886879,-1.754548929626475,0.6014505416592804,-0.2603747121364473,0.449907329565712,-1.5809024537017304,0.710829932642331,-0.18753677763915108,-0.893902213156795,-1.6947253188172997,1.3188293419250037,2
-1.5648055592281587,0.011049046206837247,1.0925726788417218,-1.2130927752981875,1.6350697364508096,0.720615413475372,0.5738702776423382,0.7202809719410478,-1.1936588166614772,-1.4774814220624224,1.2540616975019026,2
1.6012910518015746,1.486951267557567,-0.66312581822897,1.6732566371269166,0.35107857997636976,1.5504356356471924,-1.6275148700077402,0.6782815742231195,1.0396298656600582,-0.7025380677554667,0.690963330825064,1
-0.42374079319909164,-1.5453081181207584,-0.8660013623211905,-1.217723545435075,-0.6692992917209386,0.9207586059784482,-1.611650724435804,-0.5978383774809979,0.3873813113327077,-0.16870167036506384,0.1654985342455707,1
1.1627548519080864,-0.885812330778038,0.6846332770114205,-0.8238636071724664,-0.31404671830233005,-0.11505207400459957,-0.10235942203793051,0.034100781541152994,-0.3825122852323305,0.8406295789261299,-1.5304834101971547,1
-1.1437337983421723,-0.24574666120470146,-0.9310395811473147,-0.1664513342001051,0.021985506532837148,1.3017196280718195,1.442721946700389,1.0725495889650405,-0.7492285527093989,-0.25764265511859513,-1.1968275442502803,0
-1.3656899586603553,1.2091239066017825,0.34396685303849966,-1.0516724176474341,-0.4014079787091686,-0.14546569316735983,0.8808518635997361,1.2879017725931092,0.8897703338884434,1.7146790967347327,-0.5623938014789088,0
-1.334066314656909,-1.4518883127568838,1.633446027579624,0.8619112744424923,-1.4965630349908259,-0.9885073119227915,1.3143847982336958,0.2982798701930534,-1.697114168328184,-0.6264983745987774,0.8942618711973827,2
0.4903002097651564,-0.11076962291153794,1.5667470958932768,-0.18494361990177413,0.6260926493664133,1.0101794143708898,1.2378215533937333,0.903120211131688,0.33214823684835393,-0.03324676718318656,-1.110749899245795,1
-0.18778141498033696,0.5982180772188557,1.064964414970103,-1.0179796520531996,0.29304259970200414,0.13398335123798968,0.03555094437335815,-0.41846108952914096,-1.0616889007556547,-1.3532999965040944,-0.12961734244312687,1
1.7266224190439405,-1.416163843700948,0.7889042388327347,0.5961853954126566,0.9536995289336101,0.08627794495258247,-0.15477619158117134,1.291933725008093,-1.297148338480436,0.5112396897133342,0.5269291038512822,1
-0.6916595689477296,-0.9026005328046203,1.6590588824068357,1.6189048148638223,-0.9521255842289651,-0.4357218942105428,-0.7767699263461867,-0.18673834125114372,-1.3156052406553116,-1.4768926382848484,0.40846746036584275,1
-0.6160739790077877,-0.146020767717866,1.280837366933346,-1.0235820074802207,-1.2485301257362695,-0.44192775710809434,0.1895106063634455,0.4546926002607607,-1.3894177386167788,-0.9407703744638642,-0.7207079501661574,1
1.2430817899222297,-1.4757797541921027,0.3840135238658047,-1.3941137591514718,0.23920931403234155,-1.7362918162919359,0.24837028861944538,1.7117653654017668,-0.9495960713516303,-0.8771644093159435,-1.4594426727744032,1
-1.6232530530545193,1.229998743672972,-0.8229419877115244,1.440676201830474,-0.5439256816349101,-0.4407281411617145,0.3702470414496153,0.4122766631291777,-1.466131267226514,-1.5727258566699813,-0.5003228066783183,0
0.4474333103405527,-1.2238228021833353,-0.8636722072439819,0.5360984535712701,1.166262471186924,-0.06630852316651734,-0.47635145065845647,-0.0960890018199486,0.7924062514976887,0.2630846446358219,-0.8289153287614387,1
-1.0843272729512439,0.8594401779137077,-1.3504458036628333,-0.4259319414467003,-0.4314861274057167,-0.2902839852196117,1.0336630700912453,-0.22141308886224645,0.9847821625136183,1.5798129773304295,-1.705110894303486,1
-1.0006581139265271,1.6937474842401432,0.5995060061495078,-0.7477175066789935,0.2793333323341659,1.2431358939715236,-0.8771071280981463,-0.3704424658482848,1.0412130969383369,1.1582091582475882,1.7056033016319705,2
-1.1935617483238434,-0.30569197414697347,-0.7523609144573769,-0.672906619138533,-1.4077953495200592,-0.6903718889259483,-1.0084555010894318,-1.462418660186876,-0.01254967966292883,1.347260702358628,-0.41672533850637855,1
-1.4230327360675474,1.6546113097539836,-0.4584031695739384,-1.2917824145377417,-0.14589451320631622,-1.247680331667194,-0.6590768459943707,-0.23435453535381753,1.0702318347825266,-0.047879775772893325,-0.0921270741354561,0
-0.13631185236490828,0.5481133576363169,1.0960546797224,0.18620017403044822,-1.2373403840664838,0.04725746761770117,-0.8665394568158251,-1.1517201771504373,0.522522931264997,-1.6381154903205526,1.0877626565118679,2
0.7030338044186646,0.7702870701471206,-1.5998243481033354,0.7010632886228791,0.8512027869600451,0.9993985354165921,-1.7267395300041104,0.035934028492957536,-1.680042131854857,-0.1400244369632243,-0.049222047091766516,1
0.6982419557918821,-1.6925678444610972,-0.10971679253029684,1.095004307052009,-0.9112878381432064,-0.027387784393363406,-0.7991341770783904,-0.9620834129151478,0.23348128599899404,-0.3499778051781412,0.5009843244295997,1
-1.3740597264233534,-0.5313116029036029,1.1531052046166095,1.5204151786736342,0.055692458448289725,-0.2721148452894623,-0.6842797519669742,0.5699266126097094,0.3424908988070766,1.026131103201797,-0.6880710696644966,0
-1.4184487343442,0.6660534315069999,-1.1314346046500479,0.4872870448229076,0.24321918161837502,-0.2388777109491078,0.5821212341158383,-1.6223548015439193,-1.2030147666104376,0.2916579750180895,-0.2007644558332907,0
0.24610120432778582,1.6446210514949944,-1.6825048966089116,-0.8955034031777458,0.3887928137348158,0.17956508848342972,0.6650415685616076,-1.703704339216676,0.28969060509822925,-0.29960215785570693,1.6328407192953012,2
-1.1243611103683706,-0.998067921608193,0.8897575538329668,-0.3431165894646064,-1.5847640473467577,-1.0518822791792528,0.9721511342730157,0.06591640322904971,1.0752443330781118,0.7044127202673921,-0.3894041742786244,0
-0.039924464396246744,-0.3077908329143533,1.3483150966873079,0.3596100077413734,1.4640486241074402,0.6071634513993452,-1.3680933257369852,1.3920565662660265,-0.6361673359492406,-0.6125753699761451,-0.03202487244797151,1
0.43528386201751224,1.293792201477252,-0.9769896984270282,0.09330122724762373,-0.5425097327156004,0.8737025300316184,0.812072179940036,0.7865552324682683,-0.7292359634441339,0.8579294316848483,-1.0112370526306422,1
1.3544989713584508,-0.21721631351123202,0.7658699300777251,-1.732925251154889,-1.716499726410272,-0.6774516163075219,0.9221483413732259,1.4004074615833877,-0.7068305025806186,1.4066759123838162,1.3482972859875557,2
0.4833561764559813,-0.15773948591221532,1.1478555451709036,-1.1021593558001879,-1.7268834927058678,0.799359229147794,0.3391774485817725,-1.1297769092441488,0.7469352875328403,0.3278681773388905,-0.9673750851716145,1
1.334163155690381,-1.5656549285753398,1.4778831782530315,0.9087320155753331,0.7383758538898437,-0.8308223383642358,1.7139480023877418,-0.8931099400540353,-0.4161108648108104,1.4002166080004308,0.33129716559549194,1
0.08898510038459244,-1.6534536312069161,-0.4084068303797867,1.5909838457414922,0.866730545789635,-0.6341918973206775,-1.4766761656229486,-0.9553441707879688,-1.14639540211974,-0.38551263787172496,0.5942314394742682,1
-0.5383204100285058,-1.392116009816747,0.5977964029948327,-0.3513697858233595,-0.6934972494872311,0.950236526258027,-0.20404256618664532,-1.5663464978242287,-0.8914400203017931,0.7896997821659788,1.0969751866771873,2
0.19714419919478146,-1.7363719915037172,0.5181646223371142,-0.7506621593322942,-1.3647517779323173,0.33823818400127653,-0.15033605954605297,0.3752204379853379,1.1887818915570003,1.4669050293956507,1.2301528506385677,2
-0.6841128139670093,0.30785857735531813,-1.3252768092228961,-1.6676854902505633,0.5979502170806417,0.03925580405672647,0.2799011840726088,-0.7542430074738917,0.3002027146358586,0.5233617086633872,-0.38113925795740916,1
-0.9132733827328802,1.5793295872146331,-1.4668825191057648,-0.7129598115875372,0.28128033549343767,1.635852416374843,-0.3876441044993432,1.0948067148679066,1.1287745657712849,1.3673313023059301,-0.0846571502784033,1
0.8312685055121118,1.5449232308022864,0.1580563108233401,1.5601591714468421,1.6228316756810013,-1.585041357979936,-1.179176862044545,-0.30853018957493383,-0.9423643207061689,-0.15954088747280953,1.26786079246244,2
1.4590441684009856,-0.22324441610038284,-0.07208251155830044,1.5457589221486523,-0.9200218722978725,-0.8046607220974714,-1.0689710547808808,1.6677353934939732,1.0829467427081778,-1.3068553467554629,-1.6709889632713317,1
-0.4235837083064161,0.12602698167346404,-0.7394248513764368,-0.9589346911599406,-0.7095711957018047,1.4123629348329023,-0.23333541114014325,1.5649392111721108,-1.6250479642826052,1.5205536218345992,1.4943401137596946,2
1.382394582310826,0.6797594496015698,-1.6671930027122495,-1.600843223306358,-1.592190737561742,-1.331928627957071,1.7210510393220713,-0.008650142318103255,0.5859601868475791,-0.9725646984528602,-0.3939979120169135,1
-0.6432434001672491,0.8641911024756996,0.37776415015611653,1.7167426562971622,-1.594906972913246,0.3339103815470693,1.597627373671415,1.0512825157649615,-1.483947506187839,-1.4455831950538545,-0.035671914339250134,0
1.0016402931058388,1.3288105586962882,-0.27575359875176453,0.6646531141089773,0.4297811852412311,-1.0286198950374439,1.3054787396306138,0.8083128563368059,-1.7030681597914772,-1.2711473423625927,0.5262372830909119,1
0.8245451719316595,1.58738389190606,1.2174578868279016,-1.4638989954947814,-0.012730480252635302,1.5024729784345159,-0.3879473185711872,0.8171812423918633,-1.5243399798926227,0.16420360434324718,-0.8908984366843721,1
1.1984537144162317,1.5161222259702531,1.0427393198332453,1.03312733955762,-1.1781813659045364,-0.004270202328228452,0.050424461422094016,1.4964652461913974,1.4554424730305333,-1.382808454062509,-1.314984178838214,1
0.2705366870667712,-0.9357788327214489,-0.8741945370555354,-0.9907825565161066,0.31532186067607176,0.9347563424545532,1.6260113016452153,-1.591490947226536,0.16318504416546828,-1.340900902835183,-1.5016072636070688,1
-1.3114943235102374,-1.0869452521497405,0.09074336444103376,0.6972660521748997,0.37130395673375177,0.15613092754071328,-0.0705058844980853,1.0096454385939986,-1.3751955526785429,-0.7056897926824804,-0.6874393899304589,0
0.34358212472593,-1.0455613706488014,0.6076207159607496,1.32036087630761,-0.34503736497765247,0.7001020711960985,0.05042599399575605,0.3491276053824732,-0.4027823120428792,-0.34611607628405294,0.880309379969623,2
0.8450585939181049,-1.0385557833329393,1.4763547819202398,-1.2058532322303435,-0.288579614906698,-1.7293064661827022,-1.1864041871190685,1.2587413571140067,-0.5639637392554098,-0.14740155135282795,0.38283972851838216,1
0.5375173279851742,0.24961908588495832,-0.23232573781556506,1.3248160292895466,1.231366252740946,0.6059285318224823,-0.426780380845723,-0.29944197148884755,1.5448518172044108,-1.270056360657088,-1.7476722204428854,1
-1.2316663421220089,1.1192944353591578,-0.9839412358020562,0.681875917687822,0.31439719074734446,-1.3919824733807193,0.8381946984539267,-0.06438063919441413,-1.325977252867078,-1.6814430494820274,0.46411376349843203,1
-1.5681504620947058,0.5337884676168008,0.5199182341981391,-1.1900345537228005,0.7910960432516344,-0.3625248235077555,0.791626345418583,-0.5455295114939928,-1.5200917630907216,-1.4390199876508973,0.09556933423161613,1
-1.101277178028869,-0.6619786458463712,1.2348978724551316,1.675644876552994,1.1830141380539057,-0.07897187756407673,0.06028221731103612,-0.3989005892458341,1.44430302603474,0.7740796948903392,-1.2176495473499747,0
-1.5355998264459922,0.28722624364411675,-0.788485508605785,0.5995731496282513,-0.5907549020476103,0.007693203238570091,-1.5224879762496066,0.1354166975005498,0.40281933846316076,-1.3924021662029795,-0.2305649940824436,0
0.48664394294444213,0.4744469024134148,1.5284597834387814,0.4514609617310664,-1.088458031616279,-0.620599913042031,0.1317058659784294,-1.2693349244092038,-0.14930361544944595,-0.3239154644355274,1.5491750366092802,2
1.152744183168099,-1.3792010734324154,1.643340447250249,-0.8695146857906881,1.6121852886003616,-1.341195075768939,-0.350561130614958,0.4320341742749558,1.030527399569317,0.9625770895636624,-0.2514523704428568,1
1.5546601883562767,0.4982372001340571,-1.655886235730177,-0.11841269412810278,0.1280960336582565,-0.5241083960716465,0.7244363931728758,-0.10819246463091074,-1.3550979216854007,0.28788283197364445,-1.6628417669880788,1
-0.9624097309656229,0.6367875294500467,0.5665629120314084,-1.6080871910492596,1.3297046827653585,0.4511278705936811,-0.935799243034106,-0.22674043872213961,-0.5777166182652113,0.2020069862974837,-0.7279599666446309,1
0.23851400596516012,-1.2896419932633374,1.6902832342082001,0.6211442581227211,0.2669204033879147,0.22638840093211,-0.9642641923672307,1.6363768210506753,-1.5430409510996745,-0.7403587668796319,-1.0032004907043621,1
-0.8910827038972386,-0.2171878967134497,-0.8659173555887055,-0.7202121368464126,0.4313274544962169,-0.291630510772597,0.3507575198103481,1.611857724883281,-0.004417567009478651,-0.8582540597538609,-0.287179082561817,1
1.12812349649647,-0.5253251044357824,1.6229853538441028,0.39860485106482657,-0.9373645430372153,0.7525950172765092,0.5159478838347309,0.17230759060727188,1.0618848352879833,-0.9752488597918005,-0.11201430836939251,1
0.3799145423430735,-0.32565665691149986,-1.1626860227285756,1.688966442033265,1.0852253651765071,0.9085604492041944,0.4713074366631901,-1.2821186292986615,1.098200108006546,-0.7778677569450814,-0.9408983281793398,1
-0.23574811323349756,-0.2865645087247273,0.5548402938824561,-1.4369638281721697,-0.8579114771509183,0.45820606450480517,0.8899705445217229,0.3488904096618097,-1.6026393270586483,0.49771497999906084,-0.3284418861049184,1
0.5208038126766814,1.2020540572907765,0.6657263288172597,-0.28586981025153896,1.2697111262908487,-0.5936761258668327,-0.613712328197476,0.44606144775388284,-1.0653787496611031,0.5458220780608424,0.6723064535401099,1
1.563273763558078,1.53815561200812,-1.634027503371744,-0.3972798491718919,-1.486774405410607,-1.7213646654025445,0.34465166266503483,-1.6680888891790069,-1.1627120032633889,-1.5680502207892466,-0.04902833574305015,1
-1.143433331885207,0.5056186208016606,-0.41882716650475954,-0.22910767098274126,0.9289925755650346,1.4114191706230812,-1.7572371453808955,-1.2307852384933178,-0.8628042595220226,-1.0199964268874244,-1.2866065709892212,0
1.5949138049310354,-1.5331538548988897,-0.37490190354169445,-0.4758089883234731,0.8332374392716129,-0.23877180983083593,-0.4998930653920043,-0.5605685852305786,-0.18202099992648182,-0.17000045810971237,-1.1942319336462985,1
0.9207948549677224,-1.1914359749095609,-0.46815665747652324,0.905287514673682,0.5763437040603271,-0.4883734608202587,0.48351641824775676,1.7048169665125068,1.1275831986682066,1.6459992007977184,0.08910313722733414,1
1.5692409805393903,0.835358846246772,-0.21931275864211583,0.9799080947358243,1.0841296758949837,0.9905832616046535,-0.659209140693632,-0.9600015557896778,-1.1128698537122106,0.1918418075493679,-0.08270172920661353,1
0.5551046831413644,0.7879393829406546,1.3242577564176659,-1.0278091539278644,1.5486035834878191,-0.37340783396272154,-0.026160245298712817,0.34467466710125344,1.552604175894681,0.6713369257036762,-0.48674715500278865,1
0.6495379725585493,-0.46581009769928794,0.039638768729126916,0.45980309511921036,-0.9244905766201547,0.43665915257412674,-0.8627040860066645,-0.7578982040178556,1.0172503447025232,0.31519200895112087,0.02325541512093443,1
-0.9584593034942265,1.681267669276571,0.14542693132247647,-0.6246074057282441,0.8584816025772875,0.05040245769058717,-1.4708175651228002,-0.7965778124926962,-0.8903206213079943,1.1031925093842765,-0.024212340207884528,1
-1.1985471882723502,1.4617484320956635,-0.2344797398459637,-0.2529264626566283,-1.5596110510746268,0.6213747283701196,1.3692238176646487,-0.2423251888226009,1.4967041982028655,1.312383922122333,1.0749720598946988,2
0.2846447737768858,0.0704011591084129,1.1056599091090065,1.1097742636205121,1.4812722622291385,-0.16804158061248764,-0.3271339060402359,0.013654610147043828,-0.8708863715343433,0.572282713711815,1.522043496374361,2
1.0665476641355003,0.6273503104140989,0.6957667082150264,0.8216043214157733,-1.17066024269725,0.997899598458378,-1.1092492011002597,1.4380325231598166,-0.3283417308195957,0.6734842547748284,1.5174197823659532,2
-0.7416832588201668,0.8143838205904488,0.7146647499787091,-1.117304909207027,-0.20223920753381697,0.017346348891188808,-1.0169141541876265,1.2372854300394869,1.2870136071520977,1.0403311825432877,-0.9687146523604051,1
0.14493766856800186,-1.4480384789033158,1.4006755429931483,1.1393185431608173,-1.0877283949949879,0.13950887698584266,-0.9630338954715278,0.5310543589116493,0.4692422308365588,-0.5712739196963219,-0.8715977607075492,1
0.6603280474761144,-0.4507473251481889,-1.2161307906091794,1.0743244404961452,0.17983915442118606,-0.6838679624847774,1.0364611309322052,-0.4418603338900508,0.12261533539859786,1.55381990526753,-0.6867011876287125,1
-0.21859622909837223,0.5997643591712207,0.09281056307572404,1.319250301966076,-0.7739688659041343,1.7108850563890377,-0.9294440657917071,-1.2344279148172046,0.5587407881068542,-1.7047865945458436,-1.2387184428011253,1
0.01003756180327441,-0.5765714230183889,0.29124026070293296,1.0069409870362669,1.1984971884170437,1.2593397312758787,1.4759996711641628,-0.26764616694889537,-0.8357899779831762,-1.438742912932039,1.4805970445457424,2
-0.06716564752488736,-0.5985676286707379,-0.7462708684413846,0.53565574823737,1.3596342328488857,1.6035394243996954,1.6581260392937829,0.9317446244622302,1.7240246697237276,0.9116472928035114,1.1149015860998193,2
1.2017714467305443,0.7107823734733374,-0.7181918758482762,0.7518528305768322,-0.12979576832668302,-1.2516741407478837,0.31486450382301495,-1.2076658053011202,-0.559951324441218,0.9127382745090162,0.26072083347816893,1
0.24722178745490236,0.9355618605494797,0.11043928834937143,-1.361468686271849,0.011808294162228691,-0.8430453380324308,1.4593209728595522,-1.480202114031084,0.8646884554018051,0.41312060489762,-0.2774463237925122,1
-1.5568904976739373,-1.0594076104969015,-1.414891626642955,-1.3904760477554423,0.8722664318019324,0.018828417187189077,-0.5020725307957428,-0.20297521039126676,-0.377270799071894,-1.0139007830725406,0.897710978255217,2
-0.8903853668747133,1.5332487091307714,-0.3738521199528149,0.8572944039608561,0.34167790537425435,-0.19765418165947024,-1.4206517052092975,-0.8016656118690447,0.3840104063658281,1.28093594153191,-0.5656782484800852,0
-1.226452642039162,-0.8870508164573172,0.7079058512934738,1.530879638021997,-1.5854163388544147,-0.9670144580318173,0.8027142256293395,1.2837594257305034,0.7261128904862437,-1.6364530420074024,0.13606547058209803,1
1.497739319452845,-1.5354100539968347,0.3791488575558126,0.03482345306529412,-0.35270421207385566,0.057677334554117755,1.2083559888322104,0.46396373416096626,1.0414200247720085,0.14808131913967676,1.449628730221729,2
0.6260629422334615,0.44533916041556865,-0.23602217740559156,0.18629657502971753,-1.0167602679539443,-0.30373433685377066,0.8833544446453119,-1.3068300759785358,-1.6696829242898141,1.4590257170781162,1.3120742062080815,2
-0.5011818363412077,1.625294213363055,1.3400395072828226,1.5754263188863733,1.7167748907275793,0.03445018043827512,1.1437822209279764,-1.15148087478101,-0.7496403797625455,1.2590816730819574,1.5661516371452957,2
0.8108606246120361,0.5007858064228672,-0.4486665684458893,1.4404499110375892,1.273623616582122,1.55566380520452,0.836890122499019,-1.1049234300418502,0.9946439757819456,1.369443997037225,-0.29152387903498445,1
-0.1949507484130288,0.4115475613739841,0.39685058033855963,-0.6589103618587047,-1.6739216240924277,-0.15436389488942137,-0.14087859534114144,1.2270904381509133,0.15897793008311828,0.37888455994868475,-1.3342685821821427,1
-1.405114956487422,0.18326068223780467,1.439843929279282,-0.6109877838276754,0.4060857650501547,-0.8193083133490384,1.288638475004137,-1.290268647437513,0.3907206696176936,-0.04524756594373897,0.5380727473630645,1
0.4127523153780862,1.429182045046754,-1.5739344183069146,1.0311612337141247,0.8178270740217365,-0.38685215533258216,-1.2211026561363743,1.0652496417737576,-0.29442842633959543,-0.5756551636882696,0.23713122621253444,1
-1.5045986895204402,-0.59343659186609,0.06046123374402527,1.3542432931414952,-0.5010847999669337,-1.4910037036035748,0.9533801192718822,0.07720389677020635,-0.29930641465406105,0.013786666343018842,1.3993699181700385,2
-0.116625614698241,-1.1666575973480469,-0.30539866390077525,-0.017460772600636904,-0.2417954401739762,0.1963045934662464,1.3605437676402117,-0.06802936293453271,1.6383380710735989,0.6741249900621884,0.8173815553036797,1
0.8683873875692261,-0.6068664449942259,-1.3652872886002565,-0.12734592785714374,0.28506396104740717,-1.642459875940386,1.1281825844620648,0.8047649637323941,1.2625158798173286,0.9258300549750733,-0.42945217097560556,1
-0.12528299701828396,1.6308968960681847,0.9855142206774977,-1.4958333419046697,-1.6456636435646803,1.6057430987509556,-1.4460393875512576,0.09241184956132333,0.8167891035191502,-0.6042977627502519,1.7054381249837924,2
1.1918932947005874,-0.7666011095800705,0.7730573347339363,-0.7055273437669,-0.4962534922959361,0.026325115142033423,1.38795389731774,-1.0074200031127476,1.5533879353349551,1.6458260290984321,-1.667545182690931,1
1.007177755576875,0.548809019739887,-1.2287127364952197,0.3605804086989757,1.4773786393796784,1.0178613913458383,1.2895280768262987,1.315920584584218,1.2547010944290644,-1.652280935322186,0.9759364670538038,2
-1.3375288010183486,-1.0111176458589792,0.7110029928830862,-1.2851937193564982,0.8527091463050631,-1.070252410521104,1.6838226779165917,-0.01968195211201537,0.2665901672254617,1.2739051705408793,0.7745953827050076,1
0.9474962520399232,1.4554327476276816,1.2075272828829535,-0.6819302110727067,-1.5579403683606705,1.2834586677125914,-0.9004749932658327,1.190623804710008,0.5143493599129528,-0.8056964490204171,-1.6918929403700642,1
-0.8991903915095931,0.44034207778868034,0.14837464030177155,-0.7547240653670401,0.26929771112100537,-1.140403884671676,-1.6606014222501695,1.3140348622703333,1.7087383830764784,-1.1636077171056944,-0.8460088953910356,1
1.4012011305795904,-0.9455774242983322,0.0933176353105457,-0.47880028576049205,-0.7626908208791792,0.45990125091461626,0.28720382628779656,0.2290548175263135,-1.024853779574401,-0.25135652243449624,1.0189894975681,2
-0.09532552062179905,0.24068899132725122,-1.550664131102087,-0.001299056700099528,0.3944249810055613,-0.8691910501939852,0.8477231602604175,0.004942879872442644,-0.07058394143571346,-0.9131668055976008,0.1952683771850561,1
0.21045598083054604,0.7885505070026546,0.024872550237569097,-0.7574960532911916,-0.6924494512337629,1.0671385284033306,0.8603363485250791,1.5741126606701243,-1.5770728121105622,-0.14708984229411232,-0.21061559085140838,1
1.093447297798087,1.5558380371893683,-1.6254584335131295,-0.30743835430810124,0.34183025382573784,-0.8756455780524043,-0.5209687960908205,-0.4152931447503399,0.1858116677848422,-1.6647146633309544,-0.4433656804864711,1
1.2313998702189795,0.5255841387742086,-0.8961366416156789,1.0743465544397606,0.21684022283984333,1.314521084074619,1.166385913955822,-1.4037574747764539,1.5868842698609285,-0.5437742538496304,-0.5608527286923132,1
0.2082771851929034,0.8083345148365096,0.5372455606572087,0.633797126890768,-0.9569855296932871,1.0049205173243139,-0.9480662720940153,0.41521799323135883,0.10480017977802025,-0.5247253669281187,-1.4737873093234275,1
-1.0304881006122166,0.13770922182364898,0.1302611190348139,-0.26261538377937316,-1.3500331136157013,0.6555863988439834,1.4078829761967395,1.369143187979585,-1.458959691595013,-0.9737422660080082,-0.7367366157336103,1
-1.3284282278076076,-0.6766524771667117,1.3606610528459369,1.1987837832032966,-0.7033693991571204,1.3667418631284165,-0.8931753244324513,1.4306669693000482,-0.9545965057167101,-1.681512318161742,-0.2719856477493892,0
0.6812915612981245,-1.1839813459934931,0.2655714943794251,-0.35439441181858095,0.5190019002266992,-0.9057405512835672,-1.2840803959042273,0.5153160815382619,-0.7113889283387067,0.7685555176831008,1.3270881673529542,2
1.4482616093626155,-0.3866277021540702,0.9601720494642795,-0.8294639871444256,-1.4889140493711026,1.519423687499003,0.6869509320199187,-0.8027723624591928,0.4448341758804189,0.8686314427007521,-0.7345667009758562,1
0.10925461079050629,0.8404971864413664,-1.39323380394176,-0.5758599065517358,-1.1081633492042888,-0.2950193502226317,0.25131187618082645,-0.24122022627036455,1.1164776756696897,0.6153331981544317,1.3544669001208884,2
0.031090951704339474,-1.143208528572594,-1.646835193958416,-0.8003606672098778,-0.14631463549131327,1.1816093100407965,0.065662639018381,1.1033518080560822,0.2943622739513061,0.2799862024861814,1.6358783926214517,2
0.4871467698165469,1.1374869364712492,-0.46249458862934884,0.9711990043157499,0.021442375429978493,-0.183790543244345,1.5303617983062061,1.2359792441869681,1.4737812340422871,1.142415899272662,-1.3216821369490794,1
-1.5508591869791946,-1.3456406026486618,0.9070699323794756,-1.6727780167457527,0.5405433303302251,-1.3490010949262574,-1.2424644496646162,-0.6286263964663589,0.06564329834364165,-1.1058203210537993,-1.2970907505203257,0
0.08161613820565164,1.5132451601792019,0.2391145551794643,-1.6640425812336006,-0.4789115513269176,1.5013584893653833,-1.2461714404975688,1.4454272712648994,-0.2947154558172079,-0.9182753707265516,-1.1715658209855366,1
-0.6999439750603541,-0.023599487721078127,0.031071593444195782,1.1815735193784913,-0.8526054255530461,-1.6998395804005582,0.8855673572357066,-0.8553760437272527,-0.9974056618255657,-0.8331095290174655,0.3665280859836739,1
1.0995935901915666,-0.6198100465448951,-0.8313721971546466,-0.5567795449903883,0.08085251586383106,-0.14836878045437732,-0.16564244502865488,1.3428746001394674,0.41187108142652534,1.0705323268988483,-0.9690288028335327,1
0.10537373638463916,-0.6561133623311687,0.38533631372160715,-1.3366501962942139,-0.1604923352960157,-0.12621860561262838,0.9747045345219667,0.4298455102978852,1.4289613828091936,-1.1824487979880625,0.5082789562180267,1
-0.8083816892594035,0.338378824088544,-0.7305063990797149,-1.4105743259478012,-1.550693289480663,-1.2630006156295857,-0.22299388952293328,0.8623763447832719,1.7593621677110587,0.4750294873925332,-1.0232512505879015,1
-0.4912621971953418,0.44150952269212573,1.301776325055899,-0.9760133516454371,0.28115867327522037,-1.3336547784277921,0.9621078428782497,-1.1355893810081013,1.6411753953929742,1.648960436855517,-1.5763929544666389,1
0.7842533897186843,-0.8618515241289145,0.05704904758310193,-0.8653439649159812,-0.18926576578210372,-1.0840733098528474,-0.1190264537739496,-0.1250846666020797,-0.5770078158015275,0.4315287565317718,-1.2184542084527292,1
0.40150886335052927,1.233174857195883,0.7196555718101733,0.024700603148046847,1.0502588024180235,-0.8171602255896518,0.350283579424635,-0.7961311123406892,-1.6717207428196312,-0.015063738758107154,0.6722130133036083,1
0.17916481331870665,-1.3973354395023088,0.7061822488049767,0.5027578388696025,-0.2935846465709612,1.7316030260144555,0.4433058536725801,-0.3604023659462545,1.524654230150642,0.03988364142548995,-0.29414526685773973,1
-1.4351456459511474,-0.4716011620039256,0.45828793619588315,0.7920058523969629,0.5489855680052409,-0.74386759193182,1.3344846349840265,-1.5259769662654379,1.2166166736998203,0.5564548203970316,-0.2796505046242945,0
-0.5312471761986627,1.451126317537005,0.5308965552330559,-1.605629180176693,-0.5335815865363337,0.09248138254667941,0.7026453414229294,0.5194186011846461,-1.23617696732195,-1.4809968075579378,-0.03370049289225972,1
-0.34827675888701626,1.2939362374822874,-0.38642083254392595,-1.390887800375602,0.5233722959314864,-0.6022048696038471,-0.13858650006447346,-1.3891235416473566,-0.8464665872171236,-1.4382580321740368,1.0931938554239766,2
-0.27841161505817336,1.504465383033766,-0.4601381570583354,-0.3882772432946617,-1.5825676699129227,1.368349621070258,-0.3049315668030184,0.19733972762091592,-0.577480697358739,-1.2725327159568844,0.3204090603621666,1
0.6301724284355056,0.9418837072267267,0.04076781349856397,-0.48388829462379324,-0.6149497024807428,1.5905062539937604,-1.5044201998295375,-0.6789652138368475,-0.02285804348602051,-0.16097821257688724,-0.6359316620303662,1
-1.7047945650216296,0.5100910429347939,1.281881235556986,0.9287106220040358,-0.8594905609295204,-0.07621131924023693,-1.3133939769139797,-0.7075432606052837,-0.010807102188032588,0.7146298505252938,0.5629439867765683,1
-0.7441889464482226,-0.32508335274463096,-0.3870543776463287,-1.736330406357184,-0.10164307531210989,0.6165928809343337,0.009815851089965482,0.8088534081039008,0.8512379236379389,-1.131449732548197,-0.537834803244197,1
-0.35310069931127563,0.04510568780137848,-0.8095981452767027,0.8599747952824944,0.46496334458119937,1.4229493838997636,-0.7343610687251035,-1.1202397982137209,0.6332706774626441,0.03145017967023884,-0.8616633392686931,1
0.7498199829185243,0.8942238468053967,-0.03355229693696151,-1.1624499754140387,-0.6262163965556367,0.23611971714729765,-0.19629078101280628,0.20732176606838867,1.1198188403469405,0.9277176264972959,1.495331508735156,2
0.4233725650124989,1.586810910697527,-1.7044712975946734,-1.1558948487661618,-1.7134613325575914,-0.24284648992417937,-0.44745615045298104,-1.0428673007108882,-0.1324584080379318,1.6181012400426682,0.4457297582317353,1
-0.7583078614824277,1.1068930652029938,1.4439868622304495,-0.8444444504737935,-1.2828244333534486,0.09149881912023335,-1.7116921359333825,0.7718729170862835,-0.8658777577063806,0.3542595443101486,0.1703598210151667,1
-0.6622992024619616,-1.2310633135732654,0.4203340117429686,1.061588198786454,-0.8735045079628101,-0.4624555837463602,-1.6101947359768698,0.9001437358281268,-0.6404083312802917,-1.3922809460134788,0.19204462968753178,1
-0.7964693132532497,1.1881608658305403,-0.17336450002984535,-0.37912650904359785,-0.9473873496575782,1.1184543889714407,1.4011061145243835,0.13152724993611245,-0.7413244047813515,1.1004563965355503,-0.9090366665542517,1
-1.5717100009456977,0.3177988768190279,-0.1615620346132534,-1.3324536109547693,1.3964236236736294,1.16166474823297,1.2239844667210904,-0.3948133189028741,-0.16030412180396025,-1.5990133206216675,-1.5081194721615026,0
1.6058190208316057,1.583704445049963,-0.9913645383804712,-0.2794964480267563,-1.6757440047553973,-1.6126135765393403,-0.5003550140417323,-0.433975872136276,-1.0461503349827554,1.3186873719763605,1.6624359054341116,2
1.3248586725272735,1.3844510822545957,0.5002443517712514,-1.5317212257097153,-0.1297134051941431,-1.585321310387068,0.7715995334413557,1.2955589817607873,1.0076124332785013,0.7918124768972737,0.5990292203916825,1
1.7245888151775375,0.22834008988280224,-1.0406739199433541,0.4977476556111619,-0.8899940252340385,0.39579381899116683,1.6274361646686704,-0.3751734325905463,0.42701407979642764,-0.5498352633246569,-1.1933751456667445,1
-0.5117273203982188,-0.3067558259121815,-1.2328664929791895,0.46668702557360997,-1.2822155406649214,0.5045436720711182,-1.0162415474533735,-0.35079598052576216,-0.06487691764061855,-1.0711167125167906,-0.5866864479180668,1
0.2585771572309167,-0.2769615578712508,-0.16112872644206586,-0.13229984938950728,0.7104560515757036,1.5571752301518422,-0.6084151301781421,1.5521951708405546,0.09132123222376284,0.23849426333714305,-1.3631222011933575,1
-0.844180190441005,-0.1317487826551129,0.872157895836467,0.32240033320387196,0.9703608741693747,1.503445805185302,0.7018147102488776,-0.40857981120481046,-1.3369706615449632,-0.851534997821546,0.3662660693683118,1
0.721482789285546,0.5831394938837441,0.43936633478749876,-1.1950900341443174,1.041929682275552,1.4310210453610939,-0.38390156394685876,1.1651682006889539,1.587922666311065,1.0855463132269851,1.240393394439085,2
-0.25467341930325355,-0.45298310531950836,1.6603996923586788,-1.6507851785998748,0.6818598003949952,-0.6733194930465649,-1.0346019236842838,-1.4962212808293383,-0.5636758321954805,-1.2336729866370004,1.139215447696148,2
0.08017969259213684,0.7326575520437705,0.3692909131520383,0.5100795487317972,0.04674456128894163,0.44723547766211336,-0.4431461411921893,1.5128068810447377,0.7731703632378871,1.0105283330960861,0.904122838906805,2
1.2072467578228852,-1.201788028695121,0.46993398415443643,-0.9261699042748781,-1.1819414361992167,0.6359764574498071,1.2409542084655798,-0.41572205204234697,-0.9229693540466081,1.3076390175618837,0.5909409399751427,1
1.0002128948520563,1.0571438176032821,1.5157510879588294,-1.1876823120182376,-1.2871601811353277,-1.1021507968000228,-0.47943913738955407,-0.7133034511310916,-0.5281745707765447,-0.5278770918551324,0.41238496235145566,1
-1.0646531719009422,-0.8505190888841391,1.3449034414969003,-0.6234070294278555,0.8068306416162179,-1.6197448468229003,0.1231278671029749,1.4619619897967604,-1.669901035009393,0.7761577552817769,-1.16188082249849,1
0.8005088146541163,1.0887219734350413,-0.4309183220588828,1.0505669503477535,-0.07932775800535163,-0.31964607821732444,1.1362530760506016,1.6168641020785794,-1.0532149888676425,1.1815007518016185,1.3439754568941484,2
-1.47895892681992,1.4602350037221419,1.165851343950792,0.6649657958885132,0.8980281922450838,1.1769181435861795,0.6898222680112299,-0.384536909475718,-1.0728177641228378,0.3959246551584734,-0.022998486263690523,0
-0.9855927556705317,-1.271528671253792,-1.5437679644396405,-0.5700602622232828,1.6630765794416826,-0.7523087214088199,-0.9199898969100578,0.09869025608147862,1.5757802038469022,-1.468078198791167,0.3554526988717715,1
1.4391905247135601,0.6268350947257905,1.4884018812348472,-0.5230029697214159,-1.0753311514437573,0.5772319901647313,0.5183289897977039,1.1499777603183878,-0.581576792331883,-0.46529283973300195,0.6662704690673759,1
0.1601207871369256,-0.6941845027618342,-1.5780447223055634,-0.013834572598921768,-0.23034144330508974,-1.4466533866602131,-0.9396187207276085,1.1754303364187162,1.3844127790570624,-0.09738956459889526,-0.936983210193784,1
-1.5651955929876715,0.013557968731608193,-1.5252827419104709,0.8825356357632235,1.4357645565848756,-0.25393265051470515,-1.3710558144508247,0.2511716222579754,0.8196633710863983,-0.7850024309556839,-1.5970999077480543,0
1.1319413976441401,0.6014768282013448,-0.10373464331330894,-1.2794153459702609,0.38277139340980787,1.5391313862399585,-1.580640606100592,1.6508398881489834,1.402234846521621,-0.4225886986889583,1.2867028049787748,2
-1.1295408935657012,-1.241348077892163,1.4306959280449643,1.7219699758696396,0.7752511694818369,0.8658000803721212,-0.36455179332041654,0.5403911269912616,-1.6931771546871395,-0.3019399757960743,0.8619152418300622,2
-0.6179616626702484,1.3544851664244966,0.402661460962917,-1.6176443738071022,-0.5094283215502431,0.5073054093421141,-1.3677155493942605,-0.19632954631745683,0.8933470410942836,-0.2643443998809815,0.23778942663827718,1
-0.08802500982114264,0.2525191480514375,-0.009434117028745484,1.192802605273549,-0.03714621253726101,0.9250620013133576,0.7495909789926927,-0.506067241049271,0.011714265960588926,-0.1786590430740359,-0.6463107745252759,1
-0.798247384362771,-0.4836791395507368,1.6200573865053536,-0.2066708152738678,-1.574385869132527,-0.024443460703732194,-1.7534095506189669,1.0248928798731238,-0.8601728766394467,-0.35115537273328923,-1.3658678606911283,1
1.3124908324610869,-0.3777023299098299,0.7219276157875633,-0.6609519811790449,0.6956067497783317,1.2352614160973694,0.6608858068764336,-1.461099245364182,1.0528606474908055,-1.2940925925180502,1.0798406382837964,2
1.7095910300816286,0.6011080639322074,0.3559220408877419,0.8299462322650862,-0.831018908713782,0.2981356144935511,-1.6746919363022081,-0.7166123783748567,0.7225428623036328,-1.4551422728544676,-1.4849969194780805,1
1.3008755336559927,-0.2809520151602876,1.3985748685230213,-1.5073416238164592,-1.0739039972830038,0.802873282130534,-0.7645999860437872,-0.37416608359988013,-0.17095186197130374,1.7183503367596058,-0.6906727397473937,1
-0.5002563040597506,-0.8327840703099202,1.566127589719431,1.2597203650025937,-0.55875938909328,-1.4425717472630901,-1.423884379764928,-1.6863795025332233,1.5845931963720805,1.1574472027707277,1.36537386094471,2
-1.3587470252601845,-1.0298381154092964,-0.8895854802294255,1.2252559831665604,-0.6815702866719708,0.47808630146611586,-1.5586712423369031,0.5986424516079516,-0.4729500142107337,-1.3548585417976726,0.29758882541366727,1
0.14779249203030986,-0.11803103546480069,-1.5551493209429252,-0.806269756927108,1.1701500056465168,-0.0478098888957059,0.6523441300515764,1.6217941622600198,-0.7036687939482383,0.9186261122847562,-1.0010866470694755,1
0.8712993506380506,0.44127347526101346,-1.426549903091547,1.7290242460084677,-0.37956812925877376,-1.2469059864618386,0.16801653503929453,-1.0129918093411452,-0.48042502226604616,-1.153667661566651,0.17858872602073075,1
0.3435484403317737,-1.6811422455170255,-1.4663951755488212,1.0654900890288106,0.8823497271038034,-0.7736780929260989,-0.5772139994651172,0.21555535825813016,0.05609415451229353,-0.19895476623041025,1.5182830033061303,2
0.08147865859695633,1.1342080526616005,0.5982456341156976,0.1053722769693061,0.7568696157120751,-0.3677908138179799,0.6841947294688652,1.4449108001507067,-0.23796729940891698,-1.3171936972028653,0.8879892773368362,2
-0.3591148040031852,-0.8817639651744458,1.1440915580732913,-1.6615183464359393,0.5844166749491112,-0.8027160952820251,-1.6579465446398178,-0.6150037303988859,0.24975777520080866,-0.43919586465053084,1.0188139681466135,2
-0.39951409073749833,-1.2571374673152909,0.37223182603929167,0.5348489963807151,-0.3788047291949126,-1.2400865306269264,-0.5184278399400258,0.6998175666744616,-1.2991225531719526,-1.3635344439319248,-0.7054904100764312,1
-1.2104608866594893,0.5934299456775353,-1.354116573013459,0.9045863284125941,0.7407456645512946,-0.018032215376358435,-0.31599745246745337,1.5858258152146285,-1.0674451673762309,0.5074818638388178,-1.1896986894731498,0
1.2980241797643788,1.6405023853657297,0.27553523423028037,1.6527831784959661,-1.0473636305975356,1.6991560877792335,-1.3457947337608955,-0.9911316027509595,-0.6616393626620808,-1.5481008410314452,-0.5846818564087876,1
-1.23809216143604,-1.3394011921253013,-1.2310551420027087,-0.1537747261004682,-1.4871833965729124,0.9771065106504315,-0.865899651070268,0.03618436239775728,0.17455859225029682,-0.7978171367028828,-1.4376938835441346,0
1.4745104508219946,-1.203967127007391,0.04208252841566723,-0.40626584606921845,1.039131504505196,-1.103126501607619,0.40735187152976177,-0.6550157481359952,-0.763939303279174,-0.1635757880661843,0.135469959235458,1
1.5883045891500887,0.13999447855342761,0.4285448897532546,0.782241338763706,0.6172514677798109,-0.5550771037154224,-0.1211255832987013,1.166703351338506,1.6956867622901053,-0.3608529878933316,0.6539141688471531,1
-0.9308814584627285,-1.5323720846532836,0.5765757190119932,-1.6720806137656206,-1.1036813119563733,1.5458579953917604,1.3590673798380142,1.328369112920648,-0.20615628329130736,1.0634496043980315,1.1709861892136384,2
-1.100314889679984,1.5548645223347464,-0.5795358215221296,0.4481968293259451,-0.20461827964175122,-0.7019442108017782,-0.047866706697202895,-0.4512929170047835,0.8923127202438284,0.2283117674190986,-1.4288423251942077,0
0.9540059979362127,0.8400081746921567,0.06919209736604194,0.44067381209159623,0.03126017705433139,-0.0922093240288317,1.3738226258768027,1.626500405625491,-0.8688397464094492,-0.2322383668332699,-0.7146609951045806,1
1.4378893837690128,-1.5647553360722712,1.1944231120035096,-0.6208100620884464,-0.49495122453464035,-1.5925994598672741,1.6393866204178347,-1.3080791887063286,1.1177615930843892,1.3925970532318261,-1.258206107455932,1
1.395047472316644,1.109624899618311,1.3001380423069233,-1.034217633782546,-1.2413193051495095,0.5260532570065312,-0.1491780328616415,-1.2912865465224368,-1.134501845883329,0.6287020533393471,1.0851182733854867,2
-0.352814461049197,-0.0044208277916613446,-1.0975395638213155,-1.1691009628981546,0.9338169961907592,-1.3811577821577787,-0.8504930902449,0.32181749534553167,0.479246849782618,-0.2094316540372417,0.6690001805471947,1
-0.49949635067540893,-0.7343778362620753,-1.1681465447260284,1.42011757668853,0.24572113429716763,-1.729453681191022,1.4104017723536901,-0.30072880082940295,0.7161983010990566,-1.5863025178940404,-0.08888635241790527,0
0.3740353243986385,1.0866301577300022,-1.1190490052258053,0.34380516670378675,0.08962118835559107,-0.5505741802572583,-0.7829027485823696,-1.703257754318233,0.20082502491835494,-0.830927565606456,-0.15689385291871194,1
-0.11198387317244542,1.3893184038545527,-1.044121928774655,-1.585985724146597,0.8753676032514469,-1.3004613844665425,0.21378830061253834,1.468798895520997,0.3272008675966324,-0.19819281075354978,0.8882413006986641,2
-0.08260517817158684,-0.48949438858850763,-1.409804042310412,-0.09334445916046517,1.6508601391744717,1.4115561692984209,0.9306398653087686,0.5640292959622671,0.8471761932196998,-1.1981381539434168,1.3867205814098449,2
-1.0375787944359192,1.5215543642159741,-1.2599879739817268,-1.0051976616164706,0.3927135088499634,-0.9448385194376557,-0.23982618574032558,0.9533573362746476,-0.9416329646595756,0.6367025858463821,-0.2900251876959648,1
0.21386282697956074,-0.4206422646720553,0.5110219379633144,-0.6114547856470762,-1.214985758202981,-1.2513926433605,-0.2658951222532661,-0.13074142225546617,-0.8930017797834162,-1.1254753089228138,0.3738320513243012,1
-0.6869940096275261,0.6206702780450727,-0.5364652185982033,-1.4865025563627934,0.14148265053883652,-0.04744610241360668,0.10937442430057043,-1.2191895416534198,-0.563536877775735,-0.5112352915537026,-1.44938430078499,1
-1.379175023515842,-0.624201940567725,1.414465526087536,-1.5161501292210902,-1.3714570892135347,1.2015479409390133,-0.062340394301440775,0.04303775404131052,-1.6080171818799827,0.5233790258333157,-0.40745997638664405,1
-0.0806526053409926,0.35852044062686916,0.8294305946071256,1.0719025516901575,-1.589218838738027,-1.3849012509608556,-0.29614436788324033,1.680034884855589,0.1760067811333851,-0.21997781052378776,-0.6018087850772521,1
0.7732089031347488,0.8842540971459242,0.4984224643341389,-1.1550807960680867,1.7256323483234697,0.21015673624744471,-0.056638124957789665,0.20084300782831196,0.37335420586686513,0.3921148777741711,-0.8744111111469142,1
0.34587319039781284,0.0491006770742139,-1.6829398145871293,-0.7850389684898982,-0.33356824230647664,0.8415212160838329,1.2560694136496013,-1.3674241159282647,-1.5595423367744172,0.6648083526405763,-0.7312063987927726,1
0.002496562528190234,-1.2233447109578173,-0.7338134494244599,0.8417305077545078,0.7198358245040177,-0.09020979365447199,-0.25298673788366943,0.32081424255903623,0.8798898087562537,1.5915886528819094,1.0367312713699057,2
0.688824434033509,-0.7511675362374238,-0.9268668183267833,-1.1590631396307536,-0.21498585382682425,-0.9736173073709375,1.710484267326941,1.308802474263128,0.101658644940109,0.5455623205119127,0.689908154249244,1
-1.5721284604438213,-0.38087122711054067,-0.9405861657496877,-0.7230184133847306,1.543279136635818,-0.3691039919523798,0.5358650078545633,0.35501866845372126,0.12289584801493093,-0.3592251739200388,0.341057638801772,1
0.7215937638671659,0.31757046080953055,1.118717020730383,-0.1540452008209945,-1.6217509223965667,1.219729046171666,0.6536268109770539,0.14548903194853466,1.3390084194918574,0.3758886895510288,-1.4835836646974787,1
0.14195953554093269,-0.7893993742254868,0.20987750504961764,1.2479251631791797,0.9651150720399572,-1.5921617100739172,0.6119704719917982,0.43218471403382175,-0.33080486025701383,1.3461350863132662,1.5903307800502529,2
0.38024478626993147,-0.5902778582630832,-1.2151946509249258,0.21267579076963883,-0.4803208431590236,-0.7074721828725846,1.5943060244268406,-0.6164433278828956,-0.5045348663425016,0.11129965021123042,-0.7733490798621017,1
-1.1050258454919175,-1.5928044240338197,1.3232188719955251,0.9994323295592331,0.3203766379175444,0.008441503431003621,0.37648194219586506,-0.4982533791961155,-0.5040251711963187,0.23600059086741787,-0.6052177515777547,0
-0.5011451835712273,-0.5445762529599794,-0.7028354867568503,1.1767979976462035,-1.0306683909594345,-0.6369772246569024,-1.2957010532696525,0.6389147773342131,-1.2795623781082925,0.24133427920544118,0.8497870656328805,1
0.24222796761792298,-0.30051739450924364,0.7506586425406042,-1.2817302256048233,-1.076288985231575,0.9391421873584863,-1.0677451112814598,0.9535161499429575,-0.917563605956721,-1.204943801725375,-1.7150209800931495,1
-0.14157560609881287,0.8892686816424357,-0.44580284680205107,-0.11539327730174545,-1.304391540290824,-1.4131015859989178,0.9435470629250223,1.3808459777846602,-1.2772050231305254,1.1239211617888671,-1.1647520137357286,1
1.4654492595440733,1.3780733499246696,-1.2016839772957695,0.23458368653113806,1.6187156805116252,-1.1802605908080088,-0.24427463772317004,1.673965709205058,-0.23278775805344695,-1.073593067816587,-0.2110487668032325,1
-1.3527767798393007,0.5916197826356605,-1.2946862826893752,0.5378902488247559,0.6188250370275181,-0.992550550998343,-1.5254205546264497,1.1367490171084855,0.5652568583608758,0.498736693024851,0.22335217360679693,1
-1.09001117926639,1.2819744828821276,-1.3995098476117576,1.4659708130833673,-0.14690006353216034,-0.17113717423628647,-0.38550288052470394,-0.13490712812513214,-0.13453624138905956,-0.6108263358133519,0.6475061128223036,1
1.5214647623471818,-1.1337843642079006,-0.2123808869111193,-0.6287413904020435,1.7194810952533581,0.7117692179529905,1.7170241896439538,-1.375262350222027,-0.17282896002613984,-0.5692997623244562,-0.9044006241590182,1
0.9157584141911469,-0.4526610860248109,-0.07661944200659997,-1.483430199051745,1.4904834748245128,1.7058549067479172,-1.18733795046999,-0.03957505048729338,1.2374373180548413,-1.5775053955702878,-1.30998908090289,1
0.3612840424257267,-1.5563472770019637,-0.39985420005306654,-1.0601383276464351,-1.2560889453359043,-0.4840066260041315,1.641276535241149,-1.0501538726082853,1.6413044042330887,-0.30034679616263876,0.6869876424837362,1
-0.7878893759529466,-0.9653964825180855,-1.2949734930357693,-1.581170498042417,-0.36939985083083315,0.6405766130449105,-0.17273980827095073,-0.678384571436464,1.0188578614109405,1.1297570480548211,1.2692895659315544,2
0.5586078040890389,-1.126593863431787,-0.8021697210666184,-0.8625466536263617,0.1669184825627435,-1.6166648332012012,0.926134034220939,-1.4756008263761276,-0.7686708423947997,-0.23137250833683753,-0.5103285596327943,1
0.28489676514308787,-0.3441916760928781,-0.4491988922849495,1.7221232240521342,-0.7484799477521633,-0.7065181102145953,-0.042607418246467015,-0.419672878362566,1.040736081487933,1.5786527269452102,0.041648317629425696,1
0.5587977207237343,-0.6749930554624026,0.9898942556439081,-0.24375738644229064,-0.17169694556692244,1.4313262463576937,0.7279445357928692,-1.1943128913780392,-0.2714981754900936,-0.43322144102514765,-0.6669750496680396,1
0.48724014677681654,1.0747225670502438,-1.102381443373315,1.2016238696234678,1.7434995769813009,-1.1491584556555674,-1.6495488609104763,1.6201892886204505,-1.1764279195941476,-0.17174949227250572,0.255994656334068,1
1.0621040468418401,-1.3202652221411508,1.1338148101832457,-0.3351862009858343,-0.9080859569528575,1.6671597446907211,1.3112328602586132,-1.1458512387056194,1.1569639929188125,0.28287816986426545,-0.8963900000137409,1
-0.8281229673105044,-1.640595750680924,0.5844428996841845,0.5177217802686943,-1.3314086034906818,-1.0903798664149862,1.073719526587285,-1.1155789155423133,-0.8961085550837213,0.6054277769552455,0.8565033243474061,1
-0.9714013673117937,-0.6208325589078683,0.9801551881027835,1.050227748364158,-0.6578614271579919,1.329244412866403,-1.1529980064334355,0.9646506844836468,1.4547399595534936,-1.2063291753196668,1.5641940973501758,2
-0.06871183972792723,-0.694275584607118,1.0333287592048066,0.275621672615845,-1.1958836288306458,-0.6107960229092746,-0.7237476782819614,-0.10087384491793427,-0.6561682837974507,0.6926197275459834,-1.4179849362134491,1
1.0298385370662713,-0.8374501806066724,-1.2171290897709306,-0.20154672169407084,1.1520588786413746,-1.6942608592921349,0.021665997928427622,-0.6664108019840973,-0.8223301747246472,-1.602909683855613,1.631265380434677,2
-1.6391778740809855,1.029940467963412,1.5712862959698273,1.723700140094253,0.09553924466049697,1.3884472124440868,1.6319800880970952,-0.12797575196203156,-0.9454236719385477,1.2994999476954197,-1.3464049296006042,0
-1.0042558214895292,-1.3777946138880672,0.40001709937215324,0.627006747882509,0.2409886315813543,-0.8889739868639007,-0.8485003932169725,-0.4116925468957157,0.6536322494633605,-0.3332147846872109,-1.5050600077484455,0
-0.4458461106730358,-0.47323307370306017,0.7674732407213001,-0.18821209722576507,1.4351174030230462,0.9644422529005713,-0.9899947070067088,-1.7005212770665101,-1.3634802360957317,-1.4291665179614972,-1.388533732508546,1
-1.3612949443833562,0.12497686398752766,-1.3096377610862973,1.3368959023861116,-1.2258560943042787,-0.8528187681590167,-1.4406062782550884,-1.2049056227486212,0.08812271494852755,-1.5758602644270663,-0.36660525222082657,0
0.8817019446650514,-1.564380096616743,1.5332034066390654,1.2510617393666466,0.08991565864298928,-0.4413704665963363,0.6290938947545774,1.4612794386922896,1.0693586410837852,-0.03199993094832398,0.893523888796081,2
0.33977728559912185,-0.6707275693304118,-0.5061024241282407,1.0110555632429135,0.488708998860308,-0.9973876507558322,-0.09424934676096618,-1.07450413098753,-1.3360034647896375,-1.1512952092864264,0.6999524770435912,1
1.3993542557275067,-0.7989737603025593,1.5088815444814248,-0.2597727647265813,-0.4634887368188988,0.4140208523256478,-0.6915541839835805,-1.4144073700578008,-0.3559965856233381,1.6611863588251419,0.13187105459862813,1
0.5980390489795625,1.396105726281521,-0.5674924224398088,-1.461120914388272,0.05837270868750559,0.10119220837343135,1.705176206994095,1.4645971199110674,-0.8472683003523176,0.927319331588937,-0.20579971526884563,1
0.02452325158546008,-0.21654679738853128,-0.7580332755814705,-1.3496190327024684,-1.124230356963553,-1.0693469049242466,-0.3388536032792224,0.37256564444035645,0.751536827171952,-0.29028552043409483,-1.2476344878290262,1
1.6437087702273028,-0.5325335217605462,0.9592677202830974,0.44156828870738807,0.8947267568168059,0.14733896067362537,0.830710742762323,0.7814836251602132,-1.5370982847584567,0.3391936064722257,1.1991203393466894,2
-1.1149874002067097,0.6136177888766204,-0.715058418083106,0.4573266635586125,-1.4523149664404367,-0.6548320970054635,1.2464404216442813,0.3334399515423062,0.9929307167636322,1.6954916724537918,-1.1274315644189534,0
-1.5132685338714122,-0.08259599679637424,-0.28400408150573914,1.078437565294912,1.5788992935397,-0.957302519298055,-0.39020856948473476,-0.6072371740899537,0.2503919997723735,0.3592295720796703,1.5868369319781686,2
-0.36239790697343616,-1.667853461628828,-1.7128069489870092,0.16075344024197738,-1.0931093705452128,-0.12306485221618897,-0.10115311151824621,-1.6667780771244274,-0.2931896111445986,-0.39624928322748615,-0.19306641144368022,1
0.47181820947146397,-1.0433663775129194,0.06488226822452811,-1.4166318871527794,-0.9673847791548086,1.522723797999227,0.7423169104627951,-0.017468344842730386,-0.8475064282864606,-0.4389707414414584,0.37092320126331896,1
0.3898917725399632,-0.8681582880240698,0.42487467441690047,1.0651359539942278,-1.0828926905676772,-1.6213024241363614,0.810965759872979,1.453563569363639,0.3901166961988941,-1.1443337069751103,0.31507775559008216,1
1.6255630361705138,1.585567236168454,0.6689914855718331,1.1843432658890047,-0.05084903838304141,-1.0925882980202068,-1.2575922776271664,-0.1625102184647084,1.2549314177452673,-1.2801003192157032,-0.6538356909458729,1
-1.405424338694058,-0.3322437135328129,-1.5279651633672997,-1.5657662316785712,-0.017418742733146447,0.009602208925486572,-1.114350503597072,-1.180083909890793,0.3997619193957142,1.5641409385450038,0.49313085929248396,1
1.489351046337044,-1.4561099515814515,1.365141759599763,-1.7194766381627742,-0.18572910491251507,1.1604930473388382,-1.2367821145135274,-0.8571211534261153,1.4414053057513307,-1.5721717072322645,0.6202928324507242,1
0.007260912366019879,-0.23499067264797624,-0.09130774545547567,-0.3597164200400564,-1.3520102185407454,-0.536432549063571,-1.2673346584324379,-0.6355727806964969,0.030856042702545907,-1.001328517704343,-1.374175308550699,1
-1.029221698773848,0.030586946270106465,0.40609580259661493,0.8352604196313796,-0.203855404806273,-0.8340837105428618,-1.6360638334855533,-1.594144213262026,0.9236783071618566,-1.0215030206712168,0.5589459279281151,1
1.665576113153657,0.05910105741230981,1.4660998611036005,-0.810711927109376,-1.2357835037932947,-1.2992483954839462,0.7116616470864731,-1.2512450448156276,0.6770729631669254,1.2781651943433263,0.749443543343339,1
-1.678388899496475,-1.5328674933411233,-0.9219235956379738,-0.2864303553143941,1.2628888018543396,0.040797921344526464,-1.131257459375053,1.2828520485031538,-0.11313594543466077,1.5562962605673267,1.2798801702968368,2
0.7216862939090912,-0.31409970628377104,0.9735770985780476,-0.46684721106810484,-0.5890631839866752,-0.055678953178973443,0.8424715891494077,-0.16624928927248586,0.6014223213479906,0.9081492244779247,-0.7002804240305361,1
-0.22610056874507886,0.3001327071457301,-0.33511153743695243,0.97305768580262,0.48415676428324855,-1.342119685480143,-1.1029792364136144,-0.5764812474534751,-0.29843527995280084,1.2521721222804272,-1.2667979005521908,1
-1.395985365746072,-0.0006661302276345058,1.0656076321931445,0.7399004213674204,-0.6225267209357613,-0.5873238458951694,0.9637583673384746,0.2086555917991943,-0.9493561702348589,0.4387500163920176,-1.429937918075536,0
0.28042363279118654,0.9003665781993251,-0.5663101227879576,1.119421111309624,0.7752466567941064,-1.4340361260116816,0.19293593593399802,-0.6844065612152772,-0.5130819383537769,-0.8988628232365383,-0.3892437237447614,1
1.4905797242046968,-0.18923229377250067,-0.17882035686581688,0.7926030421865847,-0.6942796062527731,-1.5505028419624138,-0.6191988085015039,0.61937457323276,0.4006148089344977,-0.754576163391051,1.5682741441595995,2
0.5079748185185656,-0.10462141448081366,0.04899495229664388,0.007124493431844426,1.524409817252524,-1.3927823456777486,0.5265759895283094,0.8538926353372324,-1.2835956029994624,1.6243007868771238,-0.7820854033981371,1
0.8733017010567605,0.3030086014077769,-0.4087226898234618,-1.3723415166341584,-1.5820471933484277,1.6591119777611758,-1.4110607876205878,0.8705182774624869,1.5085264476963813,-1.3166395477651485,0.6457325005513606,1
-1.1762029889274213,1.1732666991053657,-1.355589417555722,-0.8523822997985947,0.015839777540580045,-1.1247107325180947,-0.31942629147523655,-1.4890843934450548,0.34818695600285626,0.3440250968823182,-0.6007954175097553,1
0.3694524911645651,1.6333711151939425,-1.1698226776284486,1.4705715036234863,1.4549459726314962,-1.512753589272591,1.0532231486563985,-1.6208251556748794,0.1896414066325707,-1.4041778417544595,-1.2738215486737963,1
-1.287992866931497,1.7163433311077003,-0.8389136438992956,-0.049129934749675204,1.3491600378288175,-0.05062022584808349,1.5658509958932856,0.9954678660767634,0.9168413742295064,-1.6645761259715253,0.6421956287827828,1
1.674562809426496,0.5830994877622401,1.453092325236469,1.2767105889028965,-1.6377304551311176,-1.5359897819256099,-0.4563146017646565,0.9662780740924954,0.06492428850946685,-0.46638382143850676,0.48678569130428195,1
-1.4737703517903622,0.4635947635282308,-0.280376182051381,0.23603991501862695,1.1112607595985782,1.0583936279445578,-0.9626168721730594,1.3351056570862083,1.4193263143420578,-0.7909422202412099,-0.8963861465202372,0
0.5630297038215372,0.9134713136877964,1.0855006578778033,1.1853032940581696,0.18595248800483122,0.9731191751531862,-0.283228913649596,0.09500600215903134,-0.5653562083739603,-1.054803938444005,-0.058513992731904343,1
1.2758755754926923,-0.8967504812151791,-0.7392745170770508,0.30449345775567027,1.6099444173813597,1.1707002148967718,-0.7794044621368408,0.8884112651783244,-0.5581516521815031,-0.4902122472603251,-0.8053150022217549,1
-1.2765113901429446,1.346789562904105,-1.3811474009932427,-1.6921027667037474,-0.18168473257248535,1.2207390452539095,0.9633514393217716,0.3644524331625041,0.7277947656912015,-1.4784165492385695,1.5937422841320754,2
0.06230313229461947,1.3899041363680367,1.3523064148450328,-0.9450675184878846,-1.3448694528570933,0.328177900651955,0.7076130392073827,0.09947273544762258,0.9588429002351149,-0.5047240356605314,1.610531976271222,2
1.4334258017501493,-1.627355635755248,-0.6063980069070021,0.7171229185311887,1.1914422180835313,-0.10985085388513165,0.873014722947168,0.22335474214530443,-1.4733660294560913,1.5468064514464281,-1.0932262841373623,1
-0.5906963619030189,-1.0898653214441167,-0.8999509842751647,-0.3149004436722173,1.303514786591007,1.2891538824365354,-0.16226075503487766,1.309466493323544,0.002421502645034573,1.529298792648566,0.6960410903846252,1
-0.628218802432885,0.6738137656546339,0.2883324695464104,1.6309923484943842,-0.22523651168003972,-0.8228601422294114,0.6416158841174077,0.20642070087794068,-0.07531121523277526,-1.0647613111529772,0.41795375960361414,1
-1.5678599384416372,1.507959171066543,0.20933698792516348,-1.3566043521768523,0.68816027377251,0.11020901853132342,1.147461946092636,1.2102583489173375,-1.0363303280543261,-0.6610461286064283,-0.15219506210616088,0
-0.987160270138589,0.8704428065579415,-0.7836113494675804,1.2511393734849687,1.145956169871486,0.12992160017052626,-0.12016458737548591,0.7940061217656343,-0.2984424210845929,-0.7764304318410037,0.18189318745284117,1
-0.20197624310554066,-1.4797157169447361,0.6910168474829254,0.7706146509560434,0.6295250622080022,1.0662563416370177,1.487952664016535,-1.0341730666941715,0.5377063383437003,-0.18747348256771726,-1.1400481883701636,1
-0.6139418056199742,1.3739577208710605,-0.3601570865682403,-1.1280872927247063,-1.538827082611534,1.0080615074693804,-0.9612437492757422,-0.4274170014069247,1.1090941633433833,1.313561489677481,-1.5012296805819072,1
-0.24580829475136906,-0.5836428130611271,0.20584553276910536,-0.25520439939297707,1.2841824427115842,-1.0228380615248773,-1.733173148508937,-1.3461977289729106,-0.49585160161074454,-0.05416590845699221,-0.5441782748575414,1
-1.3012735461406217,1.6323755894186411,-0.6215749463668311,0.9206818913266396,-0.20166035310685104,0.6275590640120586,0.9686232639467335,-1.0129165607826758,0.6646178164274351,0.9684302929995451,0.49165778810049154,1
-0.5137168038118056,1.6829898217166792,0.5239422562826717,-1.4907048693030942,0.5049019075756398,1.147756590290493,-1.1365875153248117,0.3793578242850289,1.7781069246583499,1.4903005259692528,-1.6314765463236531,1
1.501944814888255,-0.9287802597060479,-0.4720297711703713,1.5885431378682489,-1.0891545058566683,1.7017253309738876,-0.9057722798834879,0.5071476059787285,1.0447862199764617,0.9523080077959747,-0.9420692456891221,1
-0.43220987532063093,0.09897331548746802,1.5659198101238563,1.1468210274456967,-0.15552371551732236,-0.693635215233756,0.8219203296909747,-1.5174058186877322,-1.1805460071193157,0.5383237434817382,0.848546184876911,1
-0.5947225963882866,1.2563746335835555,-1.5891334997290765,-1.4853275138930373,0.49710231928663584,-1.4334673805572984,-0.25432257080498905,-1.2174046669817944,0.8106924723909806,-1.2892784192778861,0.5016054454518174,1
-0.0022974564003865306,-0.5867405615142484,1.0001871331179033,0.5474717484938583,0.6346789114149981,-0.8288098135230721,-0.13422844234231412,-1.4431800813510465,0.26021066877639265,-1.6230841868224868,0.1073075222261796,1
-0.3253881903361727,-1.2069501254707882,-0.6946073298452253,-0.5837814293390242,1.2644337782249515,1.6756055042304716,0.6507477051128674,-0.6048630099916367,-0.06322257746408916,0.6842382173005183,0.19578551671136868,1
-1.0147693468339583,0.40986407864725316,1.5602826179965106,-1.0052798041386783,-1.0497252410480378,-0.5512934657256324,-0.971486152712582,0.5282513451223162,-1.3358673006859705,-1.108140821824238,1.3499295965157245,2
-1.5553695015159972,0.14958211790180595,-0.19669213361307872,-0.583656573170495,-0.9650681383012937,0.6058906708793512,0.86741743741939,1.1068243637231916,-1.5714240922843592,-0.3105466092506119,-0.3250697895789457,0
0.324832904685177,0.9663224289834236,1.2108810911941912,-0.21216316040714234,-0.8086385025018222,-0.557486733201128,0.2478772544331208,0.871040995275144,0.4470673586130468,1.193155207163598,0.1359543196336049,1
-1.594883929605052,-0.25644147219905056,1.3884573413978407,0.49143480925655914,-0.06963258159503131,1.0746446528672806,0.9493029464679227,1.3645109936964346,-1.5552302169648498,0.6132897721028513,0.5596664404607699,1
-1.6323454603866314,0.7029875211950358,0.5010495917610832,1.598542116608737,-1.5791885290397298,-1.4117540517630363,0.05182931839720706,1.5575230337791215,-0.4632452263506822,-1.718068863881116,-1.3066353582807255,0
0.49109419942349525,1.444336645238144,-0.683823531528412,0.9137169465782312,1.198770851681697,-1.4801445939359652,-1.246484900308559,-0.2294715283039013,0.0550835040071082,-1.6260107885404282,0.5097937700991606,1
1.4306715146186453,-1.2648082217046468,-1.2298281075433912,1.564448947630988,0.9815873680914934,1.0532234157043106,-1.0297809814012868,-1.2892196627314665,0.8859001732600357,-0.4391785474806022,1.2688465991742246,2
-1.2141346396070203,-0.9507556854549293,-0.7519130400875123,0.17262842598076053,0.07227486065296751,-0.44438523748231534,-0.8559102069961246,-1.0497549661474035,1.1762320146818561,-1.0019346186518456,-1.3629410904891601,0
1.4721847983761587,1.2608324301606104,0.1735067441083011,-0.03671089707595841,-1.6912719793220674,1.3825077864036786,-0.9816195060504201,1.4944683780378654,0.2718908223598402,1.669134939822391,-1.1723917670551267,1
-0.666536037410276,-0.4475120829256897,1.6548570062092278,-0.7191025219036979,-1.4999704114573538,-1.5489319828481585,-1.4698215520395894,-0.10519799649734392,-1.3674996567301105,1.3307054879068416,-0.4707995384563133,1
-1.1741173882722802,0.42660304986262554,-0.9902849572491997,1.2343532755113675,1.4991595830411113,-1.4256117075909855,-1.3207497412924372,-0.9361088265486579,1.6185171639718432,1.194869606986534,-0.2848986974998029,0
0.023892518324477596,1.545360574542016,0.43439016235291483,1.3815978987420026,0.5731725990707052,0.05846371877947187,-0.5366873056649636,-1.0885211669650374,1.6500638889675165,-0.483839528726583,-0.35084815672138064,1
-0.4642238531882247,1.668476449577297,0.9075044060057641,0.7869818048219541,0.7926323177266686,0.16691415572777019,-0.0391937257349839,1.557685267398779,0.7525121920847523,-0.7704560082156204,-0.6947574882377502,1
1.5591485258374265,-0.7100916063204075,-0.5238068832492953,-0.09652684252064817,-0.6469068582954999,1.6822787313239231,1.389772561226382,1.1221183809913085,0.8753850843940335,0.049962234323962545,1.5021948878280271,2
1.598471070001566,0.6524480442718612,-1.0930743597586385,1.6561325167095005,-1.538562472769921,-0.0006258206828492892,0.06024305713627002,-0.9119749929728953,1.1286586178573672,1.5376803028940311,-0.6080365192471178,1
0.7402155731122728,-1.609996606232936,0.3066452909129512,0.963200232803843,1.2571634402412646,0.6711507878679668,0.045849985325745676,0.8443038379923229,1.0665726578030068,0.976240336637365,0.6554405571707317,1
1.6854293742823945,-0.5783614989594149,0.1361103654583342,-0.6053553042335653,-0.9669521287880171,-0.9430738739067164,1.3315447611877584,1.2918395757592298,0.052193985090810746,-0.8277758406794422,1.0045162611448348,2
1.366307990305176,-0.3213253829321213,-0.4196108803009019,0.5600985642400231,-1.037785126332761,-1.11590360770023,-0.3654388439151173,-0.9762920144841749,-1.5984996490300376,-1.2375000811912316,1.6365149066747857,2
0.7295298564302402,1.4669848112210644,-1.3093051437730923,0.9121297484848955,0.4957164705547245,-0.01595029028103686,0.21275473118451146,1.287104751985866,1.6369257362329546,-0.7991678759573172,-0.5359685640193487,1
0.4828606019798541,-0.7871039188303,1.6640476198856684,1.607762906084076,0.6547883479086486,1.4171183103997664,1.6130534991618561,-0.5304995510938235,0.559180488290795,0.634503305265444,1.4896492777584618,2
1.6789564034882822,0.11236043094796977,1.6891259234307345,-1.3887904533523288,-0.9331959620866143,-0.8243911742957312,-0.658734619027321,1.0513640203068308,-0.9263093199972885,0.7660964795532329,0.15627040860110716,1
1.0597695256584172,1.4968856413854306,-1.651811368566489,1.2156068742220507,-1.400209948256124,0.506575275624692,0.37056100646809886,-1.3969129285817252,-0.16267076912073702,-0.6790213509923639,-0.4875115149859821,1
0.4043747032445889,-0.09336887997514873,0.31134269691821714,1.274067244283044,-0.45915415568168244,-0.8127403930740318,0.4593452292281065,1.6438602076232895,1.1035857727452305,1.3031365533804353,0.4201954107730447,1
-1.296529996112866,1.3417943150023843,-1.3205744253261729,-1.2867239838041948,1.3241124469150505,-0.04137832280760303,-1.650668865300696,-1.594617998998848,0.6891888731132977,0.005751499496126608,1.062921993731601,2
-1.566826918453515,-0.20427957127688826,1.4868101324717604,0.3217129075565769,0.5346379964617105,-1.6630403642482139,-1.3048300716129388,0.8046821764938399,-0.25835562495171505,0.572629057110388,-1.2551530271367326,0
0.5881868174243353,-0.28575386768422295,-0.6680382586672523,1.1393862388175449,-0.5009250887460814,1.1215161929980773,1.4827328855501172,1.0992953846770064,-1.4197867143329168,0.6116446409596298,-0.8896369027390346,1
-1.0409070935042066,-0.3711204986073549,0.19945904024506872,-1.4622497636499605,-0.34646683673059037,-0.9706934466760688,-1.3299767825351574,-0.2909846524094587,1.6811800485491308,-1.4626752417734292,-1.6015149711394518,1
0.15362848220184042,1.0910172856448168,0.7678142295308249,1.1247849842426498,-0.8804696366254108,-0.20928102707412963,0.6140352419040389,0.13979192946640936,1.5726135332001734,-0.3768367357374728,-0.4847491639973279,1
0.6561878114581848,1.2492293349097818,-1.6900116786151396,-0.4852745109676125,-0.10621432123424646,-0.4906574112458054,1.3209844546289253,1.0882949142924618,-1.4423396963599526,-0.11560722736383196,1.050564140246334,2
0.37239610886279606,-0.886105771166631,-0.4128796714985538,-0.22983951157874888,1.185168496398686,-1.5872136640673633,1.6120799811241981,1.2099729059192412,-0.30809620742158894,1.153117910288566,-1.4124385478637318,1
-0.028169937234991903,0.014276615585134059,0.6128779194648803,0.5219202553437936,1.3439821932689542,-0.12861338519116328,0.43523243796450306,-0.856717770422582,1.564618950485027,-0.030250896785530623,-0.9544981584323162,1
1.3684004492697812,-0.24553945487860607,1.6958657005606168,1.5463757509388107,-1.2092848266355503,0.570320689553489,1.0883579838901707,0.5389647424867046,-0.04379987157216331,0.6334989094095824,-0.8633141703009665,1
-0.27264955875304603,0.12466869167283182,-0.09542333552397463,-0.5783677786116337,-1.4052343430553638,-0.3831437016590725,0.4815514484926539,1.500542000140978,1.679547637331704,0.2092975148374441,-0.24128011794705204,1
-0.21941788961393655,-0.3625883154984561,-0.14062440745822236,-0.5522670457789787,-0.48856074181854947,-0.058134928066014446,1.5391156977948925,-1.6593270184285664,-0.11498401650047102,0.6690164249332375,1.1314365008858567,2
-1.1764111813619869,-0.4708459652597862,0.8101300963273355,-1.1590933215724812,1.3558402359490773,-1.3097124724284475,-1.6488290025058134,-1.5517805320413465,-1.6092230916243293,1.7186100943085356,0.44974009660024855,1
-1.4854422259243711,-0.2571262993767987,-1.5945785207513894,-0.8109639519929016,0.67213164048487,0.2197436886531078,1.1029537923804302,1.5294497587619018,0.0038458784520736004,-0.3147893158831304,1.677818252180792,2
0.20657074319485122,1.0854138821277888,-0.6932360827224822,-0.14436009733417848,0.838991060223409,1.7510229203738943,-0.8517606517999747,-0.45645121878992545,-0.268984794926094,1.1548323101115021,0.9373202840368448,2
-1.0459122115522101,-0.23144095550573449,-1.0301658417658688,-1.347103405832872,0.8742502767742428,-0.9900563973787164,0.8159676114439202,1.2876140547857458,1.579929005339986,1.2454703775180407,1.2772513756686332,2
-1.394875670294461,-1.6290123039371835,-1.2438215957549204,-1.2319201013026406,0.9436020561702675,-0.11391839077593416,0.8671697046852526,-0.7369742760809701,1.122013471284076,1.1840810101209869,-0.17765765221027555,0
1.5974695365913065,1.6927970466045734,0.40239148779958456,-0.7069109133030085,-0.27968502182527477,-0.9359864880460825,-1.1740071480743364,0.7108028355558065,-1.3342988144864272,1.459579866515833,1.4585174901420943,2
-0.029205877845622556,0.1363368970500523,-1.5932147887078039,0.8385800697380212,-1.0871924353003681,-0.7999095757005853,-1.6126959195443815,-1.281113623894565,-0.7368652087114081,1.6718710526711171,-0.6811417693050369,1
-1.093497603558127,-1.491522901587607,0.7038834771274906,-1.468636756909396,0.3892711994909896,1.107284242857357,1.152898361514748,-1.200046707355976,-0.05887466158762388,1.3983117193082797,0.3178686936365231,1
0.587115611416398,0.3322289644611392,0.15632353565079904,0.6676947712525364,-0.9444470331784636,-1.134815038357027,1.602897194418205,1.5015718491102008,0.8750110007996885,0.8697224244062569,-0.3341901709865646,1
0.26674540822666104,-0.13530320377605218,0.5026020788293031,1.5118257015031769,1.227374159400275,0.4662508261914971,-1.1409529208737932,-0.6978272615314915,-0.6078716824790252,-1.7123022462948765,-1.7242382119394015,1
-0.7484061799969319,-0.4200933233423671,-1.0521179860459375,1.2432565817802357,-0.4451679955577632,-0.6888549104627437,0.8581215146939172,-1.5221675106580534,-1.686553444793079,-1.020654479344713,0.7111145817212629,1
-1.2660492315686678,-0.821310107512041,0.23956434323494477,-0.9532969019872619,-1.3283664919216274,1.5980239314385014,-0.3731353733083716,1.4900653566030868,-0.8893398160207583,0.9628887986223781,-1.5825936653152126,1
-0.012211028051129686,1.144386906550114,1.4388222408570006,-0.776506111801012,-1.2877934020231845,1.4601410832510573,-1.668846852058294,1.4229942525701762,-0.8591740915135343,1.1707641064458574,-0.573961573609941,1
-0.5411817063346739,-1.6666188440830236,0.8066856439191775,-0.5032142454196652,-1.2927852444141004,1.2625931746503627,-0.3620794973260323,-0.5602200032935966,-0.4879468922985176,0.9007201585785352,-0.06650979628531818,1
1.2200132551870169,-0.74836684743181,-0.25292369598177067,-1.4333234709652645,1.6330326027371678,0.8822113844948651,-1.4022621055055353,1.2903691531481294,1.3267694953981055,-0.6967714501692271,-1.006567986773416,1
1.549804548687065,-0.38346184485580354,0.7477968340913935,1.7016944386973252,-1.739517232224237,-1.626671428871708,-0.5875333390464559,1.2880217717909717,1.7025140732601363,1.5021108358605901,-0.6481065094790335,1
1.4589143695786155,-0.11881272839149994,1.6432858306082314,0.9843116694925145,0.38349251739116047,-1.0390378502160593,1.3958921555140889,0.6423338036270876,0.5187538858548573,0.5313795583403507,-0.4877308674246254,1
1.1219070217845692,-0.6304020684422332,-0.229681018400883,1.1851012883879133,0.7371852636470532,1.475693725545162,1.722231376925598,1.4213767582956691,0.01996430497440363,-0.20918921365824067,-0.7294848331175143,1
1.4549166685159285,-1.7497874604240096,-0.7247230368960359,-0.4721293065168327,0.6477307367342472,0.23689363419529,-1.6951966119254165,1.3835686424908,0.6195550921683715,0.5090750434722533,-1.6523991521314705,1
0.588761009687482,0.6820292217592628,0.32244637404682375,1.6026081134520274,1.7359872193297246,-0.43447922819981855,0.4587016038476934,-1.0424991308263207,0.6229649562787355,-1.3758469517511929,0.74523825799504,1
1.4951028049353263,-0.7357834971102777,-1.282393620591549,-1.4446708292727766,-0.800247929889821,0.6935723649838216,0.9774857700964736,0.21019351073515655,0.8119952147236249,-0.5012086501650159,0.15898160306730452,1
-1.642447915126344,-1.562411326791305,-0.44092142295029296,-1.1950266173713722,-0.002083406845134495,-1.2228115588653554,1.3222042658397346,-0.5319760864595927,-0.9176247176944154,-0.24513965843011196,0.00700949838575253,1
0.7218851967814172,-0.6643894238167741,1.6742980507195298,-0.5616004518076356,-0.5829278854328803,-1.2961733253435122,-1.4807609538147406,1.395479062373793,-0.22316200842237097,1.1752665706273056,-1.290932504890926,1
-0.5399841112902586,-0.7947860645317021,1.4861601977366896,0.5709242724966024,-0.45683658672312494,-1.0753543051365655,0.14454701188783345,0.7163123720184735,0.9802486287914814,0.5938599074429093,1.231006699631228,2
-1.4105543512206475,0.7467303987656468,-1.1119642041752003,-0.7242946618580712,-0.05867654115309016,1.6632040048681924,1.1704946154630693,-0.7360830933291197,1.5665578297697031,1.137359285653497,-0.1435486080422663,0
-0.2412999050281042,1.2557514432728536,0.5309222600590656,1.459236259716055,-1.0207124228796753,1.1285776317734297,1.7279957712235396,-1.6406918759774496,0.8319018567422857,-0.8190306698654753,-0.5015648392937592,1
-0.6293097540015177,0.9151436725876634,1.469799990053571,-0.36576503223068596,1.3744843667025501,-0.0756803811559076,0.779501779969,0.9078449074473158,-0.01077051470722677,-1.5524994021933214,1.5137718154966147,2
0.1266119349654553,-0.799281885216215,-0.5642912795651454,1.3853055974926627,1.2056841656177117,0.9740418680193044,1.2265228772924317,-0.83211329600372,0.6664906201935984,-0.11287111451510573,-0.5115446021099839,1
0.3909383297773387,0.10833984223189322,1.6340405400973714,-1.3354230118044865,-0.7109979612763113,-1.1350950971899179,1.369857971403965,-0.05662178852246742,-1.653300994173222,1.4861790395262349,-0.3775974995122868,1
0.9948087968264655,-0.5308812719379098,1.2299119720436582,0.3639937370249993,-1.2105547720206022,-0.5021493674840363,0.670119832871225,0.9056723407978046,-0.35661073850240216,-0.1559562332975796,-0.17530878735745345,1
0.5532739809473574,-1.768445859403163,-0.6709617245410149,-0.4889576982050759,-0.40375601482030576,-1.6280991250387125,1.1015880497195916,1.3083050200729696,0.05373787142854779,-0.5358603071922388,0.743390818512956,1
0.42327315611891675,1.5685430931383262,-1.056859095673507,-0.9843758569948823,1.209178657418393,0.9154451488530667,-0.627662120219577,-0.3708617032235577,-1.4983924089869471,1.332350619050063,0.9792359091710059,2
0.6460505155802388,-1.7566132734706688,-0.13666657182067865,0.1606126713362755,-1.2032440073475965,0.13885302226601806,1.4040146344431128,0.43140022465102335,1.4213479767721988,-1.4550556870048246,-0.5664415682992714,1
-1.1894214448822007,1.3044127215971695,0.32596633190447527,-0.11222261059924377,1.5739870489002656,-0.2876973056227909,-1.7064074200752688,-1.45171720548517,1.5039389447815183,-0.33434040073257293,0.9350717356725193,2
-1.2472029604876265,0.5802765509636317,-1.36376020624857,-1.400492352977762,1.331072480186994,-1.3174773779757762,1.2352273422010158,0.028384548652444892,1.3472338911469144,0.6136707498412816,-0.27759405500542583,1
-1.3250055277361836,-0.9721859681504453,-0.6888084546344053,0.04110200581549121,0.7917942722198281,-1.3184305761702728,1.070616638651124,-0.23431013289951638,0.40126440426848653,-0.12263799835486267,1.6549694511174056,2
-0.15179658428790696,-1.765459231906644,0.278570906372247,-0.4596357868771584,-0.7995082160545945,-0.5016484822454578,-0.07697024774940242,0.6465239782255835,1.1166498563310447,-1.618114159052965,-1.0897070462901446,1
1.5999408811845524,-0.07166540739958326,0.05186209784142809,0.6150514155876977,1.4869184378726408,1.4409996863857615,0.7523591691945823,0.32847827959338155,0.005498026085986781,-1.2521850412907243,-1.512282295781111,1
1.6031171934706072,1.5813832530648744,0.04832564835908206,1.680718858934003,-0.059789559447818004,-1.1848203218494735,1.2457342796413968,-0.935535192727303,0.3703819331285056,1.2892308659277318,0.09937488594807267,1
1.6633573322564417,0.2293628683646255,0.6426223011827565,0.5976266778572115,0.8290183990958107,-0.7064996615982796,0.43565470934530587,-0.06755955550039149,-0.5900544745735528,-0.243910139365178,-0.851632015033955,1
1.1625913357311353,-0.2455635068774617,0.037994534927833536,-0.7352864885024304,0.15085599834842703,-1.281768387439253,1.0599224498326483,-0.8145965383564276,-0.8191978251776606,-0.5255565910846938,-0.0639166150576759,1
0.8617118462818768,0.512383547661971,-1.3326707260698911,1.555090043811525,-0.5286937412453121,0.5456890729100972,0.23798320960450645,-0.9213838296924136,-1.5094293499166205,-0.9960467808761057,-1.095638494280137,1
0.3642233942276359,-0.47312722409975266,1.0943922090869755,-0.3769236633200173,-0.38220710151235215,0.5724050302892225,-1.49338468886149,0.5354837134559745,-0.7648611271915865,0.9569490093368521,0.20870835028632154,1
0.2559332277409698,-0.28490611833476437,1.0359401807196507,-1.5285945455184322,-1.3893701332510555,1.6304402270147282,0.05004985591864302,-0.20168481477565345,-0.8880991396729251,1.478074603999628,-1.6284052875677069,1
-0.4514391859550495,-0.09906011882717115,-1.4547050599051041,-0.7840393067505401,0.6182995665072636,-0.44430921867634315,-0.8595761246412239,-1.2621609242768705,-0.684747669452298,-0.8830349299217549,-1.1329869372725467,1
-1.6402805010018033,-0.4700785579707902,-1.389636411324879,0.16796938851460516,-0.2173766463498408,-1.386328733306946,1.6152700239335975,-0.5691355274201466,-0.3563168247377419,-0.3223049676321632,0.34770530952050926,1
0.17344266496518354,1.1188803557946374,-1.6607032137275344,1.3662747683917456,0.07131207811700371,0.1444253680087054,-1.1300227576979653,-0.28666089905062825,-1.611926422513755,-0.2786830165819013,-0.8749562443488614,1
0.7374732098022725,0.940510989129048,-0.7306420723231503,-1.351039939971918,-0.4657880764767419,-0.17259985827399513,0.7578296601908387,-0.12119741836382074,-0.1190855377162904,-1.250280152598573,0.585158811367941,1
-0.7572233562998861,0.6775325561359293,1.5761310777201172,-0.88072777783774,-0.04811953181438213,0.5207466308129314,-0.7842419218629006,-0.7315164377968694,-0.4307532275527877,-1.4808755873684372,1.5900524698590977,2
-1.5602248304056188,-1.414443227594247,1.5173030348293557,1.3005891142126618,-0.6921606924531516,0.40282955503501316,0.27307503041141673,0.6084612952729694,-1.413998299335421,0.8445086249901468,0.9359185094556398,2
0.40075619158123216,0.9951463652597329,1.2252055445591952,0.1335390925144114,1.2653020526224101,-0.11004583180383258,-1.453068551989284,-0.23301272973653392,-0.03479348555348184,-0.8145974743637417,0.5276986506925797,1
-0.7997723303074715,-0.8128305966800362,1.3391988262212098,1.6817659989304545,1.6718403759573048,0.4762862201418617,-1.5374854019661375,1.6493187508747371,-0.07422890115774615,0.5065294194927422,-1.0027761107703184,0
-1.3978816251139554,-0.958252204994284,-0.7354395481038213,-0.4995148945963462,1.2882067023545387,-0.4180428907826441,-1.118642413436737,-0.9197075891133629,0.48543278162411974,-0.44937836056857533,0.6180426645021726,1
0.19697371293426405,1.3825205761524497,0.2423249648253451,-1.5410001045363426,-1.463512048078237,-1.2140502754180755,1.7052174781634613,-1.2004078306620554,-0.5723911633046177,-1.0918280477514524,-1.2454336718230932,1
0.5418472869939875,-0.711379062178846,-1.1761651807450482,0.1540172490300768,-0.20273612882017855,1.524218949545598,-0.624362723943779,-1.2197014234301855,0.8659803466622745,0.9115607069538681,1.1350101728192994,2
0.0868797466497357,-0.23961759426675605,0.08258829401637488,0.5388412446827513,0.5560286231515872,0.4002656211946457,0.2840433614335911,-1.249756265542593,0.5704136850313687,-1.530593182233583,-1.670571075636126,1
0.3309483412585419,-1.4047035563029704,1.367414961464948,-0.12975014909521815,1.198237242169919,0.41371844278800585,-1.3424621134395514,1.0920686062185774,-1.0235364430195628,1.3895319141544555,-0.1999187361761106,1
1.5788692035514744,0.01688013506135971,1.019561513014066,-1.6618826600232341,-1.1951822380097916,-0.5032630223446014,0.9968479944276004,1.3275943572455315,-0.30248691358157315,0.7183703592298817,1.1266683506807196,2
-0.2708507430470447,-0.1685840358667275,-0.9020034662081886,-1.3533031519985352,-0.4573173383475606,-1.5819936113580266,0.8078376349269563,-1.0605856154003215,0.16437573259075614,1.2092428580273111,1.3694515935637417,2
1.2176139337208574,0.917864610874398,1.3662586822929266,-1.5558266261448153,-1.6455638233000944,0.7905604297484897,-0.29915169165155414,-0.27482002024168867,-1.6953310276843465,0.8912649837974939,1.6031270696455968,2
-0.9188201986327198,0.6169544377432035,0.9416555878182566,-0.29548907812059344,-1.417426881312034,-1.2965160846388368,1.530311867990119,-1.0839660993765337,0.6158760720775747,-0.7750277410767832,-0.7865022678788898,1
1.6403364552517188,0.21539224372682017,-1.1227871002840977,0.06489924276929628,0.12665228305805543,0.6021783854681549,-0.5222280303819471,0.862319067046072,0.536512660344513,-1.132679251613131,-1.7288135618119493,1
-1.2744562829780355,-0.44942487042624846,0.12277772981611411,-0.2918950238676394,-0.09765686989165202,-1.6439904211996355,1.2436908143201015,-0.19199719768723802,0.6375820698045189,-0.6307064468914386,0.05677490968768817,1
-0.6900411667075053,0.05682792105095567,1.0454969245381347,-0.13966641082865414,-1.55307894563973,-0.8017704980092214,-0.8229563973509711,0.8003523581805663,1.3965088321136911,-1.3323289037205028,0.6732511528307036,1
-1.6179854535863458,0.8521927320681147,0.8774657349280135,-0.10700042007786816,-0.10102671825089934,0.030547075661993415,0.44068547753021126,-1.6631150365979348,-1.5720089653572051,0.3814128667582672,-1.5252619264994465,0
1.2321541420808764,0.04135675546808179,1.6150740272049242,-0.10704617869755008,0.18401419600865362,-0.3517812762701942,0.9099835740334611,0.6903458523698051,1.1945412851828452,0.8288885377145071,1.090621850958189,2
-0.9885718486872385,0.3864939620167291,-1.716575907226306,0.34931543747584015,-0.8874339228476839,0.2810405030364843,1.5096405043596755,-1.3328074882324266,-0.3585857332670893,-1.6354313289816123,-0.21878928339298329,0
1.247724301805326,-0.369246993137467,-0.8358214243749925,-0.6611324060231708,1.0752789528485707,-1.016363038625643,-0.5214384460690263,-0.47304164298180335,1.6372233790158741,-0.39127925545796444,-0.5257782622346775,1
-1.662478614017741,-1.0602307880365258,1.5128913736439809,0.6231176148344049,0.15804512608666194,0.09064543330204937,-0.6041661378966153,-0.23452436525455037,-1.2793345080656842,-1.6255605421222834,-1.6818823042295266,0
-0.7425270697472455,-0.10968344052522194,-0.09011413939248751,0.1816861809183369,-0.590729015596521,-1.610909431411968,-1.180925762704287,-1.1806140241864627,-0.6451511697981885,-0.9343283872504075,1.227388482150597,2
0.38947372575237227,-0.26621616946054394,-0.031774222004131374,0.19412648501272128,0.9990100174206322,1.5772466740659965,0.07895515779434713,1.2325339948282301,0.9842991820471759,-0.31065051227018375,0.7171620010171114,1
-1.3480294310334284,0.11485862854147412,-1.626345934826756,-1.4603533642000353,-0.6760413072380028,-0.4709913787027263,1.5556268733223524,0.09465656016188621,0.07621429245353632,-1.2342098189047885,0.3101884960877506,1
0.9082725861814734,-1.7296760749508115,1.4934674911204713,-0.1995671195909053,-1.3626314416131646,0.799447744795351,-0.8361823451435744,-1.1584850381348804,0.20668524547455666,-0.4016695574151527,-1.2519062284878497,1
0.6108325294389426,-0.17381380094750795,-0.6372484706667353,0.6347422858894946,1.4855234464301719,1.4711664236347144,0.06348018796953339,-1.3186034299200338,-0.2056242875207251,-0.7190413306974673,-1.2545738058754023,1
-0.09299024833068514,-1.1031780848783832,0.3053605401913431,1.2940778231027645,-1.1459295575133965,-0.8221662307672616,0.5041434691080664,0.48053539470122447,-1.441216394209278,0.11322185607331024,0.20970798629272758,1
-1.4019617279278846,1.3713119246938876,0.2628043219120392,-0.16914566966909092,0.7744002332482883,-0.44209661418711077,-0.5132078407288846,0.5323970827059163,-0.12122850647057454,0.7687286893823873,0.26589989035201916,1
1.623671242398056,0.8812070078069469,1.3004096030737347,-0.4659955714150219,1.0083052586865262,-1.5695308661090845,0.11022250731560056,1.605325373649965,-1.2504972036529305,-0.7767767752395766,-1.5315489709606322,1
-0.6597627619618457,-0.5190070494527511,0.004602207720518598,0.21768884233401886,-1.589280129381711,0.30295570747970574,-1.7390339185084256,-0.8488864757586032,-0.6102416037713779,-0.8346161228012577,0.382860294445669,1
-1.2570750405557438,0.8556343906246261,1.4041244076732762,0.8160066327953409,-1.6209728813113973,1.714771305252133,-1.2410866588005405,-1.4621567436685707,0.7270830227614853,1.3447843470588317,-1.0661751681269196,0
-0.3851717378821571,0.9217355009281115,0.8181113107693179,0.565053192860079,0.2611235490379241,-1.3631800713224074,0.2773535748824702,-0.4292889247587429,0.4123656721939661,1.2090177348182387,-1.1502000634247769,1
1.3828419393417617,-1.024006979502356,0.3047132192810364,-0.20347850009802324,-0.5335919765915083,1.1214961241244221,1.3943102183016118,1.059672567719848,-0.5180934498991967,-1.6250756613642814,-0.8843613689082584,1
0.3060470198304007,-0.20158823946902957,-1.4729120663631246,-0.8783424824783521,-0.875190347000847,0.02721898557788047,-0.8898876856018018,0.7854680249485158,-1.0222178607500512,-1.678862791162659,-0.16236786609831866,1
-1.5691900026881747,-1.653269975591628,-1.1182024913144246,-0.38115586555240594,-1.5618740335690622,-1.3654593083844322,-1.4899554480157806,-0.21881433747023254,0.7643055142181525,-1.4448385567469226,-1.2819327964700962,0
-1.5316203957427812,0.43810125408861955,0.7275024322924404,-1.3699463798061067,-1.5332703105030727,-0.6771251304423873,1.4697548474819284,1.259727537654685,0.6757891637524249,1.3839904197772885,1.7296653213716005,2
1.5701090982420343,0.07111210074730917,-1.2803489729616768,1.6291634915281816,-1.378049984392468,-0.23087264393489582,0.027357300419881634,1.3732505478286061,0.3703088104544069,0.9900074867306393,0.3242123327930635,1
-1.3197416660364898,1.4657649025423871,-0.8461501535520178,-1.4946968097553406,-1.4376177067542133,-1.0078217372384197,-1.379601440860101,0.4033297282368092,-1.6869008786077926,1.6017018801202394,0.47435298440579887,1
1.6253743306251112,0.4786309539045255,-0.25293612413546473,-1.6795501151120753,1.043777266364256,-1.1637637851292015,-0.11791579908864859,0.463534266333947,1.4379385023055118,1.7132071372907978,0.9280526914983157,2
0.18403539845409936,-0.7846710247728758,-0.9351931682763136,0.3962250069531929,-1.1715078118703748,-0.3847395166991538,-1.5877774237131057,-0.7915910700135486,1.2617557981414989,-0.7642564613811648,1.5069840786661723,2
0.2481917865756884,1.1944216682232562,0.9413649865728618,-1.1277328538279356,-0.523097548756824,0.7181060673455313,-0.029079034852733422,-0.7075190141990831,1.6599557092624493,0.5229460965850996,-1.2783093991123273,1
0.3237937291486038,-0.9556753500041395,-1.1711665101749422,0.2951651406995997,0.8349570259924249,-0.2611014479829054,0.6776421127664239,-0.9317799135166229,-0.5775482242090383,0.7811104658813699,-0.5743868645601121,1
-0.4694283686582691,-1.526605724442207,-0.958914658016023,-0.3788254579148942,0.7585781193764283,0.06073526306742853,-0.29457875098395025,-1.209312289552355,-0.8800996723148179,0.28814258952257416,0.9301302480693746,2
0.779493906947248,1.3319594957595944,-1.089342418929862,-0.9298303302392487,-0.30115045602639584,-1.063937817034012,0.8469380252389163,0.42879341359086126,-1.2380928210229216,0.9352505954162573,-1.7148278935409342,1
0.9736760810017383,-1.018881097324646,-0.14524632989721947,0.025664466919466937,-0.459218368623291,-0.17436342329338322,-1.3587620998731627,1.3094355882428397,-1.603769251034252,-0.5410035066610469,0.940017980804329,2
0.8222473126957546,-1.4381116291290128,1.6518912095384797,-1.029108971000363,0.43692617339628603,1.5622223876320551,-1.1485243195571788,0.8377429390203323,0.622655053133842,0.5727502772998885,-1.4402282466385945,1
-0.3471509713897276,-1.719767189259948,-1.395689509337592,1.3889475729461853,1.0654057474006742,-0.10835913539878449,-1.5747597509568156,1.3918714762294442,0.15905298315567923,-0.9229163722674291,-1.287332333208678,1
-0.6951725940366172,-0.209683324470046,1.225663706531224,1.0068968403098637,0.28951066607736375,-1.3468126572152275,0.7618257458477181,1.4283175160266641,0.8895224960217729,0.9763096053170796,-0.41925561424495716,0
-0.16817961154436972,-0.250189689899931,-0.7045110006048418,0.5351179810001698,-1.1927937666324264,1.282979678611803,-1.4492586153826095,-1.5016157803764902,-0.8043654132232642,0.8444047219705749,1.6120699739420774,2
-0.36122562280430826,-0.6684674298111842,0.5874874443153089,-0.9599989577862416,1.076562380955116,-1.3963903025147215,0.912104649855295,0.9073573245194435,-1.1809046560050207,0.663838591124572,-0.4000028102458564,1
-0.08370238928456677,-0.24281930321921374,1.035580589210276,0.7187120966083119,1.1286773873799714,-0.4297923534898947,-1.4284951776205088,0.3797278255372082,1.5274186540178505,0.2930953001221672,1.3176778419735202,2
-0.9417222978556088,1.283454868781506,0.3793271633315473,0.8720218860499692,-0.039062623241868336,1.6183575889742963,-1.1299895856488458,-0.6163716345951157,1.7235937305246078,0.3498090316384863,1.4422800832050666,2
-1.531057941468765,-0.016976268146232057,0.9063752847657656,0.42539780049657006,-0.12856444822880944,-0.5422601830604433,1.5849280582142677,0.13681231791787174,-0.8943208852813544,-0.2695568680295043,1.3008790396731014,2
-0.8088595271336133,-0.6512911400765569,-0.43967004207189275,0.6734040418859893,-1.2817698799230484,-1.1340323701302029,0.7289290993468165,0.19245225434494373,1.0091791614870587,0.03801338707319608,-1.5858482966084995,0
-1.062309325257048,-0.969327922740136,-0.6393589246880449,1.7077615658009715,-1.1713685185536806,0.9784717237214511,-1.5737662365316554,-0.10160640365488526,-1.0173298088557554,-0.9066209153645722,0.7413206792187955,1
0.2846545397633086,1.2000577812252164,-1.4723328116526346,-0.7331929634227055,0.6652378577024406,-1.3050637753543992,1.1527976293869122,-0.30356361603963095,0.40950209706988294,0.2897011348161524,0.01684200469478507,1
1.690716632333699,1.3582219037483267,0.42224031390648037,-1.2826838868938895,0.1673476664913421,0.8926678658773384,0.1996266335509357,1.4857251855864124,-0.13515894327653954,-1.4213911086635347,1.2040419800620963,2
0.9852670566428626,-0.6627593674546158,1.6224276725145454,-1.560613116106936,-1.173893613271115,-0.23827339365981964,0.6374113936066533,-1.6019930441606967,0.4202046635212169,0.716482787707659,-1.3349262031876665,1
0.017720965104952247,-1.0604442390744182,1.2101108726434102,0.5236560700928723,-0.952638889102243,1.1032364654846483,1.0965471449742235,-0.873925114290616,-1.5487694519201767,-1.0239101072912986,-0.31814592739238373,1
-0.5205257951213141,-1.2720645841890463,1.6358365632599152,1.2499370055964012,1.4802785843184967,-1.3173582099658057,-0.6998322668136903,1.4334487756082748,-0.30958144554075245,0.5019230522917221,0.9410894823702918,2
0.4882514101799931,1.0385381034366337,1.6472288907850887,-0.3108371266178793,1.7371682292093964,-1.3909705816514701,0.24117665734285612,0.5940272332823949,-0.8739870980879302,-0.285419395684145,-0.48677609808986627,1
1.1974912282198424,-0.4529445011388822,0.1486956683300478,0.5555644130724815,-0.011268596797838377,-1.443367640455308,0.21291197640088777,1.2361763702514208,1.3525316807135908,-0.6571497653724827,1.6822911703319956,2
-1.394373559433339,1.4588941253288583,0.094330102315027,-1.145993388206807,-0.30203894178351703,-0.24070823313316522,1.6527029124549164,0.29355090452639704,-0.12009648746150087,-0.5342671275588032,0.696783509190133,1
0.15226348651282282,-0.5651468036632159,-0.2291924663326914,-0.34297758379116955,-0.3063471869597761,0.5376884755790753,1.408705956131322,0.3112136928926285,0.7862742510464543,-0.14265664679237866,-0.9357008694778156,1
-1.4994867269054668,-0.8549995254809609,-1.542242558296278,0.9487924603677491,-0.8461624288393493,1.5205570207679868,-1.4056086318698597,0.7703224136234671,-0.9259337529214021,-0.20955287422674224,-0.20684947461466757,0
1.454959084051762,-0.8028745331912018,-1.411703932301024,-0.19174381501705443,-1.2511375717741873,-1.1766442102446388,-1.7068765221237634,0.31179413033665154,0.6991734193069741,1.2245685534141637,0.8116521539363956,1
-0.027943036281015562,1.2334468230145827,-1.693816340137887,-0.37526539532821085,0.5430352523420484,1.52608666521867,-0.6189678629389231,-0.12321769246492151,1.7550221543149735,-1.0246720627681591,0.22548032473250984,1
0.4793028585356628,0.779127229160356,-1.5431990773703985,-1.6843830644671896,1.4441928663162598,0.5993274074085712,0.9718642374495794,1.314378501182613,0.9747086526490937,-1.529900495436437,1.6160442765615566,2
-1.7298312373891331,1.41535206710494,1.0655476855237367,0.0704125980860043,-0.6916310475923163,-0.23602484326010056,0.39046363943728896,0.40393863776447464,-0.38118291230391954,-0.9433506327832326,0.33705741236322306,1
1.4466512523042252,-0.15486833473058526,-0.33586482878561963,-0.9159957922808158,0.3801369801431452,1.5515162335217978,1.2522485475769756,1.5206618679418056,-0.8801681184361271,1.4600474301039064,-0.9602550927314467,1
0.2677408223671995,-0.3352279361205067,0.0084238840652139,-0.6213814651991514,-0.6072651921027402,0.546811486731607,0.8938577108570946,-0.6739354033550029,1.4305072649047843,0.17036851683784554,1.5539376334555723,2
-0.7771871955667414,1.390407875321084,-0.49082212740818904,1.7025341273544408,-1.361705175583961,0.3730305083538846,1.223725259385702,-1.5690739874644433,-1.4963446677709509,-1.5439274030786412,0.19982540551104436,1
1.555236879290452,0.755907701352768,-1.4701056304175673,1.3565211591296096,-0.6623009697006227,-0.8929955603301875,-1.1594719540748082,0.5207782785838839,-0.38933717825816777,0.7808680255023689,0.6696221741902241,1
-1.4365290454707416,-0.8855376848308871,1.170925068874887,-1.2149728852084665,-0.24844625947430096,0.3883484365962821,0.6147082938633555,1.4681550385266953,-0.31523239062459685,1.7056568512019077,-0.8464395512139562,0
1.1465581639250022,0.8391198251701134,1.3784587259561372,0.0026579997553673315,1.7035998558255037,-1.3257984068073818,1.0729482751494255,-1.6430402415893834,0.9759310099960019,0.13685979302591347,-0.30955703488770264,1
0.09861254723568857,-0.3677079027496225,0.9162834561216668,0.6399659803716579,-1.688033108359475,-1.180706893620906,1.0696676595295989,-0.4244515744891752,1.3403774327146007,0.8747790380254219,0.6447030139322326,1
0.7812442498797453,-0.7702081583228702,-1.2967447998653059,0.8404409458122494,1.0196285964953393,-1.0118683630084875,0.38718711239790027,0.5689192417822501,1.1934673530081659,-0.46002842007469325,-0.0539920926293061,1
1.5067312102329091,1.3260306667332238,0.20797756089244254,-0.14532948786821254,-0.6246867686440621,-1.3971385462902095,0.030162281688332612,-0.3588688339705077,0.3085776603930559,-0.48588295477816335,-0.6348378632574264,1
-0.4152947884596744,1.550388049924062,-0.2626068503877064,1.1799317499813975,1.1802165170755423,-0.8177181515838579,-1.6877124335482372,0.6838352244473617,1.5055125586903,-0.32415790481452844,-1.6085256241919315,1
0.18490033432152495,-0.27197888266513853,-0.5967740936762492,1.4508874599030581,-0.8800857308420896,-0.2433375190521945,0.8348843656319417,-0.7045792558301986,-1.105105521181407,-1.342372862279118,-1.7285560060341763,1
-1.0304745937684912,-0.5076377589473684,-1.4297990758645565,0.979050698230963,-1.0022953767487497,-0.804331046210359,1.589572000547028,-0.09158608599631862,1.0673396075143604,1.2489857630135561,0.01790817280234775,1
0.4825509113474608,-1.092027649069047,-0.6363720444963564,1.0538626828846198,-0.8947737688157038,1.08203003422111,-0.45460449405896985,1.5329882976532265,1.0416813273799277,-0.973898120537366,1.4702196109732741,2
1.5055824968220473,-0.4486768384115198,0.6687811117565026,0.26437196565325466,-0.06522771555041845,-0.2672196184088875,-0.01461477102134394,-0.7323601678210699,0.47643079976854724,0.9141582824431652,0.9833524280398699,2
1.6395302069512454,-1.4606582000486017,-0.11578408840066493,0.44782125902112424,-0.806410838756473,-0.2152452005879197,-0.29651415983157653,-1.571487645776479,-0.36916641116575444,-1.3563997699213222,-0.9362203964946685,1
-0.03889239486048133,0.3890517149792929,0.05910059737618361,-0.04199880927374587,-0.5754904351323541,1.2854345639901634,1.2534210956389849,1.7010540795005533,-0.4089648285912017,0.51910168486094,0.7698530446234768,1
0.9119293493644649,0.5419030833155339,-0.8079137361743652,0.3279332498905375,-0.2118596484268195,1.6813880893642417,0.12267731649591367,0.9537442722180397,1.1749109720728697,0.9542994823377692,-1.716672097345049,1
0.7239576954998183,0.21069461530137135,-0.17389157886494336,0.7026713028992815,0.8510595690809049,-0.5233851680463031,1.1533020254167454,-1.3374334475092537,1.7204288450725036,1.5541316143262458,0.5924205697851549,1
-0.4283463309049631,0.7912783993212151,-0.37018484839621985,-0.28895479671941,-0.8858338105744884,-1.4369450602804372,-1.381701848124741,0.687060312503737,1.0271179262021262,-1.402965639859454,-0.6274984276260509,1
-1.253464940685676,0.4153776449355865,-0.17679823896284483,1.180646168812425,0.20665752714031332,0.8589663008911067,-1.7263581625882878,0.23574200022214706,-0.8006735530150257,1.0622720368428835,1.6335404320382911,2
-1.440511488979894,-1.6876132071993726,1.4098481328918067,-1.3514257139080872,-0.6053196758739082,0.7610707299457788,0.7792729785525723,-1.5255176934506611,0.346732444923487,1.4006149029087898,1.1786880521919205,2
-0.801942246328174,1.1376469199261587,0.6942280362171935,0.39431921775699924,1.3943940799955954,0.3898744857133199,0.33340179841532747,0.20797258676452948,-1.1198650945100874,-1.091654876052166,-1.3957112166982628,1
0.7616668645331488,1.2165184814046994,-0.5535368818155552,0.24460942751767267,-0.7694271375392897,1.6037555918181623,-0.39628343091884327,-1.2802219237654593,0.34618049758036734,-1.4418080520094094,0.4453104813841977,1
0.4016010458063743,-1.0608910789614452,-0.7349138289236634,-0.036547241486355804,-0.469008562291019,0.47531851520747725,-0.16416554334391753,-1.1362758562015443,0.8185776523170101,1.3987619657264245,0.9813376931862768,2
-1.3633741524774468,-1.4240492222384704,-1.5641988913520894,0.01884449850971893,-1.412430752403505,-0.6640642467920571,-0.0013607706310769098,0.1489716841235943,-1.3609681425818048,0.20223210950655612,-0.994994120258636,0
1.3458314783229586,1.2012894307629634,0.5768631407393968,0.8274056647230633,1.3424974794366449,-0.9973393674210628,-1.3427618043617446,-0.06885184455513176,-0.29361817444151195,0.3989205255561294,0.6318512082008575,1
1.7072183666928962,0.7040917384962853,0.2695926640501746,0.767471673864777,-1.4329118243890948,0.2340808682120922,0.08216719848122771,-0.6804185454603162,0.7348913043603483,-0.6187922339805295,-1.6114981616102242,1
-1.1551457203219986,0.4691037684691294,-0.2946127949360759,1.5648789552312439,-0.48456601539937716,-0.6095206734615938,-0.04458817483895557,1.4365342835688761,0.5509231152466596,0.9726037309523491,-1.0447947714794252,0
0.48256375893306097,0.49854082905281283,-0.03800040475029071,0.5063560009429927,-1.5960841189484438,0.7519950071439333,1.1141740582172266,-1.6549645833394815,-0.8726075870870204,1.2447084220411802,0.9626343575693151,2
-0.5457436909769285,1.2479035499321516,0.14133164768581902,0.6903837835026558,0.3985365217905477,-0.21266963339539985,0.2377287200284146,1.2438285294456908,-1.6183110981332234,0.052836884532117954,-0.8921524975050795,1
-0.26519775510500987,0.2997463659592578,-1.5791221621371572,1.452770467258369,-1.6540919172388167,-1.315656170712967,-0.23660971921865076,0.8896213192762469,-1.7406266821383765,1.10954791074809,1.5868593932378579,2
0.4430684378615546,0.3216444068136584,0.758599187371762,-0.2899155329693428,0.20015622593690693,-0.1207017797413843,0.5211007244431443,-1.3748640921591606,-0.913110208148044,1.3965107336357003,0.8404065943566515,1
-0.4034221968924103,-1.341319767402382,1.1302189979633246,-1.1620538877977944,-0.11633317044579419,1.0562376893086325,0.9553141320259402,0.08110112992524303,-0.47180083712484716,-1.2439074340648308,1.2413137790233852,2
0.30646942987351183,0.40340260515854337,1.7194757800452485,0.8841651118312885,1.505704241205652,1.1416153456861913,1.1518371635893916,-0.9969535669862066,-1.0113939653637576,-0.32554327840882025,-0.6142422773344653,1
-1.6908698356024328,1.509908752434553,-0.6819776386192093,-0.5032506487048385,1.1408988814411658,-1.4840456455260747,-0.22732878392449538,1.361930259550369,-1.2720331016202289,0.5862230355043759,1.0655427497768886,2
-0.9359295281444672,1.6787486042816866,0.08881625620847332,0.745111641072728,0.8431995569241435,1.308024472291158,-1.739042709364103,0.7743001884381434,1.244387494435474,0.4187660022943589,1.427009424941299,2
1.428289380058609,-0.599171309926524,0.6604072370441636,1.0402901650289031,0.061042872225816794,0.821108733763639,0.7038523199676471,-0.7731900075165602,-0.17738486432488978,-1.5114230751225706,1.0960638668778777,2
0.22837794819253923,1.3754903884950858,-1.2589960242464586,-0.4401027951593968,1.0633500559796483,0.594769702308115,1.383736450615778,0.8347572148890696,-0.7996018843950582,0.47409436021638623,-0.8887342358476921,1
0.18166793680796778,-1.1294302435691719,1.6313403524461514,0.640992468674003,0.8606251304664875,-0.760912384484846,-0.5580807489462106,1.514142649734328,0.012220033537280179,1.4730526247203204,1.6051227848559808,2
-1.0737708348537047,0.2647046726859857,0.10197831083147199,-1.436355603048243,0.7371699544132602,1.6888236730210202,1.241177240834772,-1.4098541426060152,-0.33030704709492215,1.4685328433689435,1.4613214407100772,2
0.7962184073756579,-0.5847315278883032,0.981918289610585,1.3021490088025425,1.0621385610574356,-1.5774782168520272,-0.6721694905117437,0.8720884907806565,1.33434822174194,0.14144884305700495,-1.6071111302897774,1
0.11602233954146482,-0.6545890179812994,1.568024779649435,-1.6105867112108663,-0.9958298026070727,0.7234981471202133,-1.651910429389165,-0.8462427770241121,-0.057528912422040786,0.7699408912773925,-1.126186983750743,1
-0.6642761882965034,1.3962960596747749,-0.1368805733111499,-0.1965998141726946,1.1260815817633574,1.3764338242769547,-1.4848232553868548,-1.3718105159524414,0.5510137570640476,-1.608503129742566,-1.3519577823252937,1
0.42094150207792763,0.2540485445201432,-0.6439693104049844,-1.2362359290628377,0.9247331063608616,-1.4212649808462583,1.3801035058864262,0.013816799061454905,0.365566021750965,-0.11339062961296514,0.9956145899269414,2
0.03627723161703195,-0.30254512073163076,1.2517697578323372,1.737421851981368,0.35065170048173044,-0.42056104527091154,0.6816604573101928,-1.069224893257671,-0.6973356179963774,0.856717229789843,0.6512026916518127,1
0.29218022333054594,1.2320870112537592,1.079039063423935,-1.525881707235128,-1.3513824700236485,-0.8402189857503123,1.352663038477635,-1.0479904394125517,1.4595227104021093,-0.3894263182755992,0.5475128535455553,1
-1.462564880754085,-0.37975250630383317,0.9861224665351803,0.22633291203232972,-1.1352475484451374,0.2819215003049366,-1.1990156361061763,0.6744144345766226,0.8739653395648571,-0.5230629186149686,-1.1657958252980989,0
0.05273475789781855,-0.40368839486882224,1.2807638237038028,1.5613842144985248,-0.700461727272178,-1.1342033247141152,-0.03597967047706728,-0.5300279141834462,-0.6039409276886455,-0.03979265741621515,0.721845178898102,1
-1.0038345438372793,0.25097103917546393,-1.0708586153074842,-0.5386003073082782,-1.4943892446738345,-0.8050192417982094,-0.03750937507860769,1.1673015264487443,-1.7187046490821767,-0.19997647925620043,1.0698840173714943,2
-1.7023564381826515,1.4679554563938693,-0.21040393563656773,-0.8520144828700625,0.37413128854556454,1.2673909831722256,-0.5946870752121197,-1.401092625130187,0.29296966351515236,0.7527622587081747,-1.702365074243486,0
-0.31578680749357446,-1.147344334145145,-0.8171041917306651,-0.4244783321485702,-1.1483138957220285,0.8225193181886292,-0.6053631737259204,0.5571817160007424,-1.317739281670003,-1.1653740684384166,-0.7790857100201887,1
-1.613469694107546,0.6633502350100834,0.8582051011616079,-1.0671704845229306,-1.5549411607426202,0.6166781310436987,0.7830111442046909,-1.0263123107570025,-0.46241509424545085,1.4121654552511973,-1.5187082300611476,0
0.7123817259792244,-1.0358455054658797,0.3427941787943802,0.2136540346532885,-0.7392140463842092,1.2970765241657667,1.567120200555742,0.8778694396717881,-0.5297442539361887,-0.3698752334261567,-0.06215298556881712,1
-0.5167552551472606,-1.2071643368737504,-1.1493379702073687,-0.4185343442272292,-0.8374378052754489,-0.4817409696376151,-0.5209644045504022,0.659438725540417,-1.1638653336736386,0.29387457276895634,0.22918849894736282,1
0.5461344899518518,-0.30052627082176414,-0.5647482111068415,-1.29627944075752,1.4138715142036613,0.12351936996402292,0.9480926963731338,-0.5325955517556433,-1.4911142218009716,-0.3454926581666216,0.44390384455983073,1
-1.2302142909028835,0.8809717636048925,0.38538040528772755,-1.7157776622927274,0.765182049690022,0.5382068215699021,0.28200900565681364,-0.7926496247372975,-0.7235049131834085,1.588177170405966,-0.31769157118822133,1
-1.4222498837806081,-0.6631119804435542,0.8498937144263942,-1.5096741407405925,0.4425257860012884,1.712014673349113,-1.0302892739863343,1.4571214639072108,-0.6808571954782882,0.5956955274553459,1.1755118590381428,2
-0.497929013024799,-1.394854480187139,-1.4792024518761961,-0.20184206897806237,-1.42866002025703,-0.4819178373531797,-1.2632532812096728,-0.36405217069361895,1.6610029861107813,0.6421228600340486,1.116491452351714,2
0.9243473772758721,-1.4337210565621432,-1.2717097642590498,-1.5295787322923609,1.2429846020179967,-0.285805726271197,-1.1531858006444613,-1.3731890134006859,-1.3114819939777385,-0.5074081969994716,0.3817082604502492,1
0.07300353363246112,1.2114952043031768,0.4276463505494534,-0.437778068743277,1.1801000595770632,0.5695426290007805,-0.7980689091960298,-0.7981794946935044,-1.2714953824867101,-0.3566968671104563,-0.32395693625796473,1
-1.2689405344049722,-1.0814282240811448,-0.11427586315025848,1.055138635400505,0.34333097106086075,-0.8282425977329431,0.5413727377625827,0.7394335987507665,1.7394666258368483,1.568695354236238,-0.9542014499039699,0
1.4013287702133812,1.4328465338726581,0.060269498029459294,-1.077083868460433,-0.5508850388784605,-0.5783983466016441,1.1458973557067949,-1.5563819990847012,0.5501719245678454,-0.9148119367408223,0.7153902736071212,1
1.6068097367003806,1.4955721390378498,1.098490251692009,-0.5244586378724011,0.9663160561027325,1.505116241516672,-0.11373158200595654,0.5174544177245111,-0.03207848045217108,-0.8939793813166599,-0.9087078839753558,1
-1.0323593542422773,0.5272931131493893,-1.4784971471660422,0.37676634244936913,0.6512551286901394,-1.1175983345274259,-0.2957335831491747,-1.53751200565151,-1.5103157982173347,-1.1456151775498302,0.48318942198230325,1
1.3681026934489624,0.6870673951332369,-0.10966654142221599,-0.6773251991270702,-0.3283383622928029,1.5712210189134723,1.4916855254991315,-0.4860152124281562,0.709239724800079,-0.8944469449047333,0.40452522132546354,1
-1.4216270916814222,-1.1231096070371323,1.7297029434363573,1.0172208998675065,0.6057080547015181,0.3224860443327993,0.5783156798791201,1.257779355233886,-0.739643246056643,-0.35105146971371737,-0.9885723640870449,0
0.44852720470196605,0.274706835253965,-1.1452465653801611,1.4000942565366163,-0.25854920347793753,-0.9647611974391758,0.07328139998320587,-0.6557073056281778,0.10463107065477423,1.324107646164027,-0.6340064510910727,1
-0.1414299147444233,-0.3836588752478239,-0.0356217934352132,0.17120790913890918,1.5695604158916598,0.8253265250039725,1.473784635306889,0.5805159168073273,0.5696986642398428,0.5934269781946931,0.7429426509355891,1
0.13161334600317087,1.564245569069106,-0.760605184434238,-1.3974748700200403,0.12218862615879618,0.3330106568868968,-1.5298934007509328,-1.1714630502510632,-1.2817707422901232,-0.29956752351584964,0.5268807606583219,1
0.9495991164142041,1.49821407370582,0.36915763867344314,0.5899239149072709,-0.5820079371867128,1.2080657834410158,-1.5040168190451035,0.2516637548043825,-0.9025269466102951,-0.37453355213696277,-1.6295917621613174,1
1.0496900341461317,1.3924153285304544,1.586928790987922,0.4198515716105128,0.3517510447808321,-1.1175985468713756,-0.23934267034497014,1.139027120808657,0.32622465725127014,0.13175122789696259,0.5729520818453028,1
1.210301458650158,-1.4520395400198103,-1.5530042247141418,-0.8012402998331603,-1.4375007933671506,0.3246431256491097,-1.0324600460364282,0.7182276565362389,-0.00540595045319515,-0.6276759421539254,-0.22930572197024948,1
0.8544486953819012,0.28854181294201736,-1.0436960345115465,-0.17706038315026348,-1.356510153976919,1.3394754126220063,1.042675717592235,-1.5962629299662972,-1.6876170978785834,-0.39805026890006545,0.44411139916510173,1
0.3902721771064805,-0.7787862356777178,-0.39890375255903554,-0.49700592367291024,1.0100350500682234,-0.555241433029463,0.37924598269994647,0.2245399796731918,-0.5315180954577718,1.5972860017884343,0.0076132717062364266,1
-1.2959927513964657,0.48633378588776854,1.2488288534343723,-0.24675250369118307,-0.22536815381416475,-1.1208685907855487,-0.7987573778979393,0.045453243841318665,0.18745074919314794,1.4657794133502886,-0.8217234567997809,0
-0.5283670259045715,0.8651032140461434,-1.6792642267256448,1.1851625789007951,0.20187447940353984,-1.0101374386722486,0.24849254495341672,-1.4195234367333747,-0.9279101997244636,0.5993148159704331,-0.22956094610521433,1
-1.4391678256636724,1.3887010640120556,0.32399984581115004,0.9107059920755005,-0.4426718972629697,-1.283848337941175,1.06168964897043,-0.21390605201069762,0.8698154481597566,-0.7426792676500705,-0.31023060042069517,0
0.965279584394433,0.990414608057945,0.9060273567823321,-0.38855808337899733,0.12294434204436352,-1.7247856349473947,-1.1234742390893766,1.3518871245059965,-0.6174556579199575,-0.5564331050674715,1.7333139165279234,2
0.5840829783133724,0.4300333888065679,-0.28897686727418576,0.7377790563572275,-0.10185216257526769,1.3958707060795204,-0.3877321369689864,-0.4838722913750047,-1.4227605899661926,-1.1371470814547218,-1.342025025846946,1
-0.35785089985632396,1.462407952485834,-1.0773215640782565,-1.6958751765172677,0.9088439726561064,1.1315965868259363,0.6834190312076708,1.6415732471260387,-0.4765509195830926,1.3153451581801316,-0.3837220166020783,1
-1.3564596354502736,-0.09422021528042228,0.6253748015060584,0.40795886641494356,0.47044725825688277,1.2162297077142055,-1.541634007150684,-1.1057294327928062,-1.1672740290874226,0.8743287916072771,1.1052599254527582,2
1.7131901448872489,0.6551683150491785,1.196511404137907,-0.05506374629291232,1.6436767460734012,0.16126066560424643,0.7379413673059511,0.7439631188384573,-0.020982670919121503,1.2665280561512755,0.24420056126934966,1
-1.606648846775719,-0.40528829701771596,0.849384864615062,-0.9145417125716909,-0.008830497012305677,-1.5965619464164353,-1.6827192505187005,-0.04937596631685592,-1.5664487324669154,-1.5772629551912867,0.32914688480599796,1
-0.6773119176760204,-0.37737035988969,-1.006063094410787,-1.099842819434277,1.0515672930865372,0.07759645454988022,-0.17470015339217332,-0.4703759561438267,0.4514235207249627,-0.7129630040525122,1.115955534025537,2
-0.7278510164713122,0.0749706135974369,-0.8136203096777707,-1.6985900537958403,1.756343245686694,-0.5334752939614358,0.5455805668940155,-0.43863094501703104,-0.17873774402344494,0.282999390053766,0.8877128345542177,2
-1.0777113468324704,0.722602368717181,0.9258208702957902,-1.282972427783086,1.5471738775746122,-0.7084260104204595,1.2693479616863075,-0.6000752569259988,-0.2098219142457727,-1.2435784078361867,1.2571332215345754,2
-0.3544796830997795,0.8944955877664849,1.1765552800692265,-0.6369095227770571,-0.7624273927909644,1.7573288121428348,1.3388267364736446,-1.3354679638142217,-0.31200887426532564,-1.4825899871913732,-0.4199813590119976,1
-0.246726230003897,-0.37665771296608064,0.8180180825733953,-1.1021208791807655,-0.0385615626298828,1.1947658708201696,-1.4578053908436848,1.1139153001322166,-0.26329707370244304,-0.3479690134664182,0.06516792325355687,1
-1.6003950158856726,0.30657649933159353,0.7671763410288566,0.12914119676064373,-1.1898351129566551,1.3829964710293159,0.8218567607580016,0.922321473810596,-0.3162306076537437,0.44262906245603456,1.6711291843307545,2
1.3203160907916454,1.6449168958249105,-0.9190200399155677,-0.10650947730731443,0.10515846316397198,0.13259702737888232,-0.9746052350853843,-1.2495534211612997,0.14163351152512108,0.44299272302453613,1.427852617488609,2
0.9802174125140002,0.5075622968487981,1.5101656458500736,-0.1769141487790965,0.41346655776534263,0.8346658049766098,-1.5261187171745982,1.723419933720898,-1.4229736519730734,1.4928807842886211,-0.8749472319211198,1
0.8880608881595404,-1.0886511168860886,-0.9347794493789761,-1.6183656587609963,-0.2633304358326585,-0.8473710883381239,0.3569973009637684,0.5118042540316456,-0.45727107518935134,-0.4845841670335148,-0.3622202244377631,1
0.19144742830615857,0.1770937431401099,0.4530960419346862,-0.22988011554506105,-0.11201639369032156,1.3606040206669863,0.32512259262158133,0.7605943061336944,0.6503013391447041,-1.3089853586566866,-0.40124547463876475,1
1.291861677093206,-1.0250608510732853,-1.269555896395975,-0.04033554038774762,-1.4231878545503738,-1.0700087527183775,-0.7626360186791769,0.29292108154059127,0.28009305716137567,-0.8846107923852617,0.5281253168931495,1
1.4585549702326064,-0.5307679798165007,1.4552192644940116,0.11144735450082548,-0.834048637422214,-0.8859109562171955,1.7244111155976027,0.6410873267893983,0.4452698672372458,0.3473326763386898,-1.7549774807527967,1
0.1865311856997245,1.1412022384644447,0.3921912364932698,-1.3576435798823157,-0.11496080930283599,0.11967392785938694,0.9297463513719155,-0.39521657948280947,-0.8624050521308568,0.2384769461672144,1.624832548959746,2
-0.7366222499315476,-1.0488914717677658,0.11476654212421988,-0.5117214788635501,-0.9258914438912514,-0.2703249223233703,0.6943503250783228,0.8034742372979574,-0.08956429673204748,-0.8511540200831157,-1.5611721437941108,1
-1.4854759568136084,0.43687058439381576,-0.1152806828130539,-0.05976706178157047,-1.2938512914698845,-1.135299703127788,0.24648234352755594,1.0780005237274415,0.7697565249232223,0.02703430133843384,0.20496171792706105,1
-0.22809107876325668,1.0826867608727857,1.5436277757949612,-1.6746278798946275,1.7413377853886818,-1.1562583740310524,0.8502508706087126,-1.284456710245141,0.7862236596977425,-0.6700337397993962,1.4959329608842813,2
-0.023465171484990013,0.20875186228219836,1.6714374037008586,0.5103745304317324,-1.239263511240301,-0.7485805423177113,0.379198227167644,-1.7012654627783268,1.3788972974948661,0.5988472523823597,-0.04600258241718531,1
-0.41656547045082715,-0.7729029855830611,0.8998590649485748,1.6017414539573673,1.575389022763152,1.5949319466307348,-0.49856171069742405,-0.129308924824297,-1.4184006283891928,-1.296309190268917,-1.3031746802709299,0
1.7020162292119672,1.561477237809754,-1.3017559512030557,0.706893461116202,0.3641661902834552,-0.39671497243436216,0.7015099258406151,-0.6651096470192847,1.7074326423375847,0.6232298276418947,-0.659685140503445,1
-0.4633160508003935,-1.708544394430522,-1.1784897432380443,-1.20820888735526,-0.9131220506765347,-0.5510999543180684,0.02578531810349129,0.07549835895183124,0.7363641542251064,1.084126305292836,-1.0223712718376596,1
-1.3255685600722404,-0.386987567354747,-1.346766257225918,-1.2220944652044496,1.4101337377662106,0.008178583399848801,0.8560649454153106,-0.9797211647959208,0.7511563062074795,-0.6849957746177472,1.2140645362029197,2
0.6821988053608459,-0.9502364129619554,-1.3165757387099293,-1.0424288772465853,0.02321325725616892,-0.16921375499060784,-0.04579934419237839,1.1625748579439783,0.7020502553216633,-0.0003787786586144497,0.5702872375061319,1
0.208130207833864,0.26846224548048303,0.8055717156227711,-0.48912595117200536,-1.5424443108405468,-1.0568552877556505,-0.5578144616079149,1.2678715044226099,1.4856335986703748,-0.08564852338727255,0.5315849058721726,1
-0.26956695056810115,0.00011208241224051808,1.1465824544828482,0.766702976946676,1.5364591857867276,0.6829903341704622,1.1257184419136408,1.5548021228941862,-0.19332785882110504,0.3820362848756985,0.9904388350502425,2
-1.441304386746999,-1.762078815372619,1.2401493936988865,1.3969100048580962,0.7666274093286565,0.8356966656472237,1.4351243794167474,-0.7554257516526345,1.5334912802313243,0.28424622628862856,-1.4116770465863169,0
1.3400482210350895,-0.7430171041526908,0.050059885888182026,1.1475393117287374,-0.31244039597361944,1.2243754787162244,-0.40568728468494125,-0.5258227880872441,0.02966180402576745,1.111954997368172,-0.6559963594135078,1
-1.576512659191256,1.5000378720490983,0.059334539436779105,0.7419834634462062,0.43882618235814036,-0.4170920794071238,-1.0757534874442216,-0.44420258944682534,0.08657946771965165,-1.568950713625536,0.8622902768024541,2
-0.04401752397913523,1.2935590232500633,0.16266468923582417,0.25281047073632823,0.23374048698786185,-0.7684230560694072,1.5154579867156521,-1.5375994210866661,1.407806473214341,-0.7875480549351951,1.5496973769556295,2
-0.8863403040555118,1.1607550600410452,-1.449290547455579,0.7725558640205452,1.4116448102208572,0.6602346527880513,0.6681034043695487,-1.6502854107029283,0.48730687067388595,0.6824199144580103,1.6617392573354115,2
1.2030813698072043,0.36654599503639257,-0.8345883771574302,-1.4076853405350027,0.5228854872975065,-0.15871425281958532,-0.298689404646757,-1.324101742270882,-0.9030574970550889,1.275775424893173,0.8296569321603217,1
0.873241465460436,1.1602061154707215,-0.8828413923945055,-1.4445014353166128,-1.4462620349043493,0.9449397329642829,0.9871834125114973,0.09587321688081156,-1.3555722517480469,-0.49296567727898,1.2886953403589219,2
-0.36884030512153054,1.534780546832212,-1.0741747743422307,1.3103440103522574,-0.9805322475795405,-1.682496109179876,0.3405391989856764,-0.3502697757038879,1.3187899895047683,-0.7872882973862654,0.5787424968597308,1
-0.7548904918003754,0.9581956226014153,0.3065703350025753,1.6900564883006752,-1.0757308757753885,1.361270659101664,0.10616643933335411,-1.2571658219166508,1.7497198496508697,-1.6372669489940488,1.3602935987086615,2
-0.974481250837061,0.8255686906809114,0.4801077106228871,-1.5681427712668659,1.0613884669457132,0.14481390234378108,0.8707304111106864,0.06099414927139892,0.6571168603403802,1.649757026672235,-0.7193039486566416,1
-0.23144859321435673,1.2425444349025294,0.43423126991383476,-0.8873487816164198,1.5396248820725071,-1.0495039771298713,-0.7019672162501385,0.3097281134835746,0.5698264782396208,-1.6015935789410358,-1.7079396866407326,1
0.3320901059119049,0.09543900172403705,0.7424957017496109,0.5492355706282385,1.6313824881578873,-0.4945228582521455,-0.6157381755012125,1.1376073629971581,-1.6784428276776417,1.5188565391815918,0.6029892958014497,1
-0.5490134386725168,0.9663164266146574,-1.4924431415015733,-0.5515074777228443,1.3384042584081914,0.9579226595600445,-0.2226473805234178,0.4378607775392305,-0.43611056058505493,0.06949600200347643,1.619217331770896,2
1.1626306408545328,-0.6577243617099999,-0.8422216131134979,1.4264359214231705,1.233103409627704,-1.4002344614669417,-1.6716129661918149,-1.3997122577990413,0.3709930059904042,-0.8428417785173651,1.1258794142049895,2
1.7257189598645866,-1.4765081041471035,1.4552267626778543,0.19079196665188225,0.04924512786912921,0.9522314997546011,-1.3770447108321757,0.07422035803771834,1.0055449719328726,-0.9484418807422549,1.0464879015541315,2
-0.7396797411489796,-0.8733341448100395,0.43064572657267963,1.514043621558109,-1.6555671859310954,0.24270922801753056,-0.5933850297719824,-0.9244527184776757,0.7970161196897547,-0.06694597986433373,-1.4662971197206474,0
-0.5667903465106633,1.7103749996345385,-1.2041403711794043,1.5631156306270466,0.3511887305456671,1.7078986967738163,0.5721651572278325,-1.679867330938623,1.0830313124614432,-0.39522757020169597,0.9744469731381378,2
-0.30869521710208364,0.2683864966775177,0.6024462729818812,1.0377260973512272,1.6532690814517244,-0.747626616401715,-0.05202660145682793,-0.745700217809507,-1.45070646424409,1.3228434927592359,-0.3866120459773964,1
-0.8035746587406013,-0.1799120290230009,0.7783224944272519,-0.10259778853448526,-1.2507007326230053,0.8630940822651278,-1.7493868863857167,-1.4095625949345836,1.2119567621180498,-1.3054007044814566,-1.018739284400622,1
-0.12985940284212485,0.9184457519101584,1.267764709642864,-0.21637694260469134,-1.1246697592252017,-0.430745741060567,-0.20729800719017202,1.3713498750486748,-0.2796964184226279,0.5704644108693071,0.7655947388346678,1
-0.941109818146708,-1.4348540745741856,-0.5283212654314527,0.7133496992377074,1.0066250536889838,-1.5056240910208867,-1.314630148013881,0.7542372493297077,-0.6294005389434418,-0.07378626198614932,-0.18615376767027153,0
1.0411068636200287,1.6283115934474361,0.23733929689574526,-0.3738554481729747,-0.8258799345797206,0.020429582112859408,0.6537579932010833,0.467352617081757,0.7042556320493587,-1.18056122646584,-0.8467522391746037,1
-0.5801918448754795,0.018716199865422382,1.4287788182991887,0.7210381622907156,-0.24818580082117983,-0.2565461794757206,0.15521646975832298,-0.6680511972088325,1.6675615823645966,0.20656140198871786,0.7506825601812549,1
0.013296052829873088,0.12236335149192785,1.4482344651535854,0.8298869302255739,-1.7062021446690057,0.07872664169241977,0.7384220644362919,-0.5619685135142186,-1.347877441472102,-0.6526646183609631,-1.2140274030756915,1
0.044939081222024516,0.3432954058182616,1.1271372156726656,-0.2300717689590786,0.24837462854506923,0.349852239570487,1.541815970063086,1.4897863116135202,-1.6254849862859857,-0.05071979164119144,0.09640417405251771,1
0.3676304437908583,-1.3678659954451353,-1.1133551873152316,1.6383662685750464,0.18762794210381195,-1.2514165915060178,-1.114148324399331,0.4349103413222497,0.3404393081348941,0.060768148359438307,-0.2098724634778015,1
-0.01064802622278241,-0.5129577693211022,1.1719632884385707,-0.016997112298503578,1.068561730120305,-0.817246767948547,-0.47679184353794857,-0.2661921355163777,1.332989348057238,-0.11593625359247625,-0.5481998281487248,1
-0.7308526429182304,1.463817133214903,-0.6000731302868935,0.5615914409968564,0.7114481143151874,-0.16117229565040878,0.7321124986472065,-1.084672233874013,-1.5613856529974859,-1.259354349641184,-1.1467686600979676,1
0.49483347491915936,-0.906194836922688,0.6015324688891198,-0.712439681433549,-0.9580168858971098,1.1332426120517776,-0.04782824094561123,0.7328592675716736,-1.3860255586380061,-0.057352267723863266,-0.6211141976398402,1
0.08703702082346372,-1.0663138693168999,-0.29201225633672445,-1.237262923396108,-1.4116758441217991,-1.306695280200274,-1.7604708584139315,1.047520729189842,1.1492719372762517,0.9075604407003507,0.12281481780162556,1
1.346757318560736,-1.4409660724917321,-0.708541944275287,1.3259506463347361,1.3178921631215748,-0.1143889538430564,-1.1422343710245513,-0.3034294286001724,-0.4757312244894581,-0.007530769839145684,-0.836449547319887,1
-0.19779213483214614,-1.2792752694222167,1.0156993639519178,-1.2795551338467526,-1.7033773888077621,-0.10171296235157594,0.5826728326956887,0.04109530592807553,-1.2340092679870764,-0.10114739047341167,-1.4739058426439864,1
0.8039956808003269,1.7150887316109864,-1.0329721401906395,1.4864463997930148,-0.23951087896471462,-1.6748501632815371,0.6504642432479879,-0.2673558245996831,-1.4755218273050443,-0.941324523901581,-1.3277379962334173,1
0.3108855591765874,-0.7996800777651205,-0.40773916472344024,-0.1972192506079802,0.08335471707919999,0.20952128094702815,1.651791728546575,-1.2911894585913977,0.9803633991764683,0.975651552859791,-1.515482946750995,1
0.543551135548256,-0.5141475379292801,-1.1988899726899669,-1.1668174868671388,1.6043637056437163,-0.757492573676435,-1.1367766475740035,-0.030313825333003152,1.3253499392279293,1.1463295796765363,-0.9610579876496785,1
1.4118962031646363,-0.8882362171420399,1.005616986274175,-1.3275290735314509,-0.6474441210027697,0.6112781721788011,-0.7964105086672437,-1.142997195596983,0.10880097298580513,0.1396998088942116,0.8455114330852374,1
0.3051435362217689,1.446500907673028,1.1551561294030033,-0.6647943787096054,1.214695543017364,-1.1772038576914536,-0.24862981117114974,0.36506073744991097,-0.3489746827865276,0.69675853115893,-1.1586796654085352,1
1.5201703119841516,0.1886181059283621,0.6573246631877855,-0.9952928884923833,-0.5597372880432109,-0.6663304087982435,0.8783490501626261,-1.4751668581063446,-0.6339476331495038,-1.3125700128319164,-1.1533790035888694,1
-0.9889543151484604,1.303395816376106,-1.143397813853492,0.0925262420027842,-1.154229270551203,-0.6467219922456713,0.12630687673099023,-0.3369428692298281,0.736196371720862,0.4146618330212696,0.6426476777775197,1
0.6218976043071788,-0.45735812187294655,-0.9649296192307428,-1.611213114760472,-0.411002808883114,-1.5003257103455558,1.2624688199668828,-0.4336367302278953,-0.7178998797158402,0.9850894104709036,-0.3555213762536697,1
-1.4450719682808746,0.566512509700242,1.1570515681385423,1.6728696688287805,1.5045100329902155,1.1476700989038255,0.434465073133014,0.21073094173216814,-1.5741729475091693,-0.7597193628598592,-1.59443507038985,0
1.1196123608793849,-0.22265275516301103,1.5410144513654405,0.06717487174822642,-0.6008937542105653,-0.02069453030871469,1.2979692694355962,0.7475559608486655,0.564725767376249,1.4666452718467209,0.0520034714473334,1
0.4820266059438101,-0.7620963830439011,-0.08215202475088312,-0.47398740724958827,1.1062356289158035,-0.9832960854208749,1.0674616468219054,-0.798285406408518,-0.7897104470708307,-0.8370751609311257,-1.5932612906838062,1
-1.0193735671337574,-1.0437996574274249,-1.0609849159193154,0.8847870093155935,-1.2836878064431638,0.40968012112929386,-0.6150033287103753,1.164306280100004,0.5775658424229673,0.012314706899083842,0.6549202447951484,1
0.3441435332112997,0.7300247986661118,-0.6717830193677794,1.410014345775247,1.0225606301421493,1.1240309565735325,-0.30022058126542656,-0.014937753304600346,-1.5605628235147382,0.07096796144741142,-1.6061089008543195,1
-1.397923660830507,1.6309535656757665,1.255054758153585,1.1863763179937985,1.3390744087823878,-0.454768399217084,-0.7522902399969593,0.18463395326082324,-0.9093886627640421,0.9898862665411389,0.0904078659028438,1
-0.9772237010638988,0.6511138629512784,1.356196300276222,0.7536065998787427,-0.030328115753193996,-0.6182497618467578,-0.35192798377398726,1.0442153573887092,-0.5213344052040175,1.237262038971862,-0.8739257769039415,0
-1.1586631261672666,-1.6543940275190974,0.5499643095244149,1.0058001926174633,1.246525557352185,0.4630935424879169,-1.4863699340565906,-1.1013454028344605,0.6564123055305593,0.08631097400419271,-1.654921867483338,0
1.5966772747385394,0.5994213165624239,-0.8739161470616418,-0.05403887349924284,1.1069724967434997,1.3746977731578276,-0.22274865221358284,0.013338430572633125,-0.3049025415796773,-0.0716042985751398,-0.10669299336035878,1
-0.23469981937406298,0.9291275872732677,0.4097370395838106,0.4085461724715013,1.6757572464081345,-1.736116427632803,0.20832954024326863,0.48389256268857844,-1.5482996518992946,0.70328710422203,0.32715024112707036,1
-1.1341273034880863,1.1558170085477402,0.7553874902510528,0.7586475897934781,-0.12009125031576835,0.604382641294049,0.5230294584305206,-0.7277442245827495,0.1110920355225386,-0.056469092057502265,0.18432003319186732,1
1.1088358569916756,1.1329366301109107,-0.00488536215343541,-0.7870070079761731,-0.6990455640389975,-1.24948185568387,-1.6682394387824622,1.0443057049721982,1.113496313029787,1.4622640278547732,-0.5892725923314848,1
1.3556725393225344,1.100528568523605,0.07867066973298387,-0.37639277292315587,-0.9276939306502945,-1.2862710593201754,0.2514854812437259,-0.6107583652823662,0.03660002952997767,0.5178375314561487,1.0850072864897062,2
1.635656899915473,1.6878953791888645,-0.3404632493167588,1.2866767636023269,-1.372495914355061,0.8172424574137964,-1.6158996869851079,-1.468898692354531,-1.5495668498516928,-0.5139367700625715,-0.30178912149495235,1
0.7006314829221152,-1.0155030497100097,-1.5269785624919516,-0.8968782491476934,0.059689036590629296,-1.0520366310470177,-0.270768444502714,0.2896205551003928,0.07464329892641527,0.8833510371401021,-1.6153616623295348,1
1.3861458918159866,0.5369695037322573,1.1321138186841444,-1.3672254293563033,1.377200533145182,0.1334038555534259,-0.8716497679920786,-1.6344327516381887,0.07301798397244148,-0.6072416816381219,-0.17718135482842726,1
-0.141879895190192,1.0090824693880869,-1.5880544776219239,-1.3715880265510858,-0.5774432698178605,1.0563031941810652,-0.6078516885864246,1.5191054135229238,-1.4549491141923003,-1.0623888588727526,1.147545070595782,2
1.2027013028866196,-0.16768185298159227,-1.072298618971351,-0.03045227473430943,-1.3300331277196846,-1.0070559959659553,0.9605403649945827,-1.192091556463032,0.12972584543260185,-1.2576226326483193,0.7349493640205961,1
-1.6739065043479835,-0.9716881223062888,1.1937174563526678,-1.6467161185111865,-0.4000068588456509,1.051239257308425,-0.1277621695559352,-1.0109484864186167,1.5945656517849072,0.85573015110391,0.13575211593915057,1
-1.2755830348219162,-1.6804357673401866,-0.7179222172329374,-1.1783398323367726,0.793534348271443,1.0334411750693038,-0.4373329061974178,1.369241343506296,-1.0588241113600645,-1.2398725334714562,-1.611623693349692,1
-0.854883420161101,-1.7647902304997607,0.6208245151113723,1.4710730908079028,-1.1473899919143975,1.2918661182983724,0.05489867774256201,-0.5886952788905767,1.200365037671616,0.5213182826118068,0.912568077083004,2
-0.505834955882888,0.6998258145576446,-0.31016494392540145,-0.9649456716590125,-1.1978553070637579,-1.6421526276332878,0.10810316417861092,-1.105639000097406,-0.6097311147735581,-0.15964479049238142,-1.1871732201300014,1
-1.1243102854544371,-0.9212486710590846,1.4317502223252876,0.7028837811186984,-0.29730529842489906,0.6783608908424389,0.11521814043154881,-0.5340526943294223,1.0363397671586663,-1.4318333621305088,-1.7099853785902361,0
1.4238455941483537,0.7230326804658239,0.027332284362967727,-1.3488231484069446,0.7174059139439584,0.6053445064320906,1.5111778568389878,-1.649496853830483,1.7736126948946496,1.4287379868729124,0.11234602432067042,1
-1.2754670749719452,1.6036969927372675,-1.080094135495133,1.0548216346564012,0.08964925479847842,1.3202910203975848,0.1057753110457148,-1.7014950820601669,1.2978837490773873,0.4102979061992505,-1.0607496796454021,0
-0.10541844672006843,-1.2328379393323334,0.950992745979236,-0.40262457449698025,-0.20102471085435764,0.9063376825355275,1.4905845753854252,-1.421329506334249,-1.603564166618058,0.9450694307658002,-1.640423862590957,1
-1.6962466370921734,-0.17058286024544586,-1.4923397327585275,0.6125585067342025,-1.1901241228570467,0.923810039758963,1.2518641255911038,-1.5739446733014062,-0.8763373681076526,1.3885621526384513,1.5383998240755878,2
-0.06635341942182456,1.1714092630224024,-1.4629419966904214,-1.4701368874330272,1.550543381569381,0.6303948901396162,1.0600866199011065,-1.5436572584206685,0.24166414651040158,-1.5123582022987176,0.45510496585922894,1
1.1985116472874697,-0.7816455929424593,-0.5070566071417004,1.2311272667178335,-1.398404414508085,1.2625977737210536,-0.9694250109401267,1.015414850092701,0.27113687669434855,-1.5508196367102427,-1.3798350817581873,1
-0.8427375471907309,-1.339730302457403,0.7470184690069688,-0.8654413499087172,0.7948131959814158,-1.5676484477375519,1.665365292030993,1.4486284437338977,-0.07845282920854472,1.1970515703975435,-0.3325527224670571,1
0.2769235378786409,-1.4762514042086796,0.7579502770033738,-0.9826347954716339,-0.12342712656748665,0.559449325904863,1.313514107031697,0.10009162972012238,-0.8835483443588309,1.302859478661577,0.6884052045206638,1
0.9496627166278682,0.47422174779757953,0.5176809132258919,-0.5385161131078172,0.9834329214799502,-1.2263191152636324,-1.3627505864805016,-1.5073385620679625,1.6081778501804378,-0.7502988224186752,-1.7457516448653427,1
-1.5977991907140425,0.47949164242228803,-0.40516891884324646,-1.076918357346481,1.3468851487459848,-1.5441032073023622,-0.6286116370514638,1.5036940518608066,-0.012215925286232917,0.39644417025633283,-0.7084026110013296,0
0.3439825341756232,1.0832968885368293,-0.5489131285252635,0.809895899192488,0.42759007781862307,1.2026142302045777,-1.1548312674297918,-0.007317881786750338,-1.4247311796138769,1.6172873330560216,-0.33165879574576335,1
-1.6602587475195554,0.7159677872246171,-0.5474431176846419,-1.3710867835383307,1.187466920130731,1.3090793879072868,-0.7435540836805138,-1.3274855636980671,1.7633828146289405,1.3788818546483377,0.15863593003998003,1
-1.2845477878219491,-0.03234350123774064,-1.5057731970894785,-1.3744034284044266,1.31219788571283,0.26477922602088594,0.201132698123503,0.664228404370514,-0.5171012992814683,-0.8148918662525287,-1.3500350251957223,1
-1.0374377518729017,0.9043828767970375,0.19518195790850865,0.052167354597182636,-0.039193330339279756,1.2271190207040419,1.5980732712334993,-0.8997861371233455,-0.5264550086398271,-0.6732027818963385,-0.9469795877102606,0
0.41218294161738356,-0.7129316974447895,-1.0654695706273813,1.2240865999039137,1.5064216432796498,-0.7257921591334349,-1.328256222620156,1.244187957907103,0.34366185788175835,0.8802858980627316,1.3400974636883995,2
-1.6206561779013606,-0.527493306561665,0.025669892703470594,0.5205890042163067,-0.8145032019052332,1.745001433455343,-1.4139557290612654,1.7221032954378905,-0.21592310745947318,1.65647608860455,1.3340247383890158,2
-0.03067024048318677,-0.6285234031923789,1.474972479916937,0.13297757198865498,0.9987131882038531,0.3295999771844311,-0.5214241652807073,-0.08345214386406305,-0.05125830907859889,0.8521108625888228,-1.5968040683500364,1
-0.512281644590065,1.0777206788764833,-1.3864760338950144,0.6712715425010218,1.7028992920721686,-1.3028995577366744,0.36118805098379136,0.4872556506822119,-0.3974646161252987,-1.2601509394579018,-0.7620386191750151,1
1.1680430182299517,-0.3582489318357398,0.6098522289227389,1.3814682676721024,-1.4102066106623778,0.9960640420083293,1.2215301283376092,0.7959332462959582,1.1879210539629095,-0.7828031503747458,-1.7148218445334684,1
-0.7510073649752841,0.0633977781276025,-1.5597900592476173,1.0269375469579078,-0.8597826881961463,-0.3187238552058723,-1.329900424857101,-1.372954184822818,-0.2809169647844492,0.5712263663461676,-1.7163860941288192,0
1.299850264734691,0.5773450931324609,1.1207071389796845,0.6415241361848505,-0.8796686584556758,1.2866550162287929,0.8605046967321857,1.5948937809643913,1.5164134891285412,-0.3660135045320684,1.327783227281777,2
0.13112965487525813,-0.06048245449508279,-1.6314803635474933,-0.07821273478338778,0.34033658927984695,-0.924784548138193,0.21810891925447215,0.6755508505366048,1.6199766384787364,-0.0019373239521926849,1.6123994755605222,2
1.5671833915523194,0.05216036483992686,-1.1099159514274852,1.2336932792775928,-0.4183299187070205,-0.7817509970301318,-1.557230693121926,0.7501766477295289,-1.4382506532058754,-0.5087935705937634,1.1582190695867836,2
0.5324625373153711,1.4582510938669488,-0.1439001602633597,-1.2004515411357266,-0.8491843813398888,1.2936096478034844,-0.05431746708064578,0.8919534509860935,-1.5543822611768936,1.1692921470019224,-0.11209380761580877,1
-1.1805097018989654,-0.34830062127199135,-1.5596306878004549,0.6825200534190007,-0.808250792638221,-0.8580111360364663,-1.1635327933694513,-0.06865027221004114,-1.6145930494060108,1.2723293080773723,1.5073736200869359,2
0.11165743974186154,-0.8916170927666565,-1.2918451810757887,-1.5304181087142374,0.3859705745614014,-0.09557704064819836,-1.6818732412713193,1.1000085915444617,-0.6393847919030913,-0.16525555354926308,-1.1273533287274724,1
-0.8631329305264096,0.5417745460444864,1.5082804343365959,-0.09792695257264251,0.12288379924441678,0.20600364588545833,0.37793217467552687,-0.21508190573542812,0.948614660666781,1.2264561249363863,-0.46895462957458284,1
-0.5293138703570088,1.0171936478059551,0.8750359798573957,1.3900456042357432,1.301099121896722,0.653892348922095,0.009559866017061686,-0.4233975131585166,-0.4417757822797795,-0.21381289802918943,0.4384555108654665,1
0.8105384151022262,-0.8427474889250188,-0.13059065847289555,0.8657228516656489,-0.9674886045623146,-0.23904376475346412,0.12206736450947493,0.17602481464891961,0.13571025554534946,0.40830643165745606,-0.43769492970917373,1
1.7258992603522465,-0.5119357542526215,-1.426660336382753,1.2265504875565547,1.4779380907482367,0.561039118594662,-0.7007144440595311,-1.0872557043250433,-0.728123360413881,-0.23048933267047653,-0.393348985805156,1
-1.1130894858500322,0.3999717950920707,0.8285200350357019,0.32707354923916737,-1.2432075441050274,-1.6217610625280396,0.4068912327344055,-1.463057638119366,0.6277970690129138,-1.6180968418830366,-0.19865100662301094,0
-1.3599830469646592,-1.6727458858244457,-1.6843439446808084,-1.2941577536274536,1.3899409013596593,0.5839234244393372,1.0430395409611632,-0.37915593429725364,1.5040489428710395,1.4851226921605873,-0.3242805982979384,1
-1.2099589971469569,0.38810340205885263,0.8443501656248698,1.1343860135732846,-0.5567188570376126,-0.9576526346768575,-1.0649774923392514,0.053071170852894436,-0.48208856221855484,0.7523812809697444,-0.06960906965979843,0
-0.32443324298489656,1.611165532458349,0.6842808599519684,-0.8016115636711438,0.05189462956712017,-0.41509586444790597,-1.4758010162411628,0.3754410962037083,-1.227722988988481,0.08502950342947284,-1.3429329912918562,1
-0.5185766461198443,-1.707093606961316,-1.4615532782983647,-0.14981992192140497,0.8486297364354541,0.841266939272257,1.379178749412301,-1.1272136897538958,-0.9266588418855801,-0.2686736923631433,-0.7417048893051869,1
1.5254026973715467,-1.1303927698190364,0.9055721980533311,-1.434069554992038,1.3820235977039106,1.5742572809976627,-0.7146368008811542,-0.25839890702579926,-1.6540949429306635,1.6443194353146398,0.9512909397394176,2
-1.4496280569582136,1.0651681839075064,-1.1494522476513176,1.1339998375455216,-0.6693908110040416,-0.5937436107303515,-0.25875747366578605,-1.5695258124023683,0.7660819192410611,1.738455571046765,-1.1406625587977834,0
1.333531019463538,0.6123592295601735,1.172090182872956,0.5075652704144309,1.6151543961997405,1.3517771868916209,-1.6583296381285098,-0.7871229823279354,1.3211337977770765,-0.1423795720735203,-1.0957690802393452,1
-0.41131795759724427,0.29902072418411907,-1.1308013611923338,1.5354487049341279,-1.4642138740403563,1.0724297425908886,1.6350832395438275,1.0658651504835612,1.1195313741979338,-0.38620532466887086,0.4283633824125792,1
-1.2060352783067765,0.6463982513956705,-0.5166780750729537,-0.6845674032306404,-1.202096302762513,0.37960753299167455,1.356859624942365,-1.4390438728626544,-1.596544765350133,0.45374668555022596,0.3107368928915332,1
-0.19272589630436943,0.5770453008927784,1.5666888677521702,-0.4690039289160356,1.702232303925675,-0.09515567674787297,1.4374320088393038,-1.5936889602914204,0.44342916588445125,-1.2733639401134595,1.4097866859982089,2
1.0230503163941962,-0.7644361928451985,-0.9543279350099516,-0.6952289316546015,1.0031349586674425,1.1602386907534779,-1.2750772812698272,0.15672621145433016,1.66174909253552,0.8662416732505989,-0.78689512874922,1
-0.5418457007958299,-0.5840061499746464,1.6757702343047187,1.2035928458193046,0.11313025114592097,-0.03455036693916466,-0.7221725185628178,1.6655485589931387,-0.3094253143196116,-0.2658856280046311,0.49026068029538705,1
0.6060504413432127,1.5946308115284291,0.7073692699453424,-1.0782586317336718,-1.7447820485706758,0.031499531861168786,-0.8499747203065288,0.25442222497400224,-0.9775970256846046,-1.020065695567139,-0.2601230728938631,1
-0.005898545117353916,1.4147181074384991,0.30435449671200093,-1.5530499201097383,0.8166689952898831,0.7680458647555902,1.2907690399049427,-0.6696494018573026,-0.9463727821604064,0.7015034357193793,-1.5095232607515405,1
-0.9534215589603078,0.6003928036483195,-1.4310130041850275,1.5487322674048971,-0.5700251080337101,1.5697130638199805,0.1921535327895842,1.2152501590800482,-1.706025724264337,1.2269063713545312,0.5405109476440905,1
0.563302158107744,1.0776362466439628,0.09737566612664189,-1.0576266346116012,-1.3093081453617725,-0.6594632602172461,-0.04522551784611662,0.6148003341432354,-0.02183136297179123,0.5809066643362812,-1.540571454784644,1
-0.21976882788492608,1.5735960919451077,0.4296223171799233,-0.5303333969233857,0.1999642683386175,1.7064878469746014,-0.07927106765947406,0.9347504900264169,0.9373000109326841,-0.7825087584859588,1.0526186072707187,2
0.5540567055435822,-1.486142719511631,0.09235221792561006,1.7065282190113364,-0.6892125127992246,1.1629452601082082,1.0717025324811944,0.19024471787617311,0.6764844025525374,-1.311167322067696,0.7059277829555725,1
1.7062328773727815,-0.5921861863318176,1.481992579760134,-1.5352376234687315,-1.2322701832875584,-0.23029520247926397,0.41339330242606465,0.0055878113401468124,0.2911747946407758,-0.9495674967876169,1.3576222830135523,2
-1.418669080749998,-1.5577723290053216,-0.11988601100420365,1.5306368481544421,1.3762252145038554,0.6984278235538959,1.7160528345045785,1.332470382539567,0.5157215757458826,0.5027715936182258,1.1522524061113197,2
-0.021326856537907068,-1.4172170683506022,0.6501112129047417,-1.30524814363016,-1.3157573369916913,0.8010657477580397,0.9274919996516865,-1.107122235576004,0.08037165037421026,0.7090364046383408,1.5485318976187452,2
-1.4969904302354997,-0.34965669341194433,-0.2860331913729635,1.0410613840661103,-1.1494896428357686,0.42136462654534057,-0.45300404869928823,0.9966519962900869,-0.19216516541304438,-1.705808307571634,0.24745153104571146,1
1.3307678075190361,-1.6535505681645684,-0.6552301359844247,1.554633951349042,1.2058261567319097,-0.31975590565669115,1.6390648830368346,-0.2861778439044973,-0.6829172652066726,0.313616146487614,0.1091114598155658,1
0.9438199162014848,0.44618983433967263,1.5088248998107776,1.6425494363257085,0.23109950117927142,1.254339214107472,-1.4211119357816342,-1.3907472355078763,0.5147221546907549,0.3652039957050536,-0.4284270684034348,1
-1.169766662653745,-1.4577633838790773,0.35604302367205803,0.2071122916684275,-0.8299340120379559,-0.007369744017440212,0.1725015822087971,-0.2848535056586316,1.1588343783874884,-0.04649440217860156,0.821635913355937,1
0.5603143912195149,-1.357960250130814,0.15969951081245506,-1.1420801177818554,0.5824000084566537,-1.32624415250131,1.293823515040355,0.31297656862834317,0.48684778807405543,-1.7047000086962005,1.4986539426655014,2
-0.14081571950409194,-1.103419183193527,0.7064918968099957,0.4601216380496146,1.3069691912054706,-1.0577575946078295,1.1514668679368265,-0.0003619655383692628,0.280595974008713,-0.5334359034022281,-1.028214319848958,1
1.3204464011493784,-1.4265480023492454,-0.5007510295048628,1.0323416680649589,1.7475933357172206,0.7579674160410086,-0.8559365646724638,-1.3800118508997186,-1.648306153194213,0.9621441603154463,-1.32461989868279,1
-0.9517005033057169,1.6208543787561362,-0.6712416764424742,1.2171687081773326,1.655476233963731,0.19795790696142,-1.0381195946814665,-0.6280843235172844,-0.35809436807394535,-0.03625995475077115,-0.0995882752748764,0
-1.4239798884954176,0.8163198909628567,-0.1406485082596873,0.65797895036648,0.09063871877465081,-1.6688162194172018,-0.6920616544867978,-1.1746177352818465,-0.7159287722451277,0.35517735431636693,1.3211887794515784,2
-1.435794020566893,-0.6876692596427573,1.6599686727906042,0.9170219304855638,-1.3098472279923572,0.8754902313598071,-0.09390610628251125,1.3037704826810899,0.2289385394289996,-1.0406038591025144,1.7280185462808588,2
-1.5113822421002512,1.4857144217453522,1.641592793647685,-0.33995764053720323,-1.2963457712461273,1.7215107998321115,-1.6248170740906747,1.1092240141105232,-1.1575556821566222,1.3388618749432344,0.8227626343668553,1
1.0503108129950371,0.9474908813309375,-0.2916568477243081,0.10409356153710762,0.8362816853384286,0.32116002133454696,-1.0352421176618427,-0.9160373783124046,-0.7958424337435989,-1.6807849970247388,-1.3281015963826945,1
-0.6048583752687867,-1.0495743077746602,-0.777054128113954,-1.1645452424737492,-0.5176948324682072,-0.31739587353695997,0.5420658914008835,0.1275875983799974,0.9639286127079469,0.35590467545337007,0.9247366172284454,2
-0.48453764397700516,-1.222573349139422,-1.4475172307691293,0.01609757541326882,1.2422386485451746,-1.2069102392889304,1.505091857384354,1.6291175315615372,0.5599104233888866,1.3949868226819795,0.63563621842341,1
0.9465983250032594,-1.7606947202312588,0.7351132069349519,-0.22061249702039049,0.5611530621619776,0.9643564482703787,-1.3520910625793827,1.0674889120897233,1.6321643600251419,-0.5567794484660443,-0.1077965340720389,1
-0.8487516570833891,-0.1812995243768821,1.3239303754195146,0.9159065122323649,0.22367959076686159,-0.31939783997656784,0.8990460312529279,1.6856727511668366,-0.8806398885303881,-0.797020546886165,0.2635671166269621,1
-0.9471760979689818,-1.2797489214358215,0.6448342937106241,0.509905381129064,-0.10905139806100825,0.9967487136622325,-0.8771514300463604,1.3977953030879864,1.177634538194592,1.4451200296254127,-1.4335085812124206,0
0.9322902178993668,-0.9473792850599418,1.6955713503485492,0.8680240625434599,1.5377362010907705,0.15701166407978803,-1.1451821980587567,1.0244301169541516,0.9217568049962784,-0.5137809155332137,0.6535074018915696,1
0.4950932275117272,1.6967010109027394,0.697160366370764,-1.1266975621627264,0.6127112671763212,1.5182682388558166,1.5097251761412365,1.6383102473013056,-0.26223332699402657,1.2320495708233392,0.8380359803027223,1
-1.6113933192998278,1.6889499184663421,0.6792795097902402,0.6695601449120043,-0.28191745516856176,-0.3378762321339429,-0.5670808224108307,1.3783083790430477,1.2041136383107827,-1.6371284116346196,-0.20609067148080207,0
-1.427645568443582,-1.4821984738038099,0.4553205797081773,-0.7625525970230805,-0.2375761796551704,-0.5344158112473743,-0.14314260773754547,0.31128068886261717,1.6548609853193446,-1.4951795697294996,-1.0940605968952937,0
0.521938399712755,0.9777823486435597,-1.6733115669576868,1.62937815041811,-1.745618188498936,0.1950648800288489,0.06046701753082701,-0.9989511598805597,1.6162870075556912,-0.7467488025833026,0.7506932305885388,1
1.6094504707701918,0.31653078781742505,-1.499183613464785,-1.3144519856891923,-1.472773470117451,-0.9745242984772614,-1.268727886778231,0.6778197449560234,1.4671380871130832,-0.44710981130792254,-0.6933216919163442,1
1.196787511310131,1.4123564807301447,-0.3918301875344259,0.05452820466469673,0.5643834102851741,-0.010583589071285962,0.0027249759412337022,-1.4291591928129612,-1.4254507940400887,-0.7252581947018516,1.1263432296187492,2
-1.2509126786652787,0.13381001659327402,1.4446312003316266,0.6508113946550349,1.3938393509565281,1.6602308344714738,-0.04490863311727946,0.6837994121061515,-0.7233264156251827,1.6257034776413442,-0.21974440177606683,0
0.0013581902616150723,-1.2831276993988807,0.08147238872166104,1.1718931277685058,1.091627787496944,-0.24586473499446956,-0.4755333965995436,-0.318045843290705,-1.2169960569092684,-0.6201429732349639,1.2224078417968791,2
0.7790163389327042,-0.6516826358224178,-1.6424623726720142,1.4648331397715915,-0.29954228494717505,0.40332321156779555,0.7046374152173963,0.6214258528294265,-0.9660290899369333,-0.8159308964482476,1.2897954883208862,2
1.5069829690424397,-1.46027907178703,-0.274393755704412,-0.6702174537890223,-0.14913105055334883,-1.6255003042607734,0.7319452222662358,-0.5110186110180555,1.6290017981877316,-0.8868100729662,1.51985034896012,2
0.28563786800177154,1.0282088291422253,-0.8565314823376965,-0.1457810794986677,-1.5270641885563347,-1.5716097702194858,0.21563423086930691,0.44928503646507223,0.6375399674042416,1.283533517021207,1.1030025496563032,2
-0.5846691140132662,-1.558195056447961,0.8925956312704889,0.17209428947202468,0.35820636556457613,1.2466841706408884,1.5806150738166824,0.2992392275859076,-0.01967842991329356,-1.173790213023739,-1.571942274184197,1
1.280896502713891,0.5940550257293475,-0.6244335218030879,0.25092712127004085,-1.466569105990753,1.3881585077300564,-1.1694896185152295,-1.5204725650600333,-0.49914763262512574,-1.5822849344705945,-0.1084100458407799,1
0.9341330751147084,-0.3428279567797416,-1.4742382763978945,1.3007310828038263,-0.6842108540596777,0.1965597376644209,-1.6031566278178866,0.05280334859959984,1.6551937967543318,-1.2176892387928593,0.6277172055014134,1
1.530810172838453,-1.5650550185471244,1.6613246351622761,-0.5277302998565377,1.3859725358374317,0.9140123841058895,-0.08546773592560274,0.3203057083455076,0.5603217074291419,-1.222070482784807,0.4244642578212573,1
0.6699703420074382,-0.5173994026268981,-0.8418337217576914,-0.8750894545899095,-0.9193263946121237,-0.6053159519132547,1.2413222796587409,1.344072721375473,-0.9656022387027849,0.22855420779809962,-0.18167329262283968,1
0.16271817594588509,-1.5425228832406586,1.3479643931166518,1.3324085978349525,-0.27965773617182776,-1.542401532050768,-0.9671063805189078,0.04746914611321051,-0.34224368082307394,-1.1997832850866381,-0.5553278696432585,1
1.4895038049350025,-0.6943437368542963,-1.5153847496941555,0.2768646597247841,-1.3552936827503044,0.9649197784124943,-0.3419067201876779,-1.2670284516194,-1.5531460711330265,-0.19182009221980767,-1.2116605238388356,1
-0.1548599716042573,-0.444841639793484,1.4631662994587806,0.12375582707928277,-0.24714920881764493,-0.8551937047251867,-1.6429546612067902,-1.2490628983476484,-0.8804631885320771,-1.0905812115165898,0.6137477540155601,1
-1.0759641776194901,-0.8115050110259036,-0.09946050868644989,-0.4238083310018944,0.20651979675033844,-0.9142809525653165,-1.6608479131405873,0.05093475699223938,0.09107045989705895,1.6168717209777341,-1.2098993237263163,1
0.35216661260469484,0.9394517305489436,0.8467600213814651,-0.7360110735847086,-0.2075729799310583,-0.28585034167526274,-0.7052363232675359,1.560969230545196,-1.7444503419444253,-0.30443364826579944,1.3053818433418596,2
0.4201464086481044,-0.7854311159371888,0.8574526459188485,-1.7236810707518724,0.25143093370396463,0.06670628801893681,0.08331768613502978,1.4669347228552971,1.5066878774130454,-0.0703920966801345,-1.30862023554063,1
-1.1707006974873422,0.2460655190378504,-0.42747671682637944,-1.3311925252425534,-1.003855542418511,-1.3699702639324063,0.7112312812908878,0.05507936662808458,-0.12222557600078207,0.7401380418301909,-1.3669935205951398,1
-1.2433309512524495,0.058044494523974366,0.6944032878513977,0.24382742289552206,0.2996415035115346,-1.7512841045208856,-1.1699948445110742,-1.3426498184864,-1.5961109208024054,-0.14231030339380574,-1.3607188882923775,0
-1.19925552406186,0.6348370869120513,-0.5617008638481303,0.7916552267007827,-1.5606233840225834,1.3447734877557453,-0.47144949293356664,-0.09729298700873262,1.3246696659620134,-1.0475653614138305,-1.2969706185584402,0
1.1819912906362546,0.8604731617418231,-0.5726495819549514,-0.3497675835048306,-0.1951661885348545,1.6341185500733604,-0.6726071909246926,-0.04401193133178867,0.04018107624612324,1.402952720849157,-0.5232078878245662,1
0.3360929931815863,0.4243954574821478,-0.9484053968777372,-1.6146788378024441,-1.3205269095887402,-0.9105987423463195,-0.8076027072845084,1.5469897314997498,-1.2541112363707603,-1.1944842310884722,-0.9005080965810318,1
1.7037045116977807,-0.6579843603021116,1.2288041431270254,-0.953039932377442,0.1765637631607696,0.35870583444093357,0.15055513500076873,-0.2031026982337263,0.8020767260304666,-0.6148266020668693,-0.36433883956324725,1
-1.728063825948164,-0.5252891381228337,0.9396137240757703,-1.6556517486325133,-1.1071852936145692,1.1401336530654422,0.05859142947384485,-0.178828482446904,-1.0256383176746697,0.4821814785730644,-1.2130837055537895,0
1.5741721508623219,-0.17990217066262512,1.5766114118565018,-0.7880794870559255,-1.2741589155281137,0.2028121171652102,-0.3137428354057403,-0.293323484919907,0.5070084029098428,1.6553158382193307,-0.36274286496567154,1
-0.8002739331369381,1.346790663833847,-1.3242660692791273,-1.3992699744413015,-0.6812363141760609,-0.03215720471698786,1.270546065662726,-0.19808765337892928,-0.11801618281878402,1.482438530821647,-0.5144217376401906,1
-0.1156965152318508,0.0017166980098641748,0.7395199189297709,1.6137429628975801,-0.9900316806733397,-0.7072547794769664,-1.2200766559784597,-1.2532157143192388,-1.0459504546579639,-0.9542431326683516,-0.891070880518669,1
-1.000281567092531,1.7118781040834428,-1.1799150491758557,-0.5894493691311644,0.57386582382492,0.6115871686322858,-1.0938224472225422,1.128782304923,1.240701272446316,0.620909326871456,-0.6828160598752083,1
-1.376876773366098,1.214488375820067,-1.479544212242213,1.6042336785382956,1.3709449439596129,-1.0354529255927887,1.0328404787738208,-1.1197085478889637,1.2439481192820214,-0.9302588523171754,-0.5877512617181299,0
-1.5206872643254328,-0.8975190114261806,-1.3767162120647818,-1.0914014273399872,0.26230114383474307,0.2483398199534423,-1.023640268641736,0.41006218875005657,-1.7324009468341324,-0.37361574213074444,0.10681376893761686,1
0.22701033342368923,-0.6097015808692766,-0.9989360858960573,1.0053877102214268,0.009873605617809637,-0.7742930033288234,-1.0057699010730332,-0.540278541751132,1.4430303550282102,-1.4555578849327553,1.4739078684907243,2
1.145973776414597,-0.18826221693314749,-0.7005221032118045,-1.4775880995396307,-1.233967908993747,1.5122991007819997,-0.44486760524787194,-0.6172501356721728,-1.449150645507207,-0.46697260521608075,0.26330703373931874,1
0.7111182331877606,-1.2757548440047288,-1.4076351421249813,-1.485027856991709,-0.39354182850662306,1.5717195407421083,-0.3208322646231482,0.3352977004079884,0.4029490228014194,-1.5450357019540746,-0.709453169667815,1
-1.7196916207140178,0.22555029447490696,-0.408305547682563,0.928131475537255,1.697713582657722,-1.2343269888265174,1.0331901278170952,-0.04421227737758255,0.9646019698903542,0.777231419817353,-0.7392318679632962,0
0.5524546394567408,-1.590910712367022,-0.20090621201706896,-0.05812149846839535,0.9516356573036301,1.5034229677564384,1.297221327725912,0.943636238911393,0.6891190208818351,-0.6998019549067405,-0.4618711545701369,1
-0.05179676035170601,0.29329282893276587,-0.5153530567439605,-1.061899484084604,-0.19496810064828932,-0.9386356684482215,0.8564089610914776,-0.6498900000234894,0.9137771669709815,0.16235066716088195,1.3547825235779463,2
0.4183248127267524,-0.32146202778323785,-1.6006934605631538,1.7419024618835461,-0.8198979714968038,1.3845094099656463,-1.3687831039680078,0.6915171676523123,0.6939985696959359,-1.241205955555962,-1.3133327195189561,1
-1.5599177304515865,-0.5059502109918255,1.457555965498378,0.9025158440235408,0.5514736897584169,0.6247639949793157,-1.1824864142649987,0.5241049283628575,1.510482881100454,0.8505523172952446,1.6407257384009626,2
1.419322583583173,1.263797602912592,0.6116054923343573,-0.4304892003200243,-0.5525235883419456,0.9118512246486714,-0.9126606920604299,-1.276111213945996,0.6727004287040715,-0.9571004657065784,-1.0184086169607733,1
0.43559994420213954,0.10332036602719444,-1.3119780966211223,-0.05106563485985536,0.4600370971597909,-1.4062542011109647,0.914594264547242,0.12610704659172808,-0.8502410751214632,-1.1232067596621609,-0.0993667796795201,1
0.6131034224574005,0.47955268492359654,0.6705466191415007,-1.0689356484411052,0.6252474172886303,-1.3437671907355124,1.7310243132896677,-0.02144283605706071,1.3266934322579749,0.29061894482237066,-0.9257106945500675,1
-0.07055996578958852,0.34758385205634856,-1.699135434354621,0.7670306013777415,0.08803400259890884,1.612872524678253,-1.7591216027488237,-0.9812613688577455,0.07803818160435214,-0.4027432219507288,-0.6915031257116729,1
-1.483947702040761,0.3448260514862243,-1.1263337344111533,-1.2751350818873437,-1.190175207363351,-0.09238860421817731,0.923110872984156,-1.1862055947762253,0.22816079234616063,-1.5902681498077007,1.680934887218939,2
-1.4467467613134954,0.7030544922369658,1.446632766633668,-0.6755633625918286,0.1181373157934841,1.2384365368679058,-0.4940669831618381,-1.5072011489730348,1.448913241514816,1.281420822289912,-0.9635957260414377,0
1.7309445172065863,-0.4856620496122482,0.8806007228663055,0.6586762226123195,0.12785848448794712,0.6833772869810009,-0.2986189781383983,0.49291325779859885,0.8809677239675842,0.33571285531656764,0.8460060869184773,1
0.03698640025021214,1.1417082783287948,0.28449081152911887,0.7359421426770708,1.6985443704922634,1.4901917937600357,-0.8645610796819578,1.2723906993178207,1.4162139414514834,-0.3658230156628533,-1.6502091391711846,1
-1.4388867447930043,-0.9964691691051171,0.7199225980463838,1.4428760022684026,1.3331488269752292,-0.4871196614278791,0.4343726644891465,-0.9410899040133738,-0.20396879631231632,-0.8945335307543766,-0.4427251628488542,0
1.032482882025263,-1.0777112011144596,-0.7425803507895927,1.4713871805638714,0.5622183086540141,0.7635685526145178,-0.16801195038018757,1.4977953923365406,1.2819615897420245,1.434158261060579,1.2087215348214775,2
-1.1988514832004413,0.3799271202436124,-0.8140728326564655,-0.405579715062873,0.5037192168999083,1.2088752171459762,-0.15708106267868752,0.26182356022519526,0.3570897258349843,-1.1830029474257793,0.5021013628399928,1
-1.3169081868484032,-0.8227279130759769,-1.2271567837519604,-1.1766761245488744,-0.47655329972254873,-1.2251677446301648,0.4070083344897546,0.5306489820541282,0.9788641137342362,-1.1676772520389265,0.15379108344647385,1
-0.893602441870948,1.146294033703805,0.36765117337700814,-1.110780841274381,1.6858891105478269,1.1244586560431975,-0.33376918129012123,-0.7917942092775245,-0.08773685980279888,-1.5198045853680358,-1.4534667979136526,1
-0.791394043298316,-1.2719685260467763,0.43476950846441975,0.8713702054069435,-1.6355587071684587,1.5273474140162835,0.5995080547569934,1.1403137137272363,0.24402606957969786,-0.36377958961127294,1.1841362043811556,2
0.003474282543459493,0.8671241852401896,1.5021185147389493,-1.6504550519882328,-0.23956449532142265,1.5507308676078149,0.6830575536572961,-0.9804645511435434,-1.5452091144862283,-0.9221890511304259,0.6882049415348944,1
0.29063479835281547,1.6539422967351292,-1.1208336078576366,-1.6660745510566204,0.30775828298341995,0.5500673629008381,1.6770570479141624,0.39374503001910593,-0.44615309751715543,-1.36897203528952,-1.2564239190676532,1
-0.3103814610578138,1.4232408659720144,1.3097516376614127,-1.4035721390567186,-0.19561321355528782,-0.08244141593685818,-0.5178076926727985,-1.1698269811186308,1.5369069627407128,-0.5267341586398417,-0.391174407761785,1
-0.12338387522028543,1.1798942524520981,-0.5789777341426321,-1.370283230142477,-1.1291110679816498,1.2429689858575068,1.6754268850441978,-1.4457045386416012,-0.4647648431565109,-0.3185125074177895,-1.1707837886856673,1
-0.8836955309841539,-1.4982212748499526,1.4015718902941023,-0.46795254672740605,1.6455702292626433,-1.137340017515327,0.7753384809534873,-0.5673421957195102,1.7501380434153417,1.6479560409996556,-1.1507483485330956,1
1.6098533578796368,-1.047442589635179,1.0514290267555562,0.38601268876998907,-0.8707627007917178,1.1747599723068853,-1.0523200587282573,0.4290600202053411,1.5919408599553522,-0.923851499443576,1.524300020492904,2
0.8548625583684598,-0.004357124240400605,-0.8802252095433251,0.9445769734628539,-0.04909026027988119,-1.0236331663186473,-0.20584739671369373,1.2466151622010935,-0.7953234632165191,0.9351120580568282,-1.5814978979097218,1
0.022615430732439667,1.0543441833333576,0.6027205584178483,0.8191240775568835,0.6566296084323475,0.23073495082431125,0.060275871860954205,-1.6060085149205565,0.7990373256640372,0.3702259749843612,1.4464448859286756,2
-1.6387598924335913,0.04905660110950292,1.0990645292748842,0.5732096343976248,1.7634237247807107,-1.6542902605727352,1.2160623592796596,1.6583187680888767,-0.002178873596907222,-1.076744792743601,0.0006665468544119835,1
1.588824086803053,0.3838026123062531,1.3765752760089096,1.5074062741700058,-1.1636579652650172,0.5488311580323934,1.7047010805438276,1.4875229778389776,-1.0955041993579553,-1.5714963376050473,-1.5418598654509776,1
1.0266746834795426,0.9229338597166448,-0.10195591127865704,-0.4389708083800697,-1.3196930020398219,-1.0333701639807593,0.5729087348698315,0.360177839583962,1.4328937546262501,-1.2780742103340517,1.697376923736277,2
1.3572457256625254,1.3645427668765138,0.034309940089666695,-0.1414681618601074,0.11677252473370421,-0.02675081959715728,-1.1851201074305968,-0.7761349762819097,-0.5479267388762582,0.9707507937699839,-1.1454939425974089,1
0.30391295513744854,-1.694591203547701,0.47937964092083307,-0.5309218647102525,-0.1118093289118058,-0.25801589368008787,-0.9454197667904007,-0.8183336863227815,-1.3094059270966527,1.5693534066935266,0.3859665487866421,1
1.3270751745212859,-0.7919167112783274,-0.15475517267612476,-1.6784870779255998,-0.21014496133533184,-1.5617066164518,-0.25025633937840847,-1.367923004812945,-1.504151408477996,-0.8824980976539668,-1.5507114656867034,1
1.462103719377522,-0.009944195241053914,1.5352102368232008,-0.7196917144774977,-0.6310353623042687,-1.1535611169607716,-1.7380500266622483,1.6663826350913278,-1.0244745873486945,-1.4325780004374407,0.316160370854701,1
1.3465065214415664,-1.035240013191424,-1.009427925765601,0.30464947134765524,0.3235258498517206,1.6103253556747605,0.16628984489909468,-0.965857826830992,1.3349111646544836,-1.17301094037695,1.2247606439148029,2
0.14283715792349422,0.8887012584223459,-1.6665532598642057,1.673496918412775,0.7444664115430769,-1.2790268970813645,-0.33322973899708264,0.3212969044709426,0.16018940950750787,-0.6197100439867478,1.0332433082525745,2
-1.529514498873955,-1.550734377168787,0.6931425526891367,0.5393038698464162,-0.48028374515900396,0.2110705065050766,0.08024360647305975,-0.3718176557960708,-0.39697106792847675,-0.27565251184438805,-0.9119137078414108,0
0.9255005414855272,0.13563800825701605,-1.2557587528345109,-0.24228348414322237,0.747567718804174,-0.13979670580628076,1.6747937356776212,-0.32111057001752963,1.7284858721503447,-0.851777438200547,-1.4110845545076849,1
-1.2162345151756513,0.3076472615797912,-1.1560655906652675,-1.2970506341225092,-0.5946074925195384,1.589526079064477,-0.3425230930595481,0.6871430361232866,-1.4641197025397332,-1.3086043809182564,-1.0237719259737426,1
0.6305055438158913,1.5351986790755252,0.3411137289574555,-0.9074315544730925,-0.1218727244417076,1.6748920957073783,-1.1408885993912987,0.7602295371147736,0.16963653969392514,0.2023013781862707,-0.48262300942803177,1
0.7511699188205558,-1.751447221696604,-1.4081265585550575,0.7563318694401223,0.7134734450023705,0.44015815192775,0.02254594756390179,-0.08543446888512002,-1.556249743240079,-1.3232027551681058,1.4847746887572142,2
-1.3572093924383846,1.273090511480036,-0.6273996972054972,-0.392359098346501,-0.3858851353420814,-0.40869034966299117,1.7320171194669525,0.4993719451024857,1.6289337823785248,1.6843047806798859,-0.46172678469258926,0
-0.3223323248545186,-0.1101356984787467,0.5393715937647553,0.612029622554791,0.7389537861817023,-0.6705262457213278,-0.1320607493213378,-1.704103163815374,-1.224112508641906,-1.5132760123049358,0.7838302205487537,1
1.3350205346682464,-0.6608406731718471,0.9223504426502361,0.9396598344695387,-0.3528359338042141,1.0337933404224526,-1.1503517661171831,-0.24164844682100986,1.7303435782503527,1.4065720093642442,-0.32598629623635944,1
-1.4324456221810946,0.21357551274378922,0.6518051453454488,-0.45501143027481045,-0.687115388273726,1.0831406833635122,-1.2399970745121789,0.1043243482382726,-0.530648915178966,0.021943053379411607,-1.3958411010703384,0
-1.1306292777225562,1.1282563187532448,0.5919598351612828,-1.6973895138268467,0.009899732141409481,-0.11910933302883642,1.4275370059208599,1.486400509915864,1.0020144190562923,-0.6268447179973503,-0.9044325481187884,1
-1.488985479139772,-0.5126179837103226,-0.6538596783305357,0.743905602722516,-0.27735076239960355,-1.2958965729903411,-0.15445305950748128,-1.5441008485318513,1.7307699362860651,-0.23492252817221018,0.5294445031502654,1
-1.547953462824963,-1.244422085225032,-1.3487481906122638,0.8752133170932621,-1.2729756018112877,-0.34322768438437073,-0.06662570567091534,1.2251220661530793,-0.6617173130988043,-1.7042497622780557,-0.213299189557061,0
-0.29558183411420347,-0.6976627336926174,-1.3093689660642873,0.8439103205844999,0.13690142794470475,0.43199658202246477,-0.01666600159089053,-1.416708356998045,-0.7755447906470001,-0.4566862062784644,-0.6106111450658231,1
-0.1781723333809613,0.15628243203438852,-1.6919039786397783,1.163937666896679,0.07030209559159381,-1.6503297431767954,-1.229846992866932,-0.09723387377728258,-1.054577739247499,-0.3666369226494997,-0.13032662260069489,1
0.9043130533201093,-0.20492652385511917,-0.7451917621533055,1.1721652476983384,0.26688007591506435,0.08618704952641472,0.34376777515065454,1.682178355267441,-0.4184924115958042,-0.10705254541908031,-1.7165221252418912,1
0.7459447339468235,0.9869927063405967,0.1765371156643884,0.952943542646711,-1.0865782889420867,-1.7207970705273687,1.311732583913826,-0.9590870425733476,-0.9613261379592931,1.152719615380207,-0.667154191739686,1
-0.1267809629359008,-1.7317208194157525,-0.5531929009355044,-0.9227226866464078,-1.656449803604962,-1.5798635820506994,-0.3081118221411971,1.2830754818856647,-1.0736857364894288,-0.8752422034538637,1.0602252254326605,2
0.3112961524971291,0.16574964724608332,-0.4839933596874807,-0.9264263535806904,-1.2406214796045818,0.4054108796294504,0.2095988583231385,1.0829414730752391,0.43896741267247513,1.6707800709656124,1.3526450528619658,2
-1.1903661709048408,-0.3044013477416919,0.8764553333339867,-1.2975256429825412,-1.0787177773604635,0.6861704119323226,1.3550627036951375,0.32859913678808766,-0.4883217909421399,1.1261550767096624,-0.9581094193798376,1
0.17477702966052341,-0.8399058579753066,-1.5231659868305099,-1.7365119794986459,-0.9132634638429659,-0.3819253914487356,1.2496624188864967,-1.2360193555618983,1.0360141604483926,-0.7491905235432418,1.5651935588324195,2
0.7134347601555353,-1.2074352351764537,1.1752970109977383,-0.44912751182675076,-1.0736323100111727,1.4853182617131717,0.22980332243736318,-0.08221707477358899,-0.34855066991644285,-0.43432973990058105,-0.9529893237489828,1
-1.6218319521545024,0.15746299936623354,-0.17426785200677947,1.1631044996585127,0.4800044368066786,-0.045669506411776056,0.5749784870907351,-1.0012056409846608,-0.5276177154730601,1.733208468558385,1.615592143795222,2
-1.6303685361333955,0.9364248059579127,1.508175952734756,1.2295146429788795,-1.6317344835507863,-1.0108244123586114,1.1440829290727172,-1.6699731526059534,1.6188689960496558,-0.2688641812323584,0.2871884872901373,1
-1.5570417369807728,1.4659621533792302,-1.0034654151143758,0.4657152448428646,-0.015936472399153422,-1.7119551630394625,0.672482429662812,-0.8366121274872642,1.0626411257658088,1.2468037996025465,-1.0837990752904663,0
-1.1267191018815623,-1.501053599996477,-0.47773304387825766,1.3069423154285267,0.6270567644990713,-1.0652788345143858,-1.081120075143614,-1.3529294497862736,-0.855162872246267,0.30036851149219895,1.4644009404969673,2
-0.2343796569835451,-0.7685914138066745,1.2605503691408813,-0.09213984604027083,0.7075342807152684,-0.08835334748110495,-1.3775798451353836,-0.010357512707693297,-0.39047714744231293,1.0989151684119007,-0.06353476317150412,1
-1.0932818329358607,-0.5673580767997365,0.20553139481285693,1.5045188940576206,-1.740386968603193,0.7238314982045233,-0.4203041618283715,1.2153361135133642,0.33830911555183674,0.494615206581833,0.011437888442184138,1
-1.3735221620437557,1.2451357105314032,-0.13508173193210904,1.0154414334564152,0.45284638865593974,1.7045685227480625,0.057051517111568036,-0.27514524385938377,-0.45727732284059625,1.079225546203029,1.5671636259719104,2
1.2849401705100716,0.8462909624522318,-0.745508374825541,0.8453546927327144,0.7538002731095854,-0.8821642966996774,-0.46419592131583504,-0.46394705886863347,-0.6225681518450978,-0.5008796239363716,-0.03595964534468701,1
-0.44475103096753055,1.5969603470312526,-1.5588128952864697,0.6543328011910134,0.06472625229817967,0.6479792439697395,-0.8532098846329945,-1.2272201711649084,0.19331271926127952,-1.1124701143063997,0.6506864177653454,1
1.399944261171605,-1.2084993970665046,0.5379717751381674,-1.6436232463677645,-0.23957801772707218,0.8011856943392863,-0.19911082709396136,-1.6647584655894663,-0.4277752522958381,-0.8316895210833164,0.6339711671623914,1
-0.4383679251146592,-0.06369469907729045,0.579115256084621,-0.2018654973294182,1.7242799520543908,-0.8778528564420502,0.349488562123021,1.1693391399954811,-0.866989872484314,-0.7402202295202026,0.3161384715628142,1
0.7946666649568874,1.0466315138783973,-0.9090745651566561,0.07195327221451432,0.5901930129906822,1.7114922352730129,1.4454478829890764,0.537224049150354,-0.6728810098420419,-1.320691765528452,-0.8774327631549649,1
0.791406356995653,0.9925252620735437,0.2785869465272582,-1.483907626290174,-0.29416410679901966,0.9752820748866353,-1.046718885447278,0.7907839601834635,1.7449809415288164,-0.4342604712208665,0.4179043727561629,1
-0.7384980662485698,-1.050262560378879,-1.4666782510091303,-1.056869919713342,1.086421943086288,-1.5637188095477872,1.4046081076962733,0.22282469267224206,-0.4802339972555759,1.7074578368744868,0.11347587629506037,1
-1.108729956702201,1.280483317158407,0.7190063116720063,0.7971749011935996,0.3773062553650447,-0.19651498800491451,-0.33201575095306674,-0.14420550041612337,-0.509674639864502,1.1069676524287215,0.4944136467903079,1
1.4455151375593578,-0.3771744641798557,1.526956455689477,-1.2525460865530722,-0.41683295914378965,1.4781355121648247,0.7514299525192917,0.14878956526646317,-0.27279220523919623,-1.1887695650120187,0.5850464038454791,1
1.62705650934561,-0.06828153868509662,-0.9309323492404465,0.2878067079834139,1.4415222454212882,-1.7222572411723296,0.6495000779021288,0.3362592689911054,-0.10086495461023494,-0.1678011775287742,-1.4031371255615805,1
-1.3835664615038583,1.057652398031275,-1.385022329395821,0.2787522393752321,-1.4936002230077685,1.7209438137533488,-0.9928527288604859,-1.6462436513840193,-0.7061047409446487,-1.439123890670469,-0.5390902148819207,0
1.3105958504934583,-0.8993207329402463,-0.19433900206553062,1.2955667395876982,-0.29416707343553883,1.189079324076959,0.0018252446721711496,-0.9622611424048579,1.7334296579409385,1.151697902354417,-0.06075017431408814,1
-1.5651232573722431,-0.5350542190668309,1.4473305026517083,-1.4124950267063572,-1.049053722716666,-0.08850407717199199,0.6436138611398308,1.0673556216782278,-0.7782345313404746,-1.567184362292814,-0.3032075491717249,0
1.4862128780161,-1.4716264634011584,0.7525027689560698,0.4547246870409097,0.3286298786921982,-0.14661808800603157,0.07603021364155674,1.3845632723230428,1.0378332603456306,-0.2786830165819013,1.4275327391324744,2
-1.4137509392100291,0.33242276284486516,1.2683588724095947,1.1040263926041833,0.2893444143730299,-1.1537487279352874,0.4412037865950008,1.5714795938748807,-1.4339078614703789,1.5449361970941342,0.10100552104428365,1
1.00584504754194,-1.6011612055532878,1.453862272615857,-1.3712244835718295,-0.2098722970189395,1.150153703606601,-0.38182509525553365,1.512279847456373,1.3508551218768716,0.07327114504792148,0.7536241090892877,1
-0.20118951784077588,-1.2094767217304383,-0.833478903171981,1.0102045916534053,-0.7919418240425129,0.2989578057046092,-0.4230182377673552,-1.1931961273285332,-0.9346066293961356,-1.6239846796587765,-0.5591240494121988,1
0.632684881075736,-1.7485580972417887,0.04232051573020849,-0.8133908005454631,0.33583174707678753,0.8168908845749575,-1.1161996686219011,1.2554457241788535,0.7465949088934865,-1.4449078254266372,-1.319469592919439,1
0.7208134463366519,-0.3907088380565316,1.2346450179645476,0.08223736594737349,1.4762548323962923,-0.5176210770887186,0.0738349613286934,0.1088806794377594,0.3218356151258725,-1.353317313674023,-0.7301097168806716,1
0.34806070120736865,-0.18799902818757047,-1.6376025080304148,-0.45345938732091795,-1.2684199730957124,-0.7220423726790455,-1.3465698767434648,0.7140407488595935,0.9577453796793757,-1.3759681719406933,-0.6563112533595669,1
-0.008586903969405462,-1.5875332883890618,-0.1763112506785588,-1.360865966774984,-1.5030267009597007,-0.33217145233074136,-0.4686069191983913,-0.48318258536779496,0.0543892244002285,-0.4719253158156738,-0.29951002442125607,1
-0.9806883878104694,-0.4634584517294907,-1.158781672215012,-1.2162542667967358,-0.2507892006086765,1.7435912160003828,-1.7202859353966093,-1.4496303033726465,-1.1477221864629514,-1.003389260925852,0.9965952237425553,2
-1.0014363356157123,-1.2414576362533167,-1.693861928130884,-1.6382866758889663,-1.073068375848101,-0.9066832290091419,0.3069065859588774,0.8638504572966309,-1.7456890712819122,0.6893814167693264,0.5096053398515958,1
-0.8438829944427695,0.3184602925847421,0.3058979327790923,-1.1713392085005012,0.9018069678511722,0.23940947937965842,-1.703986880653782,-1.5813730688273668,0.3731179390855587,0.5285222253021239,-1.1770068386270167,1
0.31049200438477237,1.0069246871890856,-0.7208479988762116,0.022488701511208752,-1.2269487688890832,0.3552299257747491,-0.8443383837982305,-0.2614018476632703,1.665895120670638,0.7995532518553791,0.34637118748558277,1
0.6843636405365721,0.08258430210016603,-1.3045649583888894,-1.404896977591721,-0.9838475031164068,1.1700441244256763,0.5554660023242779,1.3117301898983558,0.4697704325827849,0.4292948416109763,1.559400463126858,2
0.7044199290973189,0.32756079255891063,-0.1495692046074482,0.3447091073678497,-1.3418113920321313,1.4973329605053247,0.9986411906655781,0.5020778436218025,1.4894978932050666,1.5026303509584495,-1.6061994090848941,1
1.5930460236310333,0.2978565266335398,-0.18925428610696926,0.4100379970738598,-0.2556342343313712,-1.7121401988511427,-1.558926686277059,1.608997001779177,-1.3409238268341792,1.270043441646791,1.3722084679841826,2
0.03312503468852895,-0.9989334811733419,0.04195112369095151,1.0013790450076,-1.0162592607100935,0.31771385989604745,1.6489252820748859,0.07742025124889719,0.40010557024417365,1.3212329959558715,1.6941533996296803,2
0.4226485942102904,1.1275197984112932,-0.9604941255082717,-1.2139121317038977,0.5668580585962433,0.7358649292992538,-1.2628196135514047,-0.8812237308130458,-0.057784399810581276,-1.6599178072607192,0.6403058113436061,1
0.03720571234352674,-0.5986567890991101,1.3313576831081986,0.4288555615700179,-0.8275977020788179,-0.35932336074267757,1.5398561674333986,1.1134697160638798,-0.35004639521495223,-1.4026712479706671,-1.4798741012702936,1
-1.5402671484764778,-1.759130571708372,0.25040526924532225,-0.04533375473148401,1.3978205018545706,0.5080278400548571,-0.5057580432495348,-0.28694188407594473,0.5307686399541505,-1.550023046893525,-1.1870621320102068,0
-1.02536588076729,-0.8843957874861188,1.1782347480961173,1.3176470160531182,0.33418314128102666,0.18272445119626882,-1.479736565608512,0.9271555535475052,-1.234339734963024,-0.8923342501734384,-0.08652649603334085,0
1.510883209453468,1.4869677694750936,0.6238433412451962,-0.9674657607164355,1.374623001997035,0.02309785205074211,1.636685508549385,1.2846065299691454,0.3049677163467856,-0.9914923651848714,-1.704732791196321,1
0.1359666625655054,-1.3174480148725667,-0.6421597952996798,0.8958690614745339,1.3090938393068732,0.6440735929101192,0.8511382256212312,-0.05452623130230289,-1.370491647866962,-0.8752075691140064,-0.6528269343067445,1
0.3903411590044499,0.8778524699446526,-0.6875939827429767,-0.17513272615540848,-0.008184057391669065,-0.2142414356390876,-1.500574701130384,-1.497108202999266,1.2655655394884686,0.2145965688356101,-0.3547851914512397,1
-0.9170547474602914,-1.1148588881457981,-0.5449715430073772,0.7420317429219245,-1.1402812294620595,1.545167786540815,-0.48651545058270557,0.5446583459235845,-0.708956528060847,-1.5364463856694657,-0.9567717475234502,0
0.49108974182152426,0.22927325201826765,-1.4668786957586857,1.6005037835460023,1.6660272106899796,1.439077355908672,0.3597181585743008,0.5229361440850684,0.8674088252726334,1.4336387459627196,1.0382778451580972,2
0.4092772157935686,1.286164689716763,-1.0920573344959186,-0.5487004242760829,-0.8699767345031265,0.9094905383155797,-1.0033039578823215,0.09404645218973146,-0.22037032156312095,0.20514139405456883,1.0833994058537775,2
1.1415655484662466,-0.13168819561804423,-0.4382736180501023,-1.0806607408644353,-1.1512789140011974,0.5622974557942568,-1.7211497714002175,-1.472219702222788,0.10379525510882935,-0.8227192270602772,0.8084171705733016,1
-0.055753301533223894,0.259275972281256,1.6002091405051453,0.46443038261861,1.5204835125467817,-1.0557423112117332,0.48460915169360996,-0.14540363368815717,-1.1982101627609307,0.5902406189278221,-0.0930988072187917,1
1.5502654315295217,0.9972969208878425,0.8557983640965405,0.220905549603547,-0.13910419160573304,-0.30324356660241536,1.0703444524799168,1.5366239105481865,-0.7791880580907325,1.212238728424967,0.9962720189558869,2
-1.291243899628666,-1.326748238953048,-1.1788071519102186,0.1663049440262098,1.028696332863389,-0.5566019938948432,0.23856399694426994,0.3942686384978254,0.2629822115178708,-0.8939447469768026,-0.5578586026351424,0
-1.6324683018165047,-1.5993329169504713,0.14623943165197847,0.9016179741285418,1.5746431336086228,0.25414227253605626,1.1473803362285495,0.858107237914006,1.3220805670728355,0.2483823673664005,1.5520628530182203,2
-1.3042735762328737,1.4134649458164552,0.2505607058885866,0.4642166944366313,1.7738537101524239,0.8996730029383336,1.2898448260454243,1.4008102988390285,-0.40688015122854293,0.13386392262825753,0.8503310469753567,1
-0.44886640786514276,1.50667506775393,1.2283634733984825,0.8726793956691483,-1.1272802119096073,0.6948016093707193,-0.019418933069591256,0.6676031999803995,-1.6468383989949265,-0.1768580574014566,1.1897163806086966,2
-1.630793868273833,0.8278242692246526,-1.3231721585286706,0.8925424736912074,-1.5541687012667336,1.2377596005587417,-1.1021894947954094,-0.7511972350837567,0.7967836744897373,1.3941382813554757,0.5292628339687484,1
-0.45043168746623424,-0.664922198676038,-0.9492796872556826,0.21442859753218338,0.7441905086538882,0.6034493438217345,0.6279893316273122,0.8438032974207326,-1.1826010565398406,0.40993424563074893,1.6743514239395165,2
1.0082482853324495,0.3937422947909323,-0.006800571107614053,-0.07638301989331096,-0.15128339193011126,-1.5654601853855623,0.14166819156916727,-1.20735207815336,-1.2682212793715495,0.3660352198616286,0.5569561814440823,1
-1.2014074808664885,0.2841102791251498,-0.38842611202836735,0.4176297368338288,0.9546887142922839,1.445068148314929,-0.9563819944418249,-0.7806000737023701,0.36317540908842144,-1.3727818126738223,-1.6904154362643489,0
-0.5297909731639091,0.09616032389720977,-0.4786306648796423,-1.595231363348606,0.808125417792405,1.750121340621233,0.16635321011198886,-1.6567969024854805,1.6905381323939017,1.6055636090143277,1.3040108234085375,2
-0.6252417788524676,-1.0492517760674585,-0.16914142377972918,0.9272310503941131,-1.1796453906316002,-0.08107373823877181,0.6004147191389798,-1.4268781777695914,0.4544833192275562,-0.40651836499517385,-0.8386379651293293,1
-1.5212349355201846,1.6772762381259734,-1.5429991957055982,-0.9999123181519781,1.558779021139056,1.0440118279583304,-0.5665789074458832,-0.8370912478839413,1.087394570836812,0.9950987346896616,-0.5565102813143705,0
-0.1131757832486212,-1.2541334040573626,-0.9985511051761721,1.557631245631439,-0.0400669993665677,-0.6688263720908033,-1.3768260633917802,1.190433774743701,-1.2332980670103695,-0.10992719562723573,-0.14695893234075155,1
-0.22264624380244374,1.0141514128819775,0.7198981447088361,1.301005735833559,0.10753077280378859,-0.25837644714013736,0.8032556357358543,1.2640562280202043,-0.45038998156583054,0.9923972561807927,0.14647094320648332,1
-1.6609440193601273,0.4594842180248445,-0.7540548291127546,-0.9555907368980718,-1.7359559705133427,-1.7458746909259564,0.013341586221531724,-0.10728406915560347,-1.2733004940609787,-0.9300164119381744,-0.7817940946473729,0
-0.5234406045562408,0.34019698465694004,1.54922627168354,1.0928693706001116,-0.7512151046949466,0.8806809298132956,-0.13876936704640566,1.7158729590936148,-1.6167104845777538,1.4549561821448842,-1.2009417803431006,1
-0.7532294288734431,0.6456345417278058,-0.1636973189181027,1.2388610389662873,0.35619689653959874,0.992170553446315,1.3985101448923571,0.3097936634107864,-0.04868685051255524,0.6083890130130442,1.4584070128568676,2
-0.774163521916378,0.3864233311157386,1.5769867833783051,-0.7906378967547243,-1.070533749595365,0.6033129447934951,-0.7479152264847401,1.3911761463022403,1.3032276618834506,0.4170169681315655,0.792522131175964,1
0.9597025234195279,-0.27963793850285723,0.6039907626633617,0.5955825024678836,-0.22440897219219882,-0.3916790070428875,-0.08365449091966509,-1.3879204005280128,-0.6707785692099335,1.1883583510933626,-0.43605292610903,1
-0.9238827387679176,-0.053470606493523636,-0.9864058333082486,-1.2613442734753055,-0.8015432528753356,-0.8871951004594233,-1.3224352865247522,0.9944854253018873,0.8076045965536558,-1.4999071571200204,0.32182478640490664,1
0.43376630485139034,1.6674015164809928,1.105446931429135,-1.6182126056404635,-0.8539277572973741,0.6851068229252995,-0.4065604546524834,0.23620500386167675,0.46712605095375737,-0.4643057610470691,-1.4182688556111813,1
0.7967183816326081,-1.6178680214976944,-0.3502710301733829,0.3527612368545466,-1.3349426034849516,-1.3392008371491242,-0.27021925084742104,1.6611951535041045,0.3059102397551515,1.3808906463600608,1.154400163281427,2
1.472225442682232,1.2601019207024269,-0.32829981445749024,-0.05134451649216899,-1.71788444194625,1.6646345850592528,1.3655864858607647,0.48999083801563365,0.8211600993865976,0.23243325386211658,1.5309673670657002,2
-0.3742596571707162,1.3690257528499703,0.025185453935235632,1.0547503479529563,0.6272604046222222,-1.558108006545347,1.5459987946044444,-0.7433385773701319,-1.7192524224650303,-1.0015536409134154,-1.6218890056193247,1
-1.5821979122105907,1.186799956720615,-1.1676219544411586,-1.3784111576122278,-0.646396252358425,1.647207158704763,0.1947746292234023,-0.17389240236015255,1.5517261890561271,-0.8666528871692548,0.8603920368272044,1
1.319229484665359,0.601872358002316,-1.2243030725987556,-0.3217102272573743,1.2812701087110576,1.11745779366626,-1.0731941348920737,-1.0680791112046868,-0.7489667205137611,-0.29011234873480835,-0.9052548361619365,1
-0.8665577192701406,0.19437650114977842,-1.254503052659371,1.5795594024162758,0.6784818842329001,0.732624557145006,-1.6686624169875433,0.9141738343347383,-1.1626150473754824,-0.8562799023819953,0.31578555229227045,1
1.566191763884348,-1.6110383136358608,-1.6600091352831787,0.5479344569907533,-0.4329607862383895,-1.2712297438440008,-0.5746445555513403,0.22348607756198755,-0.7282611447238705,1.0140783529314588,-0.8316102226708761,1
0.8803294122723722,1.0184670374142877,0.5869683485351925,-1.025977470347358,0.46184048933606475,-0.9793974249866049,1.0598313659353011,-1.5475295925244905,0.24748994527806925,1.5691109663145255,-0.8993072691203129,1
-1.0615127753760323,-0.12246321238146318,-0.9988792784509065,1.2072768475196654,0.23062942886432541,-1.3417103875986927,-0.8674507804113226,1.2748488052536506,0.6144397471605831,1.138450267359002,1.4678490876719092,2
0.42816398715880605,-0.501272231535818,0.157390718478778,1.2593563767694917,0.2847903473247826,1.324775322558157,-0.3851268243271516,0.6459383945199296,1.6743024981112204,-1.349732659498793,-0.9830585908127802,1
-0.6560174294061782,0.7918868553575453,1.3070366273447231,-0.34861896895142835,0.8758025107671167,0.08154777847236408,1.2817729372699198,-1.6785152892470487,0.6422005272805177,-0.3495275587599964,0.6104970983826905,1
-0.35564197424240884,-1.641537292320962,-1.0944078982950822,0.41045116653931013,-0.7868856124172171,-1.3487940184404128,-1.2562229759070227,-1.1546450899386604,-1.2081287638015838,-1.5902335154678433,1.4475982672506287,2
-0.1578621951913098,-1.5969930071860874,-0.102776497908076,1.1029871227863022,0.014605194984769528,0.8889197605877925,-1.1857481215504413,0.5050636898327766,0.18896661684295954,-1.047599995753688,-1.3142396797046914,1
1.685003277842493,-0.06251764318275975,1.669115782801392,0.8061996156252895,0.48420705759774085,-0.9787548655485341,-0.7213485676835413,-0.9882753809493353,0.16320227749390495,1.546667914086999,1.0631515802671223,2
-1.1122701108994113,-0.4929313017882629,1.6965292466293325,0.25721950002664395,1.1315721562098275,1.3703930184994073,0.18537014570022708,-1.5372604633295122,1.1558669235195216,1.3620668826476214,-1.5673102283922806,0
0.3681050164671351,-0.04358980055006654,0.9741637035020164,0.21026286871038577,0.48758411237219884,-1.1541894151193017,1.5581528894980399,1.0446367627964883,0.14116474160357967,-0.5909808590751223,1.6625079141034813,2
1.117391050737552,-1.555355679782525,-0.24544098643084894,1.4866713782874035,0.7833426147367567,0.43004418170354974,-1.3278201753680259,-0.46412926593265447,-1.104502283674027,0.3429687495166707,1.447397054853416,2
1.2531608502251859,0.9625585122631001,1.3713211427992307,0.5838801956132914,0.7127646831532134,-1.090810289629084,-1.125681801417403,-0.9070532809803851,-0.2817110100264846,1.491166384465685,-0.7481519724232124,1
0.18151586249020846,-1.280286067318209,-0.5721319691051294,0.5018308424689355,0.6484897544065384,0.6295842416419448,-0.914143951950981,-0.9879655027513444,-1.369875494637222,1.4700913886625218,1.661072225987056,2
0.8557372291328772,-1.6358549921269985,1.6864008397910781,-1.2780325132480388,1.1682882798929732,1.5920414553172324,0.5816515720981567,-1.1396642814093898,0.8578864353366605,1.1559059746470781,0.3236310870514507,1
1.2314148943335077,1.2521884584542289,0.43804027582295335,-1.3045342299983431,0.33403630451773675,-0.1000954758337887,-0.08009558974000788,0.7055334436406316,0.9297615184171167,-1.093126835496101,-1.3401406500711504,1
1.7208428433416227,1.1545158529287618,1.160934600541793,0.2572946496521959,0.9055916310108608,-0.7522222457262958,-0.4721378323748666,-0.6606948362952078,0.7075541763973162,1.0248323154571486,-1.2773723928468086,1
-0.7965362053283662,0.8124346147095614,-0.8564198744857467,-0.5076868871745503,0.2704609804067202,1.7207963887122322,-0.9469937419631314,1.0245367750748364,0.3398950686071563,0.8030686373508944,1.0878053451219696,2
-0.3764105788599358,0.6607136444551676,-1.4356461519061652,-1.1689048638219453,-1.343915874833954,-1.0294306699452183,-0.23244186367414701,-1.158302804075768,-0.2068673867588681,-0.4900390755610386,0.35966501405332835,1
-0.7478865141246208,-0.16612086293835865,-1.615001356681744,-0.1303340098903227,-0.5393395809855009,-0.9210359010734627,-0.8335902039951918,1.1296641520158046,0.9629766877927235,-1.0077705049177996,-0.6481840540548319,1
-1.4640261079962686,-1.7625857298916103,0.8703209188931097,-0.463955788032438,-0.5055489461555066,1.0622156958470887,0.9107757083462421,1.5546447243188668,1.2019880745858234,-0.1622423659816785,-0.4827291410616169,0
-1.4858685417289363,-0.5646540658821535,-1.6041430650738902,0.5144326856136918,-1.6499651517475709,1.3855389747333418,0.22591194700003253,-0.4526258966028299,-1.60869535177469,-1.5314417235600866,0.33231418071798124,1
1.5742400370043623,0.3769486233766447,-0.4426158027076432,0.7905836132841367,-1.5358579245333932,0.6176475086688978,0.6197891221309578,-0.5296449482378751,-1.5124566695004202,-0.6273122815854238,-1.5207662538879605,1
-0.5992784384589442,-1.5582859432251637,1.6363521785254103,-0.9853652625278937,1.5468791618462812,-0.14501465334476654,0.32721626214727434,-1.1212131041592734,0.15022747801660416,0.9342981510701818,0.16192905089202328,1
1.0505003132602702,1.6528568243761026,0.5031201185561984,1.4643186386773264,0.12815444094794373,-0.5249963282609366,0.6932611602048794,-0.7366373393448385,-1.5206596384822344,-0.1294955976466069,-1.7033665706774623,1
0.5252293564458406,-0.9124005248047667,0.8575257655763294,-0.5981036974292334,0.004900377583133294,0.4725885112087148,-0.9299717231394279,-0.5764472795475638,0.6243859708465785,1.7242901260451318,0.8832089034593711,2
0.8160163186327901,-1.6248535969225149,-1.1634305843680204,0.8612481182675518,0.7711230550934229,1.08078664090527,0.6252847570307335,-1.5634643565913358,-1.108951824925308,1.6624678293998618,0.27928029486620415,1
-0.21883587276334887,-1.2055516921359077,-1.486784779912712,0.13357406081947534,1.1185516854401332,-0.949936011944585,-1.1903946550940292,1.3753745594222577,1.3332981365595349,0.6496038774432241,1.3529341695892514,2
-0.8290028257621384,1.5396701223618559,-0.41052382727398806,-0.25479949334075497,-0.8744482001835757,1.3802273132835816,-1.7426113010093445,0.4848297961427753,-0.45276499488472666,-0.9423635540972998,-0.6738559963630891,1
-0.6867594769857932,-0.4825289366486921,0.5975255608777932,-0.7370283601201536,-0.4470764929812336,1.4878857716246146,1.4731686485882571,-1.6160493423144997,0.903186442803893,-0.991319193485585,-1.518376361895062,1
0.7354891121904037,0.8766457489942525,-1.59767635192396,1.0878924467236264,1.346269185618706,1.1785390651312795,-0.4675220002627341,0.3241855735123281,0.11563857505700754,-1.18939298312945,0.23980498524591598,1
0.0006935743928048103,-1.2870581472246467,0.02290288197421669,0.36300343087372705,-0.11947264612844782,0.7385662099805573,-0.12199567248571497,-0.1717889042846294,0.08702967098116884,-0.2683793004743563,-0.6065760801139936,1
1.0439288327058085,-1.1002827662527381,0.42945490780253026,-1.0268321303517902,0.7134606044617828,-0.20260913525532664,-1.1671537826887992,1.1134145944951013,0.49601522140000515,1.4587832766991151,-1.5645440972102704,1
-0.7065355669723898,0.42532220266189585,1.179788543934969,-0.9157429539259916,0.7782119693950548,0.911696814552068,-1.7366891301062335,0.09298562076533919,-0.826099093655532,-1.637457437863264,1.007307604087332,2
-0.7939584492136499,-1.1379537172100054,-1.6898681993865283,1.6814784528163687,-0.8693069264436807,1.2155346563214386,-0.342880985510799,1.1586083041461417,1.2530107168505005,0.8016832637566026,1.0207130947046077,2
0.03850318038102158,1.635381247802773,1.2824397244835826,0.5850844058941872,0.36456650315907735,-0.15821414454700622,0.941531105946936,0.6948797913991562,1.4247567622759556,1.1902459226155853,1.3424394069129444,2
-1.2754928810160315,0.22646141614108248,-0.12547132867104335,1.2439230041539107,-1.5664977569578167,-0.09248714421778408,0.40916738435096267,0.7026182678270115,-0.45419111243122723,1.5263895081005532,1.4985897038118374,2
1.215524198906639,-0.5248419687976404,-0.314712182020292,-1.1825174676507533,1.667095172052109,1.6171676203739591,1.1567329770868946,-1.1687648549615264,1.4757735193690402,-1.3930429014903394,-1.5339025340039039,1
1.0082619956697714,0.20172221737409862,1.5939840596193569,-0.4827160105727808,0.923735872135395,1.3260483140438812,0.9654972226647847,-0.7570396762132188,-0.38726605360696575,-1.6642644169128096,1.3070602177774289,2
0.983417415096583,1.3039212152205724,1.5561128315251878,-0.7394660668638435,-0.22285391830814325,0.3240370756598037,0.029308901205901686,-1.4901216146532912,0.5435959904105672,0.1751826900780094,-0.8977383387869292,1
1.101575299328519,-1.3104774226263214,-1.5641914959051675,-0.619327460392136,-1.4903389361435386,-0.5980791918286436,-0.40779952517772755,0.8664596016267672,0.36144008226645996,0.4799475636522689,-0.4309103971423517,1
-0.8452612221944603,0.28159674822253705,0.9895804945423203,1.2125044545606338,1.178074352325834,0.8233953593949354,1.6597950925015594,0.6393949391911875,1.0802436414951868,1.6747976543890586,0.38538455259113097,1
1.6777619200862472,0.1481257156961283,-0.7574655496429934,0.7188800702640501,0.49929253574656196,-0.6840398632391924,1.115764383246765,-1.4752974672347177,1.5942269965137263,-0.5531947942908144,0.23290322130878616,1
0.8216535881127315,0.39235519775574146,1.3957030853067136,1.5640219554361323,1.6591471025144682,1.3307450175972162,1.2150733075503806,1.133212187333118,1.016700481794053,-0.807618654882497,-1.5258272800708392,1
0.28922646821431863,-0.9309219327627265,-1.5279165776081547,-0.8386553331352022,-0.381127489263822,1.439347951913221,-0.2901311449245125,-0.04370482675044869,0.6626685238018603,1.6092521662091295,-0.572963466435197,1
-0.3556966728010219,-0.14536920734354672,-1.0048311203918572,0.040018323647453447,0.2217471037787079,0.5442528833369966,1.57123050053588,0.35427650634207597,-0.3262553940349794,0.1780053887763789,-1.1934961711923413,1
-1.6660456334481717,-1.7461913287990962,1.5759339646345538,-0.7351267089266754,-1.0686677125428057,0.05877986625236616,1.6478591875669582,1.233817344897015,-1.1326118942858787,0.033839949120392135,-1.7264571435533824,0
1.5258385736232394,-1.2099777060361947,-0.5753567983974752,0.9699628252911322,-1.0049963234079777,0.013724736393893329,1.3438744624503527,1.6881841595118043,-0.08941374296341748,1.6012516337020946,0.6385795998351471,1
-0.9788300316079506,0.4130925987738569,-0.551628368744958,-0.39715809841905225,-0.36531686821770304,0.5832083001903076,-0.9067248349580456,-0.8332496462813787,0.8084369024769211,0.8856195864007549,-0.16241831754315972,1
-1.5264042089129348,-0.21252958425763002,1.0571977684299352,-1.689438543643695,0.46400338020505805,-0.733729190463757,0.6416234197955507,-1.3886570800570197,0.2694682157451877,0.25972511366966433,0.33851517080521437,1
-0.2227312771151399,-0.5234974672050652,1.351748129495629,1.1060294642086732,0.7083835233495551,0.13558606662295122,0.9646379763663923,0.6544608015150032,0.13594334939316638,0.3826597029931298,1.0696510171433582,2
-1.4704444010026259,-1.3180779691079834,1.285331457838977,0.07294058367571742,-0.8254948426650572,1.588772811248434,-1.000731821019122,1.1750167389541595,-1.3009798657024352,0.06719281840296637,0.5681220593341431,1
-0.850747880237543,1.2827722315508292,0.18840289296631418,-0.8603664028484609,0.35846811086300706,0.03745384704094463,0.9647039288973831,-0.6926719682374871,0.8862880572249374,-0.5461813404697123,-0.5407334087368512,1
-1.2463290567900789,1.2813755526418407,0.9057127615878557,-0.8517634334420096,1.4287222672497446,-0.4328209946102062,0.41444714131754296,-1.3135113120168855,-1.5860825357330708,-0.3377865175483737,-0.7456764309524182,1
-0.1561162447225308,0.33738641799117536,0.27247937685297346,-0.4862236973101763,1.141550939168219,1.6592602010470323,-1.3092621652328211,-1.701246749592053,0.6589612666874409,-0.5490386735079391,-0.29136296077636653,1
-0.4410407079351089,1.5346656905592342,1.211399966114232,-0.9652247683703012,-1.1052467865188904,-1.384174578612677,-0.6684410985412247,0.07304127779780267,-1.0056503399560963,0.22654541608637657,0.43167004284913457,1
-0.05042757491335585,0.7046086048346009,0.7165501003497455,0.3053707954396647,1.2818501056685954,1.5528809659826053,-1.1239044956739814,-0.8534750801912769,-1.4450845790056142,-0.44762932640578196,-0.06434664957457853,1
1.3540938640608844,0.22398090994722863,-0.1593152223032586,0.2652193241363001,-1.323468732202104,-0.9975783490876478,-1.6216160494026683,-1.1052165410213588,-0.9855660408656559,1.5203631329653842,-0.0857525581641195,1
0.13030239901950372,0.41104252396743535,0.6485284581945822,1.7182406052347263,1.0360584830364028,-0.32984870102897895,-0.3733840982455521,-0.9758736412957029,-0.10428761714934807,0.38911900737651517,0.8153368860657668,1
1.0936496527368478,-0.9393963457562916,-1.3559230804294033,-0.8630581341399562,-0.9361478143008508,0.0669479685150074,-0.06320881532338186,-0.5982412456864247,-0.45769849946638147,0.5489564858179274,1.006583604561915,2
1.5135401350292255,-0.3975878177132588,-0.37398577893600987,-1.3765492131436985,-1.2208687168595058,-0.021547683214299763,-1.4819346298292158,-1.2694930533994713,0.10966450691976844,-0.762334255519085,-0.6937824741001629,1
0.7933635406054009,1.5962827868060487,0.21495947076963712,-0.5055131458786216,0.6492754125077558,-0.5415912778480645,-1.305625405633067,0.41137153835847257,-0.6338149398061754,1.6329940061813046,-1.1013839344179375,1
-1.3083874245030211,-0.9179030215726705,-0.9048729971153675,0.8311844965010967,-0.8578970050645714,-0.9737289480562451,-0.16248493528911978,-0.7084044518109448,0.9824549654189977,0.1979547685341803,-0.18958459506734543,0
-0.27631982288594337,-1.5030209157675387,-1.2036085342059943,-1.1986405403400904,0.4971033655131485,-1.0312907920397572,0.7008026435455883,-1.2665141105382538,-0.24877037941882246,-0.036692883998987326,-0.21612050178871078,1
0.17999495667377527,-0.07905267039624045,-1.3991053185210491,-1.5784935316700484,0.43029667384305526,-0.042335799851755215,-0.09748810627022989,-1.341685627940583,1.340689377192275,-1.4949544465204272,-0.6669019031011314,1
-0.15324841044843154,1.664348757635149,0.3394162190611179,-1.2402873835107306,1.5113548414910194,1.564620152054879,1.3935140074036836,-0.291487506993379,0.6077734446354791,0.005820768175841196,-0.5703918529035332,1
0.3509978355865579,1.2695819897010836,0.1902392978414755,1.5035090744823418,1.0972455877231255,-1.5241385238888676,1.214005626179762,0.829024181424888,0.6220926850306501,-1.3127605017011317,0.7390546016476076,1
-1.2809409110022572,0.11858563824782838,-1.6360736111539054,-1.3957621239692974,0.9986136737595027,0.9107914782863581,-1.0399148242663467,0.5385548418021368,-0.9214139125217375,0.7972154339150117,-0.53307600753416,1
-0.3048518199797825,1.2797969278329253,1.3467898581218642,-1.1746579517017675,-1.103086151524181,1.732641437991174,1.6440330315318392,-0.2410962137449805,-1.661016676069961,-0.5473589080248604,-0.28357181472712933,1
-1.5361310725016613,0.6782976994232525,0.7918478679275355,-0.5919224365270542,0.12571719019184582,-1.307790407165382,-0.8782596051904489,0.9212274246687158,-1.0645310888736441,-0.8239660632951398,0.5111778584017568,1
-1.4465244525050207,1.3174413162764385,0.23379426627234995,0.4488177728806555,-1.0986549539829602,-0.22679302734108736,1.5908705097850817,0.6793697910497808,-0.46841242714643816,0.8958020823187993,-0.7244178626416673,0
0.0320689696761884,0.41529494141295875,-0.2699962680138298,0.2737190046279257,1.0163035977436454,-1.15259067956045,-0.6470515811569425,-0.6915929183935381,-1.3823804374606115,-0.5643124173850058,0.03676990305854042,1
1.5088637410104,1.3701418056669572,-0.6958740837840931,1.7401451583943965,-0.6343814292697995,0.22045645327014177,0.19761361469143005,-0.7262270263565382,1.4888268430325342,-1.6957297146731614,-0.10862211713137129,1
-0.5833384481869437,-0.22284022160183875,-1.544587527913024,1.4534000310558874,1.6039372111443542,-1.3294082517718555,-1.4804582301541045,-0.8456338611345462,0.9544375906870999,-0.770525276895335,-0.1440549864087305,0
1.4136378023273095,-1.324932235130589,-0.6122264875552703,-0.7805578349962999,0.6324413043541645,-1.529882945200045,-0.20255315340865027,-1.193159728660822,-0.34972727462937897,-0.45033080491465094,1.6728040438496952,2
0.4925490859059905,-0.2376529032666669,-0.3984262243350369,0.8260120906837514,-0.6082461027681908,-0.35754159188656437,0.8813220287627127,-0.687167548462211,1.5311902632826098,0.31368541516732856,-1.0661501448525272,1
-0.5784700362824622,1.4927190165984838,-0.4870642406287001,0.40439595303529197,1.729234016855311,0.4469788509155734,1.4332157423808514,1.4460757088275222,-0.19176042049159062,0.6793201410407825,0.5755796303709872,1
-1.6109531104268076,-0.928595954914721,-0.3712140998726429,1.0641079209205873,0.5607799838915115,0.5083751619959491,1.057464407580973,1.4373532303800332,-1.028538269009742,-0.19410595865038907,-1.511128006933514,0
1.2655952623777753,1.0350706361108473,0.5436939837058636,-1.1445791143864699,-1.146410565314925,0.6730925828459138,-0.4879026313641873,1.4606561890971332,0.08005191293729855,-0.6918360567395627,0.5467304582354283,1
-0.17158298932370378,-1.6564060915964942,-0.36943419276692013,0.06151343920952045,0.30755440816772617,0.7593082512008554,-1.3213828132433998,-1.4383085215952944,1.0308179499750174,-0.33515430771921934,1.525793996189058,2
1.1418407190587032,1.0736171278220572,-0.7607302405473692,0.13153111749668978,0.5334263163036925,0.9718675617163832,-0.17075817743811894,0.01029382103473359,0.6498754142474457,-1.0701989025105723,-1.1231864037900499,1
0.5158456818261705,1.1014196808326704,1.0371682795827526,1.3202773598542121,-0.07214609710460658,1.2857921036565783,0.047797889352932714,1.067089223115087,0.3910717700236151,-0.07446163161336655,-0.4881100456006304,1
-0.3572411579437138,1.0441213177793935,0.3266820668453017,-0.3477698064011956,-1.0743009216585142,-0.12980045024293713,-0.25539076207867484,0.9500931466025884,-0.26567747616814374,-0.07248747424150079,-1.5390257396553308,1
-1.1714640423503269,0.2649905777131011,0.7898415445752974,0.8840319523611025,1.3663202994765642,0.8941381472191989,-0.8710664584869818,0.7683415619841643,-0.6432756760514448,-0.33508503903950476,0.12583401599995414,1
0.6106973798964138,-0.14601510264896814,-0.31872492029017546,-0.5911552276030942,-0.3661580278072361,0.07308883743341572,-1.3369036107123478,-0.15885270618898262,0.1665089331190015,1.5819949407414389,0.1717408132591234,1
0.39648751481351335,1.2171471023735627,-0.6001649324770458,0.5210247904814327,0.4535802747455925,0.004903584771481294,1.385010138496796,1.6205880972456201,-1.6985925621178517,0.9262456670533609,0.497625907107469,1
-0.3205057426818903,-0.5477427728494538,1.6180459275868133,0.49864590314691726,-1.0796648724022706,-0.3012232053368078,1.50783592790251,0.48689871711743415,-0.7068714839790073,-1.108781557111598,1.4211254475234556,2
1.3078118058620918,1.1014613621700313,-1.352192211383967,1.2586049481799237,-0.09447514985928704,0.9069630288449465,1.4095686813323858,1.179102944624483,-0.5611792829113359,0.8147577270527312,1.6565173617606805,2
1.420354274533206,-0.5996208687244373,0.8731919770866884,1.6676172237522509,-0.899582473637824,-0.43268673785767753,0.007971228391512541,0.9168366387159835,0.3587137325412449,-0.8848705499341915,-0.022975326907351833,1
-0.4642947045637497,-1.2871449385623963,0.007191098426471485,-1.699882118810271,0.09291843348441643,0.550228287285384,1.05289226205306,-0.19877176400872568,-0.2096603415903143,-0.5974055291186504,1.2747336168029757,2
0.9418833057805438,-1.7055077006551693,1.3990301123573485,0.7067856311152397,1.4161573202956927,0.13468731947083012,0.7091494507053228,1.4236110216240405,-1.6913607215237358,-1.1891678599203777,-0.28605296889498366,1
-1.3265971406477066,-1.1114596142277338,-1.4005812924835002,-0.7380906557463893,1.1200806267109158,0.17045657041744214,0.21980089187512078,0.16001918098845894,-0.2739098303437789,0.08000752415016518,0.6266166317004925,1
-1.3087976305406868,-0.5820225292958836,0.6790040857587318,0.950581897295647,0.8189430158940098,0.1367803142191653,-0.10816892768468528,0.8418851775586874,-0.7854955011669021,0.4161857439749905,-0.7181702746030968,0
0.5236505466482763,-0.9770270333788543,0.458414917733139,0.7201451125732627,-1.0322119643316114,0.7410846185764978,-0.025849424460524413,1.184568951932642,-0.37159494146104594,-1.4065502940346841,0.3481594877100259,1
1.5547971714492,-0.4055613954102388,1.098958713137221,1.3237207994934816,0.6714876718331869,-1.4264670561500121,1.220612701042206,0.6519575020139545,1.2877825996094079,-1.7187961850181193,0.5596663741415882,1
1.3294481171981645,0.5507887083864685,-1.657393167825179,-0.5485862228175312,-1.5487538258534659,-0.3022493104223127,-0.40256663962383665,-0.9616174546027193,-0.9742519564019724,0.41190840300261466,1.7169303805097926,2
1.0691125882940116,1.54855381740888,1.1114790656686495,0.6088823400613503,-0.4472408775429572,-0.9270992581660742,0.4033496801445424,-0.9568854087445877,-0.45311424049710386,0.21743658470390823,0.7919410390156141,1
-1.168170349411182,-1.4467499534243442,-0.7062527678568252,-1.2838701606181906,-1.4312806989206208,-1.6202378607478651,-0.3876574568521612,0.47991482226255305,-0.1730863357711554,1.5738905052148322,-1.0976147465559403,1
-0.6213972491156662,1.5773562207544478,-1.1318619625372872,-1.3196987725173182,0.7141753315146002,0.015390570675871587,-1.1345525722194933,0.2857690622901268,0.37561961042623704,-1.6379076842814086,-1.4290685783182289,1
-1.4115905670504538,-0.5440980228537065,-1.1767057512518089,-0.3608659936479996,-0.9480771049720589,-0.2702819789039913,1.4855267172478583,0.3579440250274865,0.14640961126073465,-1.5402561630537681,-0.7422800022677359,0
1.0684620619488732,-0.7155810719089507,1.0808128387604647,0.8515328800461847,0.9817144296952452,1.0125476667241158,-0.4369686011064379,1.0988430759079555,0.9303003670315803,-0.8269792508627244,-1.0876396121205,1
-1.458803352159493,-0.8021938092566502,0.9031369099707608,-0.8041182753705964,1.3133630603023456,1.0540272008971567,-0.667360947067088,-0.4712669803639958,1.6847555072139453,-1.4529603094434582,-1.388904345038665,0
1.0577966964612875,-0.9600372240204526,1.3480011531462177,0.8385049956960888,-1.5403764199607866,0.3672762805543671,0.56312063596692,-0.31727149460527354,1.5468690171779313,-0.16911728244335136,0.3303226156921767,1
-1.2515078930077903,1.403224013661247,0.40540903862380134,-0.5032599620387398,-0.6002528001869253,0.8396946377458206,-0.9551640896226838,-0.42662901280693816,-1.2185284569522037,0.8729434180129853,0.5942141755441323,1
-1.6331383069031893,0.37060602660578973,1.5797112648086609,0.8725337053636765,0.10449628174721202,0.5798839129408918,-0.03746512810458022,1.628863843043827,-0.6699641208856181,0.10518668922641801,1.5726101411245033,2
-0.6581086663957626,0.5919324895962672,-1.0358680680516432,-0.5515216753060279,-0.9801683915004634,0.42413116212400725,0.8873817187135288,1.180087550164943,-1.3911905831426703,-1.6757110662356454,-0.5685169572802341,1
-1.2345222906113245,0.7330719793830699,-1.6375768884712618,-0.8833283019326519,-1.033608083174815,0.14134326053700297,-1.0161353304820786,1.1871952888688742,-0.899129755156013,0.8606309101937172,-1.5141598651145765,1
-0.737375388138027,-1.1092419349434899,-1.29365871229522,0.5657518446121304,0.44133641133839296,-1.34478697921185,0.025582071058359978,-1.3712332524089674,1.6688972248484808,-1.519700682348464,-0.6329154202713473,1
-0.7032500344863228,-0.021105477232384387,0.7967587992852595,0.3383799729541687,0.8430771503645882,0.21126308745628916,1.1776687915419934,1.0203524052806394,-0.16879471588175587,-0.5837595992148765,-0.5013510820997596,1
-0.8226131245826163,0.9390771433116651,-1.051710665409814,-0.9169239380496563,1.082150618211112,0.7720288309035344,-0.255887843117685,1.3159712046785732,-1.576467844628411,-1.063878135486616,1.1425764619378143,2
1.4008678611763092,1.1535902683736399,-0.21539436440117984,-0.41830520519503744,0.18005289592876958,0.8763989139881134,0.23421965147650806,1.5421588206770354,-1.3648490327492482,0.5764215173247617,-1.114328639360911,1
-0.8122938131848708,1.4062540195138538,-1.6237704946964902,-0.7699537474138604,1.047960455383373,0.49638044857492686,0.9691707284139929,-1.0117408537255423,-0.9813061835207892,-1.0763291806653135,0.962885602553379,2
-0.8364683577143656,-1.4300439827590599,-1.4549694415036811,1.658461996182584,-1.3268352093845894,-1.078401709736718,0.7304923034602611,-0.29530876117499777,-0.9493804206888908,-0.17926514402153854,-0.7993101528595774,0
-0.20444796046981134,1.1433297438157854,1.6177384592809463,-0.6890282265668168,-1.4986418066765332,-1.1292799690130615,0.4180794546186624,-0.7791711358404717,1.3354153706716574,1.345546302535692,-0.3967343810722968,1
0.2608634631131738,-0.1655096056492757,-0.5587883880416123,1.0256386053386293,-1.4731071978305352,-1.4568506980132256,-0.9065557675062109,-1.0283758705409616,1.0809012530702267,-1.125354088733313,1.5464463618029856,2
0.05114411507272648,1.6505769060344495,-0.07240935473100757,-0.415707730672595,-1.1158467110584704,-0.08248892234459598,-0.14688476079709487,-1.2966345992099824,-1.4958005662045233,0.7468397865925774,-1.202586429729545,1
-0.9835609016335471,0.04417963578760964,0.6866594270628243,0.7014098798931342,-0.17489436783854087,1.5114910505513737,1.139354605151656,1.5236774482999156,1.1304254941875747,-0.3315003848642748,1.3370999309195803,2
-0.5069383521203121,0.7517136681711761,-1.5653421373988081,0.20692425433637882,-1.3907053460009722,0.3861856234730499,-0.5180890105685696,-0.5556410660265646,-0.19609805268605884,0.3015114447074897,0.8923724307303964,2
-0.20539738164913193,-0.5717808261522428,-0.43515564089125935,-1.2893081149643082,-0.46177025725974546,1.1101108852371069,0.2726269502400326,-0.46621499711160935,-0.8787405976058251,1.2272180804132466,-1.607372138155481,1
1.112046526013994,0.9312184313385989,0.41670471399782,-0.9850413936079069,-1.467039418196905,1.7184797467776627,-0.2934034109135856,1.0071790845402127,0.4709005512233871,1.1720455770205773,-0.26302418455348836,1
-1.17674288747535,-0.17616777121751764,0.8344251748879309,-0.9978372797682786,0.6340718898064011,-1.0630545622325236,0.49409626130286904,1.2682657926595984,0.5439170760174152,-0.11654235453997891,-0.9028158051458977,1
-1.1255628640563697,0.7270599825707712,-0.16936534148291163,1.693947471522158,0.24074881753502378,-0.5655255623804252,1.1779451872358704,-1.5327138857831244,1.0685290636501468,-1.5066608533921928,0.781486137657979,1
0.8629296676159933,1.0351925525065935,-0.8834488803970504,-0.3699730923224499,-0.25609577031795433,-0.8723062785998872,0.6835160205045863,-0.7631437310689136,0.8081201047994532,-1.4687362512484556,-1.5400888605710197,1
0.5157095118978023,-1.0298378716823615,1.6359948583839938,1.464037780278645,1.5424727353136534,0.9621975021094485,0.6245762928881807,0.8641993645502523,1.7529180058596283,-0.9271937132398049,0.1385638921705716,1
-0.4435254659650591,0.9451475421496267,0.8260085594079771,0.48928188604299416,1.7357009933593488,-1.520711608174476,1.3075458855723627,0.8286371423155425,-0.8956834137925735,-1.695348736934731,-1.7482164531001552,1
1.6712143231914793,0.42204792455714873,1.0609767389467266,1.0399987169697396,-0.6739229905658313,1.5224188672850998,-1.1770290573061146,-0.11007954185764662,-1.2256806221162704,1.6516272810245287,-0.6507572592468559,1
-0.47604581330125273,-0.9923663400623306,1.6414935858091344,1.722355166722006,0.861742402308035,0.9494781596022662,0.09562000771203413,0.18028460563261428,-0.5268700923571431,0.058534233438642835,-0.0015339864223782715,1
-0.7833570435570789,0.7189143952218615,-1.1583116267799032,0.6269041442882796,1.4616605612307199,-1.126451144919773,-1.6254528472197916,0.7239498730502306,-0.2826357277701201,-0.9172709748706901,0.5776469598261345,1
0.8000892682417775,-0.12498037703513253,1.4211539308106853,0.022093932920753578,-0.005595712197006905,-0.49141349143364726,-0.9464909266878982,-0.219205151077918,-0.1785337785600342,0.8892388749158421,0.570170529708311,1
-0.8182566527448699,-0.7737080782532924,0.9073463155026278,-1.5321567240911025,-1.0110423312238135,-0.12262124045066995,-1.426602671884679,-0.43090749935272304,-0.5685016481705468,-0.11075841978381079,0.7399302556891075,1
-1.2409023117775115,0.2797893305097691,0.6746108768058298,-0.9353160122828356,1.3676903701754113,-0.4784522048275058,-0.8072892059921921,-0.06671247808489701,1.7037819225100388,-1.5825793263593815,0.8403950164237238,1
-1.610046010464639,-0.4924760067742706,-1.2650432204662005,-0.321447146572302,1.7295034121642023,-0.19126592128388334,1.0592070444482278,-0.10458076560389555,-0.2566837631588381,0.13301538130175383,1.2872497846463595,2
-0.8942342605245044,-0.9854720444876355,1.1276746304606042,1.105435990934958,-0.7689549165177113,-1.3095798671679468,0.1339358981950871,0.5447251200867739,0.7376416865571921,-0.00914126664250986,1.3310553389151611,2
-0.0001525795511869274,1.280054094887989,1.2675984500177395,-1.284443911163801,-0.03823694671745911,0.2114121260123914,-1.310522386546648,-0.5941664195646226,0.47861256161813187,-1.1537888817561517,-0.77402173786945,1
-1.2997964552540948,-0.3133573254796497,1.0616352380404834,1.5212105798258746,-1.2648504201356805,0.3019655019278049,-0.1304367142147502,1.1329738533481049,-1.4651412930058658,0.36099592341239234,-0.32667642062187213,0
-1.6191119246047747,-1.6529288601299776,1.5215657368337638,0.29812012673135163,1.0627626205688099,-0.7168334169151206,-0.21040101834453664,-0.8954999231037817,0.9622391844303836,-0.8210048272373411,-0.8080515026914877,0
-1.655564158355926,0.8201309516732904,1.57967195258539,-0.3443045807981826,-1.0613168310039724,-0.4859217333835604,1.3053838481841509,1.3186892423917131,-0.48664870639869984,0.7849202432656722,-0.10260970389199921,0
-1.5345217579279045,1.2273267591888155,-0.4347526551976215,-1.5224899858839824,1.2673922775067663,0.5654369496940723,-0.19054526043436296,-1.0907123170696362,0.10983283526325582,-0.7832707139628192,0.049554750849802875,1
-1.599061768665697,-1.079585510572804,1.4044221726083639,-1.246800145168456,-1.6702632078970276,1.4321134566324647,-1.3883923684063124,-0.9185098067775134,-0.1804447267736989,-0.3892704637462414,1.276472956018924,2
0.7789852200299335,-1.5720722133401697,-1.009879045079887,0.727890202567283,-0.4415494356555897,-1.1649014023356201,1.6976138310031177,-1.4245168808728403,0.4259136530441748,0.9759632619185066,1.050753254628615,2
1.6778908295767425,0.7320361839982746,1.1044306002500293,0.8719543831843923,0.41818479329241515,-0.8065867979909173,-1.5612903199775583,1.142968691251501,-0.601566948814606,1.7058473400711227,0.7739540448038276,1
-1.3970826134081826,0.7232800911962761,-1.4446266333874138,0.13339502058953204,0.4558225565912215,-0.20930014956090406,1.4147720908243526,-0.7049782083718729,-0.9257856149772017,0.7066466351881876,-0.6681299807645538,0
-1.1669906310078946,0.2013996808413124,-0.41602854205500356,0.41275325716755124,-1.1674846082964896,1.5216669082520768,0.8192802311902736,-0.09444739078445531,0.5084396958602727,-0.41038009388926217,1.5669986901670763,2
0.11783663172958242,0.1666831767088091,-0.07159136258979332,-1.259269704777605,-0.6029749114255332,-0.0007136956173569171,-1.420925816079546,0.10471414187856785,0.5564955449766609,-0.8935464520684436,1.0676921335121885,2
0.17104577436662147,-0.10860181882673124,-0.24219381046934574,0.9066502996487216,-0.02605407856498261,-1.094148777324564,0.21276049033032485,0.6790630683544108,0.9365555932533054,-0.25772924096823835,-0.13434559642475927,1
-1.39581350167352,-1.5265711481611313,-0.18136932064021705,-0.27213087984139345,0.761973500100303,-1.037340492964047,1.1602551544715134,0.34426015489857886,-0.08866655757877698,0.8271914550614997,0.7435845473140886,1
-0.9575749506169061,0.14816585398146478,0.4080727217883101,-1.265293410352547,0.5055397373781564,-1.706601088423145,0.4832810083786118,-1.3134712518175533,1.498832613363767,0.21568755054111488,1.7069637837963727,2
1.6669811608831846,0.7029194908710004,0.2722963105719609,-0.663331041505424,-1.3698629150853354,-1.4495739744425373,1.655131661821432,1.3080365306798445,-1.4017778299428223,1.5620109266437803,0.7282956652372925,1
1.2941033991311848,1.2525033703090067,-0.9539738734194181,1.6421161704761753,-1.5658621138785742,1.253297325492374,1.0612241490758023,0.5273741697277572,0.0538689823680123,-0.5096074775804098,1.4243331946457793,2
0.7437921552237755,0.5845053818312368,-1.3569746453773193,0.930934216646101,-1.2330847027836374,-1.1686403856513174,-1.6189234438287943,1.3649710708617593,-1.0903404368194893,0.32206692541279375,1.04729882458383,2
1.3618303560512803,-0.3793014303434967,-0.04693164447762612,-1.1369268119447258,0.2492224971933991,1.4808948093647074,-1.07343595224474,-1.398654965654616,1.2321017341550262,0.5460991527797007,-0.8867869301494501,1
1.371036564622683,0.8740114663567914,0.4984991290970874,1.5590957021016734,0.8537261545696552,0.5450628802530647,0.0300783918247962,-1.4257839989824967,-1.567117044504894,-0.12842193311103078,1.2210929034578741,2
0.5348864860787125,0.08860765974912749,0.1551259252898692,0.5346876896728253,-1.4286669005586112,-1.5110218883380457,-0.2429567189070172,1.6966067706415116,1.0346199746742553,-0.16572311713733653,-0.061608770363963485,1
0.6527439810988461,-1.7355452683281232,0.25380228864031584,1.1505693846856027,-0.8341424439208619,-1.0687285201775807,-1.5337934558715127,-0.4396830130095313,-0.7611119411442478,-0.1492891228750505,-0.15703369563948913,1
1.5109519687987885,-1.1163078767337924,-0.04873544650693199,0.31501793567253616,0.8828443570029731,1.2614553360249139,-1.740795065106798,0.3720050251759373,1.0157920932994868,0.07592067204700448,-0.044468364939685395,1
-0.1232193764492493,-1.149782993595808,1.1282339198724955,-1.6783990935267479,1.357129115308285,0.18239636764801223,1.0001354950374035,-1.3170367490041006,0.5995514310221765,0.9788205949567333,0.8205229518299757,1
-0.7543490290794638,-1.3865270510924441,-1.6375896766182163,1.136905381329499,-0.5105749481110048,1.4269904178101138,0.6841632957450954,-0.923765064785161,-0.11866927823651423,1.6515926466846715,-1.1866650790694977,0
-0.8243672505810417,-1.5693739743181598,0.6771286059294853,-1.1542127057997147,-1.6396599408660184,-0.043719905731470984,-0.1348735341088567,-0.5655010318124594,0.7084186670514542,1.6734295979646954,-0.8926448650717934,1
1.0282489552431793,-1.5362045031841194,0.8960476054506237,0.6389091323078331,-0.09052118851791598,1.4847960058930643,-1.4266246988557851,-1.3572968554109823,-1.374143756846549,1.2536613988942908,0.7513565794770695,1
1.0998622356390717,-0.48780840642050455,0.3294885216027561,1.3709339611655176,-1.5182633481132848,-0.9356661686746245,1.393138205145894,-0.6982060310299741,1.5860907432544975,0.09879665352274725,1.6280085117416294,2
-0.8009238429666027,-1.448678757588174,1.0473714548851762,0.9841707880025556,-0.47193284650938516,0.7763480780268203,-1.7253398240304234,0.27545111893799734,-0.023299557481400463,-0.7854526773738287,-0.36075547455782964,0
-1.0783609097297486,0.6897071308561858,0.05252123156894224,-0.05635471335252503,-0.2719787334725692,-0.8676943191828257,0.575996368131067,1.5681685135576733,-1.1318653790999722,0.9044087157733369,0.49845103989446293,1
-0.004998558052608816,0.6750316889387665,0.4712181208762492,-1.7396897732678527,-1.6943008398040467,0.11151820734190186,1.198423483030825,0.5521842420272028,-0.22434761753969978,0.011777874631295784,1.6042593265629437,2
1.5843159151834978,1.607720876475711,-1.2016822475340085,0.3027606724786144,-0.9266643648123734,1.7221884855307525,-0.08908943899145319,0.2873832672901606,0.28451675177629465,-0.10750279183722514,1.1548846423560042,2
-1.5648234330449726,-0.6466922614802509,1.623193201003972,-0.8688992973294828,0.6267208307484805,0.9548200917790938,0.4744993841853284,0.9167550482024863,1.5377899402104296,-0.927972985886594,-1.6166662897810307,0
-1.390104267413894,0.18816782732903675,-1.625374300470162,0.5283590247270061,1.2136797202280536,1.43705815015801,-1.3576738559722192,-0.5551266066484588,-1.695298249313551,-0.5301283239458565,0.6385741023240344,1
-0.5789040011184685,0.15175706257319038,-0.18396100051006672,-0.7264118890845616,-0.8821602105303099,1.6908988181267501,-0.19148013675168268,-1.2481314133003625,-0.7198329423679619,1.703284398921683,-1.2477815802835057,1
-1.5524804017667446,0.3714757864356342,1.3346890116229957,-0.4514451598736832,-1.0868699673463507,-1.477114960864889,0.9168690891430834,-1.1074292469640994,-0.9381296503977504,-0.0401043664749308,-0.7911387361130792,0
-0.8296695973368543,-0.5315611894040224,-0.5381840770427513,1.5886129224925327,-0.6168360431513044,-0.4746116323087259,-0.9575379408553409,0.11630868652671193,-0.9405318564031805,-0.3541685603008738,1.1338398382202193,2
-1.0321875398103175,-0.612592991210704,0.6366387313919722,-0.7779349022502257,1.5696326049000018,-0.6365027507731101,-0.876334500160588,0.9765971918170586,-1.627206706801789,1.6837679484120978,1.0820117747106868,2
1.1663137034529698,-0.39495422381637346,-0.7203406868467999,-0.7611622835921598,-1.585616069422165,0.4408749346810903,1.0767305964651366,0.12678673312156602,-0.1560685682605208,0.8622760413369387,-0.5100171177746657,1
-1.5008182362260223,-0.15345305914519392,-1.68661334410591,-1.4553139348802562,-1.637938071422917,0.43370171813530045,0.042861499864124054,-0.4273710194818805,0.8496457363565467,0.9401859888459217,0.7844659632052902,1
1.5683442228269422,1.5443362461010248,1.0369786883572945,0.6103531282113753,1.2014183091588335,-0.11902843379541923,-0.41376126168481403,-1.3446722803934812,-0.6918242547824375,-0.8323822078804622,-0.09599734639226437,1
-1.3672126301539298,-0.6024032608380839,0.8248983979433092,1.312785857555522,1.52328683627838,0.10105663015144015,-0.490608319651816,-0.7740024603748518,-0.490775318201703,1.6640090575235114,-0.12927529602789534,0
-0.04984723911600864,-1.0237676389089678,-0.9969711993448412,0.4708298711260468,0.5034364922780661,0.10019971080602619,0.4853563800113126,-0.1332151246481534,-0.660645019501736,0.2815620649496883,0.014853609027768338,1
0.21704152622195133,0.9395793396838791,-1.5646737715551005,-0.3652171155021626,-0.6042304179389971,1.66991594350743,1.7037303227104428,0.6276995463849543,0.24086453688773357,-0.7246174594144916,-0.27796814056637464,1
-1.5999570921297823,1.0536816729341403,1.237784917378669,0.3827255785378256,-0.9812489666301325,-1.4436586283796293,-1.1276632966290367,0.7369419037000171,-1.001261372729029,0.13114512694945996,-1.6261657621025734,0
1.1906597908350518,-0.13463579352086186,-0.8119746310873918,1.6980996340334313,1.1408301973502963,-1.3639669286791871,0.06195026564663848,-0.9486588658844263,-0.07891846541223153,-0.30855513470881746,-0.40716608816876076,1
-0.062402665367643426,-1.3442857676366908,1.5620750160581738,1.417703803820943,0.4391360401055936,0.0421647160566015,-0.7950842012137451,0.38562454210268976,-1.1861069516143974,1.3825704118431394,-1.1058522486217395,1
-0.20711789874539252,-0.7926862286519312,-0.02150136134493014,-0.4122444919951059,0.753902070409577,-1.2230113881814064,-0.7005818955942599,-0.30938159548993677,-1.1640430363203453,-0.878220756681591,-0.7083578211203139,1
-1.5496144709023998,0.2131978408000443,-0.89773801536278,-0.9378433495111541,-0.21373165591980423,0.3972093359760734,-0.20174388626488468,-0.6020843057116785,1.1742843528614246,0.27908570964989177,-0.00819969595853193,1
-1.1512458259222291,0.19559723856753433,0.7927343007449456,-1.1946716849409629,0.1641768796541503,-0.5589727346130758,1.1996204188714827,1.3292605836774516,-0.3811684141776959,-0.3483153568649911,1.2407990025542306,2
1.2647674732774727,-0.8275577887492872,1.722995059972759,1.0021698879022036,0.169074868433455,-0.8355610997310853,0.5574424606480838,-0.4051075867004105,-0.8321814909213965,0.2877789289540726,1.503132400213617,2
0.5824037679231087,-0.10808924995856357,1.3101215457117097,-0.19110782482246227,-0.9353053255200362,-0.5650381744713635,-1.4819532409163998,1.1546561505959354,0.34670737341417956,0.7043088172478202,-1.2009797777437192,1
-1.5722217854265603,-0.8767962722422218,-0.3347904367001307,0.928701753855199,-1.4597939578388444,0.04879260610614548,1.618318253333546,0.3571623778666981,0.027593147133214226,0.9621268431455176,0.8586578146596949,1
1.150179711730648,1.2626929999291954,1.2674281251965538,-0.190639704350866,0.8256176261873589,0.8831098381595923,1.3179191730385365,1.1927983710595778,1.6562743221017961,-0.06315351964996004,-1.156581898939481,1
-0.12047024347657338,1.4497292674235012,-0.46878448798666045,0.6852114559315733,-0.8649260660957045,-0.9428506891349105,-0.3194960739331087,-1.013566450921919,-0.013617410467878423,0.34911634484134046,-0.18800277786981656,1
-1.1114717116334514,-1.7216112619230535,0.8976712986234667,0.14149108459192294,0.9074619063854018,0.53976814727694,-1.1097233661714836,0.435897663566143,-0.34081964559145905,0.8674365579756755,-1.0724506800314597,0
1.5793208188195145,-0.08213111689125933,-0.056960044982836223,-0.30186734574157853,0.11649255071277462,1.708737679294213,-1.5515012569850422,-1.3877413900610505,0.18885301444796412,1.6954397209440057,1.1225134993248458,2
-0.24894417409613476,0.8335752659908156,1.7116316802540135,0.665191597524457,1.6609099942537218,-0.5009906199916205,0.31225718387801704,0.35751843280144124,1.6077317348838924,1.6912143314814159,0.5473134003518988,1
-0.657320094862185,-1.492286229696137,1.5666622429972004,1.6315293041008998,0.937229947521682,1.1585914463979579,0.5248647664197038,-0.9428019062103746,0.10052403275301325,-0.18780250879636154,-0.7655314375545421,0
-0.5429003674948868,0.15352118638177512,-0.6828050456731325,-0.35397721176689906,0.8039525778556619,-1.6920789871011401,-0.6019426151700762,1.6056663164920015,1.2463533088553524,0.2256622404200156,-1.5492895056408855,1
1.282262702527508,1.5269321156002669,1.0991842937208294,1.2706699927781029,0.7965342816660361,0.14025038859422553,-1.393108412386811,-0.32981103560170405,-1.3071800734482293,0.9109546060063656,1.5230444273500514,2
-0.2579998135523821,-0.8958515356072289,-1.5275731361976987,-0.4331513721343637,-0.16580274636914083,0.9504127870549797,1.539487094124471,-0.7201011849148529,1.6145260863492898,-1.209307728547394,-0.2744387733367763,1
0.7095460330435857,1.344551272228067,0.42715754237219583,-1.570623305839165,-1.0222371955600802,-0.3477375218439621,0.5471827185937607,1.0128688484842023,0.2677034323286864,-1.0079436766170862,0.003269368796780326,1
1.4159684841724676,0.2307492926523584,1.6127565541531546,1.7381038619857403,1.7305519993815477,1.0104964672343184,1.708802341234691,0.8247854156624491,-0.375562680481403,0.1575191767507894,-1.1283307373365663,1
-0.6664480005117914,-0.12869355487261938,-1.016837581838384,1.4354169863807744,-1.2023005348808238,-0.509488045952026,-0.9253407998147253,1.4196689766178123,-0.8231163934445138,1.3901726494418156,-0.19287094089140772,0
-0.15106265943929081,0.44849713728876534,1.6828844910992184,-0.6168444301938485,0.3830998821955827,0.06607790017383532,-1.1837756209129913,-1.3956484205706843,-0.5412227716769169,1.266268298602346,0.6420772525339701,1
0.6098558773564575,1.4143807241588184,-1.366719529578308,1.4538237157141392,-0.21417371570763055,-0.1041727066597421,0.3830927250174174,-1.4692717273735068,1.2413591525248022,1.7310265051473754,-1.6745118032972595,1
0.045812343309655536,-0.5113867168486673,0.06396432907001715,-0.5847689019353443,0.3107199120429198,0.8435401183204649,0.48702844287997793,-1.0853008283252594,-0.3245800424038872,-1.5592704156354225,1.4081169644706069,2
-0.9308993955727415,0.0008824603341457581,-0.8843035896587713,-1.4127462619666251,1.4087733952579726,1.3362393792246428,0.5095383491582551,0.8253634321454381,-0.5081942560050143,-0.44714444564777983,1.5377913525646543,2
1.2006240414358615,-1.4353319888006972,0.4496351198925706,1.7232230006800564,0.9608341660070933,1.7031176491458322,-0.898591446993929,-1.7103734309544878,-0.5231647695274199,-1.6327125333028147,-1.750580714474576,1
1.2834993160542632,-1.4559258514729174,0.11720764568705638,-0.8831747061663906,-1.1704548423826004,-0.12802157832571448,-0.4278969100441753,1.4778770213977144,-0.5345389885175702,-0.7737462705020633,1.0041422733174166,2
1.3774688834626652,1.3226064133100996,-0.6903946373291374,-0.4655960105217253,-0.28587693609658016,-0.000493077334947206,0.6979493923164036,1.6294195103424942,-1.3595390976411506,0.7895439276366211,-1.6007431554840441,1
-0.5124931715498423,0.6733542608419121,-0.7930666832132328,1.2519866121806646,-0.40777591528088436,-0.3324886454337851,-1.5800548683198585,-0.2158044204071218,-0.11048357406163276,-0.19273790222602596,-0.3923141692181112,1
-1.5619531126549606,1.3427336562614185,0.7854542937791503,1.229450961806514,0.7110225283550242,0.3830994678016067,-0.6387215703687249,1.265315941049685,-0.5470074155788373,-0.49298299444890864,-0.17626444327495683,0
-0.28777786877848355,-1.4518753756274783,-0.3667930332364392,-0.47592878720069304,-1.5464971351820618,1.3167931287349868,1.5063816169707585,1.3806256651722333,1.774525072431865,-0.039099970619069266,-1.589649774931008,1
-1.0537254697880294,-0.9593150918643022,-0.6019462063347567,-0.6807641987882369,-0.6341829873893938,-0.7052405440391764,-0.5215672759307637,1.3178681015846188,-0.3244015119893186,-1.10107541649335,-1.2586266722917878,1
-1.0115747463833196,1.1779075288591452,-0.5503588678034499,-0.319875160330179,1.3433246819410785,-0.1543939957927831,1.7065110733450606,-1.419812794363564,-0.8031794755425076,-1.2952701600731982,-0.6628118211523747,1
0.05989168453710864,-1.465149121008963,0.19585017364493248,1.125152872206016,-0.19101282051343382,0.2238301905810848,-0.040303674232848634,1.5050834341768273,-1.6307405727282627,0.7099888489844165,-0.6719549709822088,1
-1.39068071348572,-0.08860476780661361,-1.5342818390820072,-0.7691229674142019,-1.4732516394185262,1.7018506980479575,1.6360261602303765,0.09565202907721503,-1.461837700510481,1.0192561867401242,-0.07502804140909546,0
-0.9926491480688121,-0.41502018078066255,-0.7312471469184632,1.6694103788426344,-0.029068817186850265,0.7825557718131829,-0.1719935441700105,1.6942177068004083,-1.4789337631668034,0.2666346644711945,1.319647535631304,2
1.361996108205011,1.0197465199704097,-0.7129540397301548,0.8571749001371571,-0.4582487669826564,-0.501513545720818,1.2133150366543044,0.3686962574955132,0.33461825622552405,1.2824944868254882,-1.6216908857902683,1
-1.197110394450384,-0.817017611158704,0.448507875441532,-0.3910411792144308,-1.4141123418351218,1.1241458649133347,-1.6604332597579605,-0.893654633762207,-1.008196277976148,-0.8437249541837261,-0.6531391615236036,0
1.7176623399051445,-0.48398077034464126,-0.2022283299830034,0.6096966152952134,-0.15288976053016276,-1.552051994586645,-0.294679778892587,0.39542323573762117,-1.3125692015280783,0.8397637204296975,-0.455457964044432,1
0.5698153402199067,-0.04512281686823964,-0.09510022233757062,1.6564923622507792,-0.6376940039205383,0.42658503151147387,1.5309148899856602,-0.2833474696446667,-0.822082307534574,-1.6403667224112766,-0.40805717712717554,1
-1.0218540978264188,-0.022689350014659427,1.2875901201051165,1.4663997590718028,-0.2330129767955986,-0.405318790573693,-0.7286304403240507,-0.34539540983420947,0.7301795384037861,-0.9597499927056614,-1.4778881838463815,0
0.2095875638391635,-0.962338041286263,-1.3871324900821294,1.738332475209849,-0.2166200994091411,-0.1575536391387651,-0.6541445775023976,0.6709859582824377,-0.6760686940630972,-1.2522716271403675,0.16031954718138533,1
0.6590922878955615,0.8249022017181478,-1.097067634620089,-0.17573690311890844,-1.5682236368685305,1.1475591917605905,1.095122762518125,0.9047003816837709,1.7673107706241853,-0.012535431948524684,-1.6316386338941584,1
-0.1310649705701009,-0.4486961739534819,-0.21001315472425638,1.3858966099097167,-1.6795441309626131,-0.6535869869925205,0.17132460726285614,1.31233556255326,0.5118430505285317,-1.1874015085876555,-0.5291858115989823,1
-1.2581534244876398,-1.6357700053627477,0.915965243799415,-0.11748966784375786,-0.9166581924479588,-0.8315142880041708,-0.2663810244008156,-1.260593639496225,-1.1571242381003641,1.0342874902381898,1.066781766614805,2
-0.8510829356916327,-0.6112513979262275,-1.4391944257589728,0.9143146517421206,-0.6048178722776157,-0.9043090060771113,0.5345883668877568,0.6252782294280246,-0.33655031325458046,0.6979360987140781,-0.08703222516992122,0
-1.3859675026400249,-0.88076744521724,-0.9568562039254694,-1.5054877045244706,-1.6669628950635305,-1.7474163355668195,1.4497633973227821,1.46172920098173,-0.3917472454085793,-0.4395248908791752,1.627721625433138,2
0.6091690389767747,0.814429706125038,0.7285760484445538,1.5967065674356367,-0.9743340608140889,-0.4718935606950727,-1.0408314181433973,-1.001258640429783,-1.257043857509379,1.032122843997109,0.7196064178487989,1
-0.552396195910278,-1.299805172597244,1.3313985082780555,0.3374897301111456,0.8469535039082853,-0.35492970976441407,1.3781929860869195,-0.825881051261254,-0.5848071138403443,-0.01755741122783233,-0.559228805795385,1
-1.1144047297139557,0.8032767156819883,-0.6669138715338889,0.582403768570237,-0.5524458408896548,0.35834491960640386,-1.2532043262445438,-0.6572025026832159,-0.12650107155163748,-1.387813116171888,1.052433486001271,2
0.7018004973495269,1.5784818731718697,-1.147089237697256,0.8746890090823116,-0.1380197040325423,-0.8525623506879189,1.4796304206208855,0.8742742420389826,1.667129237761911,-0.17242486189972295,-1.1363327260262925,1
-1.2661187200824773,0.16945335739446848,-1.2712486008916257,-1.2211070031653277,1.7360063553812675,1.216446073684363,-0.8693528647293461,0.7560808747764013,0.9592777988001874,-1.4041258902446736,0.6819719646591926,1
-0.8368285854012425,0.4252394404231311,-0.9368323784396628,0.13012365845492546,-0.4667729796619244,0.9040283863736776,0.6528902672084044,1.2198665655334986,0.6000281126097424,1.5348229698558045,0.537052168457181,1
1.1251495932171833,1.4146512261551563,0.6291843018545187,-1.6244188390096492,0.9602100237814348,-0.5694863059257378,-1.5369062470647292,1.147169892570958,0.4294375594005746,0.3308120962267605,0.9967938287487826,2
-1.6227779399979003,0.9097601405017753,0.2194128008135524,0.2559260687426045,-0.19725621687539524,0.258467762082122,0.1273450321362104,0.2155165953706591,-0.026963617690704444,-0.4271777487200498,-1.1274296027673691,0
-0.3409222101161516,1.0935717163075327,-1.646975218623526,1.4245051104366224,-0.6501280078348434,-0.4365573286522086,-1.6780656704158703,-0.9035177999279125,-1.3497728991566735,1.7153025148521641,-1.724371143503351,1
-1.701492953739757,0.23101336933979005,0.8384681296224361,-0.6238080727595626,-1.1932061854620142,-0.9944599226271743,0.7186562665206655,1.520191458706271,1.5325362721192888,1.1097730339571623,-0.7478857462850557,0
1.4526931473531302,-1.7710337804027365,1.0657516726711096,0.06977316317096308,1.6939663684006212,0.7295780653191646,1.0691371815286976,1.4512874619246612,-1.183835879159248,-0.2048945555159362,1.1928153398396848,2
-1.349195552989568,-1.3216808393852275,0.026000071458217852,-1.2770316841842497,1.2370045781172543,0.8781787787930544,-0.5981955987506491,-1.5968098066832321,-0.6965939206808637,0.5196558342986567,0.6623606601068375,1
-1.5857540672457964,-0.15970750531918773,-1.381372977881673,-1.6657514212814957,-1.2452790211136555,0.5027710917009544,1.4289176599576972,1.7070686459732065,-0.3280351150754508,-0.7366875268547587,-0.5647497275793378,0
-0.5685863345311365,0.5917522932492089,0.8323316317031799,1.087433529987567,-1.5946104141272104,1.3930607788521616,0.9976970771700637,-1.024398715925607,-1.5362003043760373,-0.5417135106281215,0.5175405555968217,1
-1.5296893999537837,-1.0101366206013576,0.41651720523019525,-1.0021720407763453,-0.3569123564592258,-0.12249631475783174,-1.7020053549695098,0.8454682858612143,0.7617821803020539,1.7439797482540036,-0.24616347155173093,0
1.5022059427960102,0.0664533032462301,-1.262078675837591,0.4875949575123518,-0.8256593885446496,1.6053948335118033,-0.4359979072835512,-0.6396203273330752,-0.9725596452453001,-0.20991653479524383,0.8536996460371163,1
-0.35851266973566753,0.2688171597415337,1.6897820026682595,1.3107990678315031,-1.6719615562838588,-1.654954516943733,0.09077269469558269,0.5521631256760215,0.10258213498706488,1.1210984630904977,0.8986557962222407,2
0.31406327050174443,-0.3332369049626096,1.250122462632912,0.7122830211008774,0.013843342937288235,-0.5602612571900638,1.1358924658143223,0.7821119384842375,-1.330047967905245,1.2789271498201868,-0.17168833596754463,1
-0.5416973010391466,-1.7395553040125733,-1.4829480689089898,-0.9744158969022744,-0.9010670490778382,-1.0517060612233113,1.660292981790366,0.8854135428467084,-0.07735121962795162,-1.398463175678006,-0.60530584090344,1
-1.6296709294785494,0.2744979115292943,-0.38431264807896137,-1.0446622287041765,-0.42153770557648707,0.043595610175998355,0.8902062991732894,0.8074509495033161,-1.268884676135977,0.6197663936561653,-0.9868237227332453,0
0.8943376314599207,1.1923431148412194,-0.5200251526602596,0.4605010500439962,-1.2757194034064843,-0.05036381588229999,-0.7582652426407241,-0.33974708180753743,0.3602950503791741,-0.7112139698897189,1.4294776922450083,2
0.2360290439564974,-1.0708777057735022,1.1665644822825998,-1.3330318166040536,0.14029161753862246,-1.1389409017616448,-1.5075561923484784,0.9742208277047901,1.3491068266917434,-1.3000150646336475,0.7835954925314108,1
-0.7558440097313482,0.022831306352627815,-0.5769987453727441,0.9459856779580975,-0.9348304180050541,0.6564198358536145,0.6764020405774688,0.7762269037435201,-1.3391780626473266,0.9998609564200396,-0.5615978107365377,0
-1.4862985771920134,1.4521935565619577,1.0748696095614751,1.3769744565925703,-0.05151179235603415,0.29851094599626177,-1.2770349691048701,1.1145990565589075,0.7457421030853831,0.19386791643101958,1.4556044270678339,2
-1.2269895104023842,-1.3889941473991572,0.31701952551019846,0.9223852297203163,-0.9554082382196076,-1.250177146206245,1.0773878118968894,1.162017827135297,-0.2627201046644711,-1.415918882966082,-1.0548584839082051,0
0.17305475336116158,1.3369933806594319,-0.510510488769571,0.3632895729069169,1.7723682828589435,1.3779863807224801,0.462152976820122,-1.6463659779885906,-1.131382192309829,-1.021641558030646,-1.045380862011784,1
0.2347589471827876,0.5101454353574523,0.2412156269257096,1.4585556334281042,-0.5876917474337919,-0.49991842797978814,0.7443162892825846,1.099087962650428,-1.0685228091379988,-1.7012712090503284,0.054669268688430306,1
1.093479482595935,0.7938489930430185,1.1149771542181672,-1.3549609092678252,-1.357623751796542,0.5184891855694512,-0.10202324383443268,-0.6307754612239648,-1.7050494200840858,0.8007481365804556,1.1718264741884044,2
0.20332621788299826,0.933660621760923,1.188845650082575,-1.3565272083778541,1.0268847399166738,-0.029842351175588623,1.5785708117380066,0.4778773067234719,-0.2825649534412954,-0.6992131711291664,0.9862842245377127,2
1.3688472347852467,-1.2379244429377416,-0.9636198787444664,1.535560859228969,-0.06674716636889176,0.147644841098372,0.7696978205083178,0.2821477911820901,-1.1829588801307422,0.7437053788354923,1.1705828708555026,2
1.3702064343784999,1.0136754772609338,0.116528109474837,1.0229996398267984,-0.9510107630103013,-0.5796794411636915,-0.4751919469683233,1.3065863492287555,1.6404437404596501,-0.4868700334640962,0.2620884571712924,1
-1.2275442626774042,0.3930931586789129,-0.4272034302904328,-0.2646130060283031,1.7117450913081462,1.360828319712136,-1.6945417533468257,1.6726790423508788,0.24689599763664052,0.9118204645027979,1.5883676799153215,2
-0.7314890838348393,-0.18095325404860257,0.3506418691194244,0.6691344969035424,0.6346837179817412,0.9075764435300595,-1.3864710355610406,-1.3029487021815938,-0.26940811675309834,0.3850667896132117,-0.6077243129731584,0
-0.1483815529764977,1.222385521934579,-0.44821318596006343,-1.4348344302527036,-0.5909161949802889,-1.6984450788339047,0.07172529472485198,1.2311170964330669,-0.9546706741410734,-1.17301094037695,1.5906747811361024,2
-0.6631747662541815,-1.013686355874283,-1.186212642382378,1.5816450918357117,-1.70739879207908,0.45538949794027084,0.3388335182721071,0.37274558821530834,0.9843497977731743,1.5724012286009685,-0.3572705656133387,0
-0.5516319924996835,1.6705183746419459,-1.6916502000274014,1.699495811624256,0.36081949442007244,0.9125453354074496,-0.9106830796465277,0.9190016639343176,0.2602895335380102,-1.042093135716378,0.6343429769282636,1
-1.560991284595092,0.9590620303526454,-1.374035930338183,0.4722728379100025,0.874334941236411,0.6877732429302903,-1.5209939395027325,0.5761196768145372,1.4146926154092418,-1.1563171885657342,-1.7240088487948082,0
-0.568500802938942,-0.8858373202542922,-0.7960995039249089,-1.7077914193735408,-0.18157199090385562,0.6085313074317171,1.2703754000162426,-0.939718264521866,0.284349836608841,-0.9787122937775299,-1.313131681645906,1
-0.24857838627606907,-1.3006068057702185,1.3720035934710795,0.9018599388877868,-0.5828273198272226,-0.7952864416120295,0.07029410193191953,0.7002673547553903,0.8519672832200905,-0.7760840884424307,-1.037967466530904,1
1.1344559835657786,-1.1233211046654785,0.6436627296564837,-1.1818892073045262,-0.5532230129367286,0.01634088743489715,-0.48113016348309273,0.10369910066249023,1.019460619498351,0.08875269496413195,1.6202984565991687,2
0.5164023444680164,-0.6109504563246226,0.2686012949064182,-0.8597795274031163,0.2534865107020543,-1.4253178730964493,0.2769110521867842,1.0829374908694467,-1.5183863962719328,0.66860081285495,1.4731087432943983,2
0.6798267381662395,-0.8973636781383765,0.6307202774264865,1.7157761846121373,1.2188445837620154,-1.5836238513813337,0.4446806857730351,-0.04180594923004587,0.2780473156247967,-0.7156817997313097,1.5652673406672784,2
0.18505507416703748,-1.3191549395734117,1.520696184328104,0.7635043613751075,0.714586821602684,-1.4965541442236152,-0.67478379353209,1.4927713445328965,-0.5672443726570221,0.29579677863103615,0.4072694322726872,1
-0.7154792602082585,-1.1563904943896133,1.6818602693367053,0.49162755658717117,-0.1167994584451336,-1.3353185525611533,-0.5820729005161748,-1.4889105909673521,-0.5883526990236889,-0.4664011386084354,-0.2761974114345931,1
0.5386707427761099,0.715836440705963,-0.37886806897680686,-0.48935977704015987,0.5216479526671023,0.2957453444322037,-0.7204955374157971,-0.17861850706298443,-1.4169113941261706,1.4885861261463167,-0.9741943305943203,1
0.8587289791059287,1.474318883396725,-0.7397587799372294,1.5335033705055365,0.201280233090101,-0.7960493563995392,0.42920814833877835,-1.0524076786631662,-1.2661128857353992,-0.4061547044266723,0.1147412567529351,1
-0.367960064779642,-1.5184362554725628,-1.1470914073318108,-1.034202014453422,1.63776933054476,0.44700479822745326,-0.0996638837626681,0.7854976060661549,-1.6514809948247682,-0.8148918662525287,-0.5551823828110721,1
-0.25230865685291365,-0.726693457443401,-0.4115259400678858,-0.5557882642192954,1.2265565730576937,0.08780638639742058,-0.6238531280984911,1.1445229104080639,-0.22449546436963735,-0.23369300910727625,-1.0015163430095033,1
-0.529316325851512,-1.5412739270405473,-1.0840482502950057,1.3024796390955469,1.4642206353217637,-0.5821253536212708,-1.6001931153753055,-1.6664198567879098,-0.020406416948222525,-1.6495101881336023,-0.7684578656891523,0
-0.7432153624168912,-0.23908713922618519,1.0798824786247072,-0.6531632226442946,0.9240894125644186,0.33944404583208254,-0.05120756755359518,-0.9192444898733834,-1.0016561127174581,-1.142879064701104,-1.4098003289307635,1
0.4854709022525457,0.9608797334886315,-0.8224878366817645,1.3399453710071316,0.4153982853812995,-0.55803036377588,0.7001471183623065,-0.3725886809903209,1.6380224760089357,1.151005215557271,-0.08300737337207016,1
-1.082482956517258,1.3381023385785105,0.39461138323362144,1.5500750769569904,1.2525192602724853,1.7459329623737116,-1.1822502668073138,1.0034555931669098,0.699066280779157,-1.358270024273616,0.526737420473332,1
-0.7710930250286869,1.4465373832512083,-1.1727138409702866,-0.7976064623543976,-1.4223930947687458,-1.5544748920215297,-1.1912691669996855,-0.9401823293951673,-1.2130409054011373,-0.28964478514673486,1.6948072369513654,2
-0.765242972984272,-1.5156508387017398,0.4633999482990587,0.2916100240231847,-0.10141511782841126,1.028575021631531,-1.2633704538484334,-1.2507170710415432,0.804997753472905,0.5503245422422905,-1.171510629464447,1
0.9350892660151545,-0.6124323280561422,0.4393469865717715,-1.2237626761656737,1.255608305069324,-0.4361212364574469,-0.8184120438212322,1.7202601944181257,-0.31284974968805895,-1.4999937429696637,1.6978775113910358,2
1.1770546711692476,0.6412186683217773,-0.8450455810226514,-1.5315612950034294,-1.3987340992219817,-1.5349951146581795,-1.185633912693329,-1.2451232975147937,0.7051809507461024,0.5728022288096745,0.7479444575797123,1
-1.061404532309398,0.6126765166881831,-1.3049041830872194,-1.5561078120743583,0.7661360876140418,-0.3477650941525846,-0.42080681055327684,0.9534841994472609,-1.0317665354069563,1.3580492992241753,-0.40450281803753413,1
0.9773322772273217,-1.1009817312590966,0.08630964404777697,0.8153868187230031,0.2002884771882066,1.11538228459071,1.665180599356544,0.35104334898873024,-1.0693026996555868,-0.5895608511409732,1.367542613371543,2
-1.2622584740884404,0.7006967239711461,1.425372111551984,0.4188835856716204,-0.31828037191711067,-1.3306565277458855,-1.1648976243362428,1.3599729073957658,1.0093455212763316,1.3462736236726953,-1.092157892591972,0
1.2459855023434807,1.7099145543455727,0.4108457195983569,-0.7409838622107583,0.6113851232107806,-0.08543635427348774,0.9796707071770621,0.8984426908870123,0.5294230946392103,-1.4486829684710825,0.7149877580601318,1
-0.2721926053355793,-1.7116823700702546,0.40967405081392233,0.02764944861134872,0.18740678102419564,-0.49919796999205157,-1.313326485300916,-1.6061336676188602,-0.6524304992543518,1.5375071311947446,-0.3954891965504846,1
-0.5932391305537994,1.0475444619943446,-0.8848631875258686,-0.7889468535854766,-1.5895979443427242,-0.35331056409873524,0.684675203413144,1.2974436964871956,-0.45472568760136495,-0.04193998648736739,-1.198464577402281,1
-0.024859673753836815,1.4356488913838743,1.1287153844844569,-1.4638685977826955,0.028927115550247413,0.49372566404512996,-1.1822070037083703,-0.3260384650894998,-1.6303365898973146,0.8605789586839313,-0.04917538282124765,1
-0.3386326013053775,0.4423255481463951,-0.943934355725845,0.5103387963989615,-1.5572366584845772,0.17649785942762283,0.6359207260308948,-0.028817512022351853,-1.560168897339057,0.8536174563726151,0.4905079077332346,1
1.663716435939445,-1.6338658385104563,-1.0236526694633783,-1.006815758259069,0.10474483382545104,-0.7733365462000786,-0.1632227032626519,-0.1284310160917545,-0.9217182965076315,1.30384655734751,0.609607807023148,1
-1.0423595571758169,-1.3911558436132496,0.27447925742599466,1.48935825031732,0.19863674710962193,-1.7243279340797393,1.4486387575822353,1.3170537009531311,0.2443659740984923,-0.9998738754303366,-1.718690745030361,0
-0.6896348135503303,-1.5502302962674905,1.3095130411806493,0.7365954467643543,-1.5610102249232243,1.07424363878131,0.4911764699556454,-0.6619327644581308,0.6725403328175682,0.09150612498278683,-1.528172228601459,1
-1.3388195891628327,-1.2735632560739514,1.226459539713444,-0.5509416223309875,0.2222441702072263,0.8884076234605017,-0.7667726733545891,0.9135464460654277,-1.4371190032477228,0.04227341087564325,0.8069519180637805,1
-1.3753325903702194,-1.1022925181663588,0.7837327917747028,1.3872341999149969,-0.9648731281273877,1.2334444372675841,0.4958405342012688,-0.26063652135627347,0.6044186262046848,0.5672607344325075,1.4361565190172016,2
1.5284328234421607,0.3660354034550144,-1.1691068731180172,-1.0785114490016807,1.1639958068390313,0.7356667234705994,-0.4754908638933943,1.7078915096517187,0.5327551860197368,1.448237120212569,-1.088093650690687,1
-1.5059045692756452,1.521408280685983,0.08858500356120193,0.5899636476476873,1.5793525641968895,-1.1064070041637983,-1.2035122393784132,0.15300072553926616,0.41879588458476785,0.6539678042652433,-0.3686571293066428,0
1.449513231222415,0.013938507339534984,0.8926435770740319,-0.3960629779481011,-0.6866009717706604,-1.0923823304672136,0.44451347029681676,-1.5688966152728174,1.4622634508521692,1.369876926285441,-0.6421315037486113,1
1.0808591847611018,-0.40052491037688687,1.2350208144140864,-0.868312025068979,-0.3674269990575058,1.7562373010816803,1.1127508374108006,-0.4545538156829366,-1.5039489038146514,-1.6101655780557163,0.7085089255064986,1
-0.4047389922112972,1.319365392190412,1.437557170856303,1.3540014449844158,-1.6031643098617006,0.8244590059241623,0.6031084388971184,-0.658924823023023,0.06315496279189914,-1.5713404830756894,0.7684987825002194,1
-0.4774895356814969,-0.6771013807138619,0.29428390103783614,0.7807676054927805,-1.6309805663502335,-0.06497605307544406,-1.5491579065141325,0.1868419866456017,-0.9109191306420453,-0.2527765303686453,-1.4340140625246907,1
1.0040586356442507,-1.708917104543597,-0.9300829172486013,0.7960895730352885,0.7929622435220718,-1.5623310692639345,0.7391688703424442,0.09760346122553862,-1.0537220692848692,1.4858326961276618,1.4331384482449614,2
-0.07196461853745234,-0.3874906026049257,0.8128547210675123,1.7423478625330688,0.1496484816069967,-0.26325054987623314,-1.6261067545888235,1.4847157480010247,-1.0026848518758746,0.3365440794731427,-0.34984109296662663,1
0.25255397186590306,0.831696392015623,-0.511430228362839,1.1619642453611143,0.688876160932153,1.0775277965130003,1.1249607565488107,-1.536877385620825,-0.6379185101272437,-1.210190904213755,0.6726251102271084,1
-0.7066162567572206,0.007162875576568433,0.9529079376538759,1.2857025846214474,1.0452978423270873,-0.1596961826056991,0.9565213089594417,-0.6756278463189423,-1.0241046655577686,0.42337236949537904,-0.10060672847646297,0
0.827171404458735,1.4543041133642065,0.9831234057887562,-1.0292239468373543,-0.09084556707751647,0.3790320164513438,0.2261746948436162,1.338075421444516,-0.7795060569678289,-0.07018429064099073,0.7562908208369953,1
1.6774435372125458,-1.2029881098070967,0.641144637227522,0.912027638933384,-1.0175172494862066,-0.6352554487085654,-1.5218790196692342,-1.3794590679491592,0.2591741840001359,-1.0267674403295255,-0.6749294979759519,1
-0.3544304082882286,1.180299640217259,-1.2714949415074561,-1.156128857444697,1.547607409457952,-0.44190199265317803,-1.4682395324037187,-1.4269762719125605,-1.0078283484101358,0.721781841705825,0.8483060884963354,1
-0.23514109041891346,0.2723156524825337,0.8580740807471168,-1.592044176120658,-1.1386744763730827,0.6484634189795806,-1.7661975969867745,-1.5006474465140507,1.191704533199763,-0.036398492110200326,1.700784075185492,2
-1.0365567274142713,-1.4472692023134472,1.338836280446272,0.1804426917272066,0.5861132094433207,-0.066997965550212,-0.4911583007397927,-0.6871360776881965,0.2404572252853089,0.5853225426680863,1.6897823686844344,2
1.2123447510405658,-0.0755973969751286,0.6441313494260741,0.9921580043691967,-0.9274710718995576,0.10875041392671987,1.4215314556615213,-0.7149332371130893,-1.7083134783439993,-0.19646109376068507,0.32721222861904026,1
-0.1284603305601375,-1.5945592655412029,0.2049107120664403,-1.6250224676938345,-1.6705368531694156,0.8391662385578472,0.38631179186871933,0.9888234233158958,-1.2490043591137656,1.1869037088193564,-0.4072408159245795,1
-1.0212241915133968,1.5960177881617237,-1.390745429013427,1.5289352779052656,-0.7583988883061163,0.7943835722246971,-1.4908081435114386,1.149524877258864,-0.2658597808226043,-0.8625140835563082,0.25258431109268326,1
-0.18661208207516425,-0.7743671367808515,0.3783253548049014,0.903691956637092,0.26824234647234196,-0.5945165094615849,-0.6762975371647467,1.0792496003471503,1.4936759485019298,0.5805603209377084,1.690818372035783,2
-1.4885138472405366,1.6230277322471371,-1.5890125927305534,1.07028658962414,1.285093581604365,-0.6759184871508118,-0.4964829513382262,-0.36391875751463887,-0.8698474129934394,1.407714942579535,-1.2515271410644093,0
-0.5490289311568962,0.27696657273438025,-1.6381686923619265,1.7435082889920859,-1.3821647340301364,-1.0965519985755705,0.6381245874451117,0.33045909168573534,-0.23959164139119152,-0.21656632804784431,-1.2608985789699967,0
1.0898745971762502,-1.25573880192839,-0.1529385421882711,-0.5732707224917365,1.639312121806584,-1.3148137101903772,-1.2509436575078026,1.1463453266542178,0.7226517047684524,0.08492560040990095,-1.0811456797363432,1
-1.495824756023706,-0.930714059421121,-1.1910917986717395,1.1185579949042128,0.20355804149512782,-0.5854207607953923,1.6847788206188885,-0.8363674032311681,1.0500429345218372,0.3355570007872098,0.7043164746650961,1
0.0026485879090886342,-1.0740206789273168,0.634999456296082,-0.9979177056006685,1.0351066596994676,0.5583635233399747,-1.1772434611694946,1.4679298255314923,0.5434691158195576,0.1414661602269336,-0.6120292097323381,1
-0.23810917022890327,1.0358885290758222,0.5922219147114821,0.1938873502022955,1.164728834030292,-1.1604930782755376,-1.1241875866072346,1.3635944484547136,1.0723611462503273,0.24052037221879474,-0.37869967544501754,1
0.06327636290447311,-0.5634411570380613,-0.3246987384017148,-1.0504513512124727,0.8944297200956765,-1.6402710829840743,-1.542547015632045,1.4352096705576884,0.2190926706725661,-1.0629256911405405,1.4649773170144518,2
1.5878720034056701,-0.018393720808558067,-1.2176962340404198,-0.7834093234615134,-1.4025430476847085,0.7756954149167482,-1.1718841074042903,0.8030954136373494,-1.393905466357548,1.2276336924915343,-0.8006958677273665,1
-0.06534637885852869,1.0035728104593142,-0.04709616683807913,0.9918989414146075,0.7837582002352207,-1.5943404425545786,-1.7679580373009502,-1.0789126817735117,0.5183874323512121,-0.16175748522367636,0.7160115935868839,1
-1.3584144784887626,0.5082571962804061,0.8256699768419014,-0.011982442392214564,-0.6616970799949098,-1.0671519827783331,-1.6039765533039805,-0.16704513808644456,0.29396950322368004,-1.717133736704969,0.08995733177783587,1
-0.5752425634983672,-1.6620587751614,-1.1839662513222542,-1.6975593940839573,1.1297694829135723,-0.2736689514811911,-0.9665974406979175,-1.0426274666929156,0.32820289702142424,-1.4229669711270414,0.6847692553851418,1
0.08834233404358428,1.4301888974470989,-1.4554793184207042,1.317225729490112,1.1415857382685366,0.6716667491425503,-0.13778381017309962,-1.187211273853996,-1.2848231887444017,0.9298995899083055,-1.487642060039326,1
0.5184783793509365,-0.9343446698498011,0.7551700054560768,0.3291834682096126,-0.11908112918515736,0.7088257411632743,-0.902836508930363,-1.1070851199049183,0.15742299023573986,1.1300514399436081,-0.6318140122449308,1
0.7075083358369685,-1.127541616015897,1.6057594568832094,1.1766968653937655,-0.9119049604154165,0.10690257515001521,-0.28425081109998035,1.2982056939727704,0.20458462218682774,-1.1742058251020264,1.3753933105554446,2
-1.3168176797656777,-0.0246301525391458,-1.5434628130249648,1.460840321384475,-1.3866909681496737,1.649146149941717,-0.07913405733827066,-1.0827956101094252,0.5821909153292737,-1.6493023820944586,-1.4719387982629868,0
1.5660041118277677,0.8464547771325228,-0.770672431974729,1.662218086024416,-1.2927431468716954,-0.5184259579614358,-0.17532453636777512,0.7646017635125308,1.3108682231578146,-1.2873215790759491,0.2441965821184491,1
1.1031249715680858,-1.5763163660706525,-1.7117729450066135,-1.1779155383461832,-0.1491729362423744,-0.6658678772911298,-1.4107095827632756,1.5267274310645431,-0.5619216373537055,-0.9057377396982113,-0.14503618219214678,1
0.6387506640841485,1.1569461995884782,-0.6590214497869339,0.6002331494924608,1.122185073956809,-0.8083344213856478,-0.8156407644995686,-1.4280416930182658,-1.6102697538117456,1.1856568725844938,0.8397215521147456,1
-1.058826028941871,-0.7976492775329792,0.007512982587739711,0.5106967242059097,-0.48131700847486836,-1.38355512094371,0.48160343947165524,-0.4539472170726223,1.1510365398062206,0.732137509323156,-0.5788869212185555,0
0.7266704077855092,-1.5370307197337787,0.10493713247821508,1.3093367067491748,1.7598816146505647,0.29185627641648354,0.9629099321425414,0.832092971342778,0.15919286249913878,1.1079547311146545,-0.3213942723253444,1
-1.26974749365826,-1.512852589498879,0.8944678449345915,0.9208873315623447,-1.7337905892947083,1.167823209944237,-1.2988356724086179,-1.2313639262427751,-0.2558627764223088,1.4548869134651696,0.37404587832796543,1
1.4860161779772696,-1.7496617121376257,0.2748711957050873,0.20335997074827528,0.028433388923605356,-0.8420769146459348,-1.2084186649983497,1.0657450635946386,1.6504172479820336,-0.28779184796436963,-1.5761117367029396,1
0.8329662947100842,-1.6862537111197307,-1.0193593806693375,-1.486490738705721,-0.7236057029691678,0.4895628953331445,1.3754123116411066,0.7729617632252589,-1.7205827793914463,-0.3640912986699886,-0.7283289630810067,1
-0.7014972713136322,0.28501138252513586,-0.5300404216191547,0.261802715220358,0.8009913864935024,1.1678603196447528,0.748220855504412,-1.4288240372370113,0.7973100645442881,1.3390177294725922,1.2465079915754906,2
0.8958604141700713,0.15211768416920254,-0.4777598927093192,1.4214445822194932,0.77989222955736,0.5948686851847164,1.4346658037419797,-1.074423120610576,-1.490387038509912,-0.7080968793025624,0.3451168020499335,1
-0.023543899266949,-0.9081292889940827,0.3774317763479069,-0.7486977866200232,0.763246392741308,0.23229376752909217,-0.39834583504407,1.2429950396740022,1.3260361252223702,1.3928048592709699,0.4136255813211817,1
-1.298886760928932,-1.1563850845667045,-0.4905553337486859,-0.6961819947927179,0.6036762755038234,1.6372258776746003,-1.4370516148171233,-1.6166098348223512,-0.04637423244848603,-0.29790507520269954,0.9709355609543583,2
0.407843396403552,1.4548609354928879,-1.126580663794863,-1.0338568593132964,0.1733989646542793,0.7048731488544695,-1.1901014297770327,1.0042997623341845,-0.31532584890182,0.0514168765979689,-0.8881273943924347,1
1.390299180610759,1.6381250887094223,1.5341704477157299,-0.9433006724226297,0.3799168883474279,-1.6282836679096986,-0.8346157606057758,-1.2297492415210591,-0.6838995917779089,0.8923732826729273,1.0225512460107735,2
-1.1028304893808814,-1.284965984685598,0.4868373781275164,1.1064447658525198,-0.5794460303872015,-0.7784434748830097,1.207416171700723,-1.322295441750216,-0.6309051587719071,0.7620269446200009,-0.16999037643048062,0
-0.16406462959816873,-0.6277403917824491,0.4238093333932465,-1.3223555692461553,-0.2555944682192515,-1.6136155821322704,0.4537801169390231,-1.5564513267255917,-1.21161811447102,0.7952239593732172,-1.582559821589657,1
-1.6235199138520664,0.3783857583219464,1.7099695967416793,0.2845814209737278,1.3071642028562207,-0.9124124409654414,-1.1834102498955394,-0.7337604042270234,0.9223777591382987,-1.0426472851540949,1.0926634695137445,2
0.8821318631282722,0.18978964639789478,-0.5763082510257787,-1.6857240628653063,0.1301723738628495,1.1519381322446134,1.7066188577447747,-1.0624354717266997,1.775448649035853,0.3030007213213533,1.5983328769449596,2
1.2407238979505297,-1.1186824435721645,0.6494332014403451,0.8892057415382603,-1.4889276402099454,1.53143143908329,-1.2928534778410197,-0.3269117770910556,1.054332713396159,-0.48321611060915165,0.5123333479755907,1
0.5601985869031904,1.46149774447921,-0.2345953345471742,0.83826906417107,-0.9645069659423122,0.13775129072397052,-1.1541092661071775,-1.3673743304464703,-0.3593426038536766,-1.6036716393324735,-0.7879966868664161,1
1.5869664473657124,1.5458375625109457,-0.5072308772360973,-0.7738302713410148,1.133535473380758,-1.106290931228528,-0.6037193689081997,-0.5557128537111914,-0.7249136592635151,-0.19921452377933996,-0.2075106873274517,1
-0.9335692476946422,-1.6714723801938345,-0.45255557165367966,1.2312701974687519,0.5380338915709209,-1.4238575422960131,1.1220945837521539,1.4552412867633093,-1.3374439094680612,1.3268437590127533,-1.2360437762420995,0
-1.4585090148089208,-0.8076576863690591,0.09134598522089978,1.1801280365893312,-0.13409570108170443,-0.1992342237453033,-1.0191353569192136,-0.9731623721288074,-0.48211859927515077,-0.36871498304093736,-0.13401591679166913,0
0.6694494466805571,1.1877292077505721,1.4122043463299656,-0.4248433736967257,-1.0187390869186483,-0.8653145838671851,-0.5808129630861824,0.02574252017473557,0.3001966111285692,-0.5077372232281159,-0.5711147599076944,1
1.6347991102262043,0.7623537164663559,-0.6870954870371694,-0.4192874183270166,-1.4946825578274263,1.1566103220553576,-0.02615036621360559,-1.0394620618598815,-1.5241897105256694,-1.2180355821914322,-1.6323784732325473,1
-1.2834081425962987,0.1263716681359315,-0.4321555843128618,1.5658315542574053,0.4546793556002486,0.17987936721455475,0.8968983114831016,0.7482013842460228,-0.029723953592941256,1.3841462743066464,0.5900707974066889,1
1.3792008862037828,1.3195300796013387,-0.24292852880195218,0.5777818894183985,-1.643561877974372,-1.3139595243378988,-0.16203618948760312,-0.5804547137140604,-0.21264148660110738,0.1669743515318307,-1.043840309307192,1
1.0826132038440617,-1.668578784035607,1.0834777491457748,-1.6257436231342366,0.7217341150636146,1.364268389340026,1.0348864705114182,1.718551847046959,0.06525160304297725,0.37810528730189563,0.9843531007197999,2
0.5510187637491324,-1.3210288259066716,1.1453971204994164,-0.001954972747537992,0.022778501854796174,1.2086518588475952,-0.09363580074543788,0.753831896544242,-0.5065313767123013,0.5792442160231311,0.6687904897661769,1
0.1365774330508641,-0.04722877537529707,-1.2912463598419772,0.5491494150090181,0.3441870723333876,-1.347215635779124,1.1497753734000125,0.16335436259175976,-1.107659620646347,-1.1737555786838818,-1.2860346553093256,1
0.16410747337704032,-0.3713757246935137,1.3782544612411238,-0.6336528922689071,-1.3165663666852523,1.0274041272025876,1.724266374650343,-1.2624988211441395,-0.3332917345847377,1.68297135859538,0.038225654472664995,1
0.5614006552085726,1.1685747439483527,0.6582551444468399,-1.0594940354001765,1.6497034185651251,1.0824464106319354,0.7381403786355829,-0.8143009997100976,0.908833086886479,1.1941596030194594,0.13142937932009935,1
-0.5856560678540684,-0.32534210745610703,-0.11339733377100768,0.5120362535551345,-0.10115131858075284,1.7015637032664828,-1.123533769977698,-0.5010513301162972,-1.6289262816924204,-1.3008982403000084,0.5275007856688002,1
1.5221153215048229,1.0451089006987515,-0.0017990134337849842,1.4691194767562958,-0.3409577963671308,0.3399837519406666,-0.020701957139917054,1.3140070779597124,-1.4250550239169897,0.29358018088016935,-0.7000857667608601,1
-0.48793927406734655,-1.37814954998465,-0.4668260639760695,-0.870288529582707,0.8411842704992634,-0.7801696606286184,1.5056033090621452,1.4212944834480155,0.12977797184378015,0.8558860056332679,-0.7508251555268586,1
1.2544611507513008,0.3113175621851421,-0.17140115810267817,-0.9425306288111431,-0.10515785307189873,-0.8131283399659177,0.7789784513343422,0.030965726412109092,-0.7197024122438473,-0.9694302906957751,1.2509529718987915,2
-1.6798647873525319,1.005734418465392,-0.9602359390487432,-1.366519637847996,-0.6724821724808104,-0.5956357232117752,-1.4658769327469843,0.4370618380452583,-0.5120117574548789,-1.5037342516742513,0.3257101270778888,1
1.0383523416653382,-0.10856302755491155,-1.0440631420266466,-1.2339354411433197,0.003903977504542369,-1.42971534227649,-0.7943053259947027,0.993591433856962,-0.6597825210725116,-0.15434573649421543,1.383158972586501,2
-1.1255379219757353,-0.9737283279096188,1.6859690863410657,-1.1193889054346717,0.6528870177481302,0.23890095931751265,1.200979780645365,0.7054956230021993,1.556639391950882,0.8621201868075808,0.04265763972684008,1
1.392830506881675,1.1094481957931983,1.177585639639668,-0.9682199277929319,0.18257035509851038,0.014203114393063659,1.616688968705129,-0.39202663783141695,1.6682748494046649,-1.4986256865453005,1.6840855719211532,2
-1.5486004872692154,-1.5560000875178928,0.6849746148204243,0.015756998056727516,0.15887963242496653,-0.006171903535007049,-1.090921378526178,1.0010551913875527,-0.1257367998088679,-1.2601163051180446,-1.0843880315095702,0
1.3445731768275258,-0.5977073073451933,-0.00645192983590509,1.7299414124126367,0.33778747975070794,-1.0953236710137748,-1.7551798332316138,0.692966387940604,0.24827105889951412,0.9410345301724254,1.650341063351931,2
1.1478955264660233,1.2247128089050638,1.6521037294165928,0.18078587556494222,0.6862045816378636,0.5909596827899922,0.4398852915431081,0.7826692289272346,-0.5510236993157155,0.325980605816668,1.7294259091257411,2
0.8436524513230123,0.9256381134333725,0.7491737754885732,-1.567757226224998,-1.1839615321261823,-0.9365124623346944,0.93427354115355,1.1651567956928313,-1.5375675757886607,0.5720229561628853,0.64776580128534,1
1.142973511609264,-0.977363063516747,0.8017544193537657,-0.9207518277042538,0.6952443202694267,-0.016227766989064536,0.48502904807743286,-1.2981951984929756,-0.10253849384306385,-0.6637995586250832,-0.5267909386864914,1
0.9176561459053327,-0.2407690055202844,1.580023336548102,-1.2169219544795604,1.0267749273699316,0.09330088999744458,0.17453640496815725,-0.6317729836575914,-1.4357307165649615,0.1580733261885061,1.254737318929527,2
-0.9705152385606278,-1.4945914928742947,-1.1648512868545629,-1.536567212480554,-1.1827462199544223,-0.43759928207239673,-0.71803583994808,-0.9227361692412888,0.446691484524667,-1.2523582129900106,-0.26121519972532803,1
-1.121521946975415,1.6791924708388632,-1.1414668484113517,-1.5186619777467756,0.2528326705030437,-0.4747565538677346,-0.9143726500202678,0.07035994481136829,0.49222873845749165,0.26329245067496565,-0.6317538677281149,1
-0.35564406618879274,0.7510682441123882,0.03449357042484308,0.16972884134137167,-1.439224632093492,1.4082591156258923,-0.8488220542780754,0.4197742195454598,-0.35792080179348906,1.4461936941609888,0.3689385473943422,1
1.2396184670958514,-0.1916896932293692,-1.1174869798192322,0.5846586005829725,1.6596665722705728,-1.7426658248690414,-1.7639584119968106,-0.9358082705981386,1.0409965997831534,1.2302312679808314,0.5125496322794602,1
1.1189088196788184,-1.4314859748923707,-1.176030022985498,-1.0390023264034007,-0.485568410355875,1.3874130377649623,-0.22594343485157378,-1.2368676087253725,-1.3517994306848387,-0.5786163997460683,-0.8760608601293814,1
-1.4950698306175405,0.9518250430913,-0.010202623939256425,0.49942059154611484,0.6333107554371343,1.7306469638878388,-1.5982522671334551,-1.4756287963854646,1.158477636229547,-1.342875060207049,1.5344127777017766,2
-0.37673134974359257,1.3779112857371394,0.5480715215957009,1.1054504549757744,1.0557067364689159,0.16043766081249075,1.6828000777918777,-0.5122340545053716,-1.0928319827538864,-0.24784113693898088,1.5118423007914785,2
0.5454261705100094,-1.069097508457653,0.516293897977043,1.2482453729487382,-0.1316442589792169,-0.7648680965289093,0.4144705737351742,-0.6377997173508179,-0.6160733831000199,0.797838852032443,-0.26180703210262657,1
-1.6324443324719424,-0.36093493944812505,-0.05720794341274973,-1.1951363580112107,1.4589199510782849,-0.42598154081233125,-1.2656716253371905,-1.270891876947696,-1.1942272861521948,0.022064273568912135,1.4836319150138464,2
-1.0572816634214162,0.32735625144035996,0.8568745001358478,-0.4940060705782003,0.09387845553850305,-1.399913113940277,-0.7905816194418779,-1.6912618341900327,0.24433698915145347,-0.9519053147279842,1.2823788327286545,2
0.859591976942984,-0.6886925797682694,-0.7168810884761234,-0.9461455021782249,1.5408330858443893,0.21850933208430726,1.6530202168934423,-0.5835879710044269,0.7834670510472946,-0.8803161342429573,0.42926347681776905,1
-0.0672667468839052,-1.7535765116795845,1.5107268477504123,-0.618338384011872,1.0095510195660897,0.3304767785508716,-1.331489333051547,-0.8878132624636793,-1.2771787507748833,1.009991500828298,-1.6744964032851772,1
0.8827954037427006,-1.6540122239471884,0.7181987924595375,0.8892335090751358,0.5457214689546471,1.1680933525653248,1.5403674758932078,1.4941117986761936,-1.420319001853691,-1.3175746749412955,-1.211502900596402,1
-0.23762817190675112,0.44197790308788987,0.58577915460637,1.281575603311848,-0.4741123008293644,0.6904787078423567,1.1124803798125529,1.078545786739731,-0.07437307090364387,1.0522453954541968,0.3991149408794497,1
-0.35147158321186484,0.38421538624277285,1.1797290674319845,0.9577020570034952,-0.174394870351669,-1.2607477233134972,1.4963869271784118,-0.9139066007516576,-1.0637452442921322,1.3195878648126502,-1.0348776488755376,1
-0.20477634267142672,1.0565577398046675,-0.11641591783880427,0.7208013918249007,-1.1681253499124855,0.13862523448203315,-0.2848015591242406,1.451754714282029,0.07139274709644365,0.9308173999145237,0.8663970711849937,2
1.5399121921305015,-0.5693886307144995,0.9736805247785691,-0.8049629043664552,0.8999450059969573,-1.4063684559585001,0.4755045771631323,-1.1285508702695557,1.0367007530842371,-0.7410687708467063,1.4572731956935097,2
1.0352575953007204,-0.1449543049880014,-0.8447340924056475,1.7347905422605807,-1.4707029913598146,-1.4419442769183963,0.211521954186659,0.4130229295263266,0.6278692321404855,1.5945325717697794,0.31947915024908746,1
0.8480313351125985,-0.2548711010235815,-0.31252427705495933,-0.16963034746900904,1.4305926000533549,-1.512545059655215,-0.3970453020717215,1.438972483634042,-0.2733383825845705,0.35931615792931354,-0.5768671356357051,1
0.5857476342623525,-0.6810008495724271,-1.0356181504221844,-0.037044960858941496,-0.19285144966024156,-0.9618222809129955,-0.0813530287901679,-0.5306728351626118,-0.008641796066772203,0.09148880781285819,-0.3918194385942396,1
1.4192050857169054,-0.7600396038986234,-0.12189890203789076,-0.39862818793278293,0.5056121338597398,0.9330167823481712,0.45995308412726144,0.7448645949732849,0.9603761294590883,-0.4057217751784561,-1.6825783589460745,1
0.3375144363997642,0.1049850774345109,0.9953617668923371,-0.2043459180070728,-1.2378133870403452,0.2685848144428046,1.1614678589128906,1.5286615175772735,-1.7137178569956508,-1.2236982967580998,-0.5003209846460638,1
-1.3254704318356108,0.8625525168247079,-1.6583237176901091,1.726296740609172,0.8456874923876913,1.4434266253762704,0.1593524633978065,-0.7187646846067112,-1.1436047811485135,1.1532564476479952,0.08960305470930977,1
1.1412046522200034,1.6926222697170543,-1.0134539932388023,0.21459884031755178,0.9629659933408932,-1.1774871550859916,1.0807463706274107,-0.40716608481882044,1.073407274893132,1.5130379700855665,0.6025864870538675,1
0.06682968010629485,1.370857451803483,-0.4701133817088907,-0.877448065852822,1.577690501390882,-0.9832574840486048,0.8964634988478062,1.640734630006477,-1.0143657841193165,0.679493312740069,1.0000505298986346,2
-0.931565781233636,-0.9728853593899741,0.8455379021158077,0.4349097646385011,-1.2155190853897002,-1.6254869217063177,-0.529830562799992,-0.2982175578938466,0.3331406135742474,-1.6738581290532801,1.5767776280297285,2
0.8517626774380379,-1.2462259303209486,-1.393983959616996,0.11391992997730524,0.3278381634647295,0.45693702115149937,-0.6403666627338093,-0.5273583783956999,-0.5053076351594676,-0.8616655422298044,-0.22141900648973026,1
0.645173005002743,1.5439927497402512,-1.669210175529165,0.35998800122071145,-0.08331500478794236,1.4584642412897502,0.5624961927681236,1.1769015190190049,-1.5862223404608355,0.8490457235114524,1.4951227883084808,2
0.00023250708402939015,-1.481486413063427,-0.402892818924923,1.7033782452963016,0.6865439027944077,0.6161389687903889,1.3437653398207496,-1.5961881574671186,-1.4876242902101973,-0.44194929466918575,0.36129101029730487,1
-1.476623475664544,-1.2107369996980175,-0.17254148802446312,1.723962788454551,1.3999472836381288,1.038543866205704,0.5602499005772702,1.1275705159176315,1.1955687143270783,0.39012340323237665,-0.41844030716830155,0
0.6951962185182201,1.1857828146195124,-1.3865858481163276,1.169984315263421,1.2834042858496706,-0.6772755468210684,-0.5348132653887377,0.6901692219413829,0.2958214478049986,-0.44880689396093,0.10380559368537973,1
0.5799168896649924,-0.7624627349109518,-0.6081576302445528,-1.2740705166980042,1.7719510057102026,-1.7440071414497544,-1.2421044713871396,-0.39067075762702885,-1.4869491004564392,1.6486833621366588,1.3067984210625117,2
1.4072359636844736,0.9962093838592401,-1.2948013185865164,-0.7754326756955373,-0.9118956760271977,-1.2947654454808006,-0.035333765355205396,0.9734479032253421,-1.219031073499634,0.7400514559805478,1.1425181778485685,2
0.8312342740141603,-1.234892122293063,-1.3906743082579507,-1.7373147751378333,-1.0367038894695555,-0.18762407065940476,0.3544280594059916,-1.3261250496229493,1.122326900303173,1.1534296193472817,-1.2031495354297272,1
1.7134648650954547,-0.24457175569794246,1.2634255431346415,1.3103679062640043,1.316443212428792,0.49113881364306106,1.5309181873878142,-0.708581207929887,-0.1364981967784839,1.543672043689343,-0.9749978084232546,1
-1.2639061450511795,0.4130484362184438,1.2479644136228403,0.37229314595266255,1.4875585766843682,0.8195057855587948,-0.41310781847359634,-0.3597257159343049,-1.6446338878022222,-0.17592293022530966,1.0047572301462218,2
-0.5120855927909819,-1.467748970541,-1.0919822600181972,-1.1223570140043484,1.3299209799221017,1.6272458424899514,1.6098157248515659,0.5631721811873021,-0.7418975511781524,-0.48603880930752114,0.11715970089878765,1
1.4309399680502066,0.40087017723452095,0.07804688188637453,0.40446102050130817,-0.8230665216183973,0.9885917514326524,-0.05181099124453958,-0.14450485379551525,1.4584313085453018,1.3736001178201003,0.21822113880144847,1
0.39962842689089983,0.6526632940333914,-1.0778031153551935,-0.6994466991281263,0.7473493737895631,0.8098394941754581,1.7310048014891495,-1.5303238091962472,1.0453208767575153,0.9093960607127873,0.5915876916158377,1
0.45245711107507514,0.30800081429561993,0.29310590048289015,0.40415334185949536,-0.7795846670563435,0.28080731799263503,-1.1562486877986002,-1.1823480359798562,0.12552206361933943,1.2955169986118307,0.33168001226938887,1
1.1950037172727561,1.2255414498519286,-0.8574458271901875,-0.4100198457423064,-0.6083832297841546,-1.51574594010518,0.5300135607383152,1.4031630706172395,0.45752058251852884,1.170244591347998,-0.3052607037744091,1
-1.2976529312984055,-0.43601674428731524,-0.7423617223198802,-0.7854828000768133,0.545880636280629,-1.0671813212517505,1.6677515745924771,0.9946469694290913,0.530204875986331,-1.19822473979306,1.265490921881442,2
0.32737269218668674,0.07456144572025747,1.1489206525806486,-1.5816754170333618,-0.06285584126127285,1.2416788171903081,0.37382808637618803,1.3782090009997914,1.6189337135060002,1.5435508234998425,0.30227062106329233,1
-0.1724737003171578,1.4231354574252653,1.2692070092342846,1.461391530046195,0.7311539072509063,-0.06817282524395005,-0.5457669481725121,0.05950253465408465,-1.4557334688269903,-1.5117174670113576,0.4560194829411923,1
-0.5425094665390898,0.8283952036729199,1.0985913216571654,-0.9572489184791737,-1.6516792145627162,0.3273093865863969,0.19786448774084775,0.6795983294275405,-0.5427480457797024,1.1594906288223081,0.9091863293708553,2
1.0885218665633198,1.6481457536971225,0.5139831710585274,0.3502768165111105,0.1587678894733084,1.6496846366065159,-1.5430478566823072,-0.15338135763554123,-1.7438691537245543,0.48723809219222936,0.19505055357807483,1
0.5241150935984642,-1.7432244881619487,1.4833612575521276,-0.7157833965703784,-0.31818334492915556,0.12898388306969283,0.34265788293006694,-1.678342101535261,-1.2433650091392776,-1.676213264163576,0.9467472974166786,2
-0.9118261632574749,1.4000276199212516,-1.2686236251660814,1.016312984417299,1.1736826128697282,1.7287740579371107,-0.06224112103764724,1.0179935759415453,0.4571314327011945,0.48458856519314636,0.19980926900699728,1
-0.5984569022582111,-1.2775902850898613,0.9721705242912763,0.928160212977395,0.49145949844655573,0.09810418298530638,-1.690966916323858,0.6377077631930438,1.7770227497837785,-0.6267581321477071,0.5264770897613779,1
1.1755744473693774,-1.3244983371991432,0.9032454216815445,-0.1164855019242441,-1.5537667046438517,-1.4386283877654644,1.0408201147405205,-0.1677240804458736,-0.8724188312839661,0.06847428897768625,-1.021949544670883,1
1.5029033316567717,0.3834297659615036,-0.026108149740161374,-0.8951404718543016,-0.6398293395278783,-0.782397289024415,-0.7210326645869326,-1.2390999483526044,0.43351161730664933,0.40626300560587575,0.6401186411604931,1
-0.22916727839103498,0.6029800613518672,1.1580068931281071,-0.8276294584292129,-0.9324204114817557,0.0621077917149619,-1.3714370753514846,-1.6068755713857643,1.3933437527031767,0.1557181910782101,0.24005760897086229,1
1.0997505582065956,1.1898801720020609,-0.5305585577517942,1.3503860478190244,1.7066544072582144,-1.5594019083574533,-1.0759507528571044,0.7856255318480858,0.2832834596265314,1.131229007498756,0.038554782609402136,1
1.236526946805013,1.6892550316591273,0.2127142173884336,-1.3389658526380235,0.06253355860392726,-0.4313734605427643,-0.7511607537316501,-0.9836904968528761,0.08955571077607806,-1.3293503504927755,-0.7694755998511901,1
-0.3520856841285542,0.4766971292535038,1.155554618313619,-1.3937946240648689,-1.6289589647286675,0.06067960200130493,-0.8425495195264585,-1.6351502326538896,0.3869029046104985,-1.4070871263024722,-1.725076964592022,1
-0.35476128453302447,-0.3640545092535649,0.5594072848652215,-0.1001298763808656,0.15947899271262242,-0.775110049609035,0.44120985316989914,0.42888055615207155,-1.5921750867393958,0.5683343989680836,0.008887497048657314,1
-0.0037545981485562025,-0.9361638187214143,1.1876201088466984,1.1765484797738577,-0.6441722777306031,0.9956316683241933,-1.218010830593953,0.4711302121197675,0.41968948560531755,0.3834043413000616,-0.07391204665319294,1
0.5061415596918978,1.4091760228706545,-1.5017441169380252,-0.31449299539253633,-1.5634413815377242,-1.6658917525465498,1.6943998984094955,-0.8014059209842356,0.20638594856908984,0.771534070910828,-1.5866994404766441,1
-1.096865937157273,-0.594112880229335,1.4413987475373233,0.8710799942487696,1.111768068251768,0.724165347164868,0.1923593521388998,-1.5711411814066572,0.8153887280339853,1.3905709443501744,0.7558385798656801,1
1.4661682971898131,-1.5039345049986315,0.13882821225103573,-1.695791690635499,0.20052213433069435,-1.0699658837976398,1.1403426396286704,0.008810530190407489,-1.673639942780133,-0.7832360796229619,-0.15057225616387146,1
-0.432981844214853,0.9760424946402535,-1.293302188428233,-1.7366302673773277,-0.8659812531866264,0.13881639620531977,1.4709992005260464,1.473751449319094,-0.2556120048021925,0.06634427707646266,-0.5378224748573711,1
0.16910492712099529,-0.8364412535323917,1.3030479745619865,0.7238278458678238,1.395903106060837,-0.7330926292929651,0.5564375484709555,-1.2312288046356106,0.8478878732630823,0.6807055146350742,-1.091569386645207,1
1.3918375176676239,0.9647657839139478,-0.2820579389136102,-0.5760474675430023,-1.4419991116182815,0.6899588319030968,-1.1960525202939354,-0.49386009765897587,0.181362954301423,1.56687705139373,-0.8175310548251441,1
-0.2599903576112916,1.634065275274511,-0.26867865152895304,-0.721625723822223,0.1071166543397372,-1.3475619110185806,-0.05391233449349842,-0.32047277453880607,-0.8600486104181013,0.36390520796040504,1.0012593680184039,2
0.3161009281430556,-1.3832719363564399,-0.30821385111706556,-0.7797350812717397,0.15996739206504051,-1.6854596658872467,0.16978639108885465,-0.619860108424913,1.0490658292827515,0.7117552003171385,0.40893564935510995,1
-1.4896538135620783,-0.8504625346741801,-0.6411616578950213,-1.511107018728355,0.6824424983556884,-1.6288414599831378,0.26324416080076685,-1.3745823227287135,-0.8710564069944794,-0.4852422194908034,0.5448237119525076,1
1.3070667369764595,1.3961480045409687,-1.0009657200341733,-1.2356324248777522,0.25296247808748057,0.20725895537456704,1.06310007115743,0.6537260432799307,0.7725137751555896,-0.6178571068043825,-1.6534676065055594,1
0.5880263965775,-0.6154354598376162,0.0975928147571072,0.3886507823781781,-0.7852062975995242,0.497692547586924,-0.8517781560826639,-0.8746079406762386,0.6069933622792447,-0.37055060305337395,0.40161879365985426,1
-0.5500897306232331,-1.6557346255370147,-0.9432253236590611,-1.6067730039401433,0.23387328253283363,-1.3572052449104874,-0.3886296193997122,0.9884570706995934,-1.218008065829916,-0.443161496564191,-1.3026717016351474,1
1.2525255544913356,0.7902230709537209,0.9079354938101001,1.602143589518199,0.46544536234398765,1.3545396457991592,0.298151833737443,-0.266298489469444,-0.5940581594927965,1.6402672175513364,1.1788685415901,2
1.0925458732207178,0.08579922204790698,0.9583819943509704,-0.8108518097608425,1.2145213531479373,0.04031344254000015,0.7882137000142371,-1.6083730898123036,0.09372501215400067,1.0850614324689831,0.7525269978477472,1
-1.4520168644148588,1.2354976364138224,0.49637723198236366,0.11099925441794609,-0.12365890165935556,-0.13018724265568285,0.24672477300228599,1.3559344658423278,0.40353948237110293,-0.17258071642908077,-1.020323314564529,0
-0.7600796327110951,-1.1206525790696484,1.31633033502062,0.8561507751138382,-1.442021407014513,-0.1011006195190075,0.4076262633643831,-0.3659194974863937,-0.07167013008613292,1.1471434866631827,1.129725706841896,2
-0.5917074627030375,-0.3644714608281415,-0.8339966804632702,0.0052528169073986185,1.3033770751364846,-1.753198567910746,0.06791425804392058,-0.2544656770344395,1.6458375401461722,-0.47848852321863106,1.5095435557875891,2
1.3688737542241378,-0.27469943829125154,0.8742624098777699,-1.6309818134151117,0.9875432773542704,-1.7099043422809503,-0.15911161662797188,-0.602366324803732,0.7431239153807278,-1.5678250975801742,-1.5634456316612306,1
-0.32242061550183715,-1.3233484872798584,-1.4039810223534988,0.5185457571712471,-1.6538280589027832,0.3027537685946016,-1.4139184923471793,1.64493675810008,-1.5772221390304184,-1.623032235312701,0.9049624851231364,2
1.1028763607497063,0.43443314156296475,1.024975430157867,1.6080051062338512,1.5785182036747964,-1.658473823228117,1.2369190000823012,1.2535015205249822,-0.93011469251055,0.9554424155530599,-1.6164291603112142,1
-0.7216002215137576,-1.517073825711993,1.3147394222009816,-0.8808252790100434,1.0937712569847529,1.3409193360254303,-1.0982218192005864,0.2652149414814856,-0.658805182306086,0.3397477559099424,0.16273087423189894,1
-1.3490312238301876,1.380410395365333,1.0390152191762825,1.212438004607039,0.5634211299423916,-0.5701706981827243,0.858959250650591,0.7625050393134928,1.119667422067872,0.8827276190226708,1.344391058262828,2
-0.6026464301926173,1.437409872956102,0.842063693384162,-1.4711536503121603,-1.536980692767905,1.4814480133292443,-0.6879634481859893,0.43051664780907023,-0.4541482857782326,0.8264987682643539,1.611858698481666,2
0.009954604947725768,-1.7215781649942101,-0.3359327716921313,-0.9761389018194535,-0.19913034286082448,-1.2950059320620653,-0.4043048563706161,0.54420738862852,-0.8281425695176351,0.5983970059642149,1.6143788971951127,2
0.36603275562814125,-1.095735774125628,0.8946412254567727,1.532616546735679,-1.445764314423805,0.44026997963239023,1.6527940985881033,0.29632392109541367,1.642576767873831,1.0868451009716338,-0.7782859390844621,1
-1.1095498170031934,-0.0148673291599647,1.6815931995634734,-1.4403585431567938,0.4007275492232871,1.4893591923610445,-0.07962592485321897,-1.6608490835086185,1.3152386159523897,0.031415545330381545,0.9347373508680132,2
-0.5428631655791406,0.8848160208496291,-1.1300682743221517,-0.6921291065212517,1.6100170396179525,-1.4689626733878154,1.68938287817966,1.3127054056176446,0.7580642763193968,-0.8697526605864826,-1.734534139237587,1
-1.5681267015357832,0.6314336820806408,0.8090996142329667,-0.47786674540139457,-1.3131924104367918,1.5547464081297053,0.02781916412767151,1.4154330805883042,0.06341839611598289,-1.6941884865495116,-0.6788962995469349,0
0.267597666317286,1.2241632670171054,-1.4103789926202663,-0.5079594125125273,1.7468354666239452,-0.3432903123449326,-1.7008503745481467,0.3846916828849075,-0.3856250743032468,1.210576280111817,-0.2131299185720349,1
-1.5623855849940995,-1.3183588941481317,0.005301923081618002,1.0395528370112912,-0.38607005004960915,-0.8069321073709103,-0.8814462213923444,-1.1527835139600022,-1.5886272998984496,-0.4649291791645004,1.2407906323754059,2
0.8617088363037606,0.3552660387900777,-0.02472436241482804,-0.5018607670383933,-1.143408345005638,0.6064948487781225,1.388447074232635,1.3000525330389052,-1.4894562489494596,-0.7910634404307104,-0.0009187992216791874,1
0.20174960007440781,-1.3555448254556424,1.2879510361243045,-0.8634967894367866,-0.09187091128582191,-1.3571728138359314,-0.29521897364639815,-1.5852143939795635,0.7979115620786765,-0.3790706506582683,-1.2841980747206203,1
-1.393015112468082,-1.2793877957745277,-1.1781921007251654,-0.4170392159492606,-1.2164206054280766,-0.05613392001534216,1.1034983579352768,-0.8243231817493814,-1.7372763647015128,0.5522986996141563,-0.5562317512227705,0
-0.1851024190405177,1.106716235887809,-1.4598049463330982,0.0330244850413024,-1.4107272374755824,-1.3354882578380487,-1.4490646685461799,1.70238711773125,1.7297373331510788,-0.3487829204530646,1.439949295564977,2
1.0696456443970517,0.07516740948637306,0.05831501930303671,-0.11989091327239647,-0.8794375517045304,-1.0654693196180272,1.535742939151724,-1.165774984246719,-0.30045718262286775,0.17189242779156647,1.6555840414454697,2
-1.5292334291747933,-1.7675174593623488,0.9609403926384876,-1.594342523197041,-0.6634667038816553,-1.52115830783719,0.7745803376939133,-0.43341287713189836,-1.5047270787718638,1.617218064376307,0.19284187002290493,1
-0.08878413016054605,-1.2217887929022437,1.422581850017234,-0.4393997855578432,-0.6904091424336488,-1.006795232159906,-1.5633676640757477,1.580922727771644,1.5288120427607053,-0.2253980847114543,0.4959803222715148,1
0.5867375505474371,-0.5088730111000037,1.5228043470648351,0.7980772208665421,-1.3357381374074648,-1.5707042919179304,-1.6203999004181244,-0.43839210844188226,-0.1790303721512087,0.0782065384775859,-1.0836528868711475,1
-0.7555597219709403,-0.1371190487223957,0.943237027345798,-0.3615477591364639,1.336481563353077,-0.7340505899080784,-0.04979441451608193,-1.3076528468076904,0.2004857888318245,-0.09288710041744702,0.059794701268168486,1
1.5730471028312323,-1.7645873481351715,-0.6921861045855574,0.09950359530508678,-0.9380655328664322,-0.5000525558845192,0.7240234746242004,-1.2947228964421675,1.1983524382926727,0.6465387383658536,1.2810441103306098,2
0.8302144801294393,1.3729987288911956,-0.6280641768801644,0.7389692315301432,-0.4399784925563136,0.4153213862811632,1.1970278642285694,0.20387867287807193,-1.5514328262464732,-1.2644282804302778,0.36244148753719674,1
1.5198475174251493,1.3057384185886312,-0.061065692171746525,-0.3222167759130697,-1.0268596938645438,-0.31602962840257737,0.012415695888007412,-1.3304022053279385,-0.9800892654884342,0.30319121019056844,-1.74222553076613,1
-0.5416705442672847,-1.189807985921421,-1.2897399633497977,0.1993812113617249,-1.0522177788012446,-0.3372850364011458,-1.7201133451440396,0.7185696499515648,1.2405512839480999,1.009991500828298,0.5970200458779007,1
0.7482856636215375,-1.386381669513947,-1.5089383236654246,-1.0457178720607136,-0.6705435423329388,1.4932572164962425,0.2805025043268932,0.36873236385969005,-0.5615211934335101,-0.22229831129422647,0.7712865302449736,1
0.6010074870444192,-1.589395766563591,-1.0298358648511656,-1.4007958866225527,-1.291393357651802,1.185296639825992,0.4722866358323891,0.2635544493571295,-1.6481976254436956,-1.5675307056913872,1.3543363211426467,2
-0.28065305311556377,0.6037039399671432,-0.25874269440803016,0.32118074690287285,0.636092719190186,1.6314801909412209,0.7773015233280111,1.0894432957835793,1.117280374848461,-1.5146613858992277,0.7997124428916109,1
1.2659420022766203,0.7969979581851435,-1.168107140876437,1.6486358564608032,-1.2818842386341602,-0.9371300853457681,-0.32203264992568414,1.412511640881894,-1.0193948632093048,0.9348349833379699,0.9476803210408138,2
0.4118098321698803,-0.5049805119112655,-1.1922084852931516,0.7584440336844807,0.9972528341713826,-0.25613013068781476,-1.075188205256326,-0.453746358292041,-0.1406445990519567,1.7281345377692914,-0.06679137705927514,1
0.6375623818591849,-1.1568854054073598,1.2403203790808175,-1.5467590223159382,-1.6446996170649222,-0.8565519797320349,-0.45791247530395623,1.562382320397255,-0.9417298898109033,1.646172372497005,-0.5968348848466826,1
0.9849846714548416,0.7568790263414604,-1.2783947216098168,-0.23866542133124213,0.5203937841773397,0.5093519003441473,-1.4881932624258682,-0.7097383157131533,0.2512955972468912,1.341823111001033,-0.33028586302762214,1
0.756917518220898,1.3408417759988107,1.0195123984676404,-0.9735870257380472,-0.10576634742306054,-0.4918780014976687,1.0764202585935623,1.2237838025668544,1.5940036076523205,1.6951626462251475,1.6171568331914614,2
-1.4923411986424664,-1.517808012522682,-0.10367927199954176,0.887327272666683,-1.088935554881698,-0.17429899588559009,0.2103285254537668,-0.4778421342915655,-1.5639142919410858,-0.9693090705062746,0.9228585592273251,2
-0.5130305941778547,-0.30859234424064774,-1.0631970557975854,-0.5880591649626059,-0.4206592340263528,-1.7007138678098284,0.09995409197985117,-0.38126197661712524,-1.649906814585691,-1.5401176256943387,1.423242561741144,2
0.1664125454265182,0.43833245165400514,-1.554441911586,-1.5054260323794977,-1.3769259026209297,-1.6060731713261378,-1.405871679780736,-0.3963782530472766,-1.4089069111236847,0.6875284795869612,1.3707341925754704,2
0.5298612330222867,-0.3854534367685275,-1.3100995677569518,-0.21498571200599642,-1.1067701936051633,1.0637993130950862,-0.9964667313617565,-0.722978429186641,0.6544279103188964,-1.0008090026064835,-0.7052647677869782,1
1.5264940704570311,0.3326927019383686,-1.119970058905629,0.36907938392924083,-1.5143321374801026,-0.9727216540268657,0.3719701783945409,-1.3525548500836748,1.7164209965833708,0.3684249893117819,-0.5703088945882199,1
0.6106036254538705,1.3783195792503797,-0.688383190100905,0.8743660149209953,-0.6948759311610406,-0.8053661959949598,0.23515406700827957,0.6327112142742174,-0.09763266984696872,-0.5290373422403518,-1.1170114631792833,1
-0.4100233952766859,1.184382354666133,-0.48923890634486655,0.8863255547058669,0.27815809515158857,0.09805683731807736,-0.7928755855031909,-0.6840947536420189,-0.26971746522639867,0.6493960714040804,-0.3877309657582593,1
-1.3560399318149057,-1.5969546437652231,-0.36954456723845713,0.5124835935280105,-0.9443612699938432,-0.13294014296356058,-0.2253413198193136,0.2831020298242344,0.7621860285633143,-0.4338275419726503,0.24797477542722152,1
-1.7349556583000036,-0.717160405364819,1.4890754751893225,-0.3262228679130004,1.3671048681642244,-0.5229438059046254,-0.42968636719832126,0.5739356002835179,-0.08947804423941978,-1.146810062274907,0.6506786060638401,1
-0.8082861373363596,0.17738038936690181,0.12430791010035419,0.6050792611277827,-1.1535939710284413,-0.13383066162293314,0.14131765674678012,1.0636899118358627,-1.622771776907461,-0.3497180476292115,0.12992963385513914,1
0.6812768293819089,0.1588129385462212,1.7113821226715704,0.01904990514033228,0.2072968892041152,0.042951077637748636,-0.6181340703862264,-0.6601182811579457,0.680800866429903,-1.5828737182481685,-1.0401026125850423,1
0.13178831443753442,1.446741011391582,-0.17508873381770176,-0.9039182357947059,0.26120556205403794,0.24275231650904594,-0.9757587509812362,-0.6267157410049123,1.0818162237854638,0.6181385796828724,-1.6788233110317077,1
0.61285598789194,-0.6523328595397344,0.8875273460171533,1.2115665013126211,-1.2779747866062467,-1.750526221664895,1.0099211550268894,-0.5146398530676821,0.8770051207822274,0.14832375951867782,0.6081016879357802,1
1.187935043397177,-0.5590420817361584,1.489051800120925,-1.5877682481980426,-0.731429229162372,-1.4526972308297643,-0.14014759862540715,0.24235344879175846,-0.39840211427968864,-1.3562265982220358,-0.7421329377371223,1
-0.15731162056999307,0.0714948454337006,-1.1344734519012931,1.6408495455612042,-0.8160386156563302,-0.2734070028018456,-0.7995332215617548,0.2719942255820116,1.2000476326817475,-0.23502643119178207,1.5952517924786755,2
1.2279015586738584,1.3963982284120753,1.1985891666607054,-0.510893550843802,1.2197088004897345,-0.4313018845566147,-0.1719532831211253,-1.5440021315416343,-1.2203706379003056,-1.7076612447539992,-0.39879251659457343,1
1.4076329198182873,1.1808780065149238,-1.2605975980092885,0.3197691162217636,1.525365854593404,1.0069048312180358,1.5508311202418843,0.4041229850061944,1.5946460378305247,1.2170702188350595,0.7647293014376297,1
1.0888617348577465,1.0393858360320336,0.9229309679151373,1.1462964641459266,0.5660950411729019,-0.6832795996951644,1.6112916393374301,-1.6544371785084344,-0.799366475411604,0.6749388970488348,-0.3244126537505932,1
1.7019945140962724,0.29778207441811955,0.13790370555533077,0.908117420428387,0.7272818666758402,-1.7088310191055396,1.233745867820048,1.193748770208832,-0.40310456881936507,0.7181971875305951,0.7374160431544282,1
-1.3799960017236736,-1.400847808313524,-1.6886540109604402,0.34567695370715984,-0.5027362885741693,-0.06845275340095142,0.2783080015263963,-1.051138492763922,-1.718109141870276,-0.5234265791834701,0.6184390821749307,1
1.0744809213654447,-1.6976073275176728,-1.045190507458146,0.9318800386699109,-1.6394840912046529,-0.652926703653518,-1.0935268629703967,0.5885937008968611,0.6055260093159636,1.6652732109283026,-1.0623870094884789,1
0.677887206601534,-1.613553431579708,-1.102671090269409,0.6673211100420698,0.05554686006657599,-0.6817930202714579,-0.8236922825373744,0.30998244506905986,-0.6095797554945891,-0.24389282219524935,0.8608338447440964,1
1.075283003338855,-1.1981909090742633,-0.38022604373516516,-1.2598120119176919,0.5465112986106314,1.5040924811900893,1.0081306653091544,-1.6741706016249442,0.90816971732569,0.5511904007387229,0.5266559491038817,1
1.6279465797991681,-0.13792045078645193,0.30345710965016853,-1.369128433109115,-1.3750881022016406,0.014649964766717625,0.7746288695787227,-1.1821985846217962,1.7593517377653418,1.0153251891663213,1.3332415053629096,2
1.4173054747161107,0.6571195920147204,-0.002311991496341549,1.3974699748669184,0.3758488643958909,-0.5700861465369922,-0.45238344374388045,0.36760151886117914,1.5593746916732123,1.2971794469249809,1.2118176562895862,2
0.4409434373424006,1.3658504267240297,1.4899249343442547,0.8941357935264462,-0.6139346371920283,1.4434769853865055,0.7546502189001559,1.4831226765464975,-1.100985212496808,-0.3761613661102556,-0.3058175405666811,1
-0.0877229256110505,0.20894279251121628,-0.8601447744564571,-1.3592476750204998,-1.402968349537631,1.1936615957172085,-0.93168711611298,-1.4628564920216052,0.7746063405135746,-0.14764399173182902,0.9657816599932637,2
0.1961022943554045,1.2403196547765034,1.2359795299782985,-1.371231286857204,1.344635433083747,0.5103219496633157,-1.100145111091548,-1.2534285824764853,-1.3766304032996377,-1.4760960484681307,0.7706235024809015,1
-0.9142831575131148,-1.1304050219561024,-0.15339879470869733,-0.486855311815032,1.5376302187194641,0.26165727866455457,-1.558486373944141,1.1261011146494668,-0.6947361050597132,0.40984765978110566,-1.2602753531863815,1
0.5734826523656374,0.22330808727933207,-0.1324922326550826,1.6299503042003929,0.1539328800182935,1.2326027222903562,0.15541588647134907,-0.10158235377982544,1.5429170463757582,0.821927035403191,0.6061821874270773,1
1.68005954671363,-0.32693749702017466,1.2839335103327156,-1.418795299953912,-1.151639445076622,-1.4548580463413177,-0.8114747223570298,-0.09330040977115223,-0.04542279931852204,1.491911022772617,0.9459606960742403,2
-0.5026119540346682,0.2824831419558115,1.0057602843569293,-1.6155169950004307,0.38685713450551973,0.5368949901970154,0.3095437861211752,0.015928523590083985,-0.6149227472631724,1.4879627080288855,-0.755759082743292,1
0.43490984132496896,-1.2299409005291082,0.9685373880879135,1.7378777752030778,-1.4392588231585761,0.8535913778163107,0.5315563772870816,1.323612940672708,-0.2866898973432849,1.6201446660942485,0.5906398997570881,1
-0.3485769222536628,1.0582143585595192,0.7153271740645509,-0.7748264629792253,-0.06300616205308462,0.13528236140221914,1.5253847812097565,-0.62383992317437,0.7582037896502636,1.578462238075995,0.5523402756466962,1
1.0706993947692256,-0.6186603647725397,0.7343742402430473,1.2419639391338122,-1.0897498148731153,0.3900498080067266,-0.1333193268776361,0.9459397867744815,1.090777032050707,-0.6820691728998058,0.5332073906900031,1
-0.7583936515453115,-1.4287957795154367,0.9724057023684501,-0.2627103411420663,-0.3392054312820932,0.21028464309883615,0.8960684416917647,-0.6652135146728796,-1.1182623373785514,-0.5898032915199743,-1.4634528191663376,1
0.8223919100684922,-1.5905243034752596,-1.2548487985330012,0.37586921992034455,-0.9578472925953045,-1.4582922241990117,0.28047658216310534,0.7064549563229975,0.40111027657766724,0.9021228493427556,-0.3115870057006654,1
0.6092356174655442,0.9449308008758464,-1.0432509312757263,0.4426537420648006,-0.795195221116285,0.4020436207482088,-1.093593807222251,-1.4616364263557007,-1.1050449538697795,-0.08251411563018744,-1.1273195059448164,1
-0.8416888288105648,1.5356448239145766,1.5895687358030621,0.3631708030060073,1.0168008372787303,1.6633235801154769,1.5035552875062421,-1.5172467949047643,-1.3092851899291573,-0.9881847857284999,0.8924414166412751,2
-0.8076685316839124,0.42003702826166733,1.439844099581211,-1.6989888987775204,0.9668819855982081,1.6465698975889123,1.3758437530122825,-1.1838105691466314,1.614240300466587,-1.5561186907084088,-0.3204831479930963,1
-0.7519188748240211,0.08176081748655707,0.8478255515218119,-1.1640011679060858,-1.575524169657206,1.2637970978417588,1.2175946382481098,1.3192138447024482,-0.6375849543017806,0.16039382695894483,-1.0571642028976205,1
-0.4832056367434105,1.4013433670162632,-0.7658137841600868,1.2191472201409204,-0.8461172038357712,-0.053758487004146274,0.9799364939281094,-0.13596362279673951,0.5637222315058056,0.08575682456647601,0.08117088490238467,1
-0.5249806316743144,1.3340510663036573,1.4240775363259728,0.19410685576612122,-0.34469239910054394,1.148119540188981,-1.6907346789519957,-1.538450290710656,-1.7151399315515072,-0.8110128201885118,0.282205400107664,1
0.6523249552501106,0.45379349105892025,-0.16810653937556555,1.0539290847299514,-1.4867314047246307,-0.7609552616497464,1.3620484579059378,-0.6754037488915797,-1.3402421294401152,-0.5213485187920325,-1.0863025371367476,1
-0.06059441646191244,-0.9888482287655268,1.4986454741800914,-0.9939853115970987,-0.7073504545014537,0.16034942659987628,-0.8797470416218298,-0.8598258301166599,-0.26765309167040346,0.503446963245443,1.409337883152891,2
0.7232131513178224,0.1684327153336886,0.9687146320387301,-0.7057341098641026,-1.0673940709251735,-0.49094189559459944,-0.34780334337805535,0.5373820512464993,-0.41620654672052265,1.57404635974419,-0.11893782848859638,1
0.1653475071087118,0.6450519465824507,0.6146760548950203,-0.017914606027179193,0.5868840941316977,-0.5379828025535855,0.5330201479799418,1.4335972451703471,1.414488645706303,1.679144264041149,0.3465208210118658,1
0.2104308528008147,-1.0367266987972312,-0.15691415823963817,-0.46149561822493457,0.39844471929602043,-0.5439789680744868,1.7143923037429227,-1.5842140543244765,0.20087057476156644,1.2916899040575998,-0.29349006475710554,1
0.5851834990566028,0.6508526078071994,-0.24411743678901546,-1.7174381182151055,-1.2996787900389537,0.6514262503994636,-0.6974378986321353,-1.1312070904277258,-1.649923659078742,1.6333403495798775,0.04432934733940929,1
-1.7058911190964767,-0.42436937727989105,-0.9593191984790234,-0.07884146551029153,1.1572234694650791,-1.0877262251737219,0.4442214192276948,-0.3399166694402234,0.5808093969118081,-0.3817374948272799,1.3030293065006624,2
1.099766176003873,-1.6111253551801905,1.6150254636402335,-1.4968967305771756,1.4643264586580296,-0.37363905282260923,1.55976870231378,1.6943705437211645,-1.2029737127867772,0.8062203622779082,-1.7347378194064544,1
0.17522530262195915,0.4710948399911313,-0.7858740531078932,1.4611119612478685,-1.0731846563387606,0.11765104179945014,-1.0502158138865307,0.5230229530763634,-0.7204738996634451,0.5259592841526842,0.45375001960125527,1
-1.6633640870450548,-1.758200633199331,1.6026249919251128,-0.4274770982270076,1.3249840877609007,0.767533275394809,-0.2429640346690846,-1.423073073874055,0.5057447603316982,-1.435747042534383,1.6864127538920497,2
-0.9820601752954885,-0.48785841190335877,-1.0944581947429122,1.4749618038832946,0.9500297743432896,-0.2171771319445777,1.1807647016931975,0.17153291230662004,0.7263328467430636,0.7472380815009363,-1.5380639858635963,0
1.3585522408276935,0.15171816057380205,0.7224115926453364,-0.9170183460369978,1.2663632291994322,1.5321345877011054,0.5561454873677684,0.9458097650042685,0.5642355002208835,1.013922498402101,1.689982080173851,2
-1.4268076755768224,-0.09973861682108359,-1.1273180224920583,-0.2113926668953554,-0.060426348797324454,-1.441439801513777,0.08643414715453483,-1.492273247555358,0.7636381566745966,0.18281956201654276,0.8399139999085268,1
-1.4272995606281678,-0.6297607607662215,-1.055816687089543,-1.6849047962040014,-1.2390494073504186,0.3858785019496845,-1.3151669822228336,0.8258260695458339,-1.0593556266507953,-0.46319746217163565,-1.0272281675793322,1
-0.7058191792933713,0.052268308904128494,-0.3753635930268365,1.3414967862020155,-1.7076659990178065,0.6949031080897764,-1.2114330007175762,1.2988221879174267,0.1476403420289369,0.9654863741116751,0.09043487875268624,1
0.43124156423804105,-0.41411272133695504,0.365006249167007,0.5426701789105152,-1.1658770072285787,1.3774619354819257,0.18720380931557423,1.2666736015545383,1.696873034186994,-1.402931005519597,-0.8724295742794763,1
-0.521734664343128,1.5942789428088524,0.12248755347435648,1.5143490401327726,0.8355330847339589,-0.5773382212784869,1.5328613372974227,0.5765369383898641,-1.447280729672256,-1.6795381607898763,0.4855737082591081,1
-0.8825867749912321,-0.8862141446566382,-1.6181197185180478,1.5908374873334425,-0.052877464838585964,-0.032824797402104186,-1.4969564209630402,-0.02857827327192905,-1.344403759745233,0.8210092253969727,1.1980911703615371,2
-0.5171998299518332,-0.5151053552167844,-0.23976664474317816,1.4185404910862187,-0.3982537208514173,0.7584399444712784,0.5595779093636023,0.03235255365135595,-0.25436855544968734,1.0576483524719347,1.3253967594529432,2
-0.32489716714883593,-0.3791802094754616,-1.254072442560847,0.4679806280069122,0.7777068042594756,-0.9749606049673313,0.2281199475301977,1.3084246564705633,-1.378012376759786,1.424148936841821,-0.5120870616017644,1
1.0783316574612285,0.8228085702219039,1.171640314390812,0.716140238781399,-1.730292204068336,1.0252091661579525,-0.15278819458815635,0.3831286877445949,0.1954138488193225,0.9321335048291008,0.592257372240977,1
-0.5775683460569581,0.5142681031792068,-0.12118866903622634,1.7228605056497728,0.5673875541086338,1.4684083245970312,0.914462344638871,-0.61539054495034,-0.2935892636862149,-1.4688921057778135,0.8353927909216112,1
0.4325388782214883,0.0944592053532077,1.5746321994930228,0.09003248217264159,-0.48614911325363086,1.7044731932576869,0.09624056863280418,1.3443774925148957,-0.5936778211813264,-1.3188907798558727,0.3978782347414425,1
-1.304729220765354,-1.0856030360361701,-1.3136311824354638,0.7803540910391353,0.7139383455273741,-1.6472152799404365,0.45133262773733923,1.4841303671884118,0.6684296153587098,-0.9101363008600876,-0.893485331551688,0
-1.5912275381240488,0.3623054676138001,0.282325271513609,-1.5642145896208401,-1.0221352051774422,1.1891143634668357,-0.14343772217182593,-0.0016305236727883917,-0.557297020549964,-0.6347413474848134,-0.20709369674644026,0
-0.1128150924426118,1.2607792644551685,-0.4504991640858638,-0.15705015307124456,-0.45256703254845354,0.7232188846490459,1.3330408817166195,-0.9436882755827366,-1.206045023021341,1.5473779180540734,-0.27770848002720394,1
-0.8464051089450096,-1.3415176023819626,-1.5895800400267421,0.1438955802808305,-0.36997603086621605,-0.7614522235738334,0.7529093606069938,0.7239212427787934,-0.6878327203507312,1.6118843760382837,-0.8924994759731381,1
-0.7581292305128574,0.9976422019528886,-0.39316151111847886,0.2620371988810218,-1.3159673928893183,0.9253633774235877,0.12939930740922329,-1.1790145600536475,0.6457805190607543,0.4468717690885531,0.3072427655807889,1
0.43891744153220424,-0.9837736255641969,-1.0361249698436807,-1.401675839722648,1.305767582716232,-0.14798718928835172,-1.3252790203691813,-0.03326201855021902,0.8478228957823475,0.3426224061180978,1.0649388438180412,2
-0.569981812281004,0.397534990012462,-1.5400953057502267,-0.12063829224262392,1.109480341022386,-0.47757921465459535,1.4392828548724472,-0.21911357530375686,0.3689066642596716,-0.30594024204959175,-1.169378844745675,1
0.4981608984134769,-0.7464502892306552,-0.6575371650661505,1.7267543427344711,-0.5864630390300584,-0.595641082904731,1.042626219425935,-0.1216605760645072,1.6648927863531169,-0.13290708012255037,-0.40318643114798197,1
-0.23322292228402622,1.2365673389675713,-0.5987459543258984,0.2687947145071324,-0.770559129340566,1.119524455855874,-0.12229262357275501,0.733746876482963,-0.08670233368852459,-0.11780650794477014,-1.510778414093504,1
0.1151419973970416,0.7820831851910275,-0.1041623829692778,1.6256352705202008,-1.1927696967872676,0.5080715733844354,0.12878069499866926,1.099414768318015,0.9204877457143966,-1.0733333102676574,-0.9750369646643108,1
-0.9972575239999152,0.46528488023217307,-1.6121111096546341,-1.719752023356489,-0.4283604217526644,-0.9377460736824755,-1.0306827318515699,-0.9591198553644696,1.4679623273341362,0.07895117678451771,-0.3317310976157258,1
-0.2898002233697831,0.1916064804487861,-0.10756058605793846,0.44938681342053616,-0.7531792578558731,0.12329162549459813,0.46646333398462037,0.01917708877853576,1.410330741946386,0.8023413162138912,-1.2414019333017972,1
-1.2118391160744708,1.5965878672563172,1.601453692455267,-1.1217457801338353,1.3954786068686094,1.5305164236330535,0.6274458671370132,-0.5292144480635512,1.569510768493452,-1.0174334857379848,0.07264570767888033,1
-0.45297211268278853,0.398719826472691,1.3213526317967763,-1.2459388704349261,0.9797090728009702,0.8781701462539865,0.3670663616121373,-0.5990764958131612,-0.2736303811424111,0.12754315560430135,1.5261226356581408,2
0.3524211707937553,1.0064668797477916,1.484448599266273,1.7361179502898287,0.3283827672293173,-0.09885789803994861,-1.3363089583019863,-1.4476217925974129,0.27232534784643947,-1.063497157748186,0.2344358750497916,1
0.0539666498898263,-0.9068984207554158,0.42884921550940536,0.10841014650093435,0.9144236526984735,-0.23640974679147997,1.7158977744510697,-1.5597804569751605,1.4986056721311065,0.7017978276081664,-1.5648430187049949,1
1.3232135766494917,0.3030825698304248,1.4041644411948417,-0.8666911669792413,0.7175623360028086,-1.2396157599982927,0.9628037609577383,0.14745779941585593,-0.27348075547714146,-0.6510887558974563,-0.2604309893639131,1
0.9588841914786181,0.3256344110628411,-0.24137864312577417,0.06705101605267248,0.997827890153303,-0.12809033579651663,-0.3906405915723175,0.46905238792335024,0.9058195458749958,-0.40450957328345083,1.1692224968960812,2
1.3861729602084853,1.0109278976508163,0.8882898081371615,0.5802080197816598,1.5076709679833165,-1.1128104283545959,-1.2739742868250137,-1.179472416227944,0.08285468722241478,0.9888818706852773,-1.118363809027238,1
0.9198045703631031,-0.9338352087708318,-0.9491308462946706,1.568722952927719,-0.7264467086717507,-1.2514525555134743,1.180931675765669,-0.6553238584134353,0.31034520232917506,-0.7441858614338628,-0.09015828800331648,1
-0.41132269984519626,-0.17078964778552463,-1.0672521573840839,-1.6275095147017062,0.06058852671017509,1.4054406911844382,-0.520292499562261,-0.9691379599413975,0.8893145704858219,1.1702965428577838,-0.8945699573346566,1
1.528971646997044,0.9641250502494583,-1.1779816720926808,-0.1386846287647108,0.1610130131898528,-0.3000517876302593,1.1592904808070887,-1.4539016204005162,0.1051248749897525,-1.0158749404444065,-1.1574419575018364,1
0.026236974703567114,1.2143736568405668,-0.5364271361950416,-1.6207995518138782,-0.30413075150171254,-1.193587926405058,-1.0426982664821685,1.6212744689292233,1.7498106599894998,0.4994986485017115,1.0659507174587084,2
0.7567288726331397,-1.2379335212479352,1.3563643171780397,-0.3868088680815386,0.2580103771639763,0.8716183538095273,-1.6296462213011162,1.6153680324115207,-1.53433990412658,0.6057394860139612,-0.2856938051499125,1
-1.0874564153737942,0.5118978441986182,0.5152916416491127,-1.6992148089269912,0.6841663921144645,1.1469840332651897,-0.30078409538085116,0.9310327140469199,0.1709891470027996,0.614727097206929,1.3635275942649967,2
1.1484004801183816,-0.3480978134539038,1.653034606862813,0.9782721293058249,-0.517342877205981,1.5853087551910694,0.2689544149716082,-0.8908189213520731,-1.4345390091337653,1.443821241880764,0.7480726595388635,1
-0.9639245900603293,-0.6344271957383328,-0.801154949703239,-1.6906681809520745,0.3488513038041708,1.3664518609080103,-1.252000405619603,0.3606555220191951,-0.16620184381256786,1.6316779012667273,-0.0860522161508088,1
-1.5945101530123016,-0.11946856602416513,1.1113707428781332,1.5373452636150315,1.0590782112290764,-0.6394191264232827,-1.028762033098905,0.1545404172101902,1.118233182998706,-0.46307624198213515,0.6761924958002244,1
0.029544162743978208,0.4615376240799282,1.5323818624707453,-0.7364574319452672,-0.36680513640041107,-1.3829089666652434,-0.9362715259913239,0.8501972549667357,0.8859759449326094,1.200411101363701,-0.4454032814958102,1
0.03867977868969305,-0.3592376398993313,0.24073204229173412,1.466866994776821,1.573193805317782,1.2457619903700086,1.6331990971016848,0.7295406320678284,0.7262096347510394,1.404182239914091,-1.480755263294356,1
-0.24069504620235763,0.8626742044978325,1.6728700565971433,-0.8207775138540714,1.2078476277248134,0.6914027107225604,0.6082401461063995,-1.124398160043067,-1.4885680064097944,-0.13472538296505832,0.0724217931786342,1
1.7059461911482066,-0.2913040531960401,0.6973555358846519,-1.709257321916659,0.18803422149600618,0.5511159534321382,1.399322344980383,-1.6770367298684443,0.030537045063287683,-0.9622782995152438,1.4606775826799934,2
-0.366911869477225,-0.6493474409605628,-0.8671678460293518,-0.8194131283502936,-0.5838150999744042,0.6679401384600463,0.15103659605949935,0.4157648845462762,-1.2016816113163724,-1.374704018535902,0.564554366598501,1
-1.4501066524453161,-0.34044298574081916,0.9570927101051107,-0.8533289743262972,-0.9593039218587265,0.07534866371994178,-1.592472717832498,1.6585030964168384,0.18649544325426362,1.3154836955395608,-0.36948524645681197,0
-0.9398457245619646,0.9262625603678627,0.9785187622997772,0.44508478707421245,0.8236567062916385,1.4228701021833092,0.6116068687042154,-0.9683954687303619,0.2865874157321098,-0.21834999655049495,-1.1958773893343726,0
-1.54324216512747,0.95877217175396,1.043554472974556,0.26337682299915666,-0.7843174590988707,1.2613620194923592,1.169107174359291,1.0545835700709534,1.7425796756387426,1.3536334208923702,0.10815036572516475,1
1.243804149328701,-1.6621364290848237,-0.531168237759861,0.5740896383567475,0.8951103331871616,-1.5787631365606636,0.2887256040107856,1.5817046775525616,0.5253012766826073,-0.002300984520694273,-0.27971261777366124,1
-0.8640607411307937,-0.740917146303032,1.0447060792850333,0.4816932663868482,-1.6487067168635252,1.6292783351858344,-0.12177865471267292,0.03762885252709595,0.04399576971520913,1.2086713914196658,1.1280631826907475,2
-1.3565311496672174,-0.3311256269757371,1.6496415151581367,-1.3551328058434087,-0.1415894303507847,-0.7665236417070689,0.30209835922746264,0.9167090361873724,-0.1513011924138572,-1.2520465039312951,0.32005294729945294,1
0.6758034938671834,-0.2856826255602099,1.5533640454225048,0.2630098126326873,1.1882627186770476,-0.07895642113482967,-0.5504814032728079,1.4320299411320572,1.3230007760783355,0.19509743549595351,-0.4397002681818677,1
1.2772883422218373,-0.35539314386299914,1.7202058845050823,-1.6211037461834243,0.6729434069470466,0.42179957964732623,0.6052034424044008,-0.8724439582937477,-0.17347082705369454,0.7060751685805422,0.056588884383079845,1
-0.9954141791430972,0.9011360199210993,0.2172487661926543,-0.40149177777104955,0.9834647093694386,1.527757449885341,-0.6008482810722511,1.3209394035934685,-0.7776794725370227,1.1977615743646182,1.304906491880971,2
-0.5959772284616871,1.0517539194412182,-1.6193167503309809,1.1377140747347294,0.4372071380842087,0.0072999642263967815,0.9349250247119205,-0.6463514221010459,1.3064566182638635,0.16666264247311505,0.18224618700449924,1
-0.2851085728589657,-1.5798837467809534,-1.231596507292942,0.9240218469227747,-0.7643041094057873,0.45336202619399807,1.0657611610870017,0.4672609833627188,-1.443984609486467,-0.463820880289067,-1.187670826912068,1
-1.4423161034904701,1.5446313564813199,-0.005458626905089822,-1.5325533441071344,-0.4011536932923274,0.4845904106350056,-1.5104048898385654,-0.3867055350138746,1.5584001213186367,-1.6211966153002644,0.12525630960835296,1
0.7598573607901415,0.9163504498374951,1.6585741675249719,-1.698929165389314,1.127326372525907,-0.31107574870740445,-0.18148915798083115,0.2658048392434144,-0.909061915620709,-1.661112691985796,1.5288734261662835,2
-1.1518706617219496,1.4237638905959586,-0.6560812534592361,0.5981772891328392,1.0318717378304505,1.3647512501439998,-0.9351834783560924,1.5277604369119326,1.0041122315368904,1.087312664559707,-0.9972054635620394,0
-1.6477179972388112,-0.5213506662765307,0.989752841305403,0.7397550164982617,0.8784789755711164,0.25112494465081103,0.8395338235768735,-1.5446374800443088,-0.1148014253245697,0.3697757285662164,1.3663665823038054,2
-1.7083687552972753,-1.0123985988150617,1.2104387750613972,0.2649583310732626,0.06971924523201621,1.3725961244153717,-0.14792306269521957,-0.24022682325324796,-0.7579033034088472,1.0755543061781558,0.4597236570622451,1
1.078632684940841,-0.14855852194210745,1.6002165894360745,0.990225184267332,-0.3992414076417905,0.6261016639900135,1.169442175554714,-0.6885496591260223,-0.7523139805725393,0.7740970120602678,-0.8999847579564741,1
-1.6571762250438495,-1.3882431326946039,-1.3412024447017075,-0.35096274088971,-0.5360405368392867,0.8966871993823287,-1.1875091269215985,-1.6242581975439334,0.8014945971335016,0.590586962326395,1.3557617646907443,2
-0.5966399113190667,1.6276293803405801,1.4098314141562571,-0.9888737588298451,-0.6252058479075114,-0.22530840962852913,0.9675036343443626,1.0626476279304182,0.33176701671503883,0.029406753618658486,-0.8919323387648065,1
1.4093807639998526,0.044456656660703475,-1.1383105893932957,0.8624893480378474,0.9208020284994092,0.9838858606656813,1.7142362745763768,0.7805156224604838,-1.5436939534244336,0.4769170589147557,-0.38993427745971343,1
0.6697372223906598,0.1636474704214718,-0.8541927682091316,1.04007731616856,-0.4844256470478774,1.6422863811297066,-1.2320168828706222,1.4502392734878304,1.0322593075651592,-1.2482367265469927,-1.1373573504022585,1
0.2138143388301525,-1.743022988431654,1.292040114075834,0.8454425181911266,0.4852858438665224,-1.1639507464880807,-0.7857085542915473,0.302037138099424,-1.1380853119568444,1.2794466649180463,0.11163568654667867,1
-1.3449038001328353,-0.7000235724317078,-0.2212903473932307,1.653529031105303,-1.3765938301491198,1.0994010942656,-1.1647347110984652,0.4380659935338439,-0.9195618552396302,-0.4948532488012025,-1.0840484528659937,0
0.5683938348345963,-1.6483325941603024,1.5109717960326623,-1.6660688191787836,1.038536378051545,-0.15285609052445687,-1.2542849630363915,-1.4405224717194303,0.22164672703563684,-1.109612781268173,-0.8719201836259703,1
-1.4764935769232699,-0.6351060509151993,1.1557683662058573,1.3587977376330214,-0.9437126582038406,-0.38959008677150897,1.4740343652127763,-0.6543503657375076,0.9820610832284207,1.1764441381824535,0.8714756370461848,2
0.9517380154837861,-0.3202391241891629,-0.4716949544103784,0.05960856136303285,1.4569446993530146,-1.4890412446880057,-0.2904106663686422,-0.30682756155226787,1.3469785337705689,-1.433045564025514,0.9736370902724469,2
-1.6493012344043736,-1.0508172729867713,1.3534760723252517,-1.0399488102294772,0.6290428249338115,0.5566648247389459,-0.17194140712683822,0.6830499578810496,0.7421861879385263,0.9806388977992413,1.5387209485342412,2
1.5789890858508733,-1.2741141023510278,0.5915567628838182,-1.5544926788884776,-1.2596037252851684,-1.5924754732665127,1.6102962086868946,1.1279780489435738,0.45839851106357093,1.1774485340383152,-0.3384394015189334,1
1.4992292372487759,1.6130880448355012,1.2749180087526548,0.5159882286616098,-1.5882356309496464,0.3951222499794259,-0.29762205432301825,1.4471303864028078,-1.054225189276261,-1.1465329875560486,0.6743339810148001,1
-1.3541444386081742,-1.3862928942095114,-0.05350072141203755,0.2607576800686887,-0.9166005926952221,0.3694931908967823,-0.4590905933323265,0.3519096936776388,-1.4180302630376393,-0.15493452027178942,-0.5431566557876505,0
1.280373244837182,-1.39924439438573,-0.7454276493595077,-0.32488752843783597,-0.8927684294165831,0.13674283923995761,-0.15620390574795887,1.6034388139724276,-0.09732420496198346,-1.2957723580011289,-0.8847489940537193,1
1.1022068131733427,0.2281905601806761,1.6520802676668316,1.4595911265872215,-0.22751208730790076,-0.22860969502591305,-0.2462613752612969,-0.4014163781891169,0.20245559335423352,0.8386727387241927,-0.715575864725352,1
0.8469380775243143,1.1522794804485796,1.2883594865572245,-1.3408972373824086,-1.2165971434199758,0.012789322160557023,-0.8710872007887048,-1.1530093409645696,1.7397975898974656,1.5149601759476463,1.201125087927715,2
-1.2865260444412248,-1.5272409527089175,-0.935616886196754,1.2687941495562298,-0.04387783083425194,-0.3747854717545559,-0.9617719695526655,-0.008250586599489493,-1.6805263830138595,-0.400821016088649,0.7889123222694733,1
1.4909053199473326,0.6681410099220401,1.7250261294207383,-1.083464570954474,0.31989071545176706,-0.34908316542186896,0.7345970406867641,1.1050057990059559,-0.3533700294435054,-0.3542378289805884,1.4203111771203243,2
-0.1724816401409761,-1.1039335016519574,-0.6333054192101081,-0.5884960927493973,-1.6067841557922562,-1.66138577597724,1.089718174552887,-0.34838111986612524,0.3762479883352563,-1.2080435751426029,-0.8760570520121598,1
1.2728176737442605,0.4800391349125036,-1.5873290024491717,0.9257518766021173,-0.21972589306964035,-0.5020426805506434,-0.7189869387822665,0.1750514679528156,-1.5256279930094323,-1.096417097782544,-1.3006473190858618,1
0.5534727735744657,1.3341103036008655,0.8338818709348245,0.18591346043694867,0.6161407855722538,1.5658970260440033,-1.3794064790834497,-0.00411027399753697,0.4038599518332004,-0.0589108130174415,1.155868850426462,2
-0.08490162524349723,-1.4434796627122901,0.9476303385680834,-1.6306232289835365,-0.5565677038309577,1.370850841256311,1.3214017521731034,0.3857304350758887,-1.1030661700268523,-1.196804731858911,-1.6357585490032207,1
-0.07542689160753066,-0.05507162237354434,-1.664028935417354,1.4760599905287441,1.1133625658932935,-1.5136733494699741,1.5913829164579962,-0.38446833334721325,0.058546244218536464,-1.1394502650552318,0.05789776324316933,1
-0.22388111554127638,-0.06312551770038827,1.1608845155405803,-0.15360273173457706,1.5906099241731995,0.44734162178819914,-1.11991789294726,0.9865402008650143,-0.5176431406494771,0.8446471623495759,-0.16549701102842035,1
0.7700037171893442,1.5427053707225258,-1.6417385834136904,-1.638049960697307,0.882318600466323,1.2708531944282133,1.697929051596457,-1.4552724698127657,0.6309215012411719,1.0466865839071011,0.2589371895583763,1
1.1457583411336392,-0.2217259245042683,1.3654575342676505,1.1823567722666444,1.55680580833215,-0.5279016434917708,-1.6269544981444402,-0.40157602629804495,-0.8616733201794385,-1.6490945760553148,-1.4949825707395417,1
0.2628415351373877,1.224138446499416,-1.3546474465703808,-1.154241698654315,-1.4017977581445984,1.6234707176034093,0.7842106528490491,-1.5214996091189326,0.9579546456127944,-1.5443949666667147,0.9594595990041516,2
0.9445469030461577,-0.6998002052853126,-0.9707410809715333,1.325874390342918,1.4796285688251194,-0.8758067443012573,1.4913644713697014,-0.4087237631297933,-1.7443748822657903,0.7118591033367103,1.1728512626170824,2
-1.69931556230562,-0.46222008126950453,-1.3950330512788982,0.44946773092607,0.14000337077666442,-0.9538101503216759,1.044918348967991,-1.5609010448191378,-0.55110277711362,1.2364481319852156,-0.6050782055480536,0
-0.7654351531999565,-0.7799062391085213,0.36627984454040524,-1.3823664504579851,-0.987037908862335,-0.028694312149520337,-1.750511016987898,1.251707531657224,1.2134919001895503,1.5465120595576411,0.10058028594184429,1
-1.587797504791986,-1.0307133620244366,-0.06918452596976332,0.001990897723165433,0.34622237870471445,1.2424654121182863,0.2281555568791627,-0.22049451761314842,-0.8979510985114758,0.2504257934179809,1.328906129704024,2
0.7114141390899393,1.2169810033635604,1.2379394476349437,0.36606457620164645,-0.21641886969705082,0.9996851159900564,1.0954001809215708,-1.2131861073029437,-0.05586354452633259,-0.17379291832408608,0.10915365626752932,1
-0.14887874182532074,1.3000683751300524,0.46825647659467734,1.2526827370314393,-0.29059261995482694,-0.9357528309717634,-0.2393509599040417,-1.0157497746853672,-1.1440549038589964,0.7394626722029738,-0.40813902546881636,1
-0.4094003468368769,-1.719870167857412,0.9881033036765237,1.0529587132538591,0.39495980746883874,-1.2195159429403042,-1.7682913834098928,0.002344881076056969,1.1129382865566646,-1.1080369188046661,-1.3122423728339467,1
1.0098227504813648,0.5940299311888647,-0.1016292511107488,-0.7267194546386415,1.3192530330182517,0.11234829682399886,1.5593836725965562,0.2658221126628402,-0.4832216513551801,1.0851307011486977,1.4095679269417174,2
1.299130892339369,0.5091150150221113,-1.4449474589742137,-1.6146073287967,0.40879355819810115,-1.1879511522315351,-1.2752900754431924,-0.1439664102246732,0.9969181946735339,0.30926953683552355,-0.10740626663076053,1
-0.03298394575863758,0.9200400634011755,1.5756054147636718,1.583447047544635,-1.284141010367483,0.666399644443552,-0.7770607784211065,1.3886966179562348,-1.2049002864878462,-0.8514484119719027,0.7173357782160082,1
-0.003514328509611733,-1.035696657123087,0.5659571575128954,0.9977298685512275,1.4011190156101196,1.5731980968377226,-0.7492922674578806,1.1543069871468636,-1.5197299097577013,-1.573522446486699,-0.36478097209508137,1
-0.5584679647207971,-0.8514799923720263,0.8659739740580666,0.46478812855708357,-0.2571577667446776,-1.1413093707261743,-0.3557305483840727,0.5888551079473012,-0.06593498338137976,0.14392519835680148,-0.37451617071217524,1
0.04864237552857796,1.1116094581766183,0.10477837725553983,-1.6735742163064742,0.3378703081425303,1.3239644052504078,-1.2119990872485782,-0.7098648012983779,-0.7793011252453051,-0.8264251014250077,0.41946898885225464,1
1.0170700237421542,-0.08694307566675791,-0.1017119120856646,1.6558766534855491,-0.7337602768764919,1.5340850942259705,-0.35501559124122684,-1.231859952960028,0.5613744507956664,-0.24981529431084665,-1.5290645322480434,1
-1.6526305696880923,1.560785478652923,0.13602527368404527,-0.7747388223200571,0.9915690225719578,-1.2574274513880532,-0.7687385598280609,1.676005159105761,-1.6218976423514457,1.134675124314557,-1.0573748430900811,0
1.224879575053153,1.4855667246852673,0.8170824564910456,-1.2110277897959256,1.4949611633055675,1.646693258230578,-1.5808508760993392,1.1340464646049166,-0.40514620543286045,1.0630166751498153,0.24425051357508668,1
-0.27278785612976214,-0.759622632888924,-0.4720630376990782,0.2302124908237447,0.6539829293925762,-0.7532637845000615,0.5750854991855094,-1.169816459738897,1.6645184960817774,1.509228192701264,-0.26928081294366646,1
-1.359754930112671,-1.2803257293867543,-1.4082427233507462,0.795406887290976,0.5947412247032328,0.6751298924202099,-0.8647962976478761,1.2971528132045027,-1.497664134441354,-1.2773295720271198,0.2292237109423509,1
-0.9983346155853997,1.2922190740981452,-0.7636748836777734,0.1954095140470383,-1.1228573050491528,0.1425551115354222,0.6813029466535993,-1.6276052527231166,0.9403164125657535,1.6642514979025125,0.5679615355001321,1
0.09655225446784446,-1.4797514925382464,-0.5452128063604698,-1.4930418522182125,-1.4299403601519518,-1.6656190328745726,1.4652412832479653,-0.014133992005920186,-1.2186594018434842,-1.207991623632817,-0.43165452628464995,1
0.6442681868705249,1.214821169220375,-1.6448506125665852,-0.9861532661325145,-1.3122035059890786,-0.4486432081579506,0.638716304509056,-0.559961787166088,1.1544671645324016,0.35214684957885367,-1.0536337710706323,1
1.5862567526445512,0.039533511515075684,-1.310484706180079,-0.07703705731086621,-1.4213498856544635,1.7050324174549514,-0.35241892922181806,-0.5057152682193515,0.638747247929341,-0.49990986242036745,0.11042472272261257,1
-1.1110448236331094,-1.1175480374734248,-0.6867348078957249,-0.9340790307038827,-0.06234484932334054,0.6080749382372629,1.6795170188220283,-0.7827852088880125,1.7248112194800802,-1.4895514895026893,-0.8757521827339837,1
-0.5131568350413906,-0.8156928673077126,-0.2983958827538525,-0.9456084983878681,-0.5098565471292448,1.7048682926698961,-1.2608856654415979,0.05168805930739431,-0.45418211261965685,0.27432348791951383,-0.06611356360817193,1
-1.238575276343563,0.40826391853028604,0.6678417808786875,1.02228316019049,-1.432010537864848,-0.2140307954521181,-1.0436919187860123,-0.6660420860077512,-0.8978811417049867,1.628612762189357,1.2655084231644391,2
0.46523697956010934,1.353543080744643,-1.4604998081970955,1.6729152548729591,-1.2029052038156955,1.6347673057313223,1.388841790376008,-1.290853270152313,1.506356204997941,-1.6504626324796778,-0.1392428630956575,1
-1.2600454246559274,1.479013104490858,0.11422295649127463,-1.242243791065894,1.3363628395554843,-1.2680167718398316,-1.5014159553146638,1.5487064249965277,0.9477161732368005,0.7038585708296754,-0.8711934056758891,1
-0.5821022959434519,0.660906403864547,1.0342710266629507,1.6014374844641517,-1.0580121127069158,-1.7310772347256207,-0.2564808934736033,0.7378929631113711,0.34103837112027074,-0.6568207391438384,0.6051897138922926,1
1.6161466589631024,-1.7265714710403637,-0.9055799313845063,0.6245178807031575,0.8471778843408349,0.28785175649187217,0.8616729058241606,-1.371590579895743,-0.5224027238901972,-1.2475267225799183,-0.9329811372895978,1
1.094543208253214,0.6325453178899761,1.328365989079265,-0.28966880725311617,0.7972382327317469,1.048565742491221,-1.4801344404999943,-1.5979229026156903,-0.770040850846765,0.2352732697304147,0.38450868912063674,1
-0.9789594837444774,0.9910960875207917,0.10785209702388487,1.268462869086858,-0.35273294906639907,-1.6992519433718571,-0.07985259905801685,-0.5999373708151758,-0.6254959166042768,-0.9524594641657009,0.10343888700601382,1
-0.3068866276204949,1.0655414679346669,-0.3437947106109171,0.3206890056416216,1.1359434729118354,-1.3827387436453784,0.37537278224806986,0.7862596929622222,0.2802911261477857,1.4581944929215411,-0.5075366093462119,1
1.0217059316185275,0.8602233164027714,-0.2628337984538479,1.0500943278761485,-0.40862400783380426,-1.5314010312147304,-0.2117629121229006,0.24177537900636037,0.1332167103201586,-1.6080875176642786,-0.29954876878528924,1
-1.473503479749004,-0.2783394931054815,-0.4990212901116013,-0.21994231713850057,-0.7322901667510353,0.1993098123985823,0.7982942976636682,-0.38026107945322735,0.43743240214011153,-0.6204719994636082,1.0519941004797517,2
1.179009551483132,0.32854836571439483,-0.2842099663450605,-1.7268030323005412,1.4960272679576354,-0.8381217024958878,-1.7155180437259467,-0.20875715758493865,-0.10256777096424748,-0.9891025957347181,0.5769614917452724,1
-1.1592548148636523,-0.41671850093053775,1.3133410533638188,-0.08025421369765938,0.7603545368955451,0.3207312887050106,1.6842926852667384,-0.5779105666855134,-0.2969280563474934,-0.36473203395734854,0.9681911824639389,2
-1.1830128297061484,0.48893177741912913,1.6370363192257649,0.39064038822733504,0.6486888222917652,0.013773545732370069,-1.692442308326399,0.6669618430410297,-0.2394414278446918,-1.0988588187424833,-0.7390685517426882,0
-1.0097161048930516,0.5478881893764301,-0.8329584390964075,-0.14585191904303765,-0.35130444064090544,1.551479311857893,1.415302495384971,-1.67915839383486,0.18089871784859718,1.3821201654249946,-0.20099886272617493,1
-0.89459467904669,1.6132353274631002,-1.2611457421352097,-1.5445920609543684,1.1362245370036046,1.2499875838744094,1.4423038436542472,-0.0416683693501604,0.7254665118942016,-1.190916894083171,1.4315023959187525,2
0.01916340445971507,1.4630638379435377,1.1686024307857221,1.380765308231583,-0.3403678895457982,1.1999212094018414,0.4928934994463526,1.4416944364951045,0.09701631892090144,1.570808048967533,1.3836354619449278,2
0.6786443587661992,1.4101444756652195,1.2645963897196115,-0.2891742789815274,0.4854585230243524,-0.8970864105187124,-1.5723805157807422,1.2687683690393314,-1.4001160639148593,-1.4039700357153158,-0.7424535386232891,1
0.382613240395237,-0.9391430785406413,-0.05885001800651621,-0.884991652407427,1.3905074671741575,-1.260322727175605,-0.12633559208488013,0.6883982803475629,-0.1160770417432475,-1.645302115840941,0.0019739981068534434,1
-0.5917440182307403,-0.22275843348345026,0.09407118412833439,0.07245455293371277,-1.0992760865287992,1.6583555251550302,-1.7640516448440449,-1.6886577362912734,-0.9576374132353793,0.03311262798338896,1.6102788883120038,2
0.4128224771174097,0.5156067017178995,-1.1342977949554038,1.4892354318437016,-1.6018464145839388,-1.3233515206794464,1.6832549932916896,-1.0382039362105335,1.4068704765594866,-0.32348253518731124,0.14222746848098775,1
-1.6296983412315822,-0.016367261077805336,-1.1705513999545938,-0.9299772375358613,0.10738307941259376,-0.3099245989455329,-1.0309798114481292,-1.2704244858321212,0.4183468574390047,-0.40828471632789587,0.17281777045040006,1
0.047216298399355,-1.5868899558092484,0.29241139243486053,1.2982717594535664,1.001501584903232,-0.838797192084335,1.2794477960054949,-1.0206783117934528,-1.1828243634370363,0.5053345347676655,-0.6222124956456844,1
0.542608890569344,-0.18545654546454698,-1.6625459937626883,0.3343920407679832,-0.41144985834084996,-0.4912022986011924,0.4656204764820063,-0.42437948126138375,-1.2833427144416476,1.1217391983778575,-0.3398938160779747,1
-0.8593532217013461,0.909425394742595,-0.36459910715663674,0.6916777444345631,0.28500925439513447,1.1320181531846842,0.5344537626442193,-1.6269898831669898,1.6120975203713033,-1.1231028566425891,-1.4120118048725303,0
0.4246177673117601,0.058996149983163666,1.3740824212091418,-1.0480020776882735,1.3472463196070916,0.05289912341639757,-1.0266531582491971,-0.20433675836117868,0.5630938140278574,-1.3278264395390547,-0.5111411336610682,1
-1.0852319355100113,1.5677777113952371,-0.3704343653644569,-0.7890908088100893,-1.2468522628116925,1.7473888890130682,-1.3210714133790074,-0.2082723759565814,-0.02606407214516879,-1.2754766348447546,-1.6490401449176713,1
-1.722014610545311,0.5690199892735417,-1.3923427212633728,0.3467978048034782,-0.14643786087863808,1.2330091715470204,0.7809719769763851,-1.3680757289389258,-0.9560737671637513,1.105720816193859,-0.9608304570087897,0
0.7074917326173307,-0.23761166323583122,-0.5596681222003361,-0.045380431769051946,-1.3030507652085948,0.5632359631779906,0.39038418401994757,0.9737480697243884,0.556452588311471,0.3936561058978207,0.08442740803759113,1
-0.5091363504282593,-0.8328518514315083,-1.2929586767842178,1.212697698291935,1.2187784030087416,-1.1946692133199466,1.1417339020149893,1.2760378908715915,1.4196951985084807,0.9674951658233982,0.29296714984747546,1
0.20783990660264076,0.06863182844110721,0.6459965008020548,1.0084637432861372,-0.6475980952129556,2.087548009496111e-05,0.1654780974853942,0.23530831806594082,1.7539158861995854,1.5713968327451069,-0.584136761602156,1
1.2279030935373234,-0.6582006806253903,-0.35086849180740276,0.14738371201485323,0.021160457943711075,0.5093091570447561,-0.5347717245998788,1.690470657481699,0.20610783022625176,0.2796052247477512,-1.6637409259437588,1
0.21595989798172494,1.119804787529297,-1.295521002369373,1.4907547076366596,1.625634270277137,-1.4163385046553496,0.053275063991902426,0.2610670150602457,0.9305343999348714,-0.17320413454651207,1.096589111306288,2
-0.8935713639300736,1.3836375271578432,0.6336212082800811,1.501832329880475,-1.3620725552052912,-1.3969823442175489,-1.5729659423832576,0.9409594607017912,-1.361625398036484,-0.4640460034981394,1.3215179529645982,2
-1.6461039527908377,-1.0299462731791202,-1.6525906998768083,0.8819007587761915,-0.8305378683602469,-0.6154682942900287,-1.5280237908558854,-0.9749613294688702,-0.2760822899621218,0.8148443129023744,-0.4940116918446664,0
-0.3350439754412953,0.8150615202597435,-0.36456101434033206,0.30371696991117414,-0.8235843608222454,-0.33020662002052015,0.08492268422636862,-0.06262241968205247,-0.2638823098202122,1.5010891228348,1.4077313498434958,2
-1.0520088824938367,0.1736412936353492,-0.8800146810623938,-0.32450483167214594,-1.582994318712997,0.0025273410365175965,1.6837146051252474,-0.07937997289000903,1.0869631034631495,-0.9723568924137165,1.3292074351988052,2
1.5326493143389848,-1.4068722519815005,-0.17741430528310834,1.0086689732598086,1.7649977375708665,0.21817364236072365,-1.0154114630946414,0.9915380307610927,-0.8614841969506155,-1.5257443746535617,1.3773213836909997,2
1.6946283216560698,0.5246109954334756,-0.5472458330425347,-0.39117531712973846,-0.8593239281778914,-0.3429551180961374,0.4151731842529867,-0.8762988944396439,0.2529740483263195,-0.5074601485092576,0.5710424454422537,1
0.5723715070343858,0.6356587774104207,-1.3348666242382758,0.6035177106081578,0.14206310960976792,-0.6314923130807909,-0.04512671209184675,-1.5823286216318113,0.813038334008066,0.6252905708634037,-1.4887579570616978,1
0.9405127616678345,0.8030482197266655,0.11741119532350469,1.0664246247930742,-0.6900858277984857,0.8011919905300743,1.331907505484515,-0.31843460750673064,1.2702374538808814,-1.6245388290964933,-1.0991022194818065,1
0.6583227521936562,0.9357866547571718,0.5280662364125315,0.3445057123711824,1.100673625212603,-0.5868068016836271,0.5746960326021934,-1.2811828081863634,0.7600099971425462,-0.39779051135113574,0.22222627285944158,1
-0.9617561543528843,-0.9127370186374928,1.4071450325499968,-1.5097205925401622,1.403769108575474,1.7468085792082337,1.4083034535921373,-1.0449867368945165,-1.293364221194603,0.6365467313170243,-0.8331316719606613,1
-1.0420563387616721,-0.2675803592200994,-0.7378226108986664,-0.7126117843221433,0.9944020137406102,1.2389448320491956,-0.5505774040607899,0.21498314486000727,-1.120452277277843,0.5574245819130359,-0.6457889926562459,1
1.3013951520076343,-1.53586705414709,1.4502888417356186,-1.6803902356971727,0.082527803773034,0.9913662487761975,-0.8198820156128381,-1.0989377404072624,-0.028939580480974423,0.920842710035623,-0.1377558474230965,1
-0.5196791774045713,1.6235349233351994,0.17793682583615877,1.2769651588501574,-0.17375136132564853,-1.4880790960177035,-1.2932416966087152,0.8558034596469555,0.08593088033346914,1.5749988040902656,1.4249830877213958,2
1.0791663750452365,0.1905788864911459,-0.18078176448563635,-1.2302780987055153,-0.6119405226378957,-0.37976799022972,0.5536591912989738,-0.8303543046380855,-0.9282470291722088,-0.7051010089049065,1.6742569784438397,2
1.5654684549374243,-0.40382056815559625,-0.1665460431416137,-1.0968868426299294,0.21786983802703155,1.5759590894077595,0.7538830163539274,0.20419298686816265,0.2648488068484246,-1.2595448385103991,-1.4902935044133148,1
-1.4729751544573229,-0.5438340849395782,-1.5653436791885327,-0.6071249694446625,-0.8155896038524261,1.4914494125106141,1.1084849067227625,-0.8327839838832926,-0.9848802950755495,-1.4750223839325545,-0.025175661226596674,0
-0.44268022120615813,-1.0518929372061088,0.5318383950621743,-0.6336920148738946,-1.1082462021024786,0.7540228734215946,0.8965439798405308,0.4464851675178778,-0.6909150441727137,0.812506494962007,-0.9596651905913832,1
-0.42789924521636785,1.6017400871044418,1.077495861497806,-0.03655056111129138,-1.7238453289264222,-0.7767608250564202,-0.10981338726898594,0.11239811745279575,-0.5659960612723729,-0.12106213589135578,0.7610994362144056,1
-1.5807906407335905,0.13786585978207183,0.4829883545837699,-0.39498991502080744,-0.3720910628421813,-0.8883692264006222,1.1781334367992804,-0.9745929223026105,0.04956976312449157,-0.6551929251705456,0.9070896973088562,2
0.5996873967929528,-1.2226982154927641,1.1682204856788267,0.7379123862707193,-1.3917019690760846,-0.38788398384275447,-0.6245382867423886,1.1264439196369584,1.590260168638617,-0.8227365442302058,-0.09612341915663514,1
-0.15267343979170764,0.25641085057710944,1.2109092154989607,-1.5200859555310275,-0.9197835713958893,0.7774910127802501,0.4859812918409201,-1.5542512408847649,1.5629665823956524,0.3669530298678469,-0.7257265181108289,1
0.04460614535540985,-0.9387256589810605,-0.44097560695650106,-0.7797686821502396,1.1383955211032646,-0.3258128351661064,1.422355871663316,-0.853925911967765,-0.6906873896394502,-1.7123195634648052,0.557721791020278,1
0.058162852111177034,-1.7217769970215189,0.8338649529330284,-1.628765315537517,0.9199215416694453,1.1495207750865055,-1.348987517221412,1.3944176927670118,0.739175122811454,0.7558966664652598,1.5266886419499004,2
-0.698277422468836,0.4717522198075332,0.44336217939233435,-0.9480424406937685,-0.11858610942699702,-0.5020043654677802,-1.3360287404073403,1.2158451979453102,0.3384469857122703,-1.190570550684598,-0.484195220815667,1
-0.8596203921594078,0.2744637823768918,0.7865276760412371,0.8560151069952446,1.0510693402138587,-0.8815642215893431,-0.7707858799352291,0.3918663040762789,-0.7475094042799653,-0.7936263815801502,-1.0786455478110792,0
-1.05347911771156,0.762399226846459,-1.2505428670100243,-1.7156346699284666,0.5253661157514344,1.44239367575551,-0.5692955663593731,-1.255841284216609,0.16555880293734035,1.1702792256878551,1.3473478361492643,2
1.4014979697024996,-1.2976396772278886,1.2780243249771268,0.30161843817372264,-0.4288583366988794,0.3246216439098441,0.4055085275953588,1.2556673160491,-1.6616656859604484,0.9966919143230971,-1.0784068336618693,1
0.16593886241070402,-0.29125272158917004,-0.5380750034618108,0.16489206064050507,-1.695607999044132,0.4268961677298356,0.38164169808710713,-1.5564081169900696,-1.5416043203007304,0.5579614141808239,-1.4255387328924258,1
0.7978964473888148,-1.4580761699798046,1.7123480493604144,-0.4889820727259316,0.6670891105252242,0.4555490559850915,-0.5848884600288206,-0.3328786000800138,1.1993348832174018,0.6938319294409887,1.6860482392361622,2
0.29420641854768065,0.9021683781735619,1.1113253116589752,0.7593169287907231,-0.6016966821919715,-0.40109614774660796,-1.4100786256045883,0.2200918609614176,-1.5200276866156968,0.5964401657622777,-0.33903078362389333,1
1.2425605528327688,1.6523861538009599,1.0130131296853413,1.010797221830495,1.129698142121801,-0.7071254166512475,-0.07755205048804298,0.3078563581203168,1.1461552778694726,-0.8782380738515196,0.22661958006876542,1
-0.11956493641387392,0.7676409960219328,-0.7120058608281241,0.942842981685972,-1.3151129580439354,-1.709897835172683,1.101898898393197,-0.07524997791503299,-1.3631622997516748,-0.7980422599119552,1.1318230753958602,2
-0.24813291674488094,-1.3245160684860247,-1.1491779235156052,-0.44114817803019335,-1.5152377714480134,-1.0559013690024062,-1.3934828129356347,-0.8043848667684886,1.7164107150211378,-0.7376572883707628,-1.668435112808908,1
1.1614398092363063,1.0937946122458313,-0.393785551793209,-1.4113933080562722,-1.2842980088350187,0.5197595048704501,1.5924724695214287,-1.6136916956355039,-1.0479818330266308,-0.7415017000949226,-0.4107105936241981,1
-0.3603209619149165,-0.9986831796324372,0.48815094787874563,-1.5228542356887032,-0.18204585254370392,0.47510358581500767,-1.4763988843705524,-0.7644887599344607,1.0475487300500266,-0.16852849866577738,-1.2424663073009712,1
1.2342914667665994,1.1169826319476102,0.9859241831167533,0.3356558680249285,1.1658030735163496,0.15029907535700654,0.9941105367934553,-0.8447876597699374,-1.6368104210262777,1.1455503070297473,1.5144301450702373,2
-0.28154268001017646,-0.9297555308887374,0.9574418500180103,0.7821888455586485,-0.110320527933623,1.1755552232362736,-1.059048513661728,0.20396082908487886,-1.7127917700964153,-1.2932786855314038,0.8204259617720123,1
1.1189727509411946,0.5516263174061651,-1.136194804220415,0.1316687591983477,1.4693892823101549,1.5702201231539452,1.499767005284387,-1.150337060790526,1.2825425729065205,1.4928807842886211,0.02866513708962877,1
-1.1374283145286306,0.21968350889306765,-0.980975193890422,-0.9498051055417092,1.700168991505276,1.0558496135996651,1.0492740917934977,0.13980637613871827,1.6365606831867587,1.5494040269357252,-1.1812506624008372,1
-0.19537675961370632,0.4327668185454478,-1.4458231231564478,-0.8430394877212813,-1.660800714241069,1.5433004378478747,1.62004254397871,0.6855748689298551,1.5904550155836705,0.43829976997387277,-0.8453639832350114,1
0.9233944151489322,0.6011336836529569,0.8510871915676006,-0.20319611657885922,-0.20287658738142025,-0.7253257641556577,1.593605461038189,-1.176630545670122,-1.1297701845279766,0.7184396279095963,0.22974847019359,1
-0.29109205368771157,0.5787426928126498,1.2271034246591304,-1.5968031972331402,1.2232086165575802,-0.04491765113241109,0.3154060162769282,0.8146081494040623,-0.5374818509429051,0.7754997028244882,0.5129895727878158,1
0.8301643880132665,0.3740598235223245,0.2894368796929378,0.0017266915575530604,0.9598804451372555,-0.5939267193622475,1.006786269582886,-0.4010834042291899,-1.1693093919059163,-1.1000017519577738,-0.1740624405047202,1
-1.4068712834039905,-0.6267107753727867,-0.11424150792299645,1.6602964348966625,1.3907490575714279,-0.4960763654587145,-1.2112081848950673,1.037331927258458,1.3468419757440824,-0.6484219117284445,0.8531818921857527,1
0.1332315587097599,1.5933789275898271,0.8199436632318486,0.5814151640152764,1.6597492949361756,0.7483286252618928,0.8704632672941327,-1.666602780047172,-0.6529151380828695,0.6619337024324209,-0.0076225271013505925,1
-1.2296493914975257,-0.5446894558884446,-1.403989377838242,0.3222964777112349,1.601038426482485,-0.17360140455310646,0.86143366477654,0.888563106547633,-0.4856904214847365,0.3963056328969037,-0.2262351648014359,0
0.851304648909225,-0.5160186935708709,0.9080672397294461,-0.6639051817882375,-0.4872912322702225,-0.6993202688178212,0.47385997807230723,1.494496853560373,1.4440480208925208,0.5146511721892777,-1.6555658930566175,1
0.967762509002163,-0.4869032827907761,-0.7864545601193539,-0.6832996626839362,-1.6513334130134396,-0.37728159572240494,0.18016389555013174,0.7872448745125875,1.6353696400542868,-0.9768939909350219,-0.3737652979562451,1
-1.3946337918977272,-1.317027084010227,-1.479826324091213,1.1165144470943689,0.55866742442647,1.368240556107039,0.6453022197628602,0.010881397562716106,-1.1029689869708983,-0.7872882973862654,-0.12774528458270695,0
-0.33869301180254463,-1.0954674656560162,-0.11800000899200291,-1.066634559717846,1.592023768637958,-1.1283198495095756,-0.6303445026467558,1.4477108221273987,-0.15444595105959538,-1.276290541831401,1.250040985417182,2
0.41054624572777426,-0.1979539138482534,-0.965593653614484,1.5442997525863846,1.6393778807276989,-0.307321962985573,0.6388388006952741,-0.6900557776727494,-1.1936731667575113,1.6101526590454192,-0.6926152634835885,1
0.31453923849422805,0.1832835986283262,-0.9417648698768694,-0.7658331452797237,1.250270893919977,0.03661940390611402,1.2834321673144318,1.6516400295263105,1.1129411210344944,0.07929752018309065,0.2706641835731687,1
1.310893579149979,1.464333186096532,0.05037611766228265,-1.0429472409173506,-0.964860265500849,0.4146037172904237,0.9679903874975566,-0.16153936735301155,1.7021924810296802,-1.4302748168369306,1.0284600931217467,2
-1.130332731695326,1.0191141296357786,-0.2602219160527514,1.3649718578457266,-0.4345949698396724,-0.08641152561544008,-0.9656751049532473,-0.18447733455661827,-1.6749831763863878,0.20808531294243882,0.32436548821694194,1
0.9745202862465778,0.23834267635761766,1.50818975023992,-1.2000987022827383,-0.20449818491436697,-1.6099814138376427,0.8319381414361703,-1.3291913348434399,0.6813150918651556,-1.4717840731558975,0.6947115443732349,1
-0.3216338763604489,0.9897315769438396,0.2530108154318659,-0.3186968367023633,-0.8713988161369793,-0.004439577817310773,-0.7054975669000092,1.715021377452605,-0.7424681040436375,-1.5325153880956628,0.16935974869835482,1
-0.2187354190357307,1.3216438383784526,0.40244878533231654,0.05427330229207486,-0.24510557672110292,0.9090702162119156,0.41065540751664736,0.9064771934203263,-1.367470065883847,1.706228317809553,0.9447336760272415,2
0.5555579264445792,0.9365265172546117,0.047573898606673,-0.4211796074704971,1.63389747846645,-0.9952414664468546,1.5815465724884517,-1.1516039634552833,1.0560810082279934,-0.20461748079707784,-0.4701504551728099,1
-1.4631517549136297,-0.5490464162802785,1.6770549176501834,1.61152805346645,0.4564528374616497,-1.347991084614396,1.074701724307243,1.1346303753026963,-0.566728204458017,-0.10521692540664374,-1.6437933307830452,0
-0.036718244215415884,1.1565663940482118,1.0355708649660422,1.2113120815576852,1.1788860415747962,-1.5612423441946033,1.6656108604016633,0.625758325946562,-1.5066662925553074,-1.4268287000211297,-1.429063234388379,1
-1.379549671729499,-0.4453148447138763,-0.15459106248559992,1.522449019013096,0.870626329153529,-0.3994084585367362,-0.9031535883530042,-0.23942127838718064,-1.1487808287795345,0.4476510417353422,1.3871615690631742,2
0.7422285489424638,-0.7314054141556376,1.2345284204565792,0.9563396320620273,1.435615911750506,-1.398929802021234,-0.8859811318075048,0.4884722128323468,0.2553700522554316,1.5510491580789467,-0.575402033216964,1
0.8020786612087237,-0.6809559755526988,0.43098491777715453,-1.040352410219823,1.4986693401673779,0.48139634525991143,1.2699435324642818,-1.7081146100885949,-0.07096247123515441,-0.750506628457819,-1.7032647986574518,1
1.4925574825598156,-0.7732218013763851,0.278706343712739,-1.2996450158867305,0.5311198055537573,0.14520467708523369,-0.7403305061427342,-1.6190366084500702,-0.034494518624618976,-1.0091212441722341,-0.6570601679543958,1
0.045264753078952634,-1.497939333405583,1.2216501446298227,-0.6070964699308049,0.6785657322229298,-1.2080458911055432,1.614984193767991,0.902805890263867,1.4737325900501501,-0.3708276777722323,-0.9795310351439868,1
-0.4362274071414708,-0.2470932557957136,1.2586027884247168,-1.645257578584834,0.12902221443077375,-1.594194905742341,-0.24047021486147707,0.08464602899758042,-0.019277215105572027,0.5468611082565612,-1.6171423742434006,1
-1.3988163200147348,1.3229973461887252,1.0142898485944105,-0.9030332345076592,0.9764969768926962,1.1465789908354924,-1.299285814263486,0.6614025238476607,1.4558680785500082,-1.2443403633130472,0.8782217498639154,2
-0.31686400227859657,-1.1130392939040255,-0.572966050469678,1.5032413674703338,-1.2995961301235612,-0.7143208182447558,1.6080409449853432,1.6667993481676702,1.1211814935709445,-0.7777119024157235,-1.6394633130159422,1
0.9081621258589373,0.9279742208642716,-0.048646046695006724,-0.4925806255035084,1.6475467540527267,-0.23133507945945864,-1.6104142454973043,-0.07787068181827844,0.2996663938400252,-0.3350504046996475,1.1583104853430022,2
-0.04081565729390986,-0.7625470889676869,0.6771511684906794,1.2760474465539926,0.3641700089033247,1.4663560765901333,-0.05325112810327895,-0.5653604771423145,-0.8479020034619257,-1.0777318714295339,-1.086806552446054,1
-1.5792337556045164,1.6315271104656752,-0.7653062304507519,-0.3277840642424315,-0.43312597568430783,-1.2052656410907379,0.07434000936715246,-0.24081611044467724,-0.49931727875526466,-1.5750463574404199,0.7386889351322492,1
-0.007914299618104583,1.1737104118099202,-1.5816465958894146,-0.5637003567154102,-0.1928704751392773,0.39384499847588544,1.1894305296463443,-0.15760822406499783,-1.1660398264989997,0.25285019720799146,-0.9385901588706858,1
1.5581944619586077,-0.6692404810715145,0.9385385622541873,-1.2793833879404353,-1.1285895850223158,0.6382846468213847,0.6121941624592471,1.619552048002612,-1.0947499516260863,-1.1576159763103826,-0.6997192869629048,1
-0.5139507164226208,-1.022701088691599,0.9667280411436656,0.9151271400203211,1.7368864034162286,0.20714973707315912,-0.4858947639292521,-1.561859726079529,-0.35120073533947777,1.5859605726550992,0.8913595623020042,2
0.22623860293449424,-1.3508140592754025,1.1274052073696152,-0.16954775714137232,-1.0584350863464687,1.66464627428374,1.170292140424271,-0.04606010150662668,-0.7947970237008072,-1.0803467640887594,0.3672213797279739,1
0.8603065545576735,1.0431409240300222,-1.614336664404543,-1.2747939846426377,-1.416873971126662,-0.2675343917850914,1.1273168836972962,-1.41214763763474,1.6926165048716866,0.8654277662639525,0.8624049740819254,2
1.7186399290376835,-0.8980473226769462,-0.5362851647523843,-0.7106797529675076,-1.5193406396261795,-0.6336989592580207,-1.2415944496930724,-0.5359003939715494,0.41247870331254977,1.3768730629366146,0.8249888855242038,1
-1.1331658518076233,-1.4595212497815648,-0.9970958236432867,-1.6131456856240658,0.7087938415738463,0.5245589222108535,0.3683731322686807,-0.03932501541987112,-0.659424073211097,1.262683644427116,1.2904667920207353,2
1.1733314919226336,1.1103025764544043,-1.6193111424285282,0.08641247808597319,-0.021600939541242696,-0.3924766742870867,-0.7574921598082942,-1.61641517875715,-0.9424060083392803,-0.6660854250556646,0.16418279309541906,1
-1.4914140986312612,0.7568693526229764,-1.60574557213272,1.7360816569112367,1.45514985966071,-0.08551696143277118,-0.9052684763826483,-0.2186270628945919,0.12101128379781502,1.0361577445904837,0.5043260991276124,1
-0.6693898319262941,-1.6110224640883677,0.9196731021277919,1.0019286671310477,-0.9291620429793148,-1.4864744905270848,-0.27677597503731444,1.5351225157985116,-0.08363479557408857,-0.6835930838535268,0.6304330039150126,1
1.517748516668635,-0.11835172290104075,-0.20578812587998105,1.5412536806746895,1.1276483322868465,-0.7191648636480102,-0.7620056592279335,-1.116985122505863,0.23439107000489354,1.1480266623295436,-0.28624781116027176,1
1.3341676574367967,0.48609642653007074,1.720719644986319,1.1927401356068132,1.6968269331633483,-1.1727824151177753,-0.3894890327477994,1.4057080869908851,-1.255207794906915,0.6401660198321115,0.21345437082767724,1
-0.8954775675084911,0.9050589062013586,-1.4825967093016403,-1.1362010492374837,-1.2973025819970105,1.057618906765591,1.1977937129425908,-1.512348958436853,0.7449051951543644,0.8785368638999382,-1.2145637297884084,1
-0.7957672838365022,1.6024275432345936,0.3840189498110283,0.8927816778902481,-1.2446744829657248,-1.6855266257988513,0.9135119491918265,1.4264598909601258,-0.7958661920590772,0.24199233166272976,1.5720461488415767,2
0.08084302261711304,-1.0052791260874125,1.4544440660841884,1.0162291671511872,1.243117800716806,-0.953970016618733,1.1775875577533486,-0.012312942708645544,-0.03885196919978334,-1.3514297421518005,-1.3268221213534712,1
0.358882491900443,0.7201030613681291,0.7001529706416677,-1.2904805498041796,0.12964107052678595,0.2563896342336611,1.0197402613546855,1.3188667462918726,-0.5253340876554399,-1.586285200724112,0.8778291647417619,2
-0.9716218348113492,0.11537018238231368,-0.8897690128402586,-0.6133885022168131,-1.2836798595704453,1.5908547752498403,-1.5944090290476711,-0.02126800845366997,0.4568945381164351,-1.3023009310642288,-0.07243247269091266,1
-0.8093640222035234,-1.2705602877165665,1.2089592247861396,-0.16789356089552884,-0.7848555702813959,0.41153040665262536,-1.3889472669623442,1.6594499758876566,0.5373223883075818,-1.0561027261886535,-0.9677828853102387,1
-1.287948110479085,-1.56422925516504,1.4149790079521132,-0.6859427104334397,1.0456138258266305,0.47510303146054517,-1.3328163616576978,1.238573493072899,-0.08223866915596294,1.5224065590169644,0.9983739879667697,2
1.1509386927641545,0.49341240811889286,0.6704279740585742,-0.9578124825759937,-0.8710188058473002,1.5644462659965273,-0.5754187498020461,1.3995684146056877,0.6805438747154746,1.708133206501704,-1.6928332765565999,1
1.3766565939055775,-1.0706819144364077,0.050353396523639106,0.5169574169691,0.6265655353429619,-1.6377616630728316,0.23532325772743012,0.7119257264593281,0.7608865340624894,-0.9013564957062635,-0.8196762953568305,1
-1.4489698793775803,0.9484365922116498,-0.686499415050592,1.084706705165516,-0.5714226049893695,-1.3078682272269357,1.4808106788159923,1.3386650922413477,0.4248195251707979,-1.2535011462053014,-1.4888581409118313,0
-0.6648213654994702,1.279690945128973,-0.23309783072775234,-0.827246662360002,1.7005276374874991,-1.6697350942785458,1.0912586921145389,0.801252016875186,0.8034564157981448,-0.792656620064146,1.1352582624065086,2
-0.0025135077987741704,0.15681507849093632,-0.8994762432915963,-1.1328380423177042,-0.014075676306316221,1.2836829255379811,1.152099426696706,-0.40303826337853454,-0.12968086919054284,-1.6907943212434968,-0.8621481010724135,1
-0.8421305269283741,1.563104696514241,-0.9475258371247945,0.40946600008952566,1.1001544934515088,-0.5998083920605882,-1.4094056715802254,1.1168422695337168,1.4366099857617773,-0.162657978059966,1.1082241101446428,2
1.2521678089463348,1.1381279215101252,0.8481933981467614,0.19637567584576232,-0.17779030329391132,-0.2617763367341226,-1.149769380111229,-1.2210459431717537,-0.8632008295734154,0.5947257659393417,0.047045857811590694,1
1.0648701770314124,-1.3659737010783082,0.242166240742573,-0.5300360512103374,0.6739714819109875,0.33866372459428035,0.926226769605062,-0.3105908144594683,1.6407204897882053,1.113859886060323,-0.5137776841430448,1
-0.6737952500309327,-1.487080027331787,0.8184527085942279,1.1043248736790707,-1.7055295030742412,0.6211996490961113,-0.9648179269071658,0.9156927260300709,-1.2500265489078541,0.3290630620639671,-0.572860071340477,0
-1.6239047240167548,1.068478186041034,-1.531107344671503,-0.4549792404468847,-0.5078513687721199,1.6771620922666994,1.5088453237573143,1.373039530468559,-1.290179978763778,1.092074886290085,-0.2611313792606529,0
0.24587234958684137,-0.7875627237903414,-1.4344124635073312,0.36024578422599335,1.6981630391437257,0.9238509624827843,-1.6277578521619505,0.9815018972460751,-0.7194084536108479,0.058257158719784485,-1.4861340840148716,1
-1.2079970925356678,-0.12122500874409575,1.6330932465180845,0.1030645324959598,0.9715383219050092,0.9528542134869793,0.25093859512896427,0.5083553904256811,-1.2718666199445232,-0.8089001254572169,-0.14046008186570086,0
1.5080460688456756,0.8555659071748172,0.26286474455648506,0.29844613674572434,0.8872423639159142,-1.1909817583859184,-1.3070582979188923,-0.9895040215973242,-1.3548229374137115,-0.8402615201979967,-1.1506573411634164,1
0.28555532078973994,-1.694835115070553,1.1574473383183599,1.0326545004570802,0.7904111980753998,-1.5304339299451948,0.944010199004532,-0.3157286788973442,0.03022263141378878,-0.9014777158957641,0.45860809163578176,1
1.1848296674837198,-0.7205855368037363,-0.07703172872013335,0.5580788048843703,0.7257307724588733,-1.1667890100553961,-0.9963439916298182,0.4861345669023033,1.1903803699448006,0.06476841461295578,-0.8951196979744889,1
0.8922172189410235,-0.4796507903575719,-1.5920310047573645,1.3342665980323232,0.7831654991875993,-0.9104773237377061,1.0224364854617063,-1.6481933079775113,1.4936981406650687,-0.6258056878016316,-1.7408507341299353,1
-1.5041467550589909,0.6272983126835319,0.05991795611498425,-0.09592082931939962,-0.03692612650329036,-0.9090130057471284,-1.6748244098696372,0.23328583896453414,-1.3270060079237247,-1.201220610190716,1.6534134774578315,2
-1.6766308132686998,0.3891992873903677,-1.0670446897769317,0.1769078726283258,1.3142158849424017,-0.26103325022602564,-1.435767979290069,0.2684722688982266,0.9466325565667623,1.7181252135505334,1.5702085176174145,2
0.03307358683719784,-0.42769804995382477,0.9503138146439217,-1.1385395974125494,1.0306309486806018,0.05920969072651383,-0.08578971818441299,-1.2489819041333607,0.44056501842407436,-0.601544332731597,-1.474747003730047,1
-0.7182798303361054,0.9980965359284215,-1.2049340847815342,-1.510148318810792,-1.1521832536485217,1.2869501685908928,0.15137601056323982,-1.6751153148342723,0.5858024774621025,1.0886114523043557,-0.2873257421963741,1
1.1995264421369423,1.220548692940249,0.2997225413943346,-0.4935276272439058,1.1239848448715122,-1.4269687079220288,-0.49813759951005476,1.412603465457946,0.11902896842797955,1.0240184084705022,-0.9960232159436402,1
0.30136248767164353,-0.5741398819848939,1.5892908813238047,-1.3008409441353292,1.121411289466424,1.2092318911290556,-0.7123408065204917,-0.7433358218075227,-0.9316886681923963,0.4237013957240233,-0.591648253624188,1
0.6735354332852497,1.2917401153790573,-1.2095407955502242,0.0723835676430603,0.637390303496777,-0.1101286391474196,0.7738544072044437,-0.002423360728687577,0.10671464538683285,-0.376680881208115,-0.6552902032384452,1
0.37220874387064445,-1.2686914053052667,1.2644629678406711,1.3196024291950317,0.5835822334002341,-0.09190873951812055,1.6199324982528036,-0.9352699160939029,1.2434570875984214,1.6616366052432867,-1.080895307373091,1
0.2788902222425178,1.265275216911293,-0.2600997396301342,-0.5492879488889519,0.3211857616349787,1.207505636572261,-0.08569295793766622,-0.6668374915519976,-0.3506460609199071,1.5925237800580563,-1.5913079708829307,1
0.9263078388188192,-1.6230516863941677,0.557733569479878,1.5881724952904521,-1.6977182707831664,-1.3698935851416665,-0.8439501294664877,-1.032885556286382,0.29905098005464487,-0.2057084625025826,-0.5229913731488022,1
1.6866339275005182,1.563037450303886,1.0003538763290998,-1.568810559489434,1.6938611986242085,0.37231868425540715,0.46553030332067546,-0.47229854824994144,-0.11066992287260785,0.9481692041830281,-0.24288801952587993,1
-0.974179734534703,-0.7141906419102622,-1.0893269660977551,1.4906518152603585,-1.1013960463571346,-0.18555179670641445,0.48819763646366593,-0.6689233350098981,-1.4867167187433552,-1.14357175149825,1.0291577918559036,2
-0.5616460503484833,-0.43250421998674254,0.6583266838997318,1.1543682636955077,-1.2530414349591936,-1.180170459988427,1.1066475584010627,-1.4134949727751702,-0.05233397416038966,-0.6197793126664624,1.7081005643800067,2
0.8274093087654886,0.3651308055160765,-0.4846178688225553,-0.5538394769510866,0.9970111407629938,1.1061654461071737,1.35981500977735,0.4182769428367492,0.13565110564928382,0.4338838916420678,0.20988538312275073,1
-1.7116035448701676,-0.8327778248242476,-1.582149427195237,1.284152148625825,-0.9944414557673213,-0.10304436662776464,1.3651707001892606,0.4946017457237797,-0.36340589689131486,1.3173539498918547,0.348259127044773,1
0.2430391574583365,0.9435863544019472,1.142198869851802,-1.1462927076074458,-0.44253351960116694,0.9209021289394149,0.8557341352237415,-0.5348802156068337,-0.5842802429526482,-0.017661314247404213,1.0396672599381274,2
-0.24110205201331458,-0.6124965912547325,1.6179442613606996,-0.10314484585561437,0.262996435215853,0.42083031529081677,1.6045103364777284,-0.6916215294073309,-1.0347779008339353,-1.4633506114006465,1.4106434460538966,2
-1.045613947626711,-1.2798203765396587,-0.31663939482693687,0.8458752369175586,1.6900263114786613,-1.209321301378587,-0.568159262962709,1.3187383287522314,-1.2448385030590132,0.7794133832283625,-0.7080484211948843,0
-1.391046449107707,0.6600188728373628,-1.2037708533172964,0.8594350127716699,0.6493275640911118,0.49232745854110327,-0.09050979884806189,-0.8194843097820044,0.2631690916830344,0.5340464025093623,1.6478158243806769,2
0.6680411273899118,-0.033961382028969075,-0.6564974605380204,-1.4259737395481633,0.12070409928741653,0.10715744641188693,1.3397569256159243,-0.19154042286407427,-0.044119309415755995,-0.39844856380842436,0.5542289133025358,1
0.39710022989546506,-0.8153597949309658,0.03859842425703091,-0.8055059178785556,1.025176446665739,0.6429442896539204,1.4836961263650983,1.679828637201444,0.9407851941459973,-1.3409701715148976,1.0488718667064778,2
-1.7255083570935288,-0.18256787144387124,-1.1421049475339624,1.0418363994955202,0.2627580844909812,-0.4221096629583978,-1.3135133000776844,1.5839314028886218,0.9335916257504959,-1.293850152139049,0.9723460547627122,2
0.48888301785420607,-0.8908540803285337,0.5845174625974389,-1.6176216790970612,1.5001671193716217,-1.5221191932082783,-1.243621396686227,-1.1430205190117892,-0.4868452919035688,-1.4798711915125757,-0.22319302365672997,1
-1.1031354306600605,0.4601892619628341,1.0093690643490925,0.5220406344736203,0.948483330387421,1.1179355866379401,1.5968401651437587,-0.08962943124355895,-0.6847151349603565,0.6094626775486203,1.135670928278778,2
-0.10561362703836312,0.5665503795723665,1.6417439950116552,-1.549367715779803,0.22026670894524877,-0.36187963630602626,-1.0209267500610175,0.6906675324089522,-1.4883476018935367,0.011829826141081724,0.6297208161849007,1
-0.13778034164074007,-0.4461293559700567,-0.4764670509361031,-0.04130412187900077,-0.7444776107501839,1.6008287949741946,-0.9798723294545414,0.21367421995143152,0.9567565270612155,0.6271954595555549,-1.2896795854582401,1
-0.8435437281932785,0.9002590583165478,0.3919555148421249,-0.23837748582789975,1.3795810468860408,1.58954999180367,-1.5425091036878773,-0.3481864919652289,0.32918300455299393,1.141238331717514,0.9536222753853772,2
0.047340788103482,-0.7739559022994565,0.6947464891057706,0.528993999626651,0.3584809046341324,0.025562748213621627,-0.618017048797939,-0.9055212151647761,-0.6249711933908579,1.0036534166344133,1.4135204175313907,2
1.5147107929223327,-0.7894987495257976,-0.30765331845417276,-0.4052808362871013,-1.2348349428275318,-1.1251626977979632,-0.40027094367130883,-0.5830987327788361,-0.6845208108904356,0.12544777804293505,1.7070123189659117,2
0.9073207232239783,0.21639579712971074,-0.2010461601506489,0.1821918964684332,0.034941707920457095,1.0366226073348346,-0.9219070282809235,-1.1314991518656043,0.10550168212760805,1.7213808414971192,1.3970985560072162,2
0.19495889264161448,-0.8829657028971131,1.4463076017984002,0.7345982378329984,-1.386221099978114,-0.5699295231587272,-0.29087695098229505,-0.6778144057105683,1.3120774164166757,1.3029287473412916,-1.2354996657517432,1
-0.49445853654976546,-1.2747128905608869,-1.1406699233700377,-0.40131524837494,-0.7667822021077312,0.08697815529901516,-1.6896390691688412,-0.7155147024338926,1.0588907021295584,-0.5702522066705318,-0.4658286644747184,1
0.0630926497517111,-0.7021896498436103,-1.59288222003451,-0.4100586691785552,-1.2795803061566062,0.5290050582520875,-1.6438318297623393,1.5818819648042195,-1.261772954303524,-0.18970739748851273,-1.076320327491767,1
-0.4076708389565311,-0.2863642217657471,0.7846372403292444,-1.5550998917064631,1.4083685087611868,-1.1893490847304353,-0.9460566426480774,0.4836226564830299,1.5244393683934239,0.9251200510079989,0.34639006401897854,1
-1.558482209658444,0.42151310465544406,-0.11342198999314837,-0.8386720936359151,1.7715271149633178,-1.3177568781580933,-0.024326924914598546,-0.5764214646749888,-0.6235076383381671,-0.6080902229646256,-1.4890351642601471,0
1.4578923734501883,-1.3881423281257577,-1.1423352136321685,0.8150161693945673,1.511821467287481,-1.1005867531348708,0.4234805768721564,0.3221453292337853,0.4701113263248028,1.5401739753637564,1.092051015361427,2
-0.02327979358344935,-1.364334395174934,0.8021334499779692,-1.1338266547198115,-0.4651429915118451,-1.5044100252025359,1.370027538423176,0.6641313939858832,-0.8632717353276113,0.655647569748322,0.71390793518211,1
0.8774837100118728,1.1345001525092384,-1.1581698997346748,1.7146617162806042,1.6605888557548099,0.7184349823387257,-1.2401789125106721,0.2174575406998429,1.0335602950864635,-0.3411633656844599,1.684204880128993,2
0.4468644911722834,-0.44943961496576396,1.5324335997160838,-1.7195061890238008,1.360393539126694,-0.012998330116621751,-0.3503333286360329,-1.6195727417913344,-0.5155551963771223,-0.0327099349153985,-0.6547330383407481,1
0.27860502020936156,0.8027201166037563,0.3867423241395047,-0.6824017983055787,-1.2069119873240508,-1.534562077164702,-1.2939372529804152,1.6526842426350794,1.147766005667133,-0.7886044023008425,-1.1802306454627565,1
-0.8235775592550634,1.565397138675174,0.9761749362995384,-0.375700770075424,0.6376094857881385,0.3916061028194488,-0.3898551193339255,-0.2250673856271553,-1.5304656205570941,-0.16918655112306596,-1.4650182310926094,1
-0.22728911696348955,-0.7547097654460457,-0.9341629412983365,-0.7612757143856225,-0.8582672172508797,1.6297204111019459,-0.8604563467640917,1.0468610104302398,0.05653879657282408,1.4826117025209335,-1.5916459369232476,1
-1.3100481101069954,-0.5095727303202039,0.29066372736557466,0.17930990593934465,0.7541519961155364,-0.42228226688103426,-0.4633142142767836,0.5779931516103478,-0.38639429322201646,-0.0550837184632105,1.5959322656780124,2
1.0865664383779792,1.089149369220464,-1.1523818381841329,-0.9655380951234304,-0.008678646182907975,-1.6258624490382663,0.08669645554711332,-0.6401519844755744,1.0200698845548088,-1.3838474842582278,-1.251073112965672,1
0.5262807300004012,-0.1055058071443775,1.2488573053470666,0.8472633605243147,-1.4795654170602714,0.41344156556716216,-1.735368637605495,-0.6921621771187624,-1.531433480480603,1.2178494914818487,-0.061767496599102946,1
1.6570241074440937,1.2188649787479178,-0.6934970057534905,-0.3649470978622615,1.5366185433223485,-1.1436515722748213,-0.26967379705334027,-1.711301843014721,1.2018898380071361,0.13076414921102972,0.8946983945226401,2
-0.9922173423564493,0.5147192584088389,-1.6979465503544657,-1.039751816914195,0.666201437751318,1.2225185784349872,0.04577953987663334,-0.7487357220923231,1.5010410602163955,0.5585675151283266,-1.4045313083417248,1
0.09032434685038475,1.577215234658151,-0.05935311363147058,-0.25006273988961414,1.492526504821573,0.3597522980079247,-0.9857258047093858,0.5831866873195899,-1.5431087070964677,-0.5432027872419851,0.3557268763307633,1
-1.675964605851755,-1.4084718198165604,1.6750303526730754,-1.0494468908070451,1.1731940243279744,-0.07023780876306968,-0.5647977672882294,-1.595308347678363,-0.15251216662781442,-0.14482129303345956,-0.5695339200454744,0
0.9685857601967294,-1.2360449511466716,-1.683258954247874,1.3563595486087439,-0.17943040841418187,-0.23335478228788742,-1.1173207044897873,-0.7326441534281343,0.6119386665274867,0.9069716569227767,0.11302413795333245,1
0.7200686367642545,-0.6027848885436168,0.4633157007236933,-1.3879221451957042,0.769729014898926,-0.6576735923621387,-1.08385238183334,-0.5282012244596253,-1.1435852591814903,0.3562337016820144,0.7071097792591781,1
-1.7115281535179707,0.49124466553901874,1.3976777559844271,0.3588851000870898,1.5374032606197283,-0.7678438960859972,-0.9265574202447905,0.7194603985466959,0.4176310735324205,1.4751999537914726,-1.6810204096729835,0
0.8843041581426153,0.8913467956040043,-0.7457600000753103,1.0406883709540444,-1.2904069067446673,1.303633292701336,0.8753745544276603,1.5028605500530898,-0.0761214600649786,-0.09735493025903796,-0.35981194108864034,1
1.5280523007876468,-0.03605209906770333,-1.3466577843588636,-1.4546663383237741,-1.5714261577728632,-1.097726512541075,0.815133724070448,0.4578907207369773,-0.16268985794930602,1.4264001689325452,-1.1235877360632187,1
-1.0079164142911408,-1.5998744000844616,-0.7429753118335946,-0.5800112812858051,-0.8568165379378029,-0.32451163247104176,-1.3595135352520487,1.5184525587380733,1.3128936668937277,1.4213435553133802,0.16241923341622536,1
1.1568749849323798,1.3031459074565663,1.3517819922958796,-0.9918292726172903,-1.400852700489514,-1.4699602439605515,1.103076015470512,-1.0429171389792617,-1.5854760249567026,0.288246492542146,1.268716728764082,2
0.9534248343202661,-0.18267221943919196,-0.76393114135,1.6236750698484046,-1.4656968665337644,-1.091072835974023,-0.32869792833629785,0.39321389558410264,-0.6772702752492525,0.04144218671906819,0.4021645062820204,1
-1.5828073773956444,0.6703488714520004,-0.4104925836379464,-0.9700951447418785,0.8392460275377818,-1.3081474871420968,0.9607555175457586,0.9353751014121553,-0.2626171738682941,-0.026718194120086622,0.015605183370830914,1
-0.4908903265165668,0.11460090796559348,1.600895132783445,-1.500507712014462,0.4775140992546649,-1.1205774537335211,-0.9520233380794151,-0.42727929618040633,-1.411028396881893,0.37174988593808217,1.2118264243835006,2
-0.8918647219102135,-1.6800657284284541,-1.5005290802219509,-0.01634831320910317,-0.16630627048530724,-0.5790474202787256,0.13350973480863518,-1.6997571538292762,0.6590539282866751,0.8453571663166505,1.396646545407795,2
-1.2531064048520362,-0.9040738385802018,-1.3010733749699046,-0.1768056015593643,1.6015376016573502,0.7246408539578497,-0.6355528915346217,0.9722977730713186,-0.8282507884185302,1.353546835042727,-0.06417122486758915,0
-1.475446266829008,1.21626198333822,0.33328358785461915,0.06821882598669154,0.48385521684561955,-1.1539090468744349,1.153097913313694,-0.49595208292995524,1.197678344138964,1.136337572627707,-0.781925630018024,0
0.7762767186881723,-0.09798235982897541,1.1635967455117122,-0.7757331877017858,-0.20179813468569516,1.2452912706572645,1.2646835283431088,1.4739900515355855,1.3720130210456238,-0.12055993796342503,-0.10157084183487208,1
1.6305749116956614,-0.12278790506257145,1.4865787871198215,-1.5572174345670016,1.5555883228890455,0.34875755868739045,0.2849575069850026,-1.1980080939592097,1.248272466915185,0.9403591605452083,0.8003815371155648,1
0.45740246626580383,0.6252944180017662,-1.5390292735950057,0.7037070815528796,-0.4096426941391152,1.3041282696508396,-1.2800719350461365,1.712199697503478,0.5673450110766959,0.12743925258472946,1.5853804719959448,2
0.7521047753376578,-0.9115604213711086,-0.7028871870267265,0.7754353926354783,-0.48989606747809783,-0.4208404798447776,-0.7564779381272457,-0.05825513527733866,0.801989877884141,-0.3814257857685643,-1.5286647602208856,1
0.3539780931639792,0.6226100344947625,0.36240711553369825,-0.042847840294221666,0.399542536653928,-0.44318922278174916,-0.6504178738320616,0.0007761082984804609,-1.0612788825678312,-0.43531681858651394,-0.9820123917598694,1
0.267986954365404,0.7050438165982353,-1.489345715087052,-0.5165864694321626,-1.4233325293353978,1.4820146074940161,-0.6831558175692741,-0.9213779241293677,0.5103759250865918,-0.5172789838588004,-0.7655009237500036,1
-0.7089111159633072,0.33262897501055044,0.7592081665591031,-0.17744371424740185,0.11700398112756955,1.5137866560866329,-0.3881075312670694,1.6077166366453037,-1.4626358040054617,1.1184143017515573,1.1195979580074806,2
-0.6260018302891185,-0.8078632808772787,-0.329728928815366,1.3920015659553993,-0.6863382848300902,-0.78125800173157,-0.5508796068970078,0.15528902891334118,1.364269864957685,0.5969077293503512,-1.2469548244218025,0
-1.6045578497990856,-0.024949519526208257,0.46833186386219217,0.13299490952064266,0.16813623678995787,-1.4155633968075132,-1.0152475308011895,0.2997639743289769,1.5825514290398024,0.3488046357826248,-1.3373621555974822,0
-0.8261391902245017,0.3864728838207421,-0.24838561571061676,0.8502349139884715,1.6742742133551494,0.4313625382878589,-1.3472453763922285,-0.15991253896694793,0.9581379500892991,-1.4448385567469226,-0.2883427328854804,0
0.16034844631966555,-1.7520776027439642,-0.5396489357286379,-1.7355618502415127,-1.5742979911949937,-0.32501499143139123,1.307463009612876,-1.3734861382235461,0.839567771101282,1.4250494296781107,-1.3512087699969337,1
-1.4751340343830863,-0.7305299802907359,0.9543739064819234,1.1131320693481823,0.5387586333307877,-1.6620879314946044,-1.3286454887782875,-0.512472246293313,-1.7383387140544015,-0.5576972584722627,-0.3871829808315,0
-1.4611058508218553,-1.5082581312742285,-1.3779304441964544,-0.11910697759773517,-1.06596755365473,-0.5645388191064832,-0.4355016710514265,-0.505251277969423,-0.6312490279560641,-1.1733226494356654,-0.39805146256801505,0
0.5994354867920595,0.0429589481184778,1.2599033899633085,-1.713366261027675,-0.6627891227314376,1.5469869355050985,-0.29019548644904414,0.5184122499806907,-0.21858292344384667,0.6552839091798204,-0.44079860458302755,1
-1.6776408924729995,0.8333728042825514,1.712795847682168,0.5730289000111621,-1.1981120516687982,-0.9485428001089339,1.001222965372921,1.003549957344842,-0.09995673781655673,1.7189044861973226,-1.3100736099356642,0
0.6303026018145675,-0.02796184551176528,0.8783380082824118,-1.2910931350689934,-0.11147382101039688,1.0775616320909778,-1.6188149137608638,0.13147560849882065,-0.48926215784387816,-0.7655725662957419,-1.3622967123770726,1
-0.9424659221800417,0.1455259160405356,-0.51160645480481,0.6910465268213664,1.384889369879509,-0.8359946390154918,0.9397738951548743,0.5551972587113768,1.217041473708956,-1.3735091338108254,-0.5118192123888982,0
-0.3409534247386556,1.6541949509642297,-0.40522049367575397,1.1745296080576304,1.1357997306526326,1.2286303846438034,0.11472899386518001,0.4764516478194518,1.647793347513262,-1.5243763182291987,-0.6618430235654491,1
0.6964611003046797,-0.626681764800462,1.0601980854253001,-0.4671388974235206,0.7373034310736711,1.5906034069491808,1.5130257073003395,-0.8814453575877732,-1.4410376415727781,-0.26706319555977914,1.7158845758814885,2
-1.3526812043623797,-1.3731635045376709,0.2704563415846344,-0.7423819823982155,0.9888089959921831,1.4746222041751846,1.063005498733072,-0.48796865957948843,-0.5744400964992689,1.459372060476689,0.5178120977409623,1
1.1715743847744868,-1.6602301913518065,0.33276852693715125,0.19876509983396937,-0.39878039181703034,-1.2608048375093077,0.06503977998261795,-1.2379211784702644,1.1833337446531629,0.06762574765118254,-0.24383557752225224,1
0.46497547323265065,-0.9807251479660539,0.8232921697557471,0.4987294138555624,-1.2698730373210603,1.236046555107929,-1.1096062934741113,-0.5633730192712008,0.584445007414496,-0.3718667079679511,-0.7330214396093652,1
1.5178250082255156,-1.3106298874297253,1.4945786619104167,-0.7740048107363116,0.5256528824829237,0.29387551008699964,0.09500771884805917,-1.6220969814017279,-0.05388824628209226,-0.00011902110968474386,0.2921023372469387,1
-1.6976273995953108,0.3778989751317444,0.6696472581403877,1.656932752995871,1.5815957989400857,1.0684335030814809,-0.6318130846703855,-0.2292890272169137,0.738305223932635,-0.9046987095024924,1.0420469597199464,2
0.7491059861476799,-0.7679375286095336,-0.693593066485032,-1.2868093412664965,0.8718047752397675,0.16026538531941975,-0.9359890341910266,1.1297161734476902,1.0320793858787851,0.9301766646271638,0.4142968989829637,1
-0.4344213982188777,-0.8412116543047772,-1.1046170790385845,0.22106142958589362,0.431098062918054,0.05158489590258071,-0.4833110994404719,-0.050500508219514795,-0.7957819724201741,-0.28981795684602135,0.451353080322683,1
1.3297786912771872,0.9019646706724339,0.26157987144637745,1.0140863349887899,-1.3080448345081739,-0.044627442548604714,-0.25711224602831767,0.15259063227825242,1.5182869991294277,0.5422374238856125,0.4750908969974357,1
0.5713714847799919,-0.31580902569465485,-1.550212246022014,0.975113364827215,0.8469147633534106,1.5246875520384477,1.1111883469655426,-0.5123493594804214,0.5795390156037468,0.47170459076623295,-1.6629609041622395,1
1.1921049088026519,0.971173572051799,1.3964492665140371,-1.227598617661087,-0.40920773197720534,1.2100562473782406,-0.5141545073359999,1.6772694475452652,1.3312231369796483,0.36245056568639866,1.6552283507312286,2
0.6908096356963607,-1.663358096658583,1.2686173426270897,0.7632980297014363,-1.1618989587281523,0.837572921493581,0.6949941779776073,0.5925742680700037,-0.6281276619665052,-0.6577039148101994,-0.19800967221231422,1
-0.2443961132748802,1.0977454085911669,1.6344342469726791,1.3256716363160352,-0.5173200401186924,-1.5200246001059807,-0.14981342054683794,-0.20034116248780826,1.4139024108263722,-0.7085471257207072,-0.7756279570353534,1
-0.9232932514239498,-1.451286569332014,0.7647348473295152,-1.386838478408416,-0.11676225711957881,1.4033324607719888,-0.5874648544527389,-0.8736535269958605,-1.7511472359292148,-0.9696900482447048,-0.2592871580041219,1
1.614356240016002,-0.8656553830952277,-0.8176453940651319,1.1919795125084298,1.2185318780674252,-0.48741626888491063,1.0877058156714197,0.6700319861523392,-1.0029347837161329,-1.42554722944641,-0.6610712707387402,1
1.4064286514227384,-1.7665819179974702,0.2558911070518754,1.6838344877214761,-1.430017471576402,1.2521119754909926,-1.1175610975070525,1.4008033506120825,0.6142142597327676,1.7369143429231155,-0.2438493265357592,1
0.8175781458032695,1.3053022040666677,-0.42859076980743493,1.4129779609941746,-1.5350901484317119,1.2638628462306765,-0.0521612352026549,0.3952846202435093,-1.5910308067324188,-1.4710913863587516,-1.4270716274767754,1
1.5616853631357823,0.1666540923981963,0.44681165305637977,0.34939127503857853,-0.7608899631865983,0.3955565336362303,1.338054374850182,-0.011152469308100172,-0.39900220782368784,-0.49623862239549427,0.19449512345055123,1
1.3390476507659368,-1.6631055952705083,-0.19378304955760614,-1.6041479089122734,1.2924396644504796,-0.07963824162673483,0.13994137328670786,-1.2322858055081618,-0.8017100042283518,-1.375154264954047,-1.6790559726829688,1
1.450039637510373,1.1923646231585165,-1.227397331263891,0.045075529866116924,1.502911266581172,-0.837287610131411,-1.4476643321010407,1.3170773534673277,-0.4279150115193347,-1.5815576133335911,1.4094707239642763,2
-1.352096243013526,-0.8101514805802001,1.0233819950234326,0.5852689822955431,-0.18590970768450737,1.5729721233034184,0.5133060524471706,1.6233545197907964,-0.6310509416582473,-1.5802241912490853,1.3915405373673222,2
-1.3251576334552988,-1.269754459822852,1.4419428784222816,-1.674028737069798,-1.5600789075864188,-0.9291291957935522,-0.4377356982314067,0.5394074275917573,1.3662812634902937,1.0675710908410496,-0.2925261782801074,1
0.35109597377608714,-1.4415616472500428,-1.1655976408718711,0.8738829928468309,-0.507793394533176,0.06722145670303804,0.4293341049016826,-1.1550376363904726,0.06934291653501118,1.3787606344588372,1.0130814113824749,2
-0.9678260711675822,1.3923411479712022,-0.33787159618905527,-1.7118673310235832,0.9751473750985561,-0.3124963897645899,0.6698736040191966,1.042537328771747,-0.6015883149763531,-0.14570446869982054,0.7475291738450082,1
1.7225059274570687,1.4784352400633418,0.5516890320006009,0.823825953249175,0.09381721644216046,-1.049612354005628,-0.24757158160403983,-0.003227190976613069,-1.579530423908145,-1.678914742672445,0.527225096830563,1
0.18961070711336184,0.048871713182778526,-0.7687811799892054,0.6167617651838354,-0.2382721535221524,0.6654689136856788,1.7193966237343234,-0.21422236484113108,0.15974232724526113,0.8066532915261243,-1.347587795034538,1
-1.1446703306681616,-0.8671079914314256,-0.13240027648177824,0.30797039071364224,-0.7673789693751942,-0.26975225935143843,-1.6272979534977392,0.9347564908460262,1.0505651825574331,-0.460825009891411,0.4490033288871163,1
-1.48704352722687,1.5901409738885341,1.3512852413871774,0.5385542214029717,-1.487367256090112,0.05890943526171964,0.22861164286096428,-1.1377660017356857,0.4180900748746293,0.325339870529308,0.30580029894589966,1
-1.7057886744848518,1.5050538861173377,1.5043359593982584,1.543548499528937,-1.1150928373316786,1.0554012491427214,-0.9775387697706325,0.9404266395034537,-1.2174255218124912,0.4871688235125148,0.79295297548498,1
1.429239680816543,1.282098537015273,1.6231208221295048,-0.7991464649964864,0.2980566328855981,-1.4003807758456932,0.7603171258786457,0.3755127879439988,-0.14453635654309915,0.3014248588578464,-0.9893549374118173,1
-0.6207838840657638,1.3801683027750715,1.3782852284225868,-0.845395484875675,-0.2770830719832738,-0.7858371438984534,-1.0919200518631906,0.9144586720925757,-0.9869648639769479,-0.713413250470657,1.3382618360016207,2
-0.09817789903640269,0.9308218725227777,0.7092769140468932,0.11510417024251546,-0.7519692409436705,1.2232140957195,1.1516038842768301,1.2897496364410457,-0.19261377743834732,-1.0140739547718272,0.6786532236601219,1
0.3881235976424072,-1.0130001025214332,1.4821053218920068,0.3040891378815138,-0.7034460928270202,0.27267180803145863,0.326554207809022,-0.5555224564740914,-0.7367691788070976,-1.014818593078759,-0.4382868179342043,1
0.49746902852698055,-1.4748927513690455,1.040962172629193,0.27129809254127174,1.1204426592883268,1.1358362115687963,-0.7367528419772601,-0.40405454911989375,0.832869954397333,0.44103588282259903,-1.196604422089731,1
-0.2227639905114137,-1.1063953666357764,0.530099582173045,0.1639207170928719,1.4956647075451006,-1.1549327971098535,0.9591699394134723,-0.024435601780457228,1.596587226951428,-0.680683799305514,0.25205531439478335,1
1.4463332424152489,0.3526758434727437,-1.1031790107005617,1.5966280473124783,-1.296631576922328,-0.2094507383168258,-1.0296835787050465,-0.20184436883162077,-0.0217077415120111,-0.5355485981335231,-0.5342769501808261,1
0.34247788111676997,1.1375624569754619,0.5743094221965502,-1.5332570069798166,0.02474700914167154,0.9607784091525269,-1.3442373545105466,0.25143338866981896,1.4256987490307222,0.7255396675803415,-1.2849794403381896,1
-0.3503776078514592,1.482981448012238,-0.6702611653486172,-1.187777721855111,-0.8265664660062914,-0.6909733069693824,-1.5729124208983165,0.3135117093411942,-0.6780884412864187,0.8013888718678156,0.24665915295350035,1
0.10282721654421412,1.136424871619939,0.7178927091484576,0.8520625234206994,-0.5729258554561449,1.344452902457104,-1.123066875813429,0.38333594470564836,1.5698335082228476,0.7772487369872816,-0.703685550999468,1
0.9204033342582101,1.247224626511757,-0.2906628443112132,-0.1621347080373762,-1.401722900750759,-0.5068774342028682,-0.894538515999423,1.5375263168960256,-0.5585604444391171,1.4098622716506872,1.5050881703337313,2
1.512668055304316,-1.1388975004182318,1.2809107306626193,0.45202695087316913,-0.6813927995887878,0.23346149270676048,0.6401814728616811,0.17293362740259607,1.5217151808275404,-1.6784991305941575,-0.8165896994175005,1
-1.6868884823298016,0.5806164341730283,0.9620957225192157,-0.001275821382979275,-1.713189133558955,1.3083816849802201,1.3980694782140515,0.9923146107541475,-1.0442893817575163,-1.0367594473783548,-0.40202007569980275,0
1.0231813836465977,1.4902163696169914,-0.4405744054703265,-1.0258762437303997,1.2633037850718178,1.7308063849600874,0.8263841804180544,-0.6772684595677252,1.3904280349163909,-0.30152436371778674,1.4366142993854285,2
0.19270559926124867,1.036475405938501,0.32530645628070687,0.15997947545955227,-0.17213643582442226,-1.0614447199610717,0.873900766821174,1.5921538342416632,-1.3582590721132475,1.6980546136032315,0.5247439670960912,1
1.3552344117161736,0.3454267514124805,1.177189591909929,-0.23983403136809187,-1.092753207487004,0.5289591613833607,-0.0031746662149263853,-0.9379599750285996,-1.5711680849883558,1.1204057762933517,0.053220697198343235,1
-0.9944792956081333,-0.4962444342557863,1.0347240145270722,1.3482104193104105,-0.8447234924127999,-1.2813569657899786,-1.0702441480533729,0.8260586537483907,0.43331453295064065,0.6260005748304782,-0.32024910061998657,0
0.7755328161708838,1.4601831284765026,-1.495862828236331,-0.6858195978854323,-1.4081078545584358,0.43204941679880177,-0.6984190002707551,1.3371877042089755,-0.5423563395269233,-0.07641847181530367,1.2405627003289434,2
0.2698293998594042,1.4824860615683864,1.31247029035164,-0.5887914208703275,1.2132197458410305,0.3390223153669013,0.5391524806925512,-1.4452933568078383,-1.740240639333403,1.675507658356133,0.843274895473762,1
1.7155533896866337,-1.0634736190923435,-1.0009107162008277,0.2175299574199855,-1.5253508451329745,-1.6496766354137489,1.1641743611168351,0.6571007116518071,0.8614860395271865,1.373323043101242,-1.4085980738623967,1
-0.11343729110050713,0.6762508013426055,-0.9333136474527757,-0.995289495759087,0.4425739265624029,-0.6770094686601795,0.7808446325305729,1.4494591789746372,-1.5497911108193583,-1.1344629201157814,-1.7289965224722672,1
-0.07116646118195033,0.6963953843239296,1.0540537186382215,1.5180088949405974,-1.4014685976293444,-0.8886921933836499,-1.1492458011692626,-0.515197864296805,-1.3326978792920925,-1.60282309800597,-1.1586783250629686,1
1.1107366410119939,0.8601754114309926,-1.2327191346614705,-1.05932330656894,-0.12271869162939691,1.3852587312033795,-0.45450624668533673,0.9049121435581131,1.5755703973736501,-0.17677147155181336,0.9515521640150828,2
0.9951051021655252,-0.9872291409312385,-1.3973307312790322,-0.4867259739364764,-0.9902794938017571,-1.3042739197628475,-0.4820360225250111,-1.1442533824141845,-0.25317806557563227,-0.23203056079412612,-1.0666681360567518,1
-1.4039303852400107,-1.6270059055102029,0.6516711729118494,-1.4279246527620357,-1.5524211323838513,-0.0590904085320843,-1.228279539822949,-1.3666425174274175,0.48418763398731623,0.1916686358500814,-0.500889465690445,1
0.38089804441527464,0.9246855012220881,-1.1530412273267183,-0.5498659916094503,1.133379000122331,0.5439170908105098,-1.2154555436493417,0.14041182100978974,1.107399489709677,-1.391830699595334,-1.176783636185353,1
-1.2947281245853135,1.7029582912673293,-0.7474978792129747,0.41078457927128015,1.1112343250720254,-1.5969977203548247,-0.3470528560206681,-1.0204045697058217,1.7150427659199474,0.37194037480729725,-1.175026509466782,0
0.15009861028051863,1.0933958173512008,0.045693070521754,0.214090391808242,-0.2141742786651867,1.5904766681414353,-0.08212891428397016,-0.6292292011487456,-0.6121498634176386,0.6183117513821589,-0.6962443747624311,1
1.2058694129099488,-0.37097002317118666,-0.2429594083170588,-0.376341138115328,1.0926709683705225,-1.1896711110213825,-1.0432348088711454,0.37041873688283133,-0.23554839178253295,-0.9594036493070884,-1.2781150978719424,1
1.2437231238210995,-0.7941497419007307,0.3310761501273514,-0.6423029070052073,-1.632699402120198,1.3699517425988346,1.148649175723179,-1.0839524056437397,0.14263990130456516,1.3619802967979782,1.5360246933363377,2
-1.135868772223687,-1.1176762959283961,-1.5762675182447285,-0.6724556992286465,-0.16044968397778672,-1.4841184033641714,-0.06677025393628473,-1.3841351270200513,0.6609578212189918,0.5176816769267909,0.44354753603005503,1
-1.6126298196549549,-1.0717793063393788,-0.31764862393602417,-0.4500028293232558,-1.6267254021059918,-1.527594820320851,0.7044450656509743,0.02387336115463264,1.1702896076937694,-0.4113498554052664,-1.6926203466071297,0
-1.2955160569810584,-1.0433896441874295,1.5312046464039095,-0.3609353503169057,-0.4433567118263081,-0.2124219200926688,1.4083327405800945,-1.079221085730032,-1.5693745540383892,0.9989604635837499,-0.3123432921961104,0
-0.19241763580428342,-0.0023470494349195656,0.7747821206001646,0.07653302261174202,0.1592803286758614,-0.07805402058444688,-0.40080569728596604,-1.1057898175446292,0.2582481265656205,0.4457288358732624,1.4846570699432657,2
0.8298406965204853,1.27825910334141,-1.3008284527481844,0.9444733176374248,-1.4204538942435283,-0.5636219834823281,0.4502656454004988,0.8273592634811407,-0.5405261840002801,-1.0593583541352392,0.6314860722389521,1
-0.7993298691039044,1.4440071895826128,-0.3935692897451553,-1.4040408889026414,-1.5800507467162255,0.5288956461575669,-1.4970991286950228,-1.5445366589156997,0.22211937859844896,1.2963135884285484,1.716047543053772,2
-1.1442501236332496,-0.5201173300305325,1.3759173339898227,0.7869472670561976,-0.5641670871405701,-0.062243662350131644,-0.0017235544993003588,0.697076476529086,-0.24571645195606096,0.9790284009958771,0.3619072655858773,1
0.5569379022348953,0.5711686015202316,1.3583487303564254,0.29388627195926037,0.3588259556686504,0.8861171670334319,1.4138993812319198,0.6850929257407561,0.4311432303701752,-0.48853248177724634,1.401094087745799,2
-0.9223450844458163,0.8474871717437825,1.0348724305277677,-1.0660548499362152,0.1908494717959045,1.1570708745158966,-0.736626367728831,1.6957026672137427,0.9856434311263996,1.0091256423318657,0.5874245573432205,1
-0.649442425614987,-0.47971482773435487,-1.3929852521717285,-0.5982312912317971,1.5728148412128677,0.9380622980415724,0.5599672705407995,-1.2674146942875866,0.48584670229756005,-0.8675014284957585,-1.2969836101370826,1
-0.9045511323558377,1.4676353463802936,-1.2976409495552976,-0.736378004916774,-0.04056278024234419,1.2554074892821743,0.44585612261831986,0.9902087288573332,-0.9400085089166303,-1.5903720528272727,1.5269870747769703,2
0.2976964940694084,0.14028718846656482,0.34695508632140726,-1.5540871959489946,0.5454015892849413,-0.12390938096675966,1.6146173915061235,-0.7314222345578242,0.9053520269675381,0.40972643959160515,-0.5828830428488067,1
0.47344609550879996,0.2084358616076873,-0.7022845452325175,0.23988728500480255,-0.5958228515750452,1.0966556260983202,0.6516661162644919,-0.6818701839585501,0.6359349601431658,0.8381532236263333,-0.2888392262033914,1
-0.32711087324934773,0.9026120025146764,-1.4994317694186174,1.3635932904896348,1.747528464260855,0.19757329839794718,-0.6787097703007986,0.10191767568839556,-1.6744397959636903,-0.7856431662430439,0.07440928830097368,1
-0.8328461909779251,-0.06576592917906594,0.9885204260113007,1.4799904084829731,-0.09339991049977778,0.8434503986588977,0.7228389213953752,-0.08647149390610206,-0.13243640736014536,-1.4807543671789367,-1.6221843877640372,0
-0.6356656231959922,-1.3939562079384826,-1.6046290827895904,0.9387687320886606,1.1150611309239924,-1.692938268311586,0.7678475582816785,-1.6328603334744625,-1.5400926459681636,-0.8216628796946297,-0.14468547239749802,0
-0.26236399620365886,-0.07059668309769511,-0.6006508131550808,0.5111926158389294,-1.4534654421951259,0.2006944208332661,-1.0418788851576979,-0.8861317372086774,1.4686074778762048,-1.032672595275194,1.1561274149538936,2
0.17583909125032512,1.2958002411034484,-1.2228619848836142,-0.15510660577460503,0.3931922753294749,-0.17185604157219747,-1.7032040826241726,-0.513732243716938,1.7611731651635072,-1.4232440458459,1.5059692311337793,2
0.6601222691969743,0.7170887021684565,1.6342297415791156,0.7446041363628002,0.051774903014231634,-0.6876422387490315,-0.3615277618528718,-1.465307897328777,0.03303041152171024,0.16879265437433866,0.3807492431973794,1
1.0762434903706584,-0.7232086711551238,-0.15844305107917364,-0.9011831745698297,1.6242884117001755,-0.5914904984765011,-0.18575918959560364,1.460265391308227,-0.9250984549511797,1.2479294156479086,-1.1043706222553105,1
-0.47606332711959826,-0.6464312344062589,0.8331269490635715,1.6614144420321737,1.0505686514878216,0.9319313506078941,-1.5665419776612877,-1.3792951695749038,1.5541717961706094,-1.3841418761470148,1.5106469987657383,2
-1.7261346815569356,-0.38464407400648093,1.7305760819409122,-0.9956832082433528,-0.08108507562438182,1.3175799149403828,1.0151007657266795,-0.06393401400966635,0.30760573762377946,0.6207881066819555,-0.8142306982013312,0
0.964817684209902,1.014560750359271,-1.2267023934350638,-0.17821924705067338,-0.328244508306451,-0.6959196169013098,0.4034209733973955,-0.3408288946076555,0.5554701080573411,0.47688242457489843,-0.807510418450106,1
0.43171795804620305,-1.6210793446260596,-0.2792863736522464,-0.32011919498834457,0.9968475220192976,0.7158745858750322,-0.12721900347875065,1.021594528515105,-0.25488311580766004,-0.5552555375123235,-1.0779135166837124,1
1.3003930771129826,1.6018673536620025,1.6558122928219057,-0.8290932515748872,-1.3992668672266122,-1.6563363122623915,-0.5406657945288924,0.3869328806847649,-0.9286222171636243,-0.48032414323106765,0.9744502262685234,2
-1.5566918365258953,0.03449421027526752,-1.4301861200997592,0.9446694525410341,-0.35516720508273175,0.46546412787468877,0.06291932350236089,-0.8092133337617152,-0.13441333499635258,1.0435348589800875,-1.4594736647751463,0
0.33518886891442345,-1.3565712404362649,1.4568682398770714,0.5892409968560206,-1.0935447370376823,-0.2533651389830899,0.1175476325906247,-0.7536058689903469,-1.462267339234356,0.3708147587619352,-0.7994555978059649,1
-0.6446267831225211,1.342837578478078,-0.2844730352784363,0.5960521633949337,1.353697708375592,-0.7620218055478598,1.166842269779937,1.6012070128714713,1.0506011114982072,-1.388453851459248,-0.27090271136031197,1
0.6165295217743544,0.6094633498881743,-0.18665917005862873,0.5875534760028338,0.7420291013737266,-1.5265307878854741,1.0188807624559149,0.250725824980002,0.49459782880233627,-0.5569006686555449,-0.3689517819403569,1
-0.18800160268325225,-1.074122949689567,-0.622936018502937,-0.8941486896875704,-1.6502810887599477,-1.4336004730730312,-0.6681028559399741,-1.2349359467844847,0.7808926559014526,0.06210157044394413,0.7482837430226962,1
-0.5420467573073311,-1.0630173651275567,-0.3831672369017159,0.251542413870492,-0.21691698015177738,-1.3568400683955466,1.3524760606963848,1.2694311810580954,-0.4544432364608078,-0.0895622037911468,0.5155561530426385,1
0.6430717288511022,-0.5000448381900398,-0.5523516740783678,0.6638294192382713,0.10311989889782683,-0.3442780735831899,0.5426165719524615,-0.2339029501219846,0.6776772916462035,0.8636960492710877,1.4524323422128371,2
-0.6463142864616331,-0.22027840891459446,0.11545183007197751,-0.9012394957245236,-1.6221490096413875,-0.5681091816384932,-1.5946863085716956,0.0963038986272131,-0.07215880706516685,-0.721898663735694,-1.0365086574534557,1
-1.4756538290166183,0.7188553748014651,0.5054018494850651,-1.5098817339441106,-0.16699707744009393,-1.1889839705939735,1.4888152944608006,1.304487238457334,-0.7525758883730951,0.17729538480930435,-1.4977033814870824,1
-0.8396722969304765,-0.3403232230112979,-1.7028011800018918,-0.5817828715041182,-0.7938988988169041,-0.9732042487802446,-0.9993505293818583,0.4187895400694001,0.5631691670470312,0.8514008586217483,1.5168798325316268,2
-0.5294251772063758,-1.5797954802804093,-1.3775080401812227,0.9916227305945966,0.4636137728190944,-0.7109149429406375,0.011960039844166688,0.35770755662679266,0.11235351346829348,-0.017349605188688565,0.6383969114325224,1
-1.6569052459725926,0.3692973544637629,-0.43190452552983205,-0.6172402329020502,-1.148670149424801,0.009016397933821542,0.4124295325616374,-0.32305446434548457,-0.09283676727559523,1.3896185000040988,-0.5798326467112234,0
1.3220234780867182,-0.5533948663257312,-1.6556214372950546,-0.3294837055525196,0.7649960752558147,-1.648180598372272,1.5606840047027148,-1.4732522727098556,0.2984334768884989,-1.3435850641741234,-0.7235936722851498,1
1.288664833127331,-0.4619166495182322,-1.1609891618511166,0.42998220508125423,0.7031772420116197,-0.7019370223721683,-0.42605233370738316,1.5424144951393446,0.03262157934187325,0.8242994876834157,-1.397953583416759,1
-0.5528519577257304,0.2286447563012033,0.21316048558225434,-1.00682112378094,1.215845710888974,1.1912268658323577,1.4813781120416825,0.03499085439929065,0.7852212441225993,-0.44267661580618894,-0.828161415794601,1
0.8310904036208357,-0.3194134352863054,-1.2428016675126026,-0.5662517486458611,0.4162633280485619,-0.5771475888940086,-0.6352911212779965,-0.8055608470434549,-1.6218818168643032,-0.361961286768765,-1.657161497662969,1
0.8666419931998782,-1.2460495063773425,0.7419456581682179,-1.2728365844358536,0.4668919497411849,-0.6023253499962847,-1.192701011859889,-1.4583752107861279,0.869525421689071,1.5310478268113594,-1.055914320185359,1
-1.2135582164036973,0.3915426961627434,1.09990564173103,1.3266723927537984,1.358568480206853,-0.7324334137202682,-0.7029793451837733,1.6838251521115137,-0.44044991332134403,-0.9347786336685523,0.7519183203983024,1
0.5501618840903699,0.808918142212807,1.72795160837221,0.47930552648213104,0.9021038543624016,-0.31193466741820747,0.2539952891026306,-1.535619919545804,-0.7531531831481427,1.4027102804701561,-1.380219178025086,1
-0.8564924927786587,1.423935103834375,-0.9901712585048248,-0.5108038289651753,0.4508908282565141,-0.8623184806612434,-1.5503294723510155,0.7403064239809667,-0.7402493957665345,-1.2974348063142789,0.5557365053738336,1
-0.7593244423468619,-0.8961255357100923,-0.42213809884269116,-0.5850387976652572,-0.6436576595690064,-0.037802959409572,-0.16786190661553013,1.152830188879857,0.5016511500753155,1.1201806530842793,1.0014720536340467,2
-0.9927935111034996,-1.3977000346805537,0.20184181279242333,-0.6110945855111005,-0.6210844281778715,1.059369523316967,-0.33061653170735733,0.13012298249248228,0.14803460330398485,1.0169356859696854,1.6102666332253261,2
0.9406221478038806,0.07640341802017174,1.3424782274262324,1.411976734121616,-0.9173986877673757,-0.05151532152078782,-1.0980859329528154,-1.591348807428715,-0.852725214953562,0.2184582977296984,0.10009724145588118,1
-0.5785882600462093,-1.1840785803549714,1.662448230318154,-1.2165157149524224,0.6882531740004951,1.0783670940198127,0.8161304703979779,-0.4981219634819323,-0.7832302435778378,1.0341143185389035,0.5067915600827916,1
-0.7360289699508279,1.6580573737976627,0.23024629969740829,-1.4535794147455396,0.49373029333966234,1.0049396382433664,-1.7259693912931282,-0.54236260611217,1.5752315036290137,0.7799675326660792,1.2641894184124522,2
0.23412454795045906,-0.9539323506474623,-0.49302036132838467,0.8794034572229477,-0.32585828885456586,-0.663243366400914,1.1573177540647372,0.295092480695399,0.3972811775453883,-0.6057350878543296,0.784525978574226,1
-1.426087953661576,1.3013287325636411,1.020367691211758,-1.6223251995116266,0.5108746421215259,-0.5985326279460406,-0.5788882768708183,-0.8275744148093822,-0.7390069995834683,-0.3194303174240078,1.574066307906134,2
1.5877773168437428,-1.1636162982130498,-0.20166709041750905,0.5038177366164787,-0.031697098519904245,0.36242045053685823,0.803420200601743,1.1983331831807713,0.7988398919002541,-0.4300870332680625,-1.6642898637724446,1
0.8428380786718858,-0.542626702899622,0.5894034767617738,-0.4747377487903174,-0.6650773746668635,0.11547219488165304,-0.7043166010061326,1.3706610738068739,-0.5386354311320185,1.4139664409237767,0.05125178191832347,1
0.5802459888754847,-1.526006074994372,-1.6664457210074806,1.4679763139941506,-0.9021691620211383,1.280752209172355,-0.5766952871717838,-1.667049487214464,-0.07538130381792962,0.5765081031744049,1.011223856479943,2
0.38215837267720243,-1.7245272829245526,0.17207546806816576,1.6200048302360892,0.02155168721839786,-0.306458954030033,-0.1787487636884323,1.7148357217227124,-1.0012699263302667,-1.3280861970879843,-0.08406852914569117,1
-0.7150753174084123,-0.20957566557839902,-0.07288760591998193,0.9268089883171445,0.3582513792701947,-0.23097585151602454,-1.685176306693928,-1.243136688871418,-0.6676500532562323,-0.22195196789565352,0.4544403254918969,1
0.2947390349385474,-1.2292106905590583,1.7075791978225714,-0.9543756406566476,0.8875397576679989,-1.442159056663008,-0.3536569170695912,-0.7014578533395107,-0.12410410630952823,0.47890853345655016,0.6956095200550945,1
1.4725746187703217,1.0754247398693304,1.7275336115366289,1.4154094273273186,-0.4971659340532717,-0.7444325139761574,-1.1626610455402835,-0.12467665677749,-0.8146177054009855,1.0739611265447202,-1.672790167812336,1
0.6471485874743523,0.5284828813534933,-1.3612291385078041,1.3691907671029486,-1.5421957429674518,-1.5361667854384287,-1.1729605806734322,0.40947906039408805,1.445465150639447,0.6295852290057081,1.1168008348247271,2
-0.8321523384758747,0.7150404683001443,-0.1441422314263544,1.136447577590387,-0.2067004577109169,-1.4504182897447757,1.260375055246097,0.5272381419796375,-1.0163404489073997,0.6389711351070348,1.308540629455688,2
-1.3022791259610547,0.6510948822828118,-0.9001004842879767,-0.04426788092998092,-0.38422892632553873,-0.07093600474565927,0.17667895126835392,0.37476067891503556,0.12452717461975174,-0.4289787343926291,0.5946776174761847,1
-1.405475850036046,1.256218079524112,-1.6747528662435875,-0.6075684548962388,-0.45591789917281755,0.4842511542776914,-0.9344430750875294,1.363579427491932,1.1244713684372292,-1.1036383576427897,0.11626905523174556,1
1.4409176310844678,-1.4259566930129854,-0.5721392961092129,-0.06484413891266883,1.7624918021246037,1.6420948799622108,-0.40122524273767424,0.7204854606156913,-0.46096165576669135,-1.196267899591123,0.8389608571389605,1
0.24629491861632943,0.10167526795093852,-0.8206664615524846,0.9907744187408222,0.9795521326288552,0.6810992076839295,-0.5869872730945017,-0.17550892085668596,-1.1858585717947179,-0.8226672755504912,0.0958851217413864,1
-0.5717456559943017,0.4318023194162579,0.9027123605157001,-0.09489047994514596,0.6093604578029801,-0.2775719834286392,0.11625904425831529,0.38484203350619245,-0.5456213562734815,0.020055481857189077,-1.100423046266048,1
1.1152875829906714,0.29960847282531483,-0.06889672811277854,1.3467777508565142,-1.4092450393377995,1.1958460032211657,1.4970483084363513,0.33486050029277925,-1.1138350490569786,1.3629673754839111,0.8565801847884884,1
-1.438886586195003,0.7254265321287362,0.14019350395835684,0.2730594560338645,-0.3822617540954467,-1.6006166826627932,0.15061324494618436,-1.0401897423947368,1.3698436887858436,0.42150211514308517,-1.2900184799671004,0
-1.3148731063154264,1.6527153467252338,-1.2670098120473146,-0.16481912159504014,0.4606253790125021,1.0547077807571175,1.6213855502505907,1.4952651613634163,0.5776321083669503,-1.7099990626943664,0.4562278822434087,1
-1.040429229885891,-0.22643102815510893,0.04662017642135666,-1.128628838754776,-1.3270755736823783,-0.7704874676297643,-0.6842402606031518,0.40890626582776235,0.5274502305906881,1.2944606512461831,0.0853438518663062,1
-0.7364582108645458,-0.35419975379928875,-0.09443430254415988,1.0784586646842853,1.731549850625692,-0.3187817724053765,0.26272069100654316,1.62153113206525,-1.2334345731026368,-1.505916215085261,-1.5092649789532522,0
0.4759768928428123,0.8126742605801901,-1.120300945471929,0.29676944083410284,-0.5511148086473066,-0.18211225415757415,-1.595114076545434,-1.5586355256630149,-0.0062799305843993835,-1.135224875592642,-1.220895874783619,1
0.24494743541282504,-0.045418039337913066,-0.9008849237136464,1.3389512373770958,-0.7733271522911421,-0.7657173625298633,-0.4485129265768741,1.534977755052456,-0.30846800061087726,-1.3579409980449717,-1.6795526056202095,1
-1.275218584685141,0.6751164093789187,1.2704409275712767,-0.8383834231863775,-0.4753496867303672,0.5489314164901666,0.15312222279091087,-1.6487544841489403,1.6887653447483453,-1.3508582755441552,1.0674926174898336,2
-0.8139313275206594,-1.5877799982717862,1.552019310067147,0.23627678262966492,1.583566460605787,1.3837963508338391,0.18547667888978595,1.2671153977129612,1.5865741628653922,-0.7773136075073647,-0.4365366721821257,1
0.9211811631380022,-0.20898170489880483,-1.6469024920464914,-0.05853115273702256,-1.4268175643780714,-0.8733456816192493,1.0745325946062732,1.0326385968314595,-1.6279687039317443,-0.14580837171939243,-0.33832879857630993,1
-1.0227360951197608,0.37938704839618226,1.0384004325887057,-1.1772210645314996,0.6727461773268609,0.8440342305127312,-1.1804609546993603,0.1934152878845958,-1.6485949404861642,-0.025956238643226152,-0.43325456380472427,1
-0.5377187654038729,-0.6694142790247775,-0.6823989185286631,-1.653420687800931,-0.6517181917893213,-0.21443844882844643,-0.46847470441699013,1.724372435736164,-1.328408620466551,-1.111084740712108,1.2126999841350528,2
-1.3081093848258558,-0.3896794737482897,1.5005770241896026,1.6785920670387313,0.45572063973532784,1.0018263249261528,-1.3561155807083114,-0.013817182947251976,1.5545132028955277,1.6787113347929328,0.08310207852996199,1
0.15531815656522263,-0.14122947811733835,0.8760712108114076,0.2547560996126498,-1.5665604253529177,-0.4516600283566078,0.8461484584226681,0.8233862721278263,0.3472947384816434,1.551083792418804,0.24186198636113748,1
0.4115026135730787,1.5655320669015407,-0.1476444279481419,-1.499201639078243,0.6150788076444016,0.5246836251668777,-0.3352184617553156,-0.7719661958948961,-1.338910655472236,-1.2373442266618737,0.7015933008603974,1
-0.4448918448689586,-0.5325131006373345,0.775482849202414,-0.7117682525051617,-1.1152431474623474,-1.7547558982948412,0.48142166601435166,-0.3939224984354627,-0.1692657097890803,0.30071485489077193,-1.4040290592169407,1
-0.26961207660038633,0.699173286639308,0.7700347061337486,-0.053394034084972064,1.7616496676650464,-1.3883748513813532,-0.3535772931937286,0.11001409326850445,0.6269783306394541,-1.3291598616235605,0.6964576760695801,1
0.8826083740870407,0.6363532349222543,1.6206180920348858,0.627774959040517,1.2462677622162273,-1.502424399874496,0.8476729726250342,0.5489857690673126,1.063641203241204,0.9266439619617197,0.28386295381066967,1
-1.0825409010479254,0.378449155189752,1.1406164214786758,-0.7392536924545657,1.1596210807363974,-0.2423969043204003,1.5285775490283997,0.6233970292217542,-0.9592383078009028,0.632096218645362,1.6246283591803243,2
1.5586759848196396,-0.16549606122792013,0.8795600614514623,-0.22879012653272082,-0.12567327874445353,0.04866031409454584,-0.25782529461418496,0.9300756864851746,0.26962310690435914,-0.8772683123355155,1.5746045543846368,2
-0.735696250907157,1.31131152214201,-0.3186444316698894,-0.11447075436082761,1.6977371001675643,-0.054037385650122005,-0.9514553830520907,1.464173240239845,0.5395342744773826,-1.005796347545934,-0.43563264400231727,1
-0.7958844333613394,0.40710595408116745,-0.47334105855826,1.0957811305877985,1.0864757082392102,-1.621955015375282,1.6923430994317556,0.8103650472327256,1.334364937847948,0.6185715089310886,0.8113967238629192,1
-0.05722259507836309,1.0013818202374987,1.0452344303418828,-0.4061044065702856,-0.41373208984133764,0.7545378216650898,-0.09882810027699905,0.16351953300221758,-1.4981226598965331,0.4787526789271923,-1.0917244897587364,1
-1.0183271278704906,1.5320927720249082,1.0822205278109858,0.6632540276419552,-0.39903359131586885,-0.05317501454793201,0.9766260014235629,-1.5040247469932795,1.6279503411646916,-0.4038861551660195,0.2689415358481042,1
0.22286315185933936,-0.8108325531970828,-0.3067786951128711,-0.37608140328536493,-0.32130531770775583,-1.3400506771086165,1.275465088275397,1.2516656136110185,1.5459281553112874,-0.7186430357891084,1.6737946045996606,2
0.32393572868392567,0.17148808062598103,0.31838966940490565,1.0561447551008665,-1.0480012817708297,-1.131380878010326,-1.3267863692399409,-1.4172383198117067,1.3824269459387852,-0.06689402835454779,0.20374313437806846,1
0.6486127889561997,1.0581919667479234,0.44731713800162703,1.0969784890162029,0.04563772891466393,-0.42489977333495205,-0.11037198739769273,0.7636362281985144,1.3037014503463815,-1.5043576697916827,-1.2953096092770207,1
-1.534456551642414,-1.243941562342216,-1.58653419651094,0.20979883642918143,0.37325873637354295,0.4316217334396861,0.8228856944170057,-1.2322803977208396,-1.1170644735519526,1.0430326610521568,-0.922985265893192,0
1.393160492223947,-0.39691337785306824,-0.0762671200265806,-0.4496180099766423,1.5444723025842926,-1.554253393821126,1.4993059794749815,0.37729364034705315,-0.6998539400836727,-1.2869232841675902,-1.1494834602333586,1
0.1495140207327742,-0.13048947124253546,-0.25398794450856066,-0.9729373687033173,1.7674295046579667,1.692407645100934,-1.0695707499902922,1.489757576456697,-0.01411470004824959,1.5625304417416397,-0.5476451170607498,1
-1.437881853270215,-0.6514196576942238,1.6687357738644963,0.5543028630999743,-1.6401754966358522,1.5956195564334767,0.22503746615140136,-0.8820345070526552,-0.0031091797451678425,0.772763589975762,-0.5403726603123863,0
1.28420065626885,0.287967706670084,1.6714847970002686,1.1846555351246337,0.7900039132336175,1.1733221491878925,0.8433282053618492,1.3251037299623971,-0.2728782146655459,0.39015803757223394,0.4922780888591467,1
0.039494913972378004,0.7058488056191209,-1.3713326450396017,-0.3209496066004551,1.0794226280781671,0.7064616021737513,1.7289601192424098,-0.1516086257685471,-0.11730161141723668,-1.591237911323705,-1.0368775282324345,1
0.23981217241574615,-0.888630725045964,1.3667450555193665,-0.028898512738005533,-0.7634139183887738,-1.3457116346300095,0.7568916625894941,0.2655338876228735,-1.4643636997825673,0.5020615896511512,1.7274873575594802,2
0.0513160154221516,1.4235894127634012,0.5105046992259128,-0.9763327282901076,-1.0782467959461957,1.5673300831335173,1.4399811648039667,0.22559450593841282,0.9983748961757551,-0.5785644482362824,-1.523419726232715,1
1.6061193035164238,1.065195971418648,-0.7518761842710862,1.1414707022489705,-0.7723754045146602,-0.08662051398992918,0.02246127943543129,0.20735296173319462,0.20138744530906014,-1.2217241393862341,-0.5703978704966496,1
1.2928120832163792,-1.2327930397989741,0.6480939631851337,0.3184830313520892,1.2921189699151687,0.79901117488401,0.3000285655830842,-0.45141641903064234,-1.101342224924666,-0.49862839184564756,0.0061874476954654044,1
-0.706834700930418,-0.9749717488441111,-1.0015312953208713,-0.7253187379384597,-0.9016733335577377,-0.44338199456405797,0.940126742990341,0.7452486818169375,-0.20573117662297244,-0.6945202180785031,0.23727223475471582,1
1.6797260782295138,-0.21399183917094144,-1.021554475616611,-0.08741025664279495,1.3023754630450204,-0.13723704688326424,0.4881283020681519,-1.3429101630994655,-1.7033338972990841,-1.0564144352473692,1.2414669344472637,2
-1.6713867669925524,0.8010078293161043,1.0746992178126695,0.40651990514560726,-0.7643396472340318,-0.7807294905684949,-0.020108407194124524,-0.8081712018541082,0.7207474334582529,-1.3495248534596493,-1.1417413903785634,0
-0.40432851859342434,0.13563788874259958,-1.5349133291546777,-1.0179446858046397,-1.152385689739359,-0.3393935331130097,-0.5949529490812596,-0.5135639783278851,-1.1002167132379335,0.2365720574750632,-0.6699454055343034,1
-1.3263290007439483,-0.8923920206761555,-0.8631434215582677,1.6789298094294558,1.5513138089893346,-0.1358892667577158,-0.2979280963475714,0.9197936466041811,-0.7573597280738449,-0.980963525868254,-1.3261759421520287,0
-0.4811628837762549,-1.6941841284682373,0.377063853336351,0.5804823125961575,1.7277271657545208,0.21344241674763445,-0.24426984089127382,-0.24921975296640475,-0.9871094435438956,0.6439411628765566,-1.6575090974370452,1
1.1624352467066508,1.6628165328212716,-0.4181727869204773,-0.6036070095925474,0.688042107321075,0.8200979101222646,-0.9707530286817156,-1.1667539342296263,-0.7186398370583625,-0.13463879711541507,-0.8604690075972953,1
-1.0101052437906333,-1.5884251155864386,-0.8921776415404661,-0.5739539767118709,-0.9350468359586361,0.8713237373146299,0.4596607653025512,-0.22132319469312184,-0.040992383991680724,0.8945552460839368,-1.649619785036991,1
1.3221587175691827,0.1888071036023312,1.3198998461655564,1.1812611264085617,1.4598183591683507,-0.45870801969937386,1.1405184894358336,1.4277818766783728,-0.8088977899075234,1.1732750960855112,-1.4171478589927868,1
-1.0709938259141878,-0.25378707693078256,1.243178976335742,0.13664359830208397,1.7098605152386004,1.630922774069297,-0.7833453164191619,1.6107836400727715,1.3472137512686706,1.3640583571894158,0.3652399789893828,1
0.16195131763694873,1.6360849743434056,1.5266366320326068,1.057763454286991,0.7309981701516804,-0.6848498141689575,-1.5586481870626852,-1.5580769993262875,-0.09353280946628302,-0.47121531184859927,-1.5433070023524504,1
1.0492810790588505,1.4499943122084398,-0.5041605744106893,-0.636686085049024,1.5970864508849736,-1.2037699619247653,1.6811740902906611,1.7087674092273233,-0.9414105805663298,0.9348696176778272,-0.033446308921302285,1
-0.15155508767811124,-0.8217869600806611,-0.14141573606485552,-1.3683327275278232,-1.4933256701814688,1.0102002040842957,-0.48408881856254043,-1.50078494420506,1.224460103106405,-0.9675946706833385,0.46872637777011666,1
-1.7300477461700223,-1.7001177430928824,-0.40115075368948466,-1.737043759159079,-1.4835991158936046,1.517473048918163,0.8406300345602832,1.674015995729498,-1.2374311366745527,0.5592255675856151,0.8189442097481867,1
-1.0609072527772725,1.6028552157840548,-0.7898989242860969,-1.5434177841775807,0.14137811015117727,0.4911944092113604,0.34427515784579094,1.178052347262645,0.7349081162090328,0.2123799710847433,-1.4506217469054452,1
-1.2013620872445019,1.181628102120393,-0.712839174871116,-0.3980278748933522,0.3068686106170725,-1.6128411334899628,-1.5068266534226658,-0.5491866816026408,-1.6177533946061537,-1.1815656223217015,-0.7204198247361137,0
-1.5875691091256217,-0.2515793634326951,1.3042291467737068,1.5542752272460343,-0.73620955338409,1.0395484736816947,0.9301525968320898,1.2680280312456245,0.33310656557077395,1.4184515879352961,-0.3671442456627439,0
-0.5396339400855502,-1.0664680326374087,-1.323234023725664,-0.4470941247431415,-1.724341742043739,0.8400776476760624,0.5772031085516909,0.904133574181594,-0.8785084428134825,-0.4551796124946721,-1.640934090960442,1
1.5827688071810666,-1.4796890055218004,-0.21782562708639552,1.468431089015085,0.17171422832102382,-0.580700244770554,1.5435216584767444,1.6511825452652753,1.7589003506156027,1.3653398277641358,1.7106169968620306,2
-0.15564395280365,1.295029623580239,-0.5974771268603014,0.6451876761172481,-0.25298380502358486,1.311179611736018,-0.23353991150588313,-1.561470111965187,0.21678364843491438,0.7817165668288726,0.2595480136550178,1
1.3399851376380876,0.899188451217819,1.4772800230811847,0.2747801421401719,1.0223985631661636,-1.2671951926066456,0.7673161682254648,-0.6729018570899619,0.3864855873684615,0.9853838023596906,0.7015564308858677,1
0.7796381300249423,0.23649141649898928,-0.20377931647120934,0.16354719198438483,0.1554887900237523,0.2755716837103898,1.6594210074421005,-0.5847036451056379,0.6722856834424158,1.331017196965557,0.9255371211656537,2
0.10030504759494517,-0.8788708550963233,-1.4274669695257032,0.4979607520563218,0.8544258478453276,1.3790896097371323,-0.48306411087530265,-1.0445716767086874,-0.9926076734063665,1.3320735443312046,0.10773242224222711,1
1.5497112164435909,1.509670570083577,-0.6466396239236395,-0.6855505361842641,0.7730560835047124,1.3784780103709606,0.04852375284864312,-0.8813339548649021,-0.6089514404719034,0.0205057282753339,0.29615223326208157,1
0.519520751353899,0.03875660520060623,0.912864214618791,0.2048514907380662,0.5426673545676316,-0.22673324007235562,0.1200896607487512,-0.058763849343512545,0.41993208447513697,-0.3165729843857811,1.0046687882817285,2
-0.8625646224132444,1.3723613350637924,1.590124276727932,-0.8937973487862116,0.03311873514831733,-0.9237104093831057,1.2967220507099484,-1.603381203960172,0.5589233460731189,-0.09162294701265579,-1.2607053039316864,1
-1.7123840466295,1.228952264827594,-1.0116452277945174,0.6104878972986906,-0.7450912144658914,-0.3182945424517059,1.695375907289015,-0.6062482300772765,0.6631285496966937,0.1152652821248906,-0.6076075039513231,0
-1.653159848771686,-0.272400940101403,-1.3442015419797402,-1.1449849064211162,-0.331813626292978,-0.6741062688989373,1.169427563783878,-1.1419806699947825,-0.08068609178561863,0.5345312832673644,-1.491864497622297,0
-0.8193740698084315,0.4470126258757911,0.9094762681013069,-1.2437631663760866,-1.6944285204665115,-1.360735429541907,-1.7005454228763315,1.1581695771748257,-1.2506530790892092,0.2873979512156423,-0.18889289647388866,1
0.2668273033948663,-0.18458700374925482,0.49444074060478066,-0.7841426734807619,-0.4735432730810831,0.62108389312394,0.8858779501191447,-0.3941599983237447,0.12167999905024557,-1.0124288236286056,0.25145431949896313,1
-0.9279887928347376,0.09399750432450958,-1.4537140926294663,0.17196211265084024,0.09592004711850996,-1.6353059565869184,1.002510946232132,-1.2717321933824495,-0.1812127324808436,1.691993604128205,0.9703079650857187,2
1.1666905446611366,1.2172629706893652,1.2439480765353497,1.0022422895916898,-0.17969478750639173,-1.6436800041408743,1.5250909696935602,1.6937938838704598,-0.7496154470977833,1.5948615979984238,-0.8316398080068712,1
-0.9209967060917753,0.3226123153816264,1.3882857010661502,0.06698755301528449,-0.24924486270256663,-0.7909950847886139,1.5958276271126048,-1.4348304300431378,0.8246143160267787,-0.5020225571516623,1.3374898109172182,2
1.432457682400098,-0.5549520791669508,-0.3760739025035103,1.7000690300473185,1.1038897062497095,0.9388741578030613,1.2983378184352978,-0.4924110585988756,1.6657812610776048,-1.5438061828891407,1.2407542824828797,2
0.9599563160439974,-0.912296459026459,0.69035004561771,-0.8508255725108502,-0.7061128259012702,-0.2269999779197627,0.274104083312092,-0.5580899159130762,-1.2704229761888532,1.0789657886540993,-0.22154187149999777,1
0.3934746391449842,-1.2411056490272263,-0.4321364303449396,1.0269763946664006,0.22003883197530338,-1.3075864394839105,1.106504633867435,1.0880664395337063,0.019397532708102617,0.08825049703620119,-0.05739265404615184,1
-0.2274520960379845,-0.04297694622720426,-0.07557535099038079,0.9027387250624256,0.8397782308571233,0.9583689195814892,1.3245725674605824,-0.45235594827118364,1.381023918628793,1.2463189188445445,-0.34593650576902457,1
-1.0344641752450394,-0.4149977061515398,1.220642304148783,-1.4612019882312421,-1.1939951107181255,-1.0053812498481551,-0.24837957156292337,-1.1535543703059754,-0.8911708378243102,-1.197047172237912,0.7003240389851529,1
-0.6615529614302135,0.3239673554208457,1.435053403732634,-0.0071264800778531685,-0.3456302712724643,-0.5552280254081199,-0.005169854998076293,-1.0588133790737893,-1.512580216980435,0.37845163070046856,0.3883335187760623,1
-1.6626538265686803,-0.9696667808375963,-0.39975814665403325,-0.10115094002910137,-0.579344041016795,-0.9562453263342967,1.529861913957179,-0.05040301433045016,1.5529383630565372,1.5066825687217529,-0.3348511498369711,0
-0.7662846009280032,-1.542651336519028,-1.5788343787067844,0.13344192671024144,0.16358484357159653,0.4804615835918797,1.161841372259795,-1.6211231424492782,1.3849562960985535,0.18562494354498357,-0.4540596939084066,1
-0.5664494188382013,1.320401531827054,-0.9297396138658542,-0.5782643565721228,-1.6316733284320926,-1.1552280880447794,-0.6185346373096701,0.8792556238432602,0.5219864779839106,1.1688938520935634,1.602370887864649,2
-1.2391508923682397,1.1299674503478385,1.6900993862723854,0.4088613291851225,-0.6243717513061582,1.5430532371248766,-1.220556370648028,-0.1891824257303353,0.43701513965864547,-1.4114164187846339,0.7453785300452568,1
-0.20861091096250595,1.1777589199957752,0.6130337073438185,0.18125714688087918,0.7483106277622257,1.0621522258686724,-1.2659294740120013,-1.1576370728044154,0.4760562247422367,-0.8590160152307215,0.2897281768620312,1
0.10714009879885744,-1.4052550206586694,0.018886373012624684,0.27088902773517526,0.37452581613343605,0.9309268600961486,0.1478234801235684,1.2199764751011408,0.4272690570284201,1.0425477802941545,-0.7853481011982063,1
-1.3983714071653184,-1.5180043292787913,-0.4135368419256632,-0.11693720844179974,0.4231407685406841,-0.5326843238747875,-0.4809116092535798,0.34452737878934514,-1.4787947161840276,0.8916286443659954,-1.5356392448859677,0
-1.160335031706321,0.34864986239772194,-0.612605971062363,0.2487990507483057,1.3314876149773736,-0.028643932581939625,-0.4501697701993661,-1.3579141853437457,1.0841580288807444,1.607122154307906,-0.7680320127711786,0
-1.4697348791496139,0.05849897526537721,1.608144609707339,-0.2379080547596072,-1.603782071226802,-0.470886188091912,-0.517317110122208,-1.685250327516385,1.2984002313547658,-0.04555927500245462,0.446138528724702,1
-0.5299330736544947,-0.4942405768503903,1.6377827596513828,0.4394162496222087,-0.32100099618748235,-0.02057712378698983,1.6162945930877202,1.0521505558143667,-1.1821718997089932,-1.4008702622980878,-1.122459974888293,1
0.6836833577571254,0.9589730539213804,0.9127456064641645,-0.3098031656589693,0.08337216194751082,-1.240938922305822,-0.3010929717480054,1.6442878476935052,0.003675208122604366,-0.06533548306096956,0.8342272627179614,1
0.705725549053056,-0.8572780001209177,-0.8022717165091706,1.241763327590403,-0.43569342939384953,-0.7311281791730103,1.708320275391802,-0.2949541632873997,-1.6601095585859194,0.33792945306743444,-0.20504713915709144,1
-0.16535701691319968,0.897462387036159,0.10664507642586944,-1.284514923291666,-1.2518430855496772,0.12180724059515069,0.3905574126717264,0.9250039639751384,1.3264569015660441,-0.6502748489108098,-0.14418963179995398,1
1.6175641775358445,-0.7795353493242099,0.6845619319874394,-0.9288651031334719,-0.8455092201144023,-0.5513412813409292,-1.6773442992003758,1.1866709891782685,1.361257667523316,-0.17910928949218072,0.672305985815355,1
-1.502660783414912,-0.49450230297068487,-0.7488339237839624,0.1972941072159945,-1.2395962343062363,-0.11697563438528008,0.5852451583599513,-0.8406229991433203,-1.7278212982951375,0.43530389957621685,0.264739828245133,1
0.9597907839067588,-0.6288726882307455,-0.24880133381490593,-1.318417532310871,1.3728215925636404,-0.5308322514866521,1.4040587403898424,-1.3220857667511632,0.9943696733676928,-1.359741983717551,-0.30049717496909023,1
0.5017819576949851,0.9113329713357481,1.5254355136662165,-0.2553018963768414,1.1705278890560495,-1.705346109608752,-0.9651423681580261,-0.03096433515573859,0.320827388924173,-0.8507210908348996,-0.10891461613692255,1
0.5521125544091309,-0.929996058659245,-0.7936608038659401,0.9018679870429592,1.717145929273166,-0.03511305897517681,-0.763891173342141,-0.2717898962352738,-1.6084588340486492,1.3711237625203039,0.9429162477201083,2
0.2307541793620645,1.5679304125834377,0.8061507503793792,0.8087802964453586,1.5274988861498542,-0.6127488661381332,-1.0193654976451625,1.187252370590763,0.08776008585252372,-0.6819306355403767,1.1348719461922652,2
-0.6964272401634036,-1.259057864307324,0.5904033518084167,-1.5002057276416219,0.7339794659924995,0.016852250745490904,0.05342828995004381,-0.8189131091296551,-0.6692596770101161,-1.4910754004564104,0.6190570373288441,1
1.0033115583429886,1.5849208952793452,-1.3293649222427115,0.5291054519089904,-0.2829644675167028,1.1739469481810034,-0.8232442136945967,1.6884017399459053,-0.9793230983233092,-0.24614405428597347,0.5119856225441173,1
0.9269344685134724,1.6728529424365521,0.16099360362473747,-0.7253257566384385,-1.1550107573017492,0.5711140193069179,0.4572358309462654,1.5303723202981256,-1.1250827421573057,0.4153545198184154,-0.8081355325851576,1
1.6371828449605534,1.6972754212537344,1.331609227078872,-0.572173728652637,0.40703978723097484,-1.3785599952390564,0.23197016991954464,0.6773057721773301,-1.268753455322076,1.3993334323340698,-1.3295995198154,1
0.654242839709675,0.8585552433498819,0.9908510071622073,-1.3573280642434877,1.3982766968891671,-1.1922391212071493,-1.7619130291330325,0.6634047824222461,1.5361440292756472,1.2558953138150863,-0.5170426682096404,1
-0.5012078306627061,-0.1082924336938229,-0.8877844750040722,-1.139492413694018,-1.4639315513816666,0.2787582056050238,1.5497150241459876,1.4935761954359852,0.48494508609584114,-0.5697673259125297,-0.9959441844219789,1
-0.0976726571017571,-0.32812535490695827,0.6728139913917688,1.3239642327246528,1.2482203506561687,-0.07838175385426563,0.8014920340320759,-1.1814051679451836,-1.015471320209519,1.1997876832462697,1.3351912439279745,2
1.1090642087690215,-0.25779629599041026,0.2856603289705789,1.6305272897875653,-0.3249161047606379,-1.330215461332459,-1.695252614282851,-0.12687502368439976,0.5696458863545131,0.9521175189267596,0.6427974928089311,1
0.5796809639827164,-0.037872656572306776,0.37080396339977645,0.6949730158430509,-0.9967211461821854,-0.680937811833941,-0.3148656988606185,-0.08258258332045103,0.6776240248019663,0.4153025683086295,-0.4201934686979048,1
-1.2857627251437762,-0.3794498960402878,1.552175362360968,0.2555926744761518,-1.1857772768564088,0.7213719403436772,-0.7617444883195723,-0.36014879847659564,-0.04939797411787436,1.680858663864085,0.5873165757535149,1
-0.21607867525840474,-0.2815567308623949,-0.4599648964101246,-0.23507655623799498,-0.2172191051565665,1.3511771256232952,-1.5395590214133723,-1.2445670892826455,0.2577782345823083,-0.3971844104036331,1.3872203871963562,2
1.0338998676393665,0.9609340993944512,1.5373797982074067,0.18872887838998123,0.703103604348556,0.17800617635639368,0.9864860431582865,-1.4402998363255672,-1.4177872148838293,0.11173257945944659,0.6280219037459102,1
1.0784205797893611,1.3832987298305255,-0.3866111060103738,-0.016316415494746654,-1.0394792321846429,1.47258277591758,-1.3539287472859844,0.5803381360785271,-0.3801253584861764,0.7495239479315177,-1.2774737041230304,1
1.6222635968848407,1.1154174077743124,-0.812860349463734,-1.506897261562527,-1.2211816234659865,0.7092227747806784,-0.32356398118864516,-0.8480847033275567,0.8328560067031744,0.8709692606411195,-0.680249755368562,1
-1.4422473748477367,-0.7523864033561379,-1.6207407146758386,-0.9403853392903491,-0.3425369149501734,0.22153033908826764,-0.6112659453412959,1.0944868230386142,1.1080172539600952,0.930903985764167,-1.028412973721951,0
-0.28245333625357455,0.3154418243390366,-1.2145272686870638,1.7045933192186473,-1.0920659526623333,0.7246578156243328,1.1766766894378142,-0.5223884120760838,-0.9740282750131278,-0.1354873384419188,-0.07034577803471546,1
0.15302270016225195,0.4740904133125352,0.7210852547665911,0.3601183650334277,-0.4879588397248796,-1.1061112460403117,1.5982517692403362,0.5648998137139815,0.9011995649952328,-0.7417787748137809,-1.001966137152063,1
-0.20659946316053954,-1.048087120792514,1.045528837958962,0.052478254467224074,0.24534460195500774,-1.0387623004137334,0.22223649035950843,0.04488362162805277,1.64733614302438,-0.29127259912002773,1.5909049226584595,2
0.4746838200253774,-0.5231237753938468,0.4949219624227186,-1.2895509633361475,0.9035590406297299,-1.0831005234422173,-0.022792145231678468,-1.0745386604601128,-0.4460698073947885,-0.24382355351553478,0.5605742139291012,1
-1.6042302770794143,-0.7332401024843797,0.08837540347019679,-0.000829872992891882,-1.5433268703460958,-1.115750903113191,-1.0905375353605544,0.3888206456845221,-0.7120608582133197,1.5813195711142218,-0.146049190239869,0
1.7196208490219878,-0.2109096748317866,0.5380389141621306,0.4198289700733897,1.765732724782189,-1.6314526953844595,-0.19095557861274756,-0.5203179037212923,-0.20115439194173684,-0.17661561702245554,-0.6134147430949982,1
0.08655831446627496,-1.116351235747264,0.3451847268809668,-0.8727389253089832,1.5003041214632586,-0.6379054380059661,1.060734488050651,-0.6858082808037508,-1.3250936207435635,0.23534253841012928,-1.497973743847886,1
-0.31746327394102775,0.01828385397768736,-0.10760711408804374,-0.486314154919041,-1.0497190401223144,-0.6522007619607955,-1.5478390871779426,-1.4035339371963305,1.3682134959014953,-0.8831561501112555,1.3134671079808742,2
0.5085601180808549,-0.024962659929106602,1.0844172489223347,0.8161938782863333,0.3587499975136276,0.15741684626672817,-1.0050933638187567,-0.909197116427768,1.3851606229817346,0.7070622472664752,0.9551109141326477,2
0.8731631153317667,1.5349317045010213,0.6662910096173954,-0.6289874393360178,-1.459666038882391,-0.6618505815374518,0.8430935408973846,-0.3857621315479053,1.090761587449835,-0.4898832210316808,-1.7291607671614189,1
-0.04064894601115421,0.35454971139231195,-0.9072357475936612,1.3630217393093809,1.2305246440786064,0.9913171833362604,0.3362681576285514,-1.2709085344663815,-0.5567275141413317,-1.2617441190913374,1.445624304731835,2
1.6831864208480671,-0.506980827426473,0.48733341521108353,-0.1145261004616771,-0.6136894890764987,0.18754322176748742,-1.0335214272993156,0.564271404101734,-0.9286091375128445,1.4709745643288827,1.453879227799516,2
0.7600845825164164,1.1233469255224267,0.09560172634657761,-0.6819542838303292,0.37281436345337404,-1.4556568198497393,0.8498280781925748,0.7024506627000591,-1.5307875998564657,0.7088459157691257,0.8318639298120837,1
-0.5371204698468828,0.2608463817389056,1.0841432365055774,-0.8142778403841936,-0.1059821893248639,-0.054487420850552325,-0.29434345256338795,1.2629602771859203,-0.8898749953236504,0.9631658733412364,-0.13875832119238168,1
-0.3624960731445023,-1.2171943124508309,-0.8558449119318343,-0.7770196179379384,-1.124989140949004,-0.18851779226759316,1.1507605201625977,-0.8109931194288139,-0.9950480588354046,1.2567265379716612,0.3171579893617908,1
-0.9696064674459277,-0.2667766215544391,1.684563319998943,0.08381343826266492,-1.7327364233302713,-1.0374136325902474,-0.26837076075585037,-1.348102536816188,-0.30944741074007415,-0.32595889048710774,1.3321318248911997,2
-0.9528533752060326,1.218536980396195,0.33892240684970415,-0.6849778872274811,-0.30562887731235283,-1.2033223425741297,-0.6648231587833279,-0.5076789164201331,-0.7051127645008664,1.3553824550551636,1.2704014454077097,2
1.3478206904576189,-1.0812614860168592,-1.108936199949432,0.7555989477924778,-0.955479173391394,0.4657848793919557,-0.938116223636186,-0.21718910523340773,-0.9990786527460934,-1.565868257378237,1.7052671680953584,2
-0.159305494099741,-0.19755883472479918,-0.2670890868865357,1.0237399737936292,-0.4913276119618387,0.169939319843606,-0.34953044789793264,0.570230070102662,1.7224508604433593,-0.24991919733041854,-0.15328959388058247,1
1.6783494164690231,0.5532667249403515,-0.477567576311022,-0.2092663699583946,-1.2407965589459788,-1.6104814658882334,0.7370873867118103,-1.1142325883332453,-0.04723212074419479,-1.223732931097957,-1.3079424779372588,1
-0.7570828430752111,0.2635130740783869,-1.5350874144093016,-0.6266267253098077,1.0591140231178373,-0.40319084521968723,1.6064201560730513,0.1621974767872362,1.4681076731957878,1.4345219216290805,0.48352156938704827,1
0.6786774351907635,0.5257613543755367,-0.5802479083824688,1.1537350908931108,-0.9381819892397126,1.6969021976847793,-1.0431459914959016,1.3408808338422606,-0.27246470345986146,-1.1150850069656255,-1.679867813709761,1
0.2444397013912569,-1.0730501554157903,-0.40400027545082184,-0.6752926789501915,-0.7165038434020973,0.33636519680835975,1.5385108250389168,0.673500114280625,-1.5965538749301518,1.1466759230751093,0.26267131551616507,1
-1.216906886529296,-1.6773816992544077,-1.0810379060384836,0.7201934261617612,-0.5244215132888639,1.704101614759502,1.3058891258843717,0.7916197110089594,0.9032382261665893,1.4680306454410128,-0.8967642775512683,0
1.6824005402531752,0.9442010941662254,-1.4917814342048208,0.913657537234688,1.7666690727765328,-1.1363739643982724,-1.5425634548113392,0.6946923268262187,0.9205023515952929,-1.0253820667352338,0.37835630401260734,1
-0.3957862793668277,0.6317267460495093,0.2512327920469674,0.21183529891728303,1.60692995192438,0.8220798328679134,-0.5593337758790654,-0.26701351326127787,1.185697973319158,-0.3469992519504139,-1.7165270921995506,1
1.2707155576602598,-0.45940625823659653,-1.2016576952316589,-0.576933945028199,0.2017182511658469,-1.319790242319456,1.0590622920614117,-0.6039207968888236,-0.32557594783033716,0.11730870817647095,0.7000766858899081,1
1.0415105223103422,-0.406224633326254,0.2043731843448755,-1.5995445069934646,-0.8143165953664367,-1.6729309413207964,-0.7507229819059325,-0.9823224939612177,-1.035242558059925,-1.1413724709173116,-1.3643717662716437,1
0.05022007413737717,-0.49281258997718314,-1.0606065574666295,-1.6357865859588556,-1.7460563184396647,-1.401540390581117,0.20805326766780532,-0.4394230937840792,0.5390086143282534,-1.5176745734668122,0.9752921971466969,2
1.4144434314027112,0.21410926320441012,0.4349360445082472,0.05026427317774409,1.4217280676147364,-1.1237512158386704,-1.6243230654942808,-0.11701390536286463,0.5426096154432887,-0.7965356661281628,-0.5116819212113739,1
0.11795405596859243,-0.6436054498676212,0.29772162672384644,-1.1604919296254315,0.04006969515385943,-1.385009000257353,-1.0398280540323157,-0.642387677512114,1.2089234758577299,-1.5493649944362364,0.7325621387568977,1
1.4368920409445227,0.39531144659451245,1.0143081675778542,-0.1890361802338507,0.8056630859880594,0.536137054829607,-1.4553499016433056,-0.10840412591844845,-1.5773057426658883,0.29955460450555255,0.6867389804572747,1
1.4807231192721566,1.5728397388098956,0.4517031888889721,-0.5893433038032768,-1.6327019980089215,0.44951642957320087,0.07387216421919564,0.7037304948098407,-0.7225102916273852,1.4864041627353073,0.9336792911530316,2
1.1786570449423368,-0.5695193439476899,0.7446034717670705,1.7168110358671274,-0.7602926968001525,0.9717267319971435,0.7213418255934881,0.7627542745008913,-0.19027511559985957,-1.5929176768067836,-1.583710682782706,1
1.1779194452712625,-0.9952960273157022,1.066188379836243,0.2615277143421558,1.6086744451994446,1.4808774507221898,0.5157069824349064,1.2492581329278416,0.004287792022977152,1.279758373976762,-1.6423436458288025,1
0.0035711094618246383,-0.4125020029550773,0.047958027842274584,0.6537224591992056,1.1604704028213306,1.1651510278070933,0.4341298090878152,0.8127982437491628,-1.4870640972675564,0.712170812395426,-0.31489469932026165,1
-1.2236819263386096,-0.9897081432902032,0.17307182754387668,-0.6380654219302755,-1.3398557299977951,-1.664781415059785,1.442439731352206,0.8446301570604977,0.1103080665789175,-1.3477585021269274,-0.9781458019628859,0
0.49133429005503887,-0.5378258201905327,0.17955370352472733,0.6886879264280007,-1.4820971410465493,-0.9987816362671439,0.4418821840923583,-1.1989597969541683,-0.017553191572116066,-0.4831468419294371,1.6827427062256952,2
-1.664121086381375,0.5803673802493317,1.2457593199970989,0.00023336722292595287,0.09520807780205393,0.2455234268463554,-0.7169165073987637,-0.49549373207491343,0.9308361161977077,-0.2730722535250196,-0.7118024184737942,0
-1.5971893279831113,0.44932733337159875,-0.29144770194531705,1.3579256041661647,0.41602576100105576,0.1456118956488251,0.08514688059065316,-1.6025902906398017,-0.36268677152999906,-1.3752581679736189,0.47623812459742576,1
0.21899702845821883,1.57575300670956,1.6498078033293193,0.06302476579130885,0.5171089991805652,-1.2024034327537823,-0.1699363779558717,0.8168587009170075,-0.33875219025182857,1.212637023333326,-1.6797557761785233,1
0.34776791794363854,0.7595632327917071,0.8797792691263143,1.2520236306280836,-0.7685061643362028,-1.5908899447203257,0.341965348456226,-1.361211611475108,-0.324005623088774,-0.913894126734604,0.5776876518798191,1
0.8044007709137083,-0.4230093126658061,0.8241178188774371,0.29319425286817263,0.37157601395127043,1.348609476356483,-0.9914551703800194,-0.7743251010609661,1.3588527627049554,0.627628388803771,1.3143972100705321,2
-1.5688219950677431,0.09464782594341963,0.5607926811758024,-1.702348868438358,0.4183224133364169,-1.6238173932418833,-0.483523536691555,-1.350685874355082,-0.38674523005281186,0.5563336002075311,-0.7534981292015096,0
-0.7038353241710532,-0.25948893933842426,1.5462578915290703,0.9008963159563435,-0.21970313308068118,-0.631503023876116,1.4285820806280651,1.495713845568646,-0.6934011963674842,-0.12565118592244726,-0.4307075686513961,0
-0.1258586448751453,0.9344432682370929,-1.1498775468942717,1.5089200258494146,0.6857798184334924,0.8914106243873291,0.6121049762908538,-1.0694238016859072,-1.3300971870600282,0.37237330405551344,-1.7494907028759588,1
-1.4959141197904677,0.9527766879951776,-0.09371535611837677,0.6673363035867443,1.110512473078668,1.2447310875170619,1.4711586329687079,-1.2804765780884346,-1.6233828556340404,-0.39370365924797507,-1.3164137306850923,0
-0.39760229895911214,0.3697983695136618,-0.43819178042754336,1.440882398195016,-1.534520589486333,0.06184117307946362,-0.5637149215739459,-1.1135050056341023,-1.7274311476877342,-0.19263399920645408,0.8879274678595118,2
-1.643807061079189,1.037966949035555,0.0344904091741689,1.5394855504776814,0.04158720814438329,0.7344057843510922,1.5401898973024566,0.7453645509378078,1.4485094409482469,0.810792095139071,-1.2850050220899012,0
-0.46548172977369084,0.2989606243124822,1.2048654852731977,-1.1689240231038098,-0.7592142407508445,-0.7219368951505597,0.7030739176549635,0.05365519503322282,0.7191075991804152,-0.1445095839747439,-1.2017298581599523,1
-0.21528429308644628,-0.8188460330385401,-1.1370064421471153,1.2678139258366818,-1.746126348756594,-1.2121505640173091,0.7167075229715395,0.7294307345362139,0.44488609278824987,1.0235681620523573,-0.9963964882219926,1
0.6569683893699271,-0.7617404696073832,1.6955543864499498,-1.134789482222311,1.489265161895156,0.8081737976124459,0.9165614647697409,-1.685786306830881,-0.416234756187213,0.8023066818740339,0.20918664073410326,1
0.7333237790062656,-0.3478526497452317,-1.1262177299169411,1.4831006560972848,0.9855384831673651,1.56631481659716,0.14140924414166645,-1.6884800236348076,0.6055548285681124,-1.208874799299178,-1.2800041508952882,1
-0.7276641924474626,-0.3584498834158896,-1.4280028663343618,-1.1970078338847447,-0.6352141277548152,-0.9621011483696558,0.763770389533664,-1.6268483401326248,1.4810648906434654,1.4891229584141048,-0.840834480859903,1
-0.8978522022480516,-1.7508191206504538,1.190333440089636,1.056358633249733,-1.7430865175708476,-0.06255254291962252,1.1980823336060153,0.21422404117941896,-1.313641513496435,1.620023445904748,1.4601922030607384,2
1.0539034426191343,-0.6545446956547329,-1.1343135652636698,-1.037976390124264,-0.1435553281287332,-0.05799932313499024,-0.8326677558594081,0.012691709003698284,1.6981563283910626,0.020817437334049546,-1.216836648706759,1
-1.686310460730842,-0.4388989717270222,-1.0398529594680672,-1.18108176602645,-1.547069677977606,-0.2873356737662394,0.9892577040885377,-0.30887482868112914,-0.2234418543729101,0.8259446188266372,-1.359184196109156,0
0.1766901472935464,0.12360084499501987,-0.9513120268855734,-1.5143861621622614,-0.16919111888268668,-0.5643442990597671,1.093854134559818,0.8944272759743217,-0.44472191726751437,1.2959499278600468,1.2774379001123457,2
-1.4378439323309937,-1.61059709057692,0.32299581499548935,1.574354899082251,-1.5255305929969294,-1.3491112570993111,-1.6980912005567244,-0.7768594335685015,1.3324489067933842,-0.7097766447856411,-1.423583207106139,0
-0.3052060825513096,0.8781050518413034,0.44122546691725506,-1.3842602366649046,-0.16407580226488033,0.9611599429617079,0.19299785358504007,-1.1060681632409768,-0.7997506928912865,0.1064335254612806,0.8018580708669375,1
-0.036220731326245086,-0.09047887913064476,0.9913698407585197,-0.5224359290227062,0.7807581756826047,-0.26430087392919266,-1.2164521367132657,0.930920180625202,0.5915309419639803,-1.1884751731232317,0.6714476306088235,1
-1.4903220821224727,1.598177592970767,-1.5904381162215768,0.1995933638363193,0.7621963226752486,-0.924543887093334,0.36446356396020263,-1.6339113783186219,1.6894400059389378,-1.1726472798084482,0.505973928344294,1
0.09673444992420832,1.371344686862591,1.7238098140968394,1.4511259967336512,1.5364071821011358,-1.1919893690668664,0.7473656822248356,0.8264000642760816,1.6196406731881359,0.41592598642606077,1.0890245325245638,2
-0.20403399830587632,-0.28112066203033526,-0.8437594696818429,1.4614863589212055,-0.6028452864328565,-0.80452854967468,-0.9303759960043352,1.5248008911412867,0.7563613543304755,0.5626716844014159,-0.5551625149804346,1
-1.6195029035490756,-0.4432745000867351,-0.47616431768683676,0.48490617148976717,1.6098099445409133,-0.9302670722551045,0.7393735311221622,1.362153992114144,-0.308500127754827,0.9528448400637628,-1.112936456627667,0
0.6658311656247178,1.343366407661881,1.0262801306893574,-0.359894154540666,-0.1618518132599158,-1.566112001339757,0.3504365070527939,1.491923406369466,0.126215242362089,1.1204577278031376,1.5173599764260126,2
-0.6849851561586197,-1.5432011403784436,-0.574919558786959,0.1877921408581942,-1.6599553032293595,-0.2317840903881826,-1.092200139538258,1.5340032941640578,-0.45564611706232616,-0.40267395327101424,-1.0747718758235891,1
0.8819295581767038,1.6254420492994959,0.30243226539925916,0.16528861369262204,1.1674775814149712,0.8550228252639472,-0.9280413506787939,-1.2556225529663005,1.1870758513951607,-1.1139074394104775,-0.6582963958961983,1
0.634631605982354,-1.4388324750768433,-1.1951352094048668,0.7674814230266455,-0.3079145609073662,-0.8960910028085263,-0.6650999514622242,1.1942567043403993,-1.0206197759317763,1.2260924643678848,0.7858257228396599,1
-1.026378050363527,-1.5419407351212036,-1.2588858499781364,-1.5104047676098606,-0.5944720740654917,1.4722074600823285,0.2415305999555078,-0.8179609473900914,0.03596636245635837,1.266458787471561,0.0912664584622358,1
1.6169588054728967,0.6812621735736403,-0.17137069027727891,-0.8147473585219974,-0.17712715973110638,0.2935536855849185,-1.4836714316685418,0.5959007235530986,-0.2393858638828116,1.308314387189101,1.4816743542758266,2
1.406788067574205,0.02734087551415118,-0.2592354644422759,-0.7605233810704815,-1.0337583831666455,0.36862364754387206,1.1956732058676474,0.1066358140882669,0.1818323470803013,0.8108094123089996,-1.454698774446861,1
1.1747781365307575,1.1995924878132502,-0.10906525333377533,-0.08116813266934227,1.0419902137765795,-1.1929092007165003,1.4554737971590268,1.6374395885561221,0.13549571175273845,0.5682651302883689,1.161432513177765,2
0.008274938957370668,-1.2162398538394907,-1.1535683398595815,-1.3454599579788382,0.1257592865531889,0.20367461709031603,-0.9557247090033608,-0.6873203932923572,-0.5904108471859615,-0.9514550683098394,1.0070370532404331,2
1.4309856781832613,-1.5139080836763492,0.6218461184494586,-0.1671723061434975,-1.5968215707543358,-1.7218694331516067,-1.2817143109836222,-0.21299627153246917,-0.3779093249980111,1.249436009431701,1.109687188083101,2
0.7050686086155493,-0.7945226168496123,0.12423321685117306,-0.42367493751599694,0.5008073861664871,-0.9854926148120959,-0.8620391590630715,-0.15720268300166773,0.7117893204729998,-1.3145268530338536,-1.5992931389338934,1
-0.4051249750860804,1.4058035176612533,0.9589221321128122,-0.30287291931379606,-0.35919841372594047,-1.1504868414044458,-1.5462203284258298,-0.5806174810455825,-0.594347681459638,-1.425148934538051,0.9905332002648045,2
1.670539542312998,1.4171902541782118,0.7419068650180283,0.01696587687263046,-1.0743536844961286,0.15420661103588446,0.03893848039462725,-1.3897258229344742,-0.23803376107778096,-1.5734704949769132,-1.2447396136629618,1
1.2521612131974644,-0.4124556774551952,0.9508697861253153,0.2136716460164592,1.1309055840490192,1.6454063729500492,-1.4408148004854326,-0.7767183771679377,-1.3202736093890557,1.2603458264867486,-0.7781461557018999,1
-0.8065756537771732,1.5480108365569796,0.388877713972001,-0.8880585207885535,-0.11752055290212894,-1.2476468359811206,-1.2824098397379573,0.782942988381134,-0.3081495629426226,0.6548856142714615,0.1084247037463856,1
1.5408739783595462,-0.4808948287630648,-0.810101322359024,-1.678281237244243,-0.45928854942798847,0.6536412355170208,1.319727253481725,-1.1118899221759773,-1.0997743163608265,-1.3029936178613746,1.035813954920379,2
0.9789740448871105,-0.16419895361255893,-0.3428550616368788,-0.4781759324796811,-0.13644288385840175,-0.6441479079542429,0.6120154919801203,-1.2356101049947787,1.6163629290249244,-0.43264997441750225,-1.1758466019959681,1
-0.4708866887110209,-1.0277869721148631,-1.1338155927068894,-1.5780397197020413,-0.6551125048521836,-0.9033739359539492,0.8433882371730875,-1.428259773463353,-1.3550910292725904,-0.31252076662247763,-1.530864560496194,1
0.4994108316133862,0.14806980386832025,1.4873541041455018,-1.6347436500011356,0.828181694890536,-1.1209008354728418,-1.0508054053344351,-1.3106256279104116,0.500736374731665,-0.07830604333752621,-0.6228755897289381,1
0.8685378393771994,0.5004031255128787,1.3033132174804738,1.0155370676206221,-1.6605964931553416,-1.1102758929911176,0.8650846356126465,0.5517957775082711,1.5377628588115084,0.4631499088214813,1.200615072477708,2
-0.6728226982224697,1.3638070981708943,1.299763601614171,-0.16695328848638472,-0.1783894816256121,-1.1243915376560025,-1.0546870032104363,0.7797016826369203,-0.9082511648714857,-0.23483594232256694,-0.06431309206864926,1
-0.5911091047412925,0.5617268408181402,1.331455856801968,-1.2642544882536402,-0.1739587491094283,-1.126781115240493,-1.6016794580496134,1.2607233865646077,1.4740348669905776,-0.12996316123468038,-1.6239385021955668,1
-0.5442682090420653,1.5182760618413427,-0.4509733706226794,1.2302569541441568,-0.570002322590959,-1.25082942610029,0.2017452244459955,-0.6489717178110035,-0.22049654467997906,-1.6373881691835492,0.9065192790462732,2
1.5508260652701271,0.024296609275697864,-0.4307571785307816,0.35265257705535485,-0.004747942759206497,-1.5381729029905087,1.2323633336217659,0.7874530187008383,-1.0711974193089746,0.9065906791843464,-1.0073204756230894,1
-1.0780347032957307,-1.3718573560703007,-0.7035454128341283,-0.39328758246008594,0.10893045844653912,1.4428475738910465,1.7204073371396746,-0.09889772223398169,0.42848881130507466,-1.6190146518892548,1.0027144108644297,2
-0.13919180181928073,-0.962907657230411,-1.717714110350296,-0.09175509094194202,-1.166039890935155,-1.3895361345917834,0.19646440136634064,1.000746391617659,0.8730783529147326,0.9323413108682447,1.5306852976240888,2
1.3776972031646384,0.92745200921093,-0.32934894018676475,-0.19487073581399453,0.32519158160460526,-1.5710503615733888,0.8474344017485564,1.7148665494289528,0.6290909662767633,-1.0810394508859054,-1.7551617224204663,1
0.27987611959504227,-0.24907530459549723,0.7148225865114556,0.5345079647304379,-1.2618737353917746,-0.8379162077067575,-1.4729106250120465,-1.5027735993170606,1.5994920791809855,-0.21114605386017776,0.15702119758543906,1
-0.6042160616584089,1.3166068425999047,0.8853479889948763,-1.3564124514193932,-1.529114288233292,-0.4881587695363045,1.0549504710559838,-0.1307460738363515,0.6471448518444745,0.4863549165258684,1.3523764531952016,2
1.5069645681759996,1.5706381463668257,0.961847377091368,1.6519449653223086,-0.20603293622274207,1.2790304437023474,1.0277899477330996,-1.2942219229174603,0.9315144661310418,-0.22318148696058748,0.3949174427992733,1
0.3471339222238708,1.3156456199435163,1.1747097807248341,-0.486210931473837,-0.42480654123609923,-1.656815134431574,0.6912002196980441,1.0853377929217156,-0.10237530451422269,-0.45259935417530367,0.09505190848567768,1
-0.4722021032174899,0.5686767310390715,-1.5865105065878768,-1.0623227222567497,0.8620524305071768,1.4909934669138398,1.1447451276474703,1.224835496926661,0.6153402165699507,-0.19592426149289702,0.6151780842402025,1
1.4418023008508127,1.3529495283322492,-0.2664810714689365,0.20016375485710142,-0.5180367049151072,1.0929508217601094,-0.6515736107068402,1.067163007404794,-1.6460222094610903,0.7285009036381401,-0.969888418104516,1
-0.46072774697063934,1.6715007974904317,-0.760489962459264,-0.6434137037267115,0.14880868888241885,-0.4140517408460892,0.05863828361002047,0.05557481939875134,-1.126125786543417,-0.0014697603641192142,1.0632094629507944,2
-0.2113130943193508,1.6180429871455377,1.4259320970664113,1.4708038278272282,-0.5544227458438692,-0.0752927859699305,-0.9893239782520021,-0.7533551224217344,-1.4405134716177763,-0.21575242106119788,1.0695840068459972,2
-1.051750435927461,-1.2916346632829736,1.0635824576486685,0.5236666683903107,-1.2151499378019306,0.17818931549940012,1.0586743068507751,-0.5362068372591297,1.227231271709528,1.0495958684551139,-0.5499134843889472,0
-0.4528815654981626,0.4266966376572128,0.6653714567970043,-0.45451532917762066,-1.1527060194890832,-0.07837376271342222,0.338003568682073,-0.37278001514621895,-1.4688422924354905,-1.154014004965224,0.9814205014108103,2
-1.3817283822765907,0.8402461467610721,0.918938302905025,1.2289757980622353,0.56732771786249,-0.3265816670680108,1.1061299207247783,1.55586748158449,-0.06252244130243186,0.024367457169422194,-1.249586439360469,0
1.4237127196362311,1.0354300180363718,-1.2980886028930079,-0.8016551177393322,0.014048208020165282,0.8487889008540557,-0.29914151468757505,1.093962605880771,1.20896477027461,0.27529324943551803,-1.3838132204187539,1
-0.1659079986497589,-0.6927361705278067,-1.5989075312764471,-0.8519326272006728,1.6705735606570795,0.37073149295322205,0.3554011896146548,1.1468852130009153,1.003019832331097,-0.024882574107650036,-0.7996636864551724,1
-0.2340106792306642,0.5912971418859793,0.17940929562870614,-1.5598670329337971,1.6110775392837302,-1.484458061191901,1.1510441566693432,1.0085843544130215,0.7644992574727236,-0.2810381516921973,-0.8141510174497862,1
0.39280998130847355,1.6453690651151665,-1.0894563596957298,-1.5115743993718609,1.5278646823065603,-1.1871345244006517,-1.7420754815204489,-0.6600458270212612,-0.3088555825094019,0.2691283369409197,1.0548778400042604,2
-1.2653832752174239,-1.6300555234819714,-0.48695294517820137,1.7189040887548708,1.6940619374223782,1.418622870651561,0.7459954212477682,-0.08210403308760841,-0.6409385612874199,1.3838518824178594,1.2253196308447545,2
0.5728729526654477,-0.30392388391203295,0.2848168460704578,-1.191224704132809,-1.6484938742407953,-0.7216523819735178,0.8902647617747169,-1.6635005260514977,-0.9394307626318398,1.3425677493079649,-0.8478399435637953,1
-1.5094146337739847,-0.35185497087141343,1.388243549388164,-0.8548168719293116,0.3019498745549346,-1.1914404546079849,1.4831606947092801,-1.4715899425121004,-1.1805725649365166,0.5522813824442278,1.4893947866249788,2
-0.5088544469778107,-1.70553300789617,1.5067559720903039,-1.067768022411524,-0.25289216811366283,-0.8459950555969221,0.748206254976622,0.13249586303439853,-0.5500874691335217,-0.27712447128832307,-1.3862368584036766,1
-0.7733125757394287,-1.583799641867607,-0.5937730756179397,-1.243990009927438,0.210148348418156,-1.4184591924269014,0.5302473403258278,-0.9006436600915985,0.4074341923402739,0.7074778593447626,-1.5455505977210493,1
1.269843970290098,1.6553518186837741,-0.8584264314129544,1.4869311298081456,0.11632641796372463,-0.6375096547901761,-1.6448796229254943,1.6384011588586715,1.50993881468678,0.878207837671294,-1.4416017238721224,1
-0.2556933113670754,1.5433297615283346,1.165284401015956,0.06288217211046257,-1.0530265600896431,-1.755804769783289,1.60398226615193,0.2529126680779992,-0.009780767901931688,-0.6768220704114257,-0.1918263090654746,1
-1.05428699532364,-1.245953389085941,1.5776356192497258,1.597387747792575,1.2907980796898022,0.29452575728423347,1.373050207752896,-0.26834870370570085,1.5433211924638675,0.7144220444861501,-1.7231933671939903,0
-0.436381060556772,0.07952333194504259,1.0113021543268157,-1.6880401440868649,-0.17977754345460548,1.4594053348607297,-1.4066163117356616,-0.3289205806856533,1.734434314106683,0.31488029989240524,-1.615177567262162,1
1.3788394160804185,-0.20124862568646357,0.014900400569592163,1.6050446435425934,0.4940626323270384,1.0238360483808553,-1.6424291794449604,0.279385861514174,0.548848561523812,0.18032588954681758,1.730081250845705,2
0.34164972517336684,0.3287550206703291,-1.3924801620776628,-0.613334445082041,0.9324365867853078,-1.7417971361010038,-0.4182482325730571,-0.20227192550935735,-0.5194130507153348,-1.5258482776731337,-1.7433515362279828,1
-1.440421502511193,-0.24353085877524688,-0.6593099429702861,1.6914809909044166,0.8830486200160881,0.5743696673787052,0.8189706019442654,1.6311851578034837,0.14528613631396065,-0.5878291341481086,-0.5565561532451924,0
0.3054171092704748,-0.06001423498750239,-0.9679197387049657,-0.17316846048012535,-1.0007190748346773,-1.0005182773954904,1.5727640202913793,0.12310121025789506,0.3810094669983312,-0.8316895210833164,0.5188656477515897,1
0.4596227082215089,1.5515231355631263,0.7564616953808734,0.7912619296517905,-0.471541475894441,1.551916598755877,-1.2036045063425975,1.4149618494640093,-0.565046304875773,1.0607827602290198,-0.9421743022538672,1
0.05385572723093011,-0.6675633870797778,-0.529329081760312,1.4620253926131443,-1.6957839328724496,0.12963372481220345,-1.7692184047064485,0.5720338924051896,-1.6649446480694245,-0.2991519114375621,1.3013324464658211,2
-0.9425428391523802,-0.9628429309327514,-0.2782934410804191,-0.4027040591483786,-1.5240220906558917,1.5419777465410425,-1.1772417924115122,1.5995169086796905,0.8962508094178226,-1.146844696614764,1.2704031382920844,2
-1.6775732246846997,0.9455814807310797,-0.3143566965534803,-0.8841715032435595,-0.2616642224605684,-0.09134555702146517,1.522892152496294,0.4938392117752488,0.7488862681971871,0.18458591334926475,-0.26993719482763784,0
0.0882812804822537,1.6917300090692144,-0.22432361989779823,-1.6640853641624953,-0.6569418825314824,1.4335842250234034,1.2370662903712368,-0.21470754898864913,1.733850816548729,-0.6749864503989892,-1.3230718344582524,1
-1.041725422898168,-0.33071713012005616,1.0207522880370579,-0.3934599930362921,1.2642931510952122,0.6758034688974316,0.33449234342290507,0.6578503773671132,1.0695607022924905,0.6710078994750319,1.67381481798814,2
-1.4398359072155336,1.1892355545978008,1.4148291620174744,-0.7248235004862371,-1.5162771105449484,-0.03648356512419618,-0.038178454799751384,1.6804237500023051,1.2495262419916744,-1.5574174784530572,-0.022760278234551318,0
-1.08406502669858,0.4518973225399597,0.2514158455266887,1.7050618866315685,0.5282189576898929,1.273159770201848,-0.01939714512048549,1.03662847817074,-0.8877299018591995,-0.02886552319123886,-1.1034409390236422,0
0.22488875000990438,0.4346320320223567,1.5340173015674272,-1.0069388422110843,0.195691639588436,0.4935770191141561,-0.8181928095926161,-0.8141780599386834,1.7555348913225688,1.3323852533899203,1.3809476502259967,2
0.8434010598989661,-0.6110828335882363,-0.516010526578397,-1.6443423812256843,0.6245256791040951,1.6691310601637963,1.1307720506789918,-0.28882697432642257,-1.4515004716836664,0.3508653790041338,0.180548255391301,1
0.1400711314921142,1.1614786302431963,-0.029643118709696614,-1.3545844943144614,-0.9861897060232369,-1.6472179332524168,0.4605045470905991,0.1355523727649964,-1.5603921640313947,-1.6747759390594983,1.4727283818445727,2
-0.42889202368218304,-0.10033870639971679,0.3385362754088504,-1.5757527280253287,-1.3740842596025407,0.359691166362971,1.2656728519644616,-1.3083497856079338,0.5540059902072949,-1.0761386917960982,-0.6669528885899092,1
0.9315939798684627,0.9865648577116161,-0.7031402389162981,0.8671371232773323,-0.6654211055291169,1.1515171678544842,-1.6904887829188036,-1.2075792918802812,1.652015444087921,-0.7922929594956444,0.2509357593459696,1
-1.115601090637779,-1.7404854508808856,0.6080667399463943,0.6811009266213788,-0.31734493180123957,0.4374709353690159,0.9103473128739807,0.39527393397019356,1.5455224017354394,-1.379916486684425,-1.548203888560675,0
-0.43324272964411387,1.4117382476673057,1.4898723606867994,-0.10306963142229704,-0.5684768725113689,-1.4460883614415596,-1.4701158092775721,-0.747366307718482,-1.0983513625621715,0.33884726307365276,-1.092450971017742,1
0.5627974509551407,1.5489912476737737,-0.8662088932893328,0.9948537271311866,1.6119652286451351,-1.3525805185504125,0.22688584326176026,-0.8133781444947942,-0.1896351231503137,-1.6003467427061733,0.18680177027042374,1
1.073960870926186,0.8166457872694061,-0.9818464670804075,0.22045222249822494,-0.8170691581200453,-0.38908546567870916,-0.8846908453814752,1.4848986406028044,-0.3740176883334196,0.29460189390595953,0.1439513553276049,1
-1.0472164740408683,-0.4173714002223949,-0.22291802752569914,0.38719267358087694,0.451407518752582,1.5060138916363628,-0.5222267485496072,0.585598896442287,0.014699532852578249,1.3442128804511861,1.3159684336514086,2
1.2026420767442878,-0.46273276231746185,-1.718775889459477,1.5248994036480208,-0.5950102584424561,0.3324104809806271,1.6589997835627097,-0.0796963869950198,-1.1696734002617293,-1.6477265196309516,1.591786737402889,2
0.41024526546760176,0.7366720442146857,-1.0195566392626332,-1.3056874012607849,-0.7591046723980731,1.5979301781327238,1.018596949809934,0.3168605569944251,-1.0655478863412817,-1.3380782041368136,-0.25430694697984313,1
-0.47479483576698545,-0.42544242752900363,-1.2139546929824934,-0.18603291540871103,1.1138465552025856,1.457061058060256,-0.06886797172752718,0.3057003925921036,1.2996669465309014,-0.3880582618512361,0.704018973797053,1
-0.07208880271695958,-0.7954874268455572,-1.3568494749791198,-1.1358015681560036,-0.6520009588865863,1.419138918437939,-1.7640449094722057,-0.5394644392692493,-1.6814007869918857,0.13230537733467929,-1.0050866326646806,1
1.3541062450536347,-0.6862099605585809,0.46908812461905697,-1.038228903646903,-0.1855585289576344,-0.0666210509957351,-1.124907404363146,0.5071391859175173,1.615681912075121,-0.3499085364984266,-1.4501704483646065,1
0.5865422047306246,0.5532250438766874,-0.533859682510504,0.20464237994002363,1.4509082903244641,0.8818235525730681,-0.4199555718766426,-1.0517994479674726,1.7436179180526916,-0.5486230614296516,-1.0987207026820265,1
0.6577788015581618,0.18902196533817156,-0.4872816438972978,-1.6236966523726801,1.475286961987508,-0.3873096701534888,-1.3949297590143817,0.5001279434878837,0.16446682627118106,0.4673060296043566,-1.4627976100847373,1
1.2348375343054294,-1.6965527504798477,-0.783561989134264,-1.1729179594435757,0.08398305398691087,0.11543678366304372,0.5314442991602528,1.2391494892226382,1.5837095557695104,0.4736094794583841,1.4874612334307267,2
-1.523048474111781,-0.6564723372848608,0.20719831829230573,1.4938983013910965,-0.6438962902257825,-1.6244449898063584,-1.738919741402503,-0.017483212947958036,1.2664834372445652,-0.8413525019035014,-1.671730101069488,0
-1.203419413723802,1.691662583698662,-1.466533989286227,-0.20568788861417464,0.4856152986101222,-0.037102466216961116,0.7040797255525477,-0.5843393730027246,1.062084439690154,-0.48030682606113895,-1.6901275237537834,0
-1.3558481317604854,-1.6289985248470575,1.4227508733088983,1.2898311886091565,-1.0273278980726424,1.5201318167375872,-0.68272938259174,-1.2325865593653675,0.6207071199836118,0.08648414570347919,-1.6708247849013618,0
1.7036312292599713,0.38774631284833094,1.6228378769241305,0.18590458432684218,-0.7836754657833904,-0.3735341981268229,0.6394434449573698,0.3164558335212737,1.4303175636869638,0.5092482151715397,0.37040552420258654,1
-0.822471024412125,0.4799338171311953,-1.4539196185653391,-0.7320715179210274,-1.1155956770094833,0.17507014062748058,1.4932648542952665,-0.2021832450876719,-1.08630429548628,1.48701026368281,-0.5219830109342806,1
0.5352218931491424,-0.35960716355092165,-1.2747517536597341,1.0915825493822073,-0.48862312551487114,1.3864843446425108,0.0004104882821688858,-1.4693593861083691,1.0717148542153172,-0.2019506366280662,-0.8439620446010941,1
0.7969971567381499,-0.6296829932469125,0.03474925753349542,0.6428358228685473,0.8386818493518025,0.540040752245548,-0.4286829062998333,-0.19623923862480339,-0.9385547825032539,-1.5871337420506155,-1.1423293064336597,1
-0.7948952605819348,0.0936623464954968,-1.541195890902075,-1.4683083072684289,0.02652344296464011,-0.1848554183269633,1.5110019399501833,1.318408763395397,-0.04017715064807844,-1.3706171664327413,-1.73766656522194,1
-0.9456880712329421,-1.1753010653204183,0.3076533303263922,0.10566617520889653,1.484329673287318,-0.3567895122246925,-1.7644364633077412,-0.3215320987086224,-0.12318947193018721,0.9630619703216645,-0.6292405452666632,0
1.0571403561950703,-0.24093785541035959,-0.47009415453123293,0.38684546504033146,-1.0122004435705578,-1.2611259045960959,-0.07952216144918121,1.6438105968358425,-0.29520507927089035,1.2160831401491268,-1.5604420533754289,1
1.1957036959445748,0.5431126005369267,0.35781980139604364,1.0382611218818574,0.41099942160931063,-0.6026271959308654,-1.3899302969807428,0.5521367083142795,0.6622467914445999,1.6680785924567434,-1.1462041128282048,1
0.13002778868411774,0.9838693203207944,-1.5178036138015953,1.0974332850295634,0.2217759562975867,-0.2071574762776245,-1.467587151580546,-0.37531096243494416,1.676730998376521,0.9160112196255304,-0.555455453786875,1
0.20707807970122424,1.322430296997074,-0.5677159067973168,-1.667266040763957,1.0917231915756989,0.9391770536136211,0.12887792462138897,-0.5095830261737944,-1.552698705705632,-1.3222503108220303,1.419806610314665,2
-0.46497278492302957,-1.3880233086259541,1.6232163093627061,0.5207977795233107,0.8333439423609512,-0.08453394563188912,-0.7950527374245617,-0.765392849606769,-0.6404914221448379,-0.1527525568607799,-0.533612365661226,1
1.3810780719818267,0.5605261737832812,-0.4526137342526988,0.7646647603434924,-1.0139062177287501,1.135030396705298,-0.7177019440095402,0.33572559839308697,-0.3924201860573505,-1.212459453474408,-1.170805813634951,1
0.16996193507509788,-1.3318331620825872,-0.5910008355442331,1.3024861067517755,0.5939952755004773,-0.3532979526887278,0.028802864629663725,-0.32990330654244654,-0.570149053892279,-1.2182607054005046,0.8835209910569,2
-1.3850013285789802,-1.7007534626386158,1.2506929852058748,-0.44401066425197955,-0.5324189745395244,1.0502058090680366,-0.17465287717738412,-1.0163190837899652,0.04538829324103692,1.2650734138772692,1.0572337242188905,2
0.7584841252463039,1.2747713020743543,-0.6573890883218096,1.2798055162297215,1.562461125351484,0.9684134472119089,-0.11541823537242714,-0.3147523563793212,-1.489104044146468,-0.5955006404264992,0.5718155525764625,1
-1.0113803670939499,-0.4766088609364974,-1.3008325843220292,0.15581660771549893,1.7426670012638137,0.9228000187338004,-1.635030615303229,0.1146547127711637,-0.09048026550285831,0.735964603877387,-1.5111359128780668,0
-0.6740648357419216,1.0729750247494627,1.6647968701433202,0.40432607084911915,-0.233007388339519,0.9403684149208973,0.2450111114808466,0.33223287894043024,-0.1723013408617339,0.9340210763513235,-0.07752726231823229,1
-0.07183604150534154,0.3436788223751821,-1.6759607995510597,0.17155306545821425,0.008489675938021569,-0.5777066383948244,0.6979984583967995,-0.00452816918375929,0.8842836977221528,1.0617178874051667,0.6807890782823591,1
-1.5192719674036754,0.5424053505410825,1.6744275368312695,-1.3250615322563732,-1.2576605962391976,-0.7008678121253032,1.6434476195967604,-1.4654483013766302,-0.5636737311560125,1.733849203845745,0.48968615024354,1
1.3403426260579767,0.9802274522678786,-0.595108527811616,-0.15171494177291384,0.34777258287307866,1.7086449254771303,1.6749561953761556,-1.090229595149534,1.1776321449809792,0.3472807248289039,1.0904415291032055,2
-1.418420622446256,0.11949251204033429,1.7207424067759614,-0.7628536278302747,-1.4963332927326058,-0.12924943549539314,-0.08231963850600123,-0.807225129312987,0.7850274994548523,0.9301073959474492,0.26382918909005615,1
1.4561760533530723,0.08622764369552043,-0.34684344898443836,0.5961235235278238,0.07127440892164436,-0.42643649383254445,-0.12908025273028265,1.16922902925423,-0.8944942339327017,0.3255996280782377,-0.6122320172803942,1
1.682354221729741,-1.6774131707864934,0.28625051297909065,1.657440678731785,-0.0046037499355666275,0.8752858994589271,-1.2097099190626557,-1.6562133004258437,1.1396828553237213,-0.712530074804296,-1.2611312929785066,1
-0.006947657382653827,-1.5951479546213172,-0.8587468344595784,-0.06525614325066639,0.42778145580213095,0.6970211280632568,0.8160793505948932,-1.031408338821719,1.7680205577182706,-0.9651529497233993,0.6230787651441898,1
-0.5719382702068838,-1.2931019649176545,-1.2201356802601466,1.203083851422847,0.934665454915722,0.2759405946278195,-1.1030662708353753,-1.656889089552303,-0.5012761134987126,0.24225208921165947,-0.9745783884659036,0
-1.0315004952444404,0.9722700030877266,0.5812164598260914,1.4340707196519829,1.087917661269557,-0.8823414550287894,-1.1960690562499448,-1.464985861195148,1.4622101271275965,-0.8403307888777113,-0.34004226633043705,0
0.14643166743380737,-0.8518383698288515,-0.038737555378761786,1.6927565124314767,-0.7764209457763173,-0.6805597630018576,-0.659751181824023,0.9664317157076866,-1.1001960282270344,-0.24468941201196712,-1.4234542093168077,1
-0.6400501163223594,1.6966748048446283,-0.7352936365259553,1.5661832422769226,1.2072713377016582,1.2902317803691903,-1.5971899079528096,0.8533752512043541,1.5790532195231048,0.5329381036339289,-1.3421189128653033,0
0.6678688367234252,0.23196580571866063,-0.13991322091150857,1.2519314480905297,1.5656307526654247,0.4995898162265128,0.19340122773503254,1.0983487614016387,1.6488773188904844,0.2263722443870901,-0.5705309451704124,1
1.1184849198953501,-1.6400009703627196,1.257132208289341,-1.0731594069128796,1.09785248375374,-0.6817865407866408,-0.6482338531744504,-1.1148745415718246,0.37851144271170184,0.7555330058967582,1.3911588425528967,2
-1.1895579257276103,1.0510640975075674,-0.9617885862018174,-1.4935194081103806,1.6066719012796689,-1.518074071688259,-1.688188197316999,-1.400011601033781,1.0329513759048397,-0.3503761000865001,-0.5846511960039527,1
-1.02622962449357,-1.6576326250410518,-0.1850459958623995,1.4480757527660444,0.20722491326840808,0.6828944258936857,-1.24296340970453,-1.6782134463872354,-1.6378818512081188,0.1809146733243916,0.8167359450510062,1
-1.544938479320665,1.3750874907491584,1.1517217289808968,-0.707782488058623,-1.1374870809670456,-0.7605136244849163,0.7305532065786439,-0.8719013026289809,-0.5503287276058731,-1.2260187975285386,0.14178803409270282,1
0.48357796259583596,0.025401626906802803,-1.5754779991176893,0.3390677818155013,1.1870620776378182,0.18649703235620857,1.477863864094197,-0.16027156817612126,-1.3412524460824626,0.29390920710881363,1.2324068371757904,2
-1.1106126775566252,0.6156454512632292,0.6724250776390539,0.6703617553998339,0.3564696574060675,1.4841791534672362,-1.3619216252644744,1.113447036748508,-1.6243004358494826,-0.47090360278988364,0.6453490151190295,1
-0.4795125772590573,0.18037668267481763,-0.06165828624638357,1.1935243754474394,0.8812508629508989,0.9153679770352452,-1.2294317512021693,0.7293213992590445,0.52908303361117,-0.3407477536061723,-0.22100713644764117,1
0.21138057444670205,-1.6064549512321797,-1.6164997755131334,0.4961879978010822,0.7600501534567519,-0.08720097710238575,-0.5260933708230273,1.004640481649989,-0.5090737323311075,0.3576883439560207,0.36491983186603805,1
1.336433969261509,-1.4690556681605207,-1.0473929380829796,1.4032264330212671,1.0036942334140273,-0.5530694243325182,0.06378067102921307,-1.399483246405386,-0.8353221156739423,0.2693880944898494,1.350500527879345,2
-0.5581520857673097,-0.6332715988973471,-0.05250772114401062,1.7242236104941568,-0.9308467000753673,0.7103983010372394,0.5830499624118428,-0.20117438695105444,-0.4857159618151931,-0.983613052867337,1.4039520709944333,2
-0.5152696929242807,-1.4036402970320347,-0.3387705069730878,-1.151790451351725,-0.519195097832189,-1.740784338054716,-0.06602190016616692,-0.258911629261197,-1.4899640232361187,-0.14541007681103355,1.3446829010575287,2
0.5751924411960868,0.7478857579423609,1.6506566067042718,0.5087426781844238,0.7578311804109126,0.45088455603845995,-0.6265063676053173,-0.6980878618241778,0.5405473044177145,-1.3137475803870644,-0.4144816663471482,1
1.6277671437235157,0.12389737995037178,-0.3825512117518942,1.5156859828753104,1.0051431542626648,-0.9913685638427192,1.2552990337306433,1.6848453533446826,0.2301376277726318,-1.2478730659784911,1.34214742100843,2
-1.6771967951498503,-0.4007379995746923,1.1166006691529855,-0.291440040116086,0.14826478087185024,-0.30770661060760157,1.6838744318879109,-1.5762177506015904,0.5542543474161576,-0.8981528192694638,0.04079612312582406,1
-0.9587383872611415,0.0426011679317083,-0.9815864435144134,-0.2243304622832188,1.1689514640279033,-0.43960299213832205,-0.380582620067763,0.20208639484570376,-1.0909115941710228,0.2502179873788371,-0.8486028166011261,1
1.2310257844230559,-1.55468554416918,0.0581786766153164,-0.2868587317686378,1.0018083799393702,0.2468841512793454,0.12970357317251627,-0.8802581899968454,0.4431434743312489,-1.4911793034759822,-0.6141761291864659,1
-1.1541872611022026,-0.2251948685254144,-1.1282915893183922,0.24628395780320783,1.1351624555088604,0.1084070128048876,1.2173436422598047,0.8007706514154241,1.2862568301884225,1.606031172602401,-1.1629956304900888,0
1.4861404756567782,-0.8138539709270493,-1.3123617663100764,-0.5648203845087443,0.5101280067547719,1.3739695954365552,-1.0587443443819486,-0.9411307814589983,0.4564693399449521,-0.40788642141953696,-0.3144776040247529,1
-0.23683745778330198,0.9237298575447246,0.4461241639528035,1.070705714240821,0.3489615562757709,-0.13931412621324324,-0.2460416715058947,0.7069908570250374,-0.14954455313083787,-1.698396558842173,0.2830417478173279,1
1.6207634910665696,0.9980579831442989,0.13181322194479667,1.2369935652015054,-1.7085422327191893,-1.6423993447583403,1.1533492441740785,0.07708853660137176,-0.3704540031914357,-1.2513018656243633,1.5057761794863966,2
0.06724892597639112,0.30155769005271543,1.594951851860587,1.0310360454452934,0.055677998817516935,1.4626933991043696,-0.855727697658662,-1.215820133713495,0.19443043586901027,-0.2963811642489786,-1.1273997312117479,1
1.188456988848431,0.022756411036432465,0.5186313377392178,0.31291149557217546,0.47258933874676345,0.7778392558442663,0.9334766627223553,-1.106869248586775,-0.21913228467482476,1.577769551278849,1.376225996748183,2
-0.43555652660405164,-1.2299525924945556,-1.3611142575043145,0.11828542274163806,1.1375275975368935,-0.08336894878846965,0.32647020296182755,-0.5348406908387984,0.3848918300484959,-0.5825473973198712,1.024303318509604,2
0.9189743698639474,1.0148076292038986,-0.24840528590856537,1.3424190974458758,-0.7791435973798143,-0.1757927158848233,1.4173505574889456,0.7744866987260145,-0.8255618719599772,-0.9394196352094297,1.1181831325094183,2
0.2748519706746372,0.4696011943647785,-0.4133888760521313,0.8947990576955378,0.8512569318089689,-0.23377397722768453,-0.003693072312409781,0.13462308652805868,1.1326649902841333,1.4369116910792339,-1.3875897417860517,1
0.024226156275545314,0.5162648029062366,-0.1843293406581728,0.35171021468196917,0.17203486416941505,0.4330754264835309,-0.7655461684959687,-1.624876071264436,-1.2956374791264882,0.9131365694173751,1.051931205462138,2
0.7906172960335004,-1.6514283959943536,-1.1389499894791473,-1.3346117388714416,0.6408173986652903,-0.4957884608644636,-1.0209119167410894,-1.6272595939590286,-0.9099697989048432,1.2667878137002053,1.2114992544078647,2
-1.0840339258522325,-0.22669551934444962,-0.716971406671653,1.313059690446727,-1.4112821360947334,0.4035958003225728,1.2542293476013884,-0.5113960742636275,-1.560063026147507,0.03979705557584672,-1.1552047252841957,0
1.4850756733048098,1.3100815427686137,0.052082482023127555,0.5859210418850218,-1.2325413781549568,-0.12770044471252273,-1.7529119822909227,0.25705093300772464,-0.17401200210920348,-0.6022370195287429,-0.2653648258277822,1
1.0554498615222854,-0.45741844606573984,1.1586102283847182,0.886691562512384,1.5564884808150201,-1.2079435645688548,0.25244703590043926,-0.1798607876255282,0.13082211744731573,-0.809333054705433,-0.4504589428059396,1
-0.6920178172837217,0.1903108139924458,-0.7265041824477878,1.351754782043738,-0.875602469937828,-0.48434416466689606,0.5804083049724165,-1.5919425153328206,0.4180543716887264,-0.7781101973240824,-0.5591502210555793,0
-0.7157218481012766,1.1029374674003614,0.5810289913633834,1.3211962439597622,-0.23080808583679277,0.29482158758055466,-0.379591446259702,1.7181739381244694,1.1193059846325584,1.477000939464052,-0.6949916752301898,0
1.513650342554213,0.1768424390096113,0.3476961950137533,-0.9157163182814243,-0.25877889528703946,-0.9928823079413532,1.5773433367662448,1.12945442251074,-1.534805986964552,1.0952785627268848,-0.14035444239025366,1
-0.10231538377128956,1.211770985774812,0.08621001677527464,1.044496074242382,-1.2036301929526232,1.4178533177146337,0.032922765685478306,-0.17500165764770048,-1.6449122563832064,0.6782464765052064,1.6934034099660116,2
-0.8309670093233089,0.674948854212519,-0.8581437644097687,-1.3430979617772205,-1.5724773059404495,-0.03190897565375483,-1.6368813827621311,-1.0315467950963766,0.08943900504651295,-0.27480397051788436,-1.3251186224194953,1
-0.7149746357902423,-0.1593462485711251,-1.5724971116745563,-1.0704434039937967,0.7079241921129297,1.067706528514273,1.17828268278879,-1.4932310008895835,0.7303460974508792,1.4024851572610837,0.3539909089216312,1
-1.3332492586723912,1.4763374691491398,-1.6220502315086307,0.226091541496773,-0.386804319713524,1.0515913156208778,-0.058750685020763804,1.231923818078773,1.074771975809209,1.5016086379326594,-0.782045440855451,0
1.5481505298815639,0.47798063239612115,1.224062268305665,1.0785062180010763,0.33549837666200316,0.08162299017513945,1.3741673324596007,-1.3740031960081256,-1.682413602270778,-0.799323730486675,-0.6216525976996053,1
0.6912572004204934,-0.22293487102648465,-1.575929626842567,0.19973022573762692,0.04755944718269419,1.2358081636603662,-1.6848906688516547,1.4791751413921281,-1.1188486443304602,1.2097104216153847,-1.07334757017303,1
-1.3942745940703165,0.8437035535776484,-1.6977489385032503,0.777256771713029,-1.1936512173615934,1.0777890301305646,-0.9254852558234525,-0.7715959551257621,0.5608049652313808,0.9422813664072881,-0.3245145618994503,0
0.7806357748122318,-0.6543589748020217,0.7656993780749269,-1.3400508215442435,1.5563125712770682,-0.9556969944791851,1.6100003927896234,0.09568555113426515,1.456633661013549,1.0993480976601169,1.2324303246375545,2
0.25302847858525973,1.1572714250492446,-0.13710427028677766,-0.8379218244325752,-0.5854851158322907,-1.3757330674570376,1.0175880621885867,-0.12780503156717962,-1.6438540207786858,0.6536907295463849,0.24687429586934878,1
-1.1575118843857688,0.6238620474645536,0.15334611382727278,-1.368262140501363,1.2705137292793962,1.0782580460580296,0.26765691164194566,-0.88572824622478,-0.011624433744750919,0.19416230831980658,0.7910467457935794,1
1.3873358803164044,1.1354032491244215,-1.4840513097943508,1.206104591810462,0.35262607279356684,0.34959249480034466,-1.2836251122486515,-1.503423643345517,1.1172482953992025,1.1697077590802099,1.673850145169075,2
0.44685140722225314,-1.3521483379925978,-0.10535992803709017,-0.29015893585756286,-0.9829508049968523,-0.722282903194428,0.7528178763022505,-1.5152090539480754,1.7425122014292507,-0.4364078002920187,1.1277493184372462,2
0.7599751660452636,-1.3333102500492682,-0.05559328615350165,-0.6212106905900678,0.7452361831519471,-1.5325750000416543,0.7309642571875934,1.0935672361207072,0.44486369394811637,1.6904870103444127,-0.011557935266017158,1
-0.20355331102817936,1.0498236246875035,0.925383857461874,-1.5017114999031274,-1.5641172062236943,-1.4402873926961468,-0.6436531484882495,-0.30687724472782507,-0.820601068703586,1.2723293080773723,-1.5401766497151457,1
-0.28928128040176326,1.1392073453694151,-0.36619250503849227,-1.0095754607285174,-0.4092920678793958,0.44457842238097234,-1.5001148281668821,0.3550129822902689,-1.0283428129858179,-0.09300832060694755,-0.10906796702786273,1
1.6108754123621036,1.184195946539259,-0.5467726297861528,0.9956932179928312,0.7427413356407141,1.4264702903783044,-1.4148436411567373,0.06683887363534799,1.5399215304245846,0.8567518641297003,-0.2868662829057057,1
1.0530376204824397,1.1190222311227338,1.6729490658914854,0.589183128195726,0.9218482567157799,0.3749990213905286,0.04663181369290969,-1.6013500662950646,-0.9440092625554862,1.1607028307173133,-0.7420007880414199,1
1.0239563573922166,1.0434730350868398,0.7374423200973874,-1.609499476699459,-1.6784019247647617,0.2723053176259601,-0.4830424752188519,0.2133932062115916,-0.30460151318027523,-0.18129125290319026,-0.38875235445625606,1
0.33456256568935927,0.9445347424515219,-1.0952524825964491,0.7174032687562227,-0.6057452676937958,-0.1971061813630838,-0.1617580927883986,1.5207283085350796,0.566281176398071,-0.4332387581950763,-1.6301333036560044,1
-1.0434826139171658,-0.994530240900386,0.5088140336875867,0.8465257717627651,0.6568259778058974,-0.594803328419542,0.5490830563531509,-1.312909906264824,-1.4741574114265734,-1.5056391403664025,1.5690714438331876,2
-1.1949278447554672,-0.12113320076897029,-1.36147160956188,-0.6549109894550387,1.041377013337871,0.43230784920940335,0.24179277865015797,0.4585533401792957,-1.2200209987184034,-1.0518427023862065,0.026830130708867615,1
0.4301862553964686,-1.0944476179557243,1.6113937084578671,1.5770021676027273,0.8789681443734986,0.5148122812944733,-1.6565108041961711,0.9482365755482043,-0.325166482900931,-0.15555793838922072,-0.3273214793781926,1
1.7062066371603026,-0.8527467513340504,0.8800481668401011,-0.2872971974904923,0.2766991243662692,-0.2696431705763719,-1.1925422449892291,-1.4481912755366417,-0.7624493769485188,-0.37221305136652405,-0.42637301325607313,1
-1.3083555779752825,1.6393211062325468,0.2401983360209578,1.3832346953462153,0.3652743677928913,0.3042648646671492,-0.13535871680092507,1.4048747210183397,-1.5920490784959538,1.0127968823567388,0.3303468256839726,1
-1.220604152082788,-1.2342407549086098,1.4489877774701432,-0.06627803158551525,0.38539574064275667,-1.4188536920208048,0.7880642042209824,0.332919783648125,1.6132617311771305,1.251306263783995,-0.5259298015648127,0
0.6240683651685862,0.07233504489699702,-0.8968013128155964,0.09908547973829321,-1.5950404879013727,1.1606536934075546,1.6055852082319675,0.6303688123937331,1.2815340301533893,1.1674218926496285,1.0554814737054146,2
0.979193650968654,-0.9134601852491652,-0.9004875097808402,-1.6143948931038083,-0.7048166301866666,0.06453075643886177,-1.0184041707380305,-0.29607278931041725,-0.6191163573886385,0.3945565987341103,-1.0605219744803507,1
-0.601355818688043,1.1828006976576695,0.8243986030375043,0.37293401724139275,-1.1355197357531357,1.1749085100493786,1.1759671007854957,0.7792012916559621,-1.2502110185479982,0.6047870416678855,0.6507636447071684,1
-0.4314621385422558,0.815056259961651,-0.41398607274599447,0.6880507561987678,1.3029931690638672,0.7603486383248285,0.9760629457290106,0.08150772929930938,0.5669969610112433,0.15415964578463187,-1.2129307281445567,1
-0.7708628724542343,0.1716852154083915,-0.27451421928315917,0.09488931712612526,-1.5108027114568865,-0.19362940228546668,-1.5583845408302557,-0.3276823416493247,1.607476472190341,1.4677362535522258,-1.21071978973721,1
-0.9722092326944624,-0.20751096049813572,-1.4295897594237406,-0.6305712372354597,-0.589648081653881,1.139005387909691,-0.824833288863443,-0.8279327853039444,-0.08638095484764961,0.9168424437821056,-1.090094845959768,1
1.236803836728828,-1.4866998238639637,-0.38396732520344934,-1.4521531015154134,-1.593261276585375,0.17082379996790728,-0.4973127082075029,-1.1277823808944343,-0.1517814246062079,1.6482850672282998,1.0238721181712975,2
0.224136488782097,0.09080226123103188,1.103694247804495,1.7094840875212078,-0.4173240461974203,0.8099994952313012,-0.5663135641829514,0.4361004861106427,0.9186908213754795,1.712947379741868,-0.09206396619836406,1
-0.5007622942906393,-0.8045181140943694,-1.28199129410671,-1.1010881789521316,1.4748739388284136,0.1472725396327163,-1.2031048559450481,-1.6703426312881913,1.3568699742744426,1.1606855135473848,-0.5482239369165066,1
1.0446086108488886,0.24804645258976515,-0.37661719776248737,-1.4696923070546248,-1.6998776728578873,-0.17297201473299917,1.4758497273809574,-0.10594057866636156,1.3539254220438657,1.0056622083461364,-1.6557945162187626,1
0.4615588817008112,1.1446254171080557,0.7098104442904366,1.1382705106434874,0.6506037047417188,-1.2095257802847295,0.5301149813221551,0.9574507841948832,0.2648147376473107,0.24192306298301516,-0.8014616762611072,1
-1.535468990820522,-1.6704836649714896,-1.0991535877094292,-1.275184334019789,1.5425368316319261,-1.164872184255715,1.2012003860663936,-1.659875904904241,0.12804951659028238,-1.0788921218147531,-0.31570995753015185,0
-0.26349498710594266,-1.346290104670944,-0.2674150645822788,-0.8293811300880072,-0.5258746118010905,0.02284751974328458,1.489576700243089,-0.502219172488934,-0.8572516456996595,-0.031099438112034326,-1.0702630685236474,1
-1.0618989157023304,-0.36957824753337537,1.0762793196767102,0.06907460726409206,-0.13501476892977285,1.247066762128598,0.6656815169996653,0.06599322575607795,0.47108456582084846,0.9321508219990295,0.03147206154933758,1
1.244417889963915,-0.9431851830347131,-0.1969628576029042,0.5006538543549617,-1.6361553625455107,-0.40048861817553777,-0.07914737527791368,1.402235237300809,1.294186442842009,-1.6224088171952697,0.5354922994183042,1
-0.936336851128123,0.06659338957304166,-1.280472099997352,0.9006711366833323,-1.0781054532474188,1.0389666997277849,-0.18132047498778062,-0.7565058885218432,-0.8772853583875047,-0.6148092848969406,0.9261213861752742,2
0.4272802559504915,-0.30364411737452174,1.4258134333321268,-0.36646713983784096,-1.4712951454582408,-0.7203470234260982,1.3536171622600186,-1.3814706759382502,-1.6889983490997904,1.064211559874892,-1.4135275227888253,1
-1.1256690464210628,0.7969359487140807,1.7034086621027076,-1.1854402316920962,-0.013040605480095849,1.3513113153189147,-1.2444245831641747,1.0117126143446165,0.2425325046740499,-0.1635757880661843,0.39027821708331945,1
1.46535374580013,-0.12282281728014173,0.6461723037678347,-0.5987496845374516,-0.508676026840146,-0.5111106197135199,-1.2576708658414861,-1.3801622706421923,0.7615765027758784,0.7980466580715867,-0.7340903756701419,1
1.723487127392403,0.25936723449983773,-1.5923222556464698,0.7929963119740656,-0.6148105076619945,-1.3007947799780062,0.13671226210162646,-0.4529373549593369,0.11453350743466008,1.0056795255160649,0.8473951456692161,1
-1.5402406455425106,-1.2002456140965398,0.5404915391101647,0.16743414508238783,0.9936125013092447,-0.6331901251158982,-0.19033164613070366,1.7239182235552768,0.6538137627392422,0.8434003261147134,-1.360511225482126,0
-0.3089747211506951,-0.28269727276062095,0.7881337622582887,0.5118224633912617,0.5368379750418337,-0.97034859369974,-1.3222332655385076,1.6557840511162225,0.6863369220686794,0.12607119616036636,1.4119503737338517,2
1.3381609571024535,-1.6970678369575072,-0.7775760446101111,0.2151534407226596,1.0006414265756334,-0.5876685179006157,1.1005960474500571,1.1480114275675612,0.749332692272696,-0.13917589563672061,-1.2422415306513632,1
-0.6664320974817902,1.619360010277341,-0.6327403732672813,-1.3860659853577773,-0.4137383555171186,-0.2754786291529154,0.4860566368810107,-1.706776882913744,1.3631944892236871,-1.3035477672990914,1.2923458448095804,2
0.2943808312034974,1.5429671492042223,-0.47885360223383433,-0.01369991999183972,-0.059971514849363056,1.3685851460095284,-0.47250099118727246,0.015923346378667377,-1.6778578133578512,-1.561694819425433,-0.30767617751901905,1
0.5349165316090664,-0.4382180049531896,1.6091118629522838,0.5691584840556367,-1.2116810540752283,-0.8136122961691096,0.8912051928574777,-0.15141813069573484,-0.8541773186875578,0.128149256551804,-1.7103813564621053,1
-1.690199954788032,-1.4697032055830668,1.6332756134651878,1.6325021823095136,-0.808667380292045,-1.3000502297752667,1.4267275590144086,-0.9970510797890294,0.40928295762881056,0.6874245765673893,0.022846340955925356,1
1.6867080909991843,-1.0999205483513996,0.7825052816477411,-0.04828214162235263,-0.5036787350215027,1.5797176718583887,-0.4497769497472428,-1.1229791295515381,-1.6412253452587555,-1.0383526270117904,1.6658566558060532,2
-1.0204018677302198,-0.22510470532529273,-0.2019542079471218,1.481431071861018,1.6951464159716656,-1.6667663960729537,-0.878503172861657,1.438434653728678,-0.1361671846698814,0.4636867410892694,-0.5834132821587423,0
0.7023198414113035,1.0052330852833289,-1.420453252837606,1.1470583869404356,1.2525610734911938,0.9498199570732574,-0.5983096295992189,-0.8228050335366848,-1.5981604463651202,-1.3270644840621941,0.8489376565349093,1
-0.8836696965028792,0.01651004108355061,-0.01624424716183809,-0.9368942664511801,0.44542654178914554,1.489768504622744,0.445231491583434,-0.08980541189841972,-1.6114581447660965,-0.9115563087942367,-0.7321590633661341,1
0.9777121519793244,1.2335989345947533,-0.525141824826041,1.569220066350936,-1.5164407076370816,-0.49183615584960444,0.7678549024484602,-0.03587880954080412,0.8784456834608502,1.0074631940187155,-1.1379566279803213,1
1.3719437250767756,-1.742538305448598,1.4137559068584344,-0.44866231814559626,0.6129602625285846,1.3177324773393004,-0.5998544947460555,-1.3868145603774014,-0.7036602477661749,1.429638479709202,1.5277266348766996,2
0.5205687645444085,-0.10533554642471193,-1.5429529236183297,1.1131936187712679,-0.7626906256095382,0.9100234735209548,-1.1196778196052612,0.044093779651717534,1.4798051887066912,1.3670022760772857,-0.19047568402576,1
-1.0147307279060016,0.5527657216044491,-1.6147595340623861,0.8959730678495693,-1.3655397528367823,0.6193497738583632,-1.0058755538492472,-1.6339145479721728,1.184172471341737,0.07181650277391513,0.7020017362669726,1
0.22059114849222475,0.6988121252293084,-0.36139042784590897,-1.0955310595656433,-0.5783109163991873,1.122271109741162,-1.559853762274153,-0.7751170464191433,-0.3655265275720346,1.01892716051148,1.1771479078738682,2
1.3926610722722617,1.6770619956956159,0.21997970908044556,1.3121325287245789,-0.9970842187662772,0.757522170606557,-1.069928463056774,0.8991352662832663,1.7587888308887871,-0.38248213313421175,0.6096574626378086,1
0.6875888266514678,-0.5595758897968532,-0.20465575485789245,0.47056572403667934,-1.2483063540982329,0.5783141902958031,-0.17730617140272034,-1.2961766948915743,-0.7095573617557938,0.39441806137468116,-1.367909796880659,1
0.7595251466759364,0.21859200635795067,0.5159940893728454,-1.0159297325402525,0.7380993729083158,0.030316694348925984,1.221794871876573,0.3266908194110265,0.6546575581369551,0.7955356684319329,-1.5477174234011304,1
-0.07170253510592628,-1.5489093918168806,-0.29081865905698945,-0.013068799504421434,1.383837523437914,1.595233111569188,-0.4950940341393295,1.6790260645464872,1.0950760792400456,1.502162787370376,1.6143997283991263,2
0.7190032568021678,0.10178323027806274,0.29512496863959037,-1.636352599902161,1.329084139228899,-1.352943462641563,-1.7451352300200742,-1.1952863319551605,-0.6585687975245805,0.7568144764714781,0.34305708882922964,1
-0.02281919678749689,1.1547955401590044,-0.29624520019032,-0.48796269924858054,-1.7218606823517086,-0.7285778946654373,-0.0763185758162973,-0.9304128401502025,-0.5951315461815267,0.10058032202539789,0.47224226126293484,1
-1.207844548240084,1.2911883008609253,0.08785401154647521,0.25729746942592935,-1.2232727038059468,-1.483090902864649,-0.7059973654853825,0.2708721273368969,-0.5626242147769609,-0.3580649235348194,-0.22366372928441763,0
-1.2896873546695007,-0.8778971581695549,0.5212180317273882,-0.2366088863549517,0.7769521831620189,-1.5144924750526632,0.4788743548896784,1.7174549023806596,-1.6210452846261332,-0.5648319324828652,0.019610851472760683,1
0.2980736816683121,1.3530277976801939,0.39749991489480285,-1.733059316555734,-0.0004335001946003654,0.43369161736001166,0.6157400555130803,0.7567965215186488,-0.26046383664145084,0.1775724595281627,-0.7688367017977992,1
-0.3489965465265415,1.5474190051983796,1.423608121774834,0.997548471004778,-1.4711740793875017,0.6018622532874763,0.544675931003859,-0.4266781240992284,1.6158088477859942,-0.9770152111245225,0.9750143267564307,2
-0.12674845969106155,-0.37557357972842403,-0.36978576678478003,-1.6340335375426607,-1.2580908996866402,1.2770358571018614,-0.8260264150099825,-0.38096074682098846,0.907572071049287,-0.9473855333766074,1.6561703902735883,2
0.6621182252031839,-0.056211300835487886,0.18581300739710566,0.1455982180907499,-1.150136248199571,1.3067609350561797,0.18452961329429884,-1.554685373325968,1.7597689366538865,1.5370915191164571,0.3587099061416946,1
0.3185566632900468,0.41549541593555145,0.025920213410736893,-1.6063693737655487,-1.724850209716173,1.015666649459875,1.7012362878453864,1.4036656177666191,-1.374784923645379,1.0290923392595959,-0.704904975754923,1
-1.4378283752015155,0.8900443530708283,0.26061347730808554,-0.4220786364670392,0.24470638796613542,0.023312293052932927,1.1127472963827416,-1.2694685743540461,0.9304497623491564,-1.1653394340985592,-0.2624637769968555,0
-1.172307850923657,-0.9553992470574205,-0.5395496716104425,-0.6187753994024282,-0.08320321030332391,1.0028731321634494,0.0111793182214201,0.9907728127783464,1.7417869605486491,-0.6293557076370042,0.8944591602914262,2
-1.177984119591526,1.0419124362831096,0.9650930834693746,0.7243999376869141,1.2699280264694282,0.5428761613263573,1.441903963326189,-0.2077566343976208,-0.6284318237304679,1.308210484169529,1.60683764182244,2
-1.3909532829133677,-0.08405190861524009,-0.3579229834207711,-0.5171935147287421,1.203802633427668,-0.25857260970030466,1.343049720851525,0.5642126029472924,1.670370239348247,-0.9417228188099398,1.2498937987196546,2
0.497927646924025,0.7720959385679809,0.7370885507467877,-0.5928040118038962,-1.746596742699944,1.2306086792675475,-1.321736719819837,-1.0963223361390313,-0.9023846143465352,0.4865280882251548,-0.7549422747588407,1
0.35420648504212043,-1.0451432032494645,0.45793977372319367,-1.2501505983387367,1.2018632144343173,0.3315158116078292,-1.3795494405988507,-1.1603209677453536,1.4117203663415807,0.7924012606748478,-1.5000613565011771,1
-0.5760158514986197,-1.2256525852914253,0.5728862172037255,1.4562985937775137,-1.359549772647886,0.44929594773822246,0.40285057984851813,-1.2555526597524602,-0.32037761723961716,-0.17588829588545238,-0.001891066348951278,1
0.2222740243919775,-1.4518150850755969,0.03713003494072712,-1.4931466826843558,-0.3631150565706217,1.2934187663803893,0.8107487907304137,-0.08468726986775481,-0.699977944514158,-1.3255752074483305,-0.3574997891386022,1
-1.7315198551514561,0.014620339639808692,-0.34340887559989414,1.0347236496194214,-0.6054110176427001,-0.4480016672436683,0.6345974340602749,-1.2699205994167262,-0.05629076459942572,1.413845220734276,-0.4088236697956324,0
1.0036381337838958,-0.9783138306650006,0.8813556630759228,0.30458323210542415,-0.3086560712955486,0.8821085511165765,-0.5814876293625836,0.2498542549355655,-0.41046821966310576,-1.116089402821487,0.8844330368767253,2
-1.3098274846203528,-0.3743166090942044,-0.5184673987633068,0.9681990561601727,-0.9395746502702973,0.13112377466514089,0.8435529504733457,-0.4216923207741412,0.8194225238482729,-0.04491853971509468,1.4159746112066511,2
-1.2384746191736395,-0.8379167822234901,0.3524194048928401,0.9849286359580371,1.7311168666239527,0.35546866803810956,-0.6698968378952963,-0.015390839601051745,-0.06123029249063004,1.301145078838641,-1.1987072567404589,0
-1.5662026396222588,1.4113987973052786,0.7509642743852464,-0.36431444570335053,0.5521150956307745,-1.2080158146759985,-0.7931283054310183,-1.1717818650278042,0.5749700857082004,0.37557698049231314,0.2832213750661455,1
1.3848071785224942,0.5424065238182736,-0.6868307252318402,-0.7589028889719249,1.4072389078316867,0.7340839078617086,0.19457384414614684,0.35974651476978575,-0.28316350944976987,-1.6004333285558165,-0.6599586896754523,1
1.3108699573334037,1.4818674974287616,-1.350591747318468,0.17455779000827984,-1.211466719745611,-0.7577622971491782,-0.580296839766354,-0.47378332382427696,1.4082470580464785,0.6894680026189697,-1.7014234814829816,1
-1.376197299610065,-0.12159221927844528,0.9433009882237886,-1.219946917170116,0.29839971568111073,1.2482410054438096,-1.0788596596137852,-1.1513524469247736,-0.9381957534731957,-1.5096567237898486,-0.13740921102239614,1
-1.2515055697383186,1.2743152689943318,1.4809408997672033,0.43033566889482644,1.272046676436025,0.11677626766889262,0.6201841338606502,0.7344188995019129,-1.4010745868429961,-0.33931042850209464,0.9174097368653067,2
0.6621611956159624,0.7596673337420893,-1.1193014585739394,-0.14460540078806522,-1.3592388019056025,1.246932311269727,-0.5798284465958201,-1.2777291200245995,1.7602640103742366,-1.2282700296192626,-1.402810091714791,1
1.1065429276947083,-0.9411635334880506,1.534758352463862,-0.33011102588668223,-1.3377734838631483,0.6722835453652399,-1.706307868766468,1.5910670875298343,-0.5767235935981059,-1.450224196594732,0.46651221415625016,1
-0.8872941268916963,-1.3928378884994301,0.34054560282126,-1.3380071056050402,0.6109603828016508,1.50004281192342,-1.2167271912961217,1.3267373301616268,1.7147994908453958,-1.1041405555707204,-0.5646083769697984,1
1.3189525536010185,-1.684720327318282,0.6713525539622449,-0.49850777563449805,1.3583787085657058,-0.44108873094008605,-0.01278485092609398,0.40323083507353286,-0.193826279295597,-0.18617469482306873,1.465834831014521,2
-0.43949332543109826,-0.6344636628656581,-0.8500389289601572,0.9493014084261182,-1.7116796568816486,1.343042698076099,0.2654694293808614,1.2746250503372525,0.9939806341313832,-0.06801964439990985,-1.5313045324188983,1
0.6538724521491083,0.20861558881264125,-0.7681293710068502,-1.1275124764336524,1.2199910523604645,-0.6986244426086475,-1.5937393924111518,-1.3120500720353332,1.621645617039211,1.686019180502822,-1.5664002210146712,1
-0.9914381410920393,-0.9025237233841671,-0.16123591997645273,-0.37683163416661586,0.8448307609185667,1.0813234814020316,-0.4615166866441298,-0.38920259383447303,-0.7248066669994172,0.539657165566244,0.3978206906346453,1
0.8438442806488311,0.9411753838776472,-0.2898359428180758,0.4614203492258281,0.29561344821034047,-0.7203279425229272,-0.7723477943514794,-0.3173090630029502,-1.5602178989000604,-0.2395635297130876,1.0455875174388323,2
-0.04063350110140067,0.8602689635047523,-1.141162388607089,1.046738418047792,0.8431056113388593,-0.11672389974241115,-1.0258970500438789,-0.3367995700014423,-0.7790263621356649,-1.5468540047965826,0.947870859540259,2
0.05000428562682234,0.20229243922133028,1.254991885290831,-1.4900038202723733,-1.2373931370355928,-1.2514008623143202,1.1597696708391008,0.09393064840729794,0.43277755926747985,-1.5370524866169684,0.7270956510591698,1
1.0564810752664628,-1.5310355184695252,-0.45600259208843297,-0.5810068270031374,0.13876993103120971,0.29794827058921175,-1.649928384560318,-1.265842528209867,-0.857403108140479,-1.0632200830293275,-1.6103597055946324,1
0.5175027680040613,1.0301637374934536,-1.1524336523428782,-1.660373356369957,0.7984484001562258,-0.21104147247057434,-0.9243740963139158,-1.0510543781234374,1.3122258320499665,1.481157060246927,1.258410330016158,2
0.05526528268950682,-0.41800593168146993,-1.1492179886785645,-0.23073203545627807,-0.46249999457174346,-1.3340865617578126,0.4423341436461588,0.5862216697546261,-1.6990665628751525,0.7322240951727993,-1.0427952237184368,1
-0.7657572200871638,0.43174397244257545,0.6139886457761962,1.6275831292613556,-1.1624300691848477,-0.5903932047028393,-0.742041222276914,0.8195021909123864,-0.5643819549241104,0.5614421653364821,-0.523097543177703,0
-0.3177867065763194,0.02451895625498874,0.14566292325964672,-0.5937997256980718,1.6008424648962525,0.6321601884135969,-0.9605605259953136,1.3171593067810936,1.0198065614584557,1.159057699574092,1.3472856636616821,2
-0.3177353685755022,-1.4684751295307508,1.0009176796169343,-1.0657884368025101,-0.4046777771789391,0.5270818304880515,1.1841053555191474,1.3753500007671051,-0.4827617756103004,-1.1994715760279226,1.0415253872799113,2
-1.4277199063582227,0.02280998900325754,0.669088950685224,-0.24985496507321697,1.500595439711309,-0.39551779207656806,1.2968010535270582,0.054557534323192325,-0.7795987634354022,1.429898237258132,0.09392361326681532,1
-0.710656057270097,0.38151912455750003,-0.9199687485300799,-1.6309533429542913,-1.3137664930629291,0.7252666092190828,0.8938365871780971,0.7760589151831081,-1.6043526174847993,1.053215156970201,-0.4782626768139355,1
-1.3497626945939247,0.18051487645025757,-0.39264250999366945,1.5013165459670827,-1.2967280744528078,0.3293443550154547,1.1755663621199473,0.8585390733996504,-1.7346504676446468,-1.582804449568454,-0.4048547145964866,0
0.4150430125398366,-0.10448978939665418,-0.7675397644185762,-0.5928338210156027,0.7270796030465417,-0.45085367468602616,0.8005921533288951,-1.265101610107674,0.782782552031744,-0.234195207035207,-1.654512468703387,1
1.2655595818012901,0.08024875779761169,1.1254873537804821,-1.5227485735759878,1.544991882165337,-0.23966067608427954,0.6271167719194951,1.5639418990250855,-0.9515143931645446,1.548087922021148,0.08196079173245718,1
0.9060137666417708,-1.228662818416829,-0.8974379051312615,1.1917245622338348,1.5058667797919698,0.026368952454108648,1.6343937881236232,-0.2589851093832857,-1.1264217783834352,0.30213486282492097,-1.4866199627732306,1
-0.7958540852604671,1.1556134143030725,-0.4839981238163901,0.021611323219561236,1.5831645921918787,1.453928210927359,1.7031347936737484,1.3551946696698756,-0.20527770185893754,-0.8591891869300079,-0.6028786007398069,1
-1.2282300460468267,-0.23391094069069632,-1.0124364138371045,-0.5793014299541819,0.5609275484419923,-0.605948840561045,1.5746925688474906,1.204245161429592,-1.7328512223054118,1.2760871339518887,-1.536174060219439,0
-0.347932592666453,0.16505176545932343,1.729587088276775,-0.49047122040259966,-1.475159728404097,-1.5522122036616186,0.9357846203059715,-1.470468964477294,-1.3671522591986913,1.6079187441246237,-0.15153949350478596,1
1.423571030343783,-1.3469844286671728,0.8523822571438178,1.19128127203399,0.601618651754167,1.552901700348876,0.5759293802110738,0.8705912604966244,0.35498156078005777,-0.9704000522117793,-0.8518462992909248,1
1.4125531240305333,-0.3973765778780129,0.6201671238212298,-1.3214604977781552,-1.101312146688057,0.18523114143710082,-1.4512760632239614,0.864083309730666,-0.4843258438682685,0.18633494751205812,0.3785475720230513,1
0.8625928505733238,-0.49505020070922584,-0.6988603986228634,0.3126982888634349,1.7176690600866844,-0.13333189607008808,-0.12677996575879247,0.9033230543093784,0.25295102486237886,-1.1422210122438154,-1.5654490224442732,1
0.9848286685575065,-0.8085319465895356,-1.3654630182247989,-1.702448668825257,-1.0314737183840863,-0.014937409618109779,-1.4331806568442553,0.4694996278052355,-1.3524020198977134,-0.44241685825725924,-0.39997011488928874,1
0.09466729345351638,0.1524850613616793,0.011560966032904884,0.5428352151669188,-1.1387841707372115,0.3419313279372075,-0.09419346838480329,0.5464758858590191,-0.44042468918902494,0.7564508159029765,-0.39044178674274943,1
1.3027303003406103,-0.7401707678724788,-1.5391463410504223,1.033093704588172,1.0704658119532542,-0.8109096300544669,0.7770310195088971,0.06877042398506306,1.5285704218087008,-0.5399644764653281,1.7187344018707766,2
-0.018369069653440095,-1.6595480750075893,-1.5067432021523313,-1.0756605243604913,0.27194654418821457,-0.7295663733236432,-1.20936834773764,-0.46946717895449264,-0.1755000051072768,-0.3962319660575575,-0.3823169120998564,1
0.6890827604040014,0.4645170487695623,0.2912686277373879,-1.1881449794636465,1.4526531719145852,0.8640058156719926,-0.943010691628424,1.19801077926052,-1.1328715385317225,1.2878108579935827,1.6066570546907297,2
0.04245488401698581,-0.9290852791023877,0.8772201558589806,-0.0848747495474913,-1.1403143577139159,1.3435997600715217,-1.2714685856508972,-1.1511973955468324,1.6326271228886584,-0.9163877992043291,1.4477237605947804,2
-1.0293774986869437,-0.23685572412732314,1.5804710192292768,-0.6609440934397848,0.27235471428407654,-0.13852781815051451,-1.6368641254960727,-0.9866162471766959,0.9540082522631321,-1.293018927982474,-0.5926513137946587,1
1.2448766094340684,-1.6705163586687533,-1.1376132343141845,0.4136041861180641,-0.6431459528908416,0.45982426829757966,-0.78828870103772,-1.4297185985018848,0.11223816792066056,-1.2086496760901055,1.2276748134722522,2
-0.965612523159536,-1.4209619210380477,-1.4020349781421504,-0.37913454196563523,1.018862111066878,-1.10177782900132,-0.3552391546248436,-0.5646435698840621,0.11457053017368414,-0.26195463043082823,0.6961977362917501,1
-0.7067565143265144,-1.2197329101194199,0.14100722910681157,-1.1750792316574392,1.0202019018188937,-1.080987066034532,1.2451027251266022,-1.7007827639330093,0.5130177887892212,0.34542778764653864,0.3688730833810589,1
-1.6049172495405293,-0.9734551464225929,-0.9115097989421574,1.5344908015773076,1.5308097860776513,-0.9160423968495157,-0.11001195465945783,-0.45873396341050043,-0.2261832459438277,-1.5690199823052509,-0.03899544428133466,0
1.25227098702467,-0.0019432247082242708,-0.29160635921709116,-0.06525596040138758,-1.7305857074021929,-0.5321415756905497,0.8412421581122943,1.3136033637934694,-0.5928524656110888,0.7749975048965575,-1.3805506517665649,1
0.39150110945892125,-1.3770327589332034,0.6191490219811819,-0.39387876904095853,-1.7394094572699004,-0.8175162243243308,-0.8379415031876449,-0.2649154845287619,-1.1762972969070025,0.9629753844720212,-0.5402457603034863,1
1.1017779916797346,-0.7649412577337076,0.7800043340525159,-0.10498748839530128,0.6359822552834051,-0.7963812014252559,0.008365057512580196,0.3091425280584883,-0.9241171815493824,1.0661510829069005,-0.25978351519318627,1
0.943433923259186,-1.157482896245568,0.6482195441853981,0.17140406126686705,-0.6574498797173677,1.0233423681772784,0.939213516023938,-0.4376680385434447,-1.0072873934567939,-0.8508596281943287,1.6764639656241522,2
-0.08622884274724535,-0.28294639492661866,-0.39634338781805706,-0.9631255223491794,-1.3901526839230185,-0.8990294420813933,0.5159143746580281,1.1807164704486581,-0.5424978546216419,-0.04048534421336103,0.8294564702170072,1
-0.08459327570124583,-1.514900705030353,-1.1681754599045198,-0.37712706034438176,1.6115938592937655,0.6453036814371457,1.3343665610101714,-1.2148650905488594,1.7469643676550144,0.0919736885708603,-0.03701958992062154,1
1.5625144048048463,-1.6083294368361156,0.46682866927048094,0.04818976881716152,-0.08572107036248973,0.6126675028121776,0.9509014954047172,0.6219202412713429,0.34305051051041513,0.25596728779514794,1.4522698602177249,2
1.160430765524285,-0.9513287571438138,1.6792788867091912,1.2569594016915353,-0.2192470773360036,0.7908668475462056,0.2758594641123101,-0.9761257219720331,0.6123229755103173,1.7166013025968125,-0.001736137759583857,1
0.34976308630277014,-0.23975380748978403,0.6758795584269753,-0.18312197805224378,0.36682096760519955,0.18183499825767838,-0.10477600995270153,-0.8661163235598884,0.3524916717945598,-1.2894689081471014,0.8799484744734117,2
0.24621951237170964,0.2416048212838523,1.1960616753941151,-1.1316746482953548,-0.9629034487406853,-1.2634531081991511,0.7277747719385048,-0.18638015318837545,0.3988976393048048,-1.705998796440849,1.732338315989151,2
0.9119789713362887,0.8315611946803927,0.9371514530359557,1.2758155104675437,0.30942700603023815,-0.55187563375507,-1.3212738843528413,-0.7370605695863858,1.4518180170795734,-1.6456138248996568,1.6683292513089878,2
-0.2823222732624667,-1.5027796391985264,-0.7459836153376611,1.297109658768473,-0.4730164080525024,-1.7076769403835828,0.1713416733917338,0.3248700606978534,1.601084131504066,-0.41986990301016075,-0.13913350276506983,1
0.3333907616537599,0.07811042402945817,0.06843835644899834,-1.3384047594817625,1.3541270183401422,-0.5475907128628246,-0.6503730063492903,0.500822329446616,1.158922483200602,-0.4962905739052802,1.54213435143895,2
-0.9085153758306446,-1.2780206483282077,-1.6036511799699196,0.90137768395372,-0.5746881871779284,-1.4483218836598237,1.0916756396998921,0.20165056511823923,-1.3652383765249927,0.45973842634553785,-0.013835150969243605,0
1.6151525929063646,-1.375526431622943,-1.0321975234255913,0.46133288900171676,1.601416674295258,0.681056017086332,1.4247126079035275,1.6334688668537776,0.7542317627005259,0.5459606154202715,1.2748681854035677,2
0.42874843219238284,1.5306111214952447,-1.2812046545402136,1.65053707739702,0.8621854796526061,1.0534914746507615,0.1551016283128038,-0.6620954721253431,-1.3372433253816052,-0.5910674449247656,-0.894531562018948,1
-0.36478566733054923,-0.9673393258269991,1.700623211957634,-1.156531390777223,1.5433984725958716,-0.0491246331498679,0.17161270069189247,-1.3897183913750375,1.4416989753898313,-0.16819947243713307,0.7944824354338156,1
0.09430601502637757,1.431661371875053,1.3217271607448309,1.3923815656509089,-0.2927827412810402,0.33061057517299963,0.9327453531677189,1.2757812930740016,0.6970363530356886,1.630275210502507,1.1723773457448081,2
0.6387306808412726,-0.4223876267338324,0.13781116903474935,-1.367350185268082,-0.8830923108701206,1.3900129520631574,-1.481682787695465,1.5229381473240384,-0.43780972493890247,-1.5619199426345054,0.3053875981687976,1
0.39718403640226096,0.23032315758531954,0.9491451352264152,0.5299755509497232,-0.9708418373672434,-1.1494576540009318,1.1525720696691906,-0.13486723333521158,-1.7128570352997903,0.5235002460228163,0.7442084083656546,1
1.6135817073049834,-1.7618574684829056,1.3982967511761162,0.011866122034279869,-1.151296209031692,-1.4865325372853293,1.1314624185377575,-0.05228878048986465,0.7650595453807941,0.27548373830473316,0.7195339484356406,1
-1.2971868566998157,1.2778209057593033,-1.3524084741982194,0.9681126379827844,1.254591630511665,-0.6121550439164798,1.2358751872596248,0.1315092681104749,1.2704968780245578,0.006063208554842255,1.7211576244881934,2
1.5075898742154559,-1.7388376089799107,-0.30655898285007965,-1.038156629986696,-1.6199354304224562,0.4617849754023551,-0.672155514551793,0.5033276510003469,0.961503835808201,0.7376443693604658,-0.48467748692386653,1
1.235685201759914,0.636637434055271,-1.4936511717522414,0.39817980627908867,0.09927210080619392,-0.7509376422076764,-0.22748847326699004,1.3518079446369384,0.5893004545113423,0.182317364088612,0.6601495506658115,1
0.7013569794499325,1.6506815291981607,0.9435914756977934,-0.20002846565793284,0.4547029597017156,-0.6603977140593755,-0.40140441092307827,0.15223536484361816,1.1227720352088453,-0.012881775347097625,1.1457075440861175,2
1.1612660131756012,0.024743007400904512,-0.9945089445543599,0.6927923667088953,-1.0929610768801472,-0.7568203166219626,-1.0155954476315954,0.7163401752428527,-0.15711960168404449,0.45831841841138876,-1.5165306257688023,1
0.8379370953618281,0.4260403382239529,1.231798714449667,-0.6329159820529034,-0.30628953177565715,1.150171505140753,-0.19796685120330315,-0.028959217852590903,0.9340043876195884,-1.538888106629405,0.4772314009433572,1
-1.5426731390772963,0.17951927856674466,-1.2744266798932258,-1.3740026352889878,-1.1285931138870282,-1.205569295555692,1.5003498718715171,0.08078029584691203,1.4225193689853353,-0.5894223137815441,-0.20376576879546549,0
0.26815304796154443,-1.2573313951905005,-0.18668881608748836,1.423214377298889,-1.1731962161621345,-1.2412315754342813,0.8002264486052888,-1.4872921145529707,-0.5888441705583294,-1.5727258566699813,-0.6112040141166459,1
0.024858099070808985,-1.4016757170944254,0.22024383615181012,-1.3630543632683574,-0.6513287143449564,0.5805879607448554,0.5598342876451106,-0.754680689717989,0.14345909613388355,-1.1375453763630807,1.399719758834359,2
-0.7774931981574519,-0.6332760652789516,1.2000256221013539,1.0864613430342211,0.7260684562308403,0.4070176819866682,1.1446383264044635,0.9247103381975238,-0.32880723524461747,0.5689924514253721,0.22451179591279413,1
1.721073682767035,-1.6911932982271385,-1.5200438248475079,1.0196390507394075,-1.6370494664532171,-0.7722341447895029,0.38499397661887863,-0.470452237393487,-1.1005552024609302,-1.3508582755441552,-1.4377984235173595,1
0.14132346087001305,-0.816112947994591,0.6799196563315723,0.02772957844226058,-1.6481300585274723,-0.44412254235494286,0.12645983745636033,1.103717024127467,-0.506041633845244,0.8714021898893357,0.2519017575653317,1
1.624603676384381,0.4898561882064175,-0.4394766967932644,0.39528426931179633,-0.4998872500618418,1.1403254325074306,-1.3554421835482025,1.5991848243541662,-1.235530635011423,-0.3777545457436911,-1.6241915866643015,1
0.8339898056469232,0.3337145269063371,-0.5218288876892615,0.7567266389716921,-0.18163132352389255,-0.9982196352042135,1.0188447559401084,1.462287512767663,1.4629264028194404,1.2158753341099828,-1.2701437102488362,1
-0.2524035638570792,0.4693327357212789,0.753843951353893,0.13335788527412798,-0.7080081210736182,-0.7515375890310185,-0.014614692976288236,0.8355744629008648,-1.0836334796929545,1.3535814693825843,-0.8495495019766868,1
1.20057667269152,-0.9796298804302895,-0.5685508123849105,0.555864636096805,-0.8801833494543925,-0.9106945363131592,-0.01013978058689026,0.6431556373655012,-1.469708271446627,-1.1604213578388234,0.38587921689582116,1
-1.3368768645741274,0.30902985507252195,-0.9971455274789846,1.7235000006900763,0.4155453363891304,-1.2988425029331772,-0.9680028157670056,0.6100650031372683,-0.09608235461816046,-1.2347466511725766,-0.9299585812463863,0
-0.8931383683667283,1.6822276967981327,-0.6406119763010628,-1.325353177026953,-0.4667050128771514,-1.3803845971416344,0.12182637863488241,0.7303903378079234,1.2624467921140998,-0.10556326880521667,0.6692135921833527,1
0.09641518036297216,-0.5084650851608085,-1.5446915798679246,-1.6198020594370564,0.054813782385053064,0.16599879733472575,0.9451011747577517,1.183830827048631,-0.7890087772598828,1.6206641811921079,0.7476831739658321,1
0.6403855793571697,-0.598345519501335,1.1847004887844532,-0.824424358411761,-0.33936741893440947,0.02834909039563339,-1.3599254147607813,-0.9200691350559638,-0.2810212098343377,0.759273514601346,0.06572008977924532,1
0.050951118379666496,0.471520305711591,-1.2750627653390787,0.5466119767980548,-0.1799769855542613,0.24990469651680025,0.8031091774326489,1.1416080131425173,0.19592456887142376,1.4416565956396832,1.4557148485053286,2
1.547579026311756,-0.7627698063551732,1.668979144778715,-1.488609107413625,0.7027812775852843,-1.4094557012160558,-1.137915199782964,1.2904200741431817,0.33003486459303716,0.7096425055858435,0.8661341889297869,2
-0.5030124642815976,0.5750149343000176,-0.7752095548871197,0.343060097240587,0.47695080285782177,-0.6326058991004389,1.0496189827951008,0.7263519719095176,1.703448930541813,0.08042313622845272,0.4933843800716248,1
-0.26314604808294567,1.551280999197094,1.553703338077281,1.6247070209547767,0.23135958439679388,1.4645920163540627,1.3725457748711332,-0.742282994341664,0.7931655417949397,0.47106385547887303,0.9870874685042693,2
1.7300580293986678,0.3272948262944521,1.2175031877993638,1.362467472219802,-1.532610097860428,1.1167697077393242,0.969944299625124,0.2290620099126821,-0.8043484219012232,-1.1184445379317831,0.514439411323321,1
1.6396749289107893,-0.5723106031441196,-0.1343481601418092,0.47381892837678996,1.708327078317959,0.4451035893226103,-1.5877407974431763,1.5250450196140035,0.7597546634368992,-1.6027365121563266,1.5060110052372704,2
-1.3505103256207098,0.10983582466603964,0.017866250309845795,1.2831864932713992,0.6298828404089117,-0.6800122167670504,0.21379940820560303,-1.291135841010273,1.6949598573947238,-0.998869479574475,0.499236911725903,1
-1.2373151190946408,-0.9195353061945039,-0.8899124488695257,-1.3395064961073964,-1.6679367606827702,0.3183741385994068,1.2813593380504942,-1.4224842966663207,1.166234147537592,-1.621854667757553,-0.005431142381148845,1
-0.042615823751969775,1.4773501654765864,0.947173898201064,0.9548706518176389,0.19151322859466152,1.3955074280216966,-1.3495756983768508,0.7352443698401753,0.3012357671608236,-0.5875347422593216,1.4374131209097123,2
-0.8095200682676053,-1.3291864164024083,0.03311439969462694,-0.4085026690217865,-1.0087851367721723,1.7431114116648554,-0.5798118791060448,-1.67700123476254,0.7337633492922534,-1.3466155689116366,-1.1980759120928128,1
0.2330485637247273,0.15525846047062758,0.9307274017903423,-0.43775352538734946,1.2879237498589637,0.23339859765314888,-0.6076546291450671,0.05553299248247123,-0.03738532741734121,-1.6165902480992442,-0.30054287237574995,1
-0.5287888721661058,0.988323557231705,0.019209565650212434,1.4793090536165596,-1.1676332004276295,1.4712618407271632,1.1973480554557057,0.46026979123608375,1.3650876798206066,-0.6770991451302841,0.12152149951584755,1
0.5801479581639595,-0.4945886486847082,0.7725218300936078,-0.10527038749889128,1.254540577166643,0.33782922080509026,0.8750329744016097,0.8157302166993913,-1.7472256146227267,-0.8732853632519266,-1.451884516481852,1
-0.05154521386035015,-1.7669450639066842,-0.30899621752084755,-1.5400875173505775,0.8763206607930929,0.050392330941808346,-0.6097050425173105,1.035118064997326,-0.12235772138510327,0.905880675217272,-0.10182471864330382,1
1.2035565415663325,0.39912114217777955,-0.4006167659321206,0.9246060058796668,1.0488417525119573,-0.6159605798532896,-0.6321206718275647,-0.4484861024097921,-0.8735882775537037,-0.82498777632093,-1.3449951059650336,1
-1.6319151167010602,-1.1352560149985933,-1.6041211165067255,-0.8127089856698514,1.7456728083524724,0.5091099104847152,1.5647422760642062,0.17212290119847415,-1.3814841065372585,1.1415673579461585,0.30005937549341966,1
0.9191815128009093,0.1945237365493114,0.06017901852326877,-0.2631378958921453,1.3376768840790794,-0.719386227542461,0.9023844114483167,0.08508156814094367,1.5683479277617898,1.2939238189783953,1.71079334654708,2
-0.3650046154410634,-0.7455558374174339,0.3094212030911919,-1.1862800569250047,1.594725758294714,-0.3323457337616702,-0.29711966257258354,-1.448838793374792,-0.6726404833948757,0.7533683596556773,-1.3499620845673257,1
0.316766751680569,0.5343397840063312,1.227548115126178,1.6032330995144324,0.7148417925921354,0.631989069719612,0.34654065384104366,0.05613093546931486,1.6572523653364746,0.5986394463432159,0.2464304983770062,1
1.4992800475989894,-1.0793511806203646,0.38438647038451307,-0.1354378616761793,-0.528174203571824,1.5040547551239396,0.07106502238873796,1.3913040858396317,0.09305546878041455,-0.6750557190787038,-1.3139655860172974,1
0.27221818357302013,-0.25081973999649015,0.24761937984488422,-0.29562654971617774,0.8286549516662438,-1.4082680405887655,-0.06399625209939454,-0.3538860592539187,0.13806402140928492,-0.8830695642616122,1.6369904745456356,2
-1.2926927155382248,0.7474400160668588,-0.5119959535866373,-1.0439298893257405,1.0049503414597567,-0.8824446731623117,0.32463978506915053,1.5929212771701322,-1.3400267946222193,-1.5202028802763947,1.3921686149226498,2
0.9097353975932103,-1.5952179467631356,0.9374902914574459,0.7287148593191439,-0.8391859143500102,1.1294980261544425,-0.7191361199239293,1.4111418119528645,0.06816419029155445,-0.1548825687620035,-0.07562215307195383,1
1.1055643433303786,0.3640593480802673,0.6893567805601207,0.2035013320142671,0.7154442321019897,-0.835749775504145,0.6877143181834302,-1.0729179676971707,0.6317379778263896,-0.32511034916060405,-0.22987777726947495,1
0.291335673802963,-1.4031361105079703,1.2571068841445734,-1.129423286613718,0.8427905879160243,-0.9844998207859156,0.46848474789686984,-1.28187139845379,-0.22214868984083422,-1.693530434092223,0.08309932802916385,1
1.655006739543184,-1.4535757580630932,-0.5175155447930575,-0.5737395864443483,1.3880649801376104,0.47019027625485055,0.74045195278137,-0.5460288651412923,1.0906893215137068,-0.5962972302432169,-0.8875392828702766,1
-0.6815993811543906,-1.0359973114214003,0.237409893906455,0.8422572422011863,-1.1769712550424047,-1.2739873543499973,1.1414619269206856,0.3496580726776461,0.6950233240512314,1.5309266066218588,-1.6716128941325628,0
0.6975351321540496,-0.15065908876521986,-0.007889474047139864,-1.5170187761039062,0.47841866314323406,0.8390594090153914,-0.5530564718613169,-0.3817619174506413,-0.23844999724015253,-1.5050157222489713,-0.6063898802852232,1
0.2757401317031643,0.18357740643178466,1.6170436945748778,-0.20086345360110294,0.08970239779531189,1.6326626863428333,0.2890819425323219,0.7468605758996202,-0.17608045621099586,-0.8524701249976928,-0.9027869039446187,1
0.31318169985482075,0.01856493988361514,1.5976047772002402,0.3477899292292975,1.358150663188317,-0.6784033809899905,-1.2035234242849924,0.9564814816041437,0.784172945547995,0.5327995662744998,-0.09958245314882165,1
-0.5039328830766707,-1.724016596151842,-1.1414425101993293,1.2457573740322108,-0.38631684044247955,-1.0849237593381096,1.1279042452356174,-1.0396285220166974,-1.5435491511762727,1.6629353929879354,1.6971868424901368,2
-0.7880230497896726,1.6464328663646106,0.885025281280741,1.730283251708007,-0.1932025229535706,0.5522987200009298,0.945176334152355,-0.4543806593679872,1.0521944851408798,-0.3583246810837491,0.1332523819289767,1
1.6609393782081936,0.591922740997149,0.1483203209517036,-0.37862757361963,-0.6680219820211056,0.2913389641438394,1.319243028444595,-1.21871199144255,-1.475060600669865,0.8943993915545789,-1.0944241377063555,1
-1.07421090386523,1.081558739875188,-0.9019990581380826,1.504264400415307,-0.3296347411460892,-1.6204229435964066,-1.2140331242654445,0.28643285610487873,1.3367820578066496,-1.4674720978436644,1.2191303443478458,2
1.3694866710386437,-1.5452247794433416,-0.7903029405310984,-1.4865073465340668,-1.2321915406099446,-1.5673788204294687,-0.2637460026666537,-0.8808531212256293,1.6881874161638466,-1.58093419521616,0.8629104100179131,2
-1.278563771260688,-1.7635376311088526,1.3655873125065636,1.6434173231307232,-0.9225302131874331,0.55793817231249,1.692828471817714,0.33282801753278,0.6082572465104907,-0.6026006800972444,0.7914200634482143,1
0.9900640366291766,-1.1362256542896125,-1.3333768694162667,0.8009733223638287,-0.9646754840902321,-1.1983445287376948,-1.6731398567515479,1.712731633194051,-0.6705680434300804,0.4530713159230087,-1.1399767381781134,1
0.6791905310494433,-1.2547800529366122,-1.0735358425207635,-0.3480264600546995,-0.5064734098665064,-0.8025459160720405,-1.32056286932591,-0.7482791682162424,-0.46092076657803893,1.3144966168536278,-1.0207927356943824,1
0.9512816328517643,-1.706621942395317,-0.7611988567055362,0.6746402806001959,-0.4814742592792511,-0.6467411670302757,-0.28593930998718664,0.3028660197918715,-0.4738248648583746,-1.2104333445927562,0.7023430601521721,1
1.2861883447289957,0.3488426954979622,-0.9956008505716483,0.4290349301594478,0.8716120297634232,0.24543103528233418,0.392390584318016,-1.1673108011763855,-0.9888847477026736,0.9025211442511144,-1.1146037243455469,1
-0.905439276040479,-0.5118271856680323,1.234956635934746,-0.3825616636531622,-0.5626485293503392,-0.9603954078205973,0.8449704020124748,0.25816754282413074,-0.9113224454293528,-1.3660627507415073,-0.1901351734231568,1
0.317263138659377,1.0071966523772624,1.6544263607946919,1.2824464758052188,0.7298766849452454,0.4339249271650152,-0.5406801383838505,0.10207741269198647,0.9708886096021322,1.301093127328855,0.24594177138431814,1
0.27547088156117283,0.39258611082055916,0.9604672127483929,1.2713827740254322,1.526609623675498,0.9700653099514628,-1.525972088575515,-0.3494927510655746,-0.529133436859152,-0.19467742525803441,-0.9156931018764201,1
-1.1581724625313887,0.804787185901222,-0.87055931765598,0.7937116221204297,1.6225794694550064,-1.3164884422389926,0.1825609429769702,-1.1478983106788863,-0.04475633914174741,0.5474498920341352,-0.46586988708185645,0
1.3076224154808858,0.9293124589874352,0.8041297938896507,-0.9876230867423947,-1.7270135880069541,0.6487161417969352,-1.2612839444747075,-1.0885253556746795,-0.04175951035003854,-0.0013485401746186848,-1.1267099349316603,1
-0.2441857061309451,0.650769570845497,0.9131068210292569,0.7861001493734959,0.5980139189486277,-1.2038398347653074,-0.8875539512302216,-0.851614916382574,-0.015945785091429035,-1.3037902076780925,0.7091270307511914,1
-1.259100346874839,-0.6937444093386371,0.8717627807783563,-1.1700909485117068,-0.5297460791114169,-1.6696228334864467,-1.3548424503194347,0.2684285420089753,0.8783558838963781,0.5183743637239367,-0.5686597948356366,1
0.9964784848725516,0.7549648138691623,-1.0493740386657278,-0.5110611656714356,1.3365829526545467,-0.27352185096998277,-1.0483013495378697,0.7931833371810193,-0.7812444818249501,-0.07567383350837185,-1.1992418766068684,1
0.764766624075842,0.6885514627210687,0.4429364430237422,1.0416606307738192,-0.7157307072942196,0.6264685164549498,0.08951250032717999,-1.3755819390873032,1.1284568396371628,0.863141899833371,0.8052428273756443,1
-1.4282434481409763,-0.6315346848580595,1.2259311213895767,0.22150142223818886,-0.972927750063707,0.45424014264864626,1.7068891818878817,-1.4027268682252483,0.880597697601632,-0.20731895930594677,0.9828231451223438,2
-0.9101210790767765,-1.5559916900545772,-0.33417694851523294,-0.7961453850133136,1.5200225338742244,-1.1814438384420813,-0.4300122738875687,-0.23932348411324897,-0.6823141485258435,-0.10989256128737844,-0.03644644210013988,1
0.8950953485873325,-1.385098034477102,1.3419485878995723,1.110334588903535,0.12913490806516306,1.7474868699892296,1.196896226029965,1.353940917913055,-1.2327659949282814,1.111764508498957,-0.14895591459655413,1
-0.5445615647423208,-0.47568837219157567,-0.11813903123350397,0.2196806797853069,0.10946919160440538,-0.3591564010625552,1.058317623000757,1.2157747871822715,-1.5626137479450795,-1.2227804867518814,-1.1638077228316748,1
-0.510072853518983,0.42947142805349375,1.211995408912444,1.278112409314256,0.7947280321472804,0.82506660118188,-0.4896354745115825,0.38572492601398933,-0.15213751528999797,0.06102790590836801,0.9764075985204477,2
-0.8019221630567828,0.2885095809677963,-1.0368427654668173,1.365270207923443,0.6615296661283211,-1.5743525653162238,-1.4710570046063998,-0.46757858123355023,-0.8998932719094868,1.4713382248973843,0.6297722903413326,1
-0.5321212005009358,0.05169223370463433,-0.7539494061864284,0.24063446656925525,-0.8892710515234188,-0.1711737499277258,-0.9951956617414214,0.5918391917399086,-1.641523340452448,-0.8078784124314267,-0.3466937905426779,1
-0.4299807808333786,0.9047300542525147,0.26304434087444223,0.4765737558270555,0.06817276421822564,1.713253288323579,-1.122288915791109,1.249991979863661,1.5734195370911,-1.5323768507362336,0.564054424683143,1
1.6918820871560645,1.4066647030356256,-1.694460547665502,-0.34192453441064563,0.14951099160174192,-0.8854640495917118,-0.5800921466491467,0.43648460562351354,1.139276743861043,1.2511677264245655,0.9013297227988184,2
-0.1347528514233189,1.2658923551407488,-1.3905060582339928,-1.3502130648805646,0.675792039552746,1.1463450596552722,-0.6014004204855665,1.5984570384180954,-1.0202455255826595,1.32841962147626,1.6172535125964158,2
0.06438365146503519,-0.8854634461686648,-0.4487281868810087,0.026078104525546753,-1.0960884092567802,0.3363493734083507,0.8143470518680905,1.3798795965098283,1.2984513660696626,1.0493187937362556,1.515064659076671,2
-0.9450102605145382,0.6036475019845556,1.0543156646778982,1.7133090742925867,1.2131761431488237,-0.8435957203882064,-0.2926474023016888,-0.6142259602146175,-1.5937563234256913,-0.12533947686373162,-0.9464114871285533,0
-1.3605123394909748,-1.032944427009314,1.6441003398849408,-1.2321687053268977,-0.6929403350998314,-1.616858948519242,0.9539781197801188,0.2185685950296708,-0.8833295744632912,-1.0819226265522663,1.5104958538602098,2
-1.0915506562883075,0.1423922393104863,0.28845031568900803,1.105404796804033,0.5905201894778097,-0.9660703429745175,0.3353901585988547,0.10105636721743431,0.6450467945311287,0.1559259971173539,0.8715452721869471,2
1.6746010691349824,-0.5038530403218934,-1.0498578206985814,-1.6866253566983718,-0.15400176304376378,-1.2736574530945777,1.4028539907839659,-0.3146658883515014,0.7718609277502533,1.1681145794467744,0.8740763472461892,2
0.47407020814784084,1.2742614933636986,0.0851127213334462,1.2119495811841963,-0.264906435827958,1.2271653654266128,-0.21197086556513442,-1.656589310871269,-0.5346149788791352,0.6495519259334382,-0.3284576910130574,1
-1.2949230490777202,1.3324407607993927,1.6873919949010285,-1.5871667884419294,-1.7018080070097157,-0.17697509883527812,-1.6425072128398188,-0.1652854721874195,0.053008456025942736,-0.14897741381633484,-0.132155209982766,1
-0.22311672843544855,-1.1795866917135216,1.1719315500472347,-1.7067983729725833,1.230264372067025,-0.28616082326738496,1.0731820113283705,-0.9958052279650732,-1.2291626108451594,0.49224275430160835,1.658989688496405,2
-1.4823390130147307,-0.18772918026553803,-0.6405453146626949,-1.082079539079985,1.253383302913871,0.9127862525173077,1.5211864220992715,1.4638856909368716,1.4918856067369772,1.5633616658982148,0.9066886442743468,2
-0.46701935116434923,0.4016820768183064,0.052097326473733566,-1.7086622370860476,0.03146100561912863,0.6888369213847991,-0.22767598914869905,-1.4765932032358966,0.256267155832781,0.47094263528937247,-0.24658841694406053,1
0.09796274145488587,-1.2226303153997953,-0.9038448887942153,0.5549505112551104,0.25325350998300833,-1.066624367157359,-1.7554481887092377,-1.6837202645473965,1.3084571939878182,-1.5413644619292015,-0.9351396207147206,1
0.4955540902996461,0.7018569737751307,-0.19055617660650298,0.9282228336287447,0.838941128770203,-0.4822131603684758,0.5352208458304182,-0.5606115118959196,1.058283748675798,-0.23232495268291312,-0.8670720385257964,1
1.5335383270594614,0.9801323910117316,-0.8098167483059651,0.9636229155840539,-1.1096856961354609,0.33568477662212487,-0.8914108659212693,1.5767115004409715,1.4919731483994416,-0.9747120275240124,-1.6059343976349072,1
0.6402650650248967,-1.1426844475386633,-0.8954497397828366,-1.5817291682632963,-0.8756491697833058,1.724252565748722,-0.9839268796039294,0.6640831209169625,-1.6194173667785523,-1.0811433539054773,0.4568680578136677,1
0.9745489342131758,-1.361764147530175,1.4912321410017553,-0.8537094313728513,-0.09555899155928436,-1.2822208496222196,-0.7872144916700207,0.022334579063529047,1.7471815590329245,1.4343314327598655,0.5494215265752278,1
-0.48593482950109473,1.0715234994175042,0.9678079027433678,0.9242974770314789,-1.4483131269413212,0.5063944888759075,0.7769843219124228,-0.4112389880991988,-0.44043680929327783,0.17249852873906912,0.352624482464261,1
-1.256553805305697,-1.512086448778154,-0.9036923868975111,0.7251179884731391,0.9563892936653654,0.29825191271594914,0.3590769170219103,-0.2618647560462365,-0.006458093926493267,1.210576280111817,-1.0322305780770566,0
-0.10682011630356342,1.272774846229219,1.4966713657690185,-0.001992204035222336,0.8350112367086869,1.2525672847457543,-0.5318052338696955,0.8693188786880945,-0.714271973848888,0.3967905136549058,-0.7034665650615656,1
-1.6741829002151272,-0.3228565094802957,-1.4481861888366694,0.2807863566495387,-0.1450461064509392,1.6700465912916325,0.22997649451421592,-0.80755283269631,-0.6567795725219886,-1.4303440855166452,-1.362585640618263,0
0.0390632145224557,-1.2144378897223704,-0.7770782714076633,0.8645186434096175,-1.4815943883997742,0.7875351483736605,-0.6571018597975306,-0.2566658123777297,1.1347761159428504,1.60412628391025,0.9099438200830203,2
1.0943052955430463,-0.2622056044013796,-1.2021271553914488,1.3952014619899133,-0.04508543509387669,-1.5524046198839467,0.336332699529839,0.1301647990921672,0.6768275213402203,-1.256514333772886,1.2037078395914174,2
-1.431011259265436,-1.022159572908879,0.18378792214323433,1.4844617581398345,-0.9725338340144604,-1.4324958756214685,-0.9719039488140047,-0.5374312979665826,0.07953721267489836,0.5310851664515637,-1.5350217783997084,0
-1.694652142143862,-0.3070824143049936,-1.1362521883503238,1.3369583273227044,-0.7595283443115978,0.04732589457700463,0.22160796419171314,1.0352642408363726,-1.2648158914962722,-0.8548425772779175,0.7591859323559201,1
-0.8664275991377525,-0.5413770219417775,-0.9798987784524065,0.42887100352652685,-0.10804413394423448,0.23774757059493498,-1.4061608262279977,1.1142061696594494,-1.307934101431225,-0.7539181109337625,-0.9366611083998213,0
0.16684238787984804,0.5974037040970683,-1.3511292357094251,-1.5036817282955977,-0.10535986174991822,-0.5716639185015546,-0.971925078419692,0.28394688504509746,-0.6390531940330229,0.07727141130143896,-0.6499019477417152,1
0.5392462171277362,1.232363267269137,0.2489030444501483,-1.300210132935496,1.4906482790718956,-0.2515366575494602,-1.42438531507572,-0.18338104258691595,1.2464625752729823,-1.2513711343040779,0.8366518152094949,1
-0.1936197006202207,1.2134976220389153,0.4603479802474114,1.3949313374395895,-0.3645626893839299,0.7400263080073506,-0.3419793458780941,1.7132157892928455,0.30528868536661086,1.2387513155857257,0.4544897228107976,1
1.0279640494896392,-0.9907022245522794,-0.3479174341267107,-1.160285280179211,0.3486536259909824,-1.1397379254061386,0.15414288151343292,-0.6126098420019823,-0.24012630700459547,-0.010942252315089154,0.8999775828893748,2
-0.39441413318769997,1.1825730406824755,-0.8982684676298313,-0.9339423321513974,1.1372293739878074,1.7002572872386572,-0.8206514023365399,1.4400638762526285,-0.09997802448715205,1.6561470623759056,0.8661846333936613,2
0.6220037295213381,-1.0125535182662946,-1.3865483715628761,0.7881399037434487,-0.024910944465452774,0.7497674743288708,1.0953973400608525,-1.6407355744272862,-0.6294927211227066,-0.37597087724104045,-1.1361491650028563,1
0.5588410076183511,1.494083780863491,0.5661702415818316,-1.2315850575349934,0.6573790106350935,0.6221888345678511,0.5296914802106462,-1.1025637801895416,0.9899276152368041,-0.4598032968656209,0.6608971039721745,1
-0.25761658260704057,1.1221197693407834,1.042515063974169,0.06568815535688764,0.3213512076680076,-0.15192478480007654,-0.9341877591833504,1.2698973106260065,-0.28317521796650275,-0.1077452322162262,-0.0933728974157023,1
-0.14593134597605711,1.5135608369595834,-0.9634299171495758,-0.16947356759524676,-0.6351986026980047,-0.04828908168502847,-0.4268416972593545,0.37115089877474927,1.636170184846195,1.487495144440812,-0.022588609287534853,1
-1.260741210013899,1.5216218555879542,1.498943006505713,-0.9611581490880676,1.0928665981771823,0.20841825817368992,-0.06449989817091595,-0.6534307234538723,1.3228271423187234,1.066081814227186,-1.5852572495899313,1
-1.0180645450057804,1.4576071188585733,-1.7089741108483834,0.40023830003116545,1.6850042269801062,-1.5832262624705233,0.3707210599566577,0.0002538363346843485,0.7988652947993412,-0.5619745994446385,-1.4781628848778603,0
1.4446227176075728,0.706010710981249,-1.691492918831307,-1.0605472917669971,-1.0723169103443961,0.04233810647120851,-0.5967017183075061,1.0501435739585592,-0.946638676177259,-0.6557643917781909,-1.2060725219478565,1
-0.5344799219434204,0.22454252912586514,1.1966059648777962,1.1598671320145644,1.6110079630308691,-0.8385784647453197,-1.484958371405979,0.5100501525602482,-1.480296288392388,1.4161657215047148,1.4170842009257971,2
0.00949224477369338,-0.07470503670583833,0.33723900608770985,-1.589064412402001,0.06599813021668328,0.09988179096893313,1.289339568273584,-0.5010104831046288,-0.0726076568573375,-1.416317177874441,0.22027984676297757,1
-0.4453741212425435,-0.26758108856402874,-1.687849745075887,-1.3674114939567779,1.7476884357427511,-0.3203175413277475,-0.8714357657006458,1.0699240893924615,0.6497761492299,0.26187244274081656,0.7619710831811389,1
-1.7059095800074016,1.6339241351026625,-0.21593673793083837,0.2707250352595391,-0.44395662610888353,0.07132896467961007,0.11749651350472357,-0.05554767241828533,-0.3337254612735841,1.6168024522980196,0.6818121005265151,1
1.1923998506037183,-1.674304355603604,-0.14963612160120768,0.1892412795419031,1.2360638391088938,-0.5205289165737578,1.093450718396987,-0.41063035608794735,0.26261584704431573,0.1925864458562997,0.9439610261463381,2
-1.083759052799572,-0.5944293064772062,-1.074143768055452,0.32830833444988744,-0.634559157108354,1.1794708987696287,-0.3850701958776874,-0.6381538386117123,-1.6265940029581003,1.4208586745553782,0.4095347175041781,1
1.4208655530872751,0.8433265337827296,-1.6494460264081257,-0.7331886009172295,0.8250586450917596,-0.5533586536721096,-1.3249911206256921,0.06547582958717181,-1.0306339779778138,-0.9421730652280846,0.9258922254787093,2
1.0099316341257636,0.6332291364467334,0.4256799676795402,-1.0883518678387165,1.421612271907096,0.38979095981223943,-0.8458382720149812,-0.1670530959641855,0.6708646515631662,-0.6825194193179507,1.252446483360674,2
-1.4191966702718375,0.9545937360569913,-1.1321407708090534,-1.2018981073298658,1.2088925822401582,-0.0014992789385015882,-1.4223931926163047,-0.7056331588011191,-0.7737288223478527,-1.3705998492628129,0.769412395547022,1
0.34825812752964375,0.929093210891006,-1.625699506175514,0.7974579313195282,1.722967404471575,0.6678905039728009,-0.6653959939041374,-0.11432829700738756,-0.2725902602642197,1.1296011935254633,1.5982606588465949,2
-0.4403706848534077,0.7381951906784978,0.5672145720785905,-0.9780026638138408,-0.7177816807074089,0.7568084621898344,0.9781463181037097,1.499791586472512,-1.7425574281922238,-1.334233792412654,0.0773399573727276,1
0.8492942020041347,-1.5347167017949779,-1.532083871770268,0.6932465838630552,1.7279704530088313,1.2142053303151945,1.1992054302281592,-1.4558005238843506,-1.0930523601371642,-0.14030151168208266,-0.5844712127258438,1
-1.3891443484378458,-0.802486433708695,0.7729001949268302,0.290567125179059,0.09647567340113584,0.6356520494777893,-0.4893951462937651,1.1557090124504448,-1.1295531521323703,-1.3385630848948158,0.6875123319253104,1
0.377412246994076,-0.413291511936664,-1.0058382233727556,-1.4047215599338707,-0.33275898507117274,0.9112324680789187,-1.548363492584291,1.1533291252208762,0.8681692786137601,0.712413252774427,-0.06854039189478196,1
0.9861695848131111,-0.22608526090194347,-1.2573879253294773,-0.41725721478995614,-0.21225274421070736,0.5771255285406491,1.1250223503299615,-0.3305068007172868,-0.24009291259503754,-1.1093530237192433,1.0534954585479719,2
-1.4069882448862225,0.680272831252079,0.591124415176584,-1.2061717974823982,0.9251628219722051,1.1063999229074744,-0.08304044124178665,-0.6174006988153213,-0.4515083683722956,-1.1946574027877588,1.3195368698599819,2
0.15508166221471192,0.6968787670340487,-0.46383311117792186,0.08864779120548051,1.2358737503094104,-0.1477499043157651,-0.8146708169478964,-0.693300546010238,0.7711866290393138,-0.3057497531803766,-1.30537494478051,1
-0.563312109696976,1.6116828658227045,0.6338400610820372,0.1316922140840137,-0.7367235622168449,0.12010618847943597,0.6256287548530748,1.5642552432552164,0.6088468306176218,-0.8370924781010542,1.2756816669574855,2
-1.206942865801248,-0.7376095735057794,-0.9089908030985486,-0.6098578865050981,0.6678492385352149,0.4561057203987441,-0.8567525214333708,-1.4852704583719838,-0.3585641975242181,0.19778159683489382,0.33982074766815296,1
-1.358173007185967,-1.4685017085210434,0.4123162048771465,-0.4738670926425006,0.17119125844702454,0.9380190057198952,-0.9342210360549992,0.16672996461551265,1.1202215213247968,1.4972620282805689,0.45031394949834597,1
-0.48972194950896875,1.709184616618356,-0.4956207669512696,-0.9769970600336321,-0.2900526705017905,-1.5461618044562775,0.9150209093808215,-0.6724181918891611,0.807471283885931,0.9535028925210514,-0.7213108334134137,1
-0.7398271784597152,1.2525228080314734,0.8090808543934971,1.4858204375384119,0.34876127830125664,-0.6700012637730928,1.1746296483897418,-0.12067404046100652,0.4231761046054807,0.2628422042568208,0.5578615080836583,1
-1.6330643968886867,1.1704533635608483,0.43860080966561765,-1.7328754795782686,-0.7512657817728849,1.0533724139044656,-0.8295716730988602,-0.8202233432141764,-1.3148498994784865,0.4765360811763255,-0.7937401548811825,0
0.9496118398652882,0.4754261498327305,-0.47880235618852207,0.19907656898901746,1.2275872876264486,-0.2840083144810727,1.0120109547201077,0.2842441611780223,0.14162931863182945,-0.29529018254347383,-0.7797544691577512,1
-0.8982827806462664,-1.6308786749794784,-0.3415841371133289,-0.25235060824044164,-0.7706745340655894,-0.0637450838587492,0.19390232093951124,0.8684881933108992,0.7288148258290069,0.14255714193243835,0.8297962338561955,1
0.006169943032130122,-0.47153678388497733,0.6800086634494827,0.7643892249958442,0.3546210636574633,0.5287767271981881,-0.7709615753543534,-0.361191321727052,0.288835450591558,1.3552266005258058,-0.11060485472504605,1
-1.242526003432381,-0.03833013374024502,0.9154897279422126,-0.15899586650881803,0.9616483699307002,1.3231700504401926,-0.5847076197294399,1.5697708802645804,0.9470787820910386,0.6923599699970537,1.4069431393882805,2
-1.4870547244234298,-1.47517363312168,0.7723998603994704,-1.1254334630524065,0.013533021391060798,0.1024070226169116,-0.1778495303945142,1.4503008910727935,-1.5672500643978742,-1.1065822765306597,-1.4200107742942485,0
-1.176069106755421,-0.5915962530215879,-1.5598974220141377,-0.25778940945267026,-1.5279662521608441,-1.5635946497797675,1.137319789872366,1.3307162810681694,0.022605262831195648,-1.5701629155205414,-0.8031825508206828,0
0.2681903461816805,1.5894072650883564,1.5105854763099198,-0.4729040713165249,0.12091379939225204,0.4145075671423829,0.7472589725401085,0.836578888340361,-1.300988917094931,0.673363034585328,0.5675793694704683,1
1.3983400401299018,-0.5599289230944159,0.018061397045192138,0.6055135140572934,0.31161784988773444,-0.42775754373114866,-0.3779574640608558,0.39391924636422426,0.24087698308235622,0.8546911209081912,0.8310803372662032,1
1.2933530604437016,-1.408644487684922,1.315820492478994,1.6408463170857739,0.8785166015594165,-0.9172311369028825,-0.2861645139656124,-0.9813139456663461,-0.31702914679556604,-0.40170419175501,0.8117839266599075,1
-1.4633495650322408,0.7518111526389936,-1.6288604278276315,1.342966416227595,-0.24402228205607,0.5815900968730747,0.527985000177847,1.382726466145854,-0.5244980134982808,-0.0871031656612789,0.9128750755559601,2
1.6437873044115319,0.6086042190262528,0.9005828914807568,-1.4090524600111725,0.6236631724424346,-0.03795843860834991,-0.7883744997029838,-0.86682196062553,-0.34700230275079685,1.6618617284523591,-1.178773749170127,1
0.8314187863810917,0.27636672087417763,0.5776479107883442,0.641984344670817,0.04516100045940782,0.6390177508122431,0.0035815513847907237,0.6095393038285646,-1.138324104790311,1.701569999098747,0.5702996845693882,1
-0.8696178234918671,0.49540502644404577,-0.5962183072627856,-0.2543289350412965,-0.4417380694797135,-0.42349266292441706,0.13504919939787444,0.8270485431050857,0.08925842340693112,0.9754264296507186,0.9537441525888861,2
0.8909746836496863,1.2414303847303054,-1.1113259519129568,-0.5550944793950833,-1.1395176036110497,1.3761119810534137,-1.6587019633033893,-0.7067361787384574,-0.9263836187871411,-1.625231515893639,-0.7244128642696586,1
1.0085946301545528,-0.9366669313718461,-0.8358286580069255,-1.5782393248780828,1.1836035062617887,1.6019645784107346,1.6469510334259032,1.082662545007086,-0.024092358068644064,-0.9083699495273656,0.18178233668590724,1
0.8452912444905122,-0.26809201944560684,-1.3863972227210137,0.6270009435494353,-0.4139505032541673,-1.7050148256266215,-1.0768980378534572,-0.5778129974853029,1.21262084215309,-1.558266019779561,1.6196517642966888,2
-0.15072572022580716,0.5042037558355857,0.09399032238866713,-0.7529220369633706,-1.3991260405522308,0.3552769196428016,-0.39747086260242814,-0.5101752917662917,-0.05132910107212393,1.0806282369672493,-1.0193547682923971,1
1.244300864119016,0.7371474698684566,-1.5194428651669845,0.03981022231482589,0.00536642978159048,-1.6481166354645067,0.7087475261516338,-1.6079855882787673,-1.1126050955355948,1.558841884546838,-0.8240031332936961,1
1.151561623136437,-1.7343078259847076,-0.9685874667074187,0.24891461018889272,1.6886672145670483,-1.3027387130538477,0.17805779829390564,-1.3690048547528062,-0.1559622320633966,-1.2506091788272173,-0.7610637481472412,1
0.5717340735699948,0.7371546867524353,-1.0100184844700206,-0.6007281777593175,-0.13735062577015644,-0.20537904057365172,1.182864540472818,-0.31695246300808766,0.8618194289511718,0.1281838908916613,-0.050522451058534146,1
1.535020375796128,0.6895444656192631,-0.3876190511467748,0.34901611925828124,0.3603762422508009,-0.23040505369885547,0.8022541881935137,0.5085693050295798,-0.9740646328528284,1.539948852154684,-0.3142568414308783,1
-0.326587337176188,-1.1829877616751927,-1.255148144221209,0.18900976542619502,0.8011626949692378,1.4866729041483242,0.011365355849612027,-0.1662159787056399,-1.7494038031189254,1.2386127782262966,-0.06278928670267271,1
0.48652407243930346,1.5805660897843743,1.6989341650517742,-0.15032202732605507,0.6279808820716023,0.6865215975746101,-0.4189453218389302,-0.5548543412095044,-0.9041585378323284,0.04971979394496148,0.557819901523363,1
0.04556216551812028,1.375873946670123,0.2979673925430184,0.8033551825637822,-1.4561516930627483,0.3087267366206291,-1.1880416871962052,-0.7830691534006389,-1.5646109580843217,0.5065813710025281,-0.15741272721519767,1
-0.8534275105997036,-1.6996322368790555,-0.3634203097780907,-0.8437324226985617,-0.41216927118656327,-1.1817505914115973,-1.3470712145962138,0.18684773298919324,1.6287151545071763,1.2384049721871528,1.5349601308510685,2
-1.7381787200023608,0.19656595624351283,-0.6445055472480681,1.2609270626412243,0.481623594009882,-1.2272214865620314,0.20935690241489663,-0.8668262731343158,1.2142685541807274,-0.7272669864135747,0.6445597889331898,1
-0.8393887929686945,-0.5919074446068026,-0.4969368360687483,1.0470523341479614,0.16029905097945332,-1.5077795758684382,-1.5987653224843825,-1.6799968648714316,-0.9488016088693709,-1.542368857785063,-0.022581935483568075,0
-1.6053741834500592,0.5377571201034614,1.363280037326941,1.2823446476532163,0.7235762073271628,-0.2544453473313575,0.2782607864947192,-1.1051209426347401,1.5857782073626534,-1.473775547697692,-0.17590193215645264,0
-0.0481006118054776,1.3656555568733675,0.25806301702458356,0.024858065549677098,-0.8509879839999276,-1.052069351486664,1.4508671031785094,1.0106486140060293,0.7651472230614518,1.6514541093252424,-0.0490566016763782,1
-0.607974490564611,0.4220224715534263,1.6353646864987632,1.248319672411567,-0.4165108281266778,1.2171482165867433,-0.39217242641207123,0.4161112160899332,0.5555947992913789,0.20460456178678077,0.5190010435967111,1
-1.151754147751321,-1.7520822208597486,1.6467887321928427,-0.07310353624409141,-0.7923256330532359,1.1159980503226932,-1.0619324616026355,-0.5976556765959474,0.19000988663064794,-1.0342657749086297,1.035777214093729,2
-1.6618705106122447,0.8598002233489761,-0.8657697895222533,-1.1861625999347,1.0762705986429582,0.5174228875103234,1.5320430305127266,0.3555760207962899,1.2413177295089033,-0.4924461621811206,-1.749170499904882,0
1.5684160561123026,1.1170318706411593,-0.825949117723162,0.018086194686020546,-0.5027596505654655,0.6354969084734774,1.1270522895150614,-0.149939393080752,0.4448509432140583,1.6211836962899673,1.1991017595043698,2
0.3059323843537157,-1.474806525880582,-1.1884500524977586,-1.1376173798832656,1.3911356594957787,0.8160255204651732,-0.5899554446916486,-0.9069303768012248,-1.371507409123273,-0.7471990490014474,-0.8984079705453032,1
-1.3960480017769004,-1.7522293173443801,-0.28793554430702206,1.1737223171150877,-0.8342259036754016,-0.42435980876252605,-1.2469634980890758,0.13223195936789184,-0.45486390434322077,0.9741622762459273,-0.9081757981997828,0
-0.34030159782841435,1.4876526859596577,1.5495404682305645,-1.027718381556487,1.4393177314071126,0.325341638748715,-1.129432061107737,1.2264991098211004,0.9044151675687155,1.2721734535480145,0.03191916801979737,1
1.5018301462545727,-0.24311133569422894,0.34349201176638555,1.2379717718836871,-0.8239569767136039,-0.894244503297069,-0.13503255856880425,1.6894092913137828,1.5955572968389096,0.28847161575121844,1.5246346286883377,2
0.7962286880072436,-1.660149513201418,1.1881628919396814,1.4104204438357177,1.263466306413445,-0.3095455158885344,0.15090239759760254,1.546116015603487,-0.051478207041907434,-0.34067848492645775,0.9820941611868506,2
1.1322716753581326,-0.039649765438158416,-1.2699422311204085,0.21649478539398867,1.216691804194323,1.5935731493955068,0.5879298721839002,-0.2246360752562125,0.8649635212844101,1.0401406936740727,0.24974285877270266,1
0.18472484659544872,-0.45257903357153434,0.28274742963620153,1.405143640891111,-0.437203565855051,-1.2831843141175892,1.0536485959225446,-0.687378089883327,0.8990881877911817,1.0050214730587763,0.7512847383508955,1
-1.6598448400827333,1.4310310767150776,-0.45411569083638276,0.8726058235580737,-0.9762784510602412,0.344946910076532,-1.0377537737472788,-0.07097141966891066,-1.3312346937849346,1.3050414420725867,-0.46432209162452864,0
-0.7296917256213028,-0.023405776678353654,-0.6976691030842258,-0.288981864978199,0.3181341538716182,-1.5200800769453908,0.6200767583103661,0.6758164237721204,-1.7205121404590176,1.2396691255919439,1.1524059105835227,2
-1.5013911753533167,-1.4051207221736919,1.5745414053402682,-1.575253490208658,-0.066352557802634,0.2917323414401243,-1.2914100564771644,1.6040038160704237,-0.04297471172680646,-1.1724048394294473,0.8691571603405045,2
-0.44424216137861083,0.8780202964693746,0.478753985327174,0.6905218202444234,-1.3654328673673102,-1.6452020457325027,-0.7282174363459968,0.830535610782941,-1.2393624349763965,-0.7792184961995158,0.451213139868375,1
0.4138856937406284,-0.23677597270238274,-1.389271665400076,-1.3012042709142893,-0.41095041137526767,1.5208146247546062,1.6151851993016502,0.7138447008793521,-1.0427519864905959,-1.2090479709984645,-0.92999517547274,1
-1.6155200900000368,-1.7673673556674505,-0.013287212512326538,0.11811585935004398,0.08258498241089099,-1.743615328339376,-0.9578684272065865,1.022753635826487,-1.3849835010020604,-1.1029110365057866,0.1508785404542173,1
1.5939897175800468,1.3115711839073694,0.594326914110169,-0.5423658649556947,-0.8238044983472914,-0.5298794887336484,-1.6446880748221788,0.1295085707806477,0.20586878584745116,-0.9429523378748738,-1.3504514852232803,1
0.30917978693248205,1.057731522063024,0.4434300713812155,-0.00652244173634305,1.5033823621668436,-0.6354635611190492,-1.0480472828735312,0.17415698818904493,-1.3726460584010027,-1.1569232895132369,-1.161725586746597,1
0.5005326965855419,-1.3573856873520804,0.12002326783316429,1.1672236305758092,-0.7531698062837809,0.03369977717450535,0.10156720739286111,-1.2853673712447797,-0.6639533278362039,-1.3846094397350883,-1.4091979901988936,1
0.553342281834482,0.8722269768329325,0.22030600847086784,-0.3908179989948246,0.4034470064061594,1.3947752880895496,0.5415315265427787,0.042675835841561864,0.4822262085389046,1.0679174342396225,-0.13466199127861425,1
-1.4298033134034465,0.733975960753042,0.4798278516945973,1.4969557131511468,-1.4605252659422578,-1.0020000459541074,0.18156286704493066,1.294447009253976,1.6666737997430712,-0.16345456787668378,1.311508315102269,2
1.1055699463713957,-1.4562848760197593,-0.6381620333462349,1.1781604093847329,-0.09431879018076805,-1.0549376668144275,-1.1715520752135464,-0.8877322235441452,0.964992077841039,0.14998620783182795,-0.24349518559607933,1
1.4970021645656457,1.4864280185615464,-0.7650236136203917,-0.6136231298058781,-1.6384880501563115,-1.4026928433659762,-0.8960145475876092,0.6139236281537633,1.0289833401175155,0.48845029408723467,-0.42566209955234596,1
-1.4187825986581086,0.20568335649928926,1.251549832680343,1.6921169929890183,0.1960949848829598,0.6050418417477991,0.9749063062019754,-0.18875565913185652,1.2514453219735309,-1.6282100691213663,0.8309833576796901,1
-0.8861475519883422,0.5615955362958047,-0.057654501954183576,-0.8807472083887634,-1.132142427962254,1.531382211667701,1.2559981205201423,-0.11341751289637793,0.4716728038778072,-1.1073788663473776,0.38016074772206426,1
1.5881967177275307,-1.6321928205161997,-0.5374087536314659,-0.42294619688250507,-0.4456618159320984,1.3079835995919658,0.698773518136885,-0.9221639089026572,-1.7258853421792186,0.2671541795690539,0.37693226712925787,1
-1.6858844237103539,-0.49204175282566426,-1.2962523172282743,1.3838573068362445,1.62597288067892,1.3529574261066282,0.5079368977816453,0.5570533431663479,-0.9780993189680168,-0.8208836070478406,0.4068209924376271,1
-0.09488359438339349,0.4565380201844417,-0.3117402335959836,-1.3395272314594013,-0.10398558565444554,1.631332710168937,0.3014077179588626,-0.4831140224789209,0.5621571008927542,-1.00264462261892,-1.6896605703955851,1
-1.4728852250775026,0.15477882786297026,-1.1704325816403636,-0.5284107676784496,0.7455267392752899,1.1051441395893846,0.9553710364069072,0.7824318354718273,-0.47606833798558607,-1.2239926886468868,1.4205806947841821,2
1.1452519571221111,1.1890456720192273,1.5718254493640986,0.3377145240672695,-1.3086572414203317,0.5359140204379915,1.046085437390941,-0.13423246268223504,-0.3028592077417654,-0.7528790807380437,-0.29852224209595424,1
1.3536225578272114,1.0408268751581502,-0.04124082420066183,0.54651694509832,-1.3931414204976598,-0.572570790846447,-0.7481342186742413,1.2582884499824272,-0.7506876251677109,0.7783743530326437,-1.1224581703084546,1
-0.31469301869860306,0.17080912502662823,-1.1601343516182026,-0.9892154764713301,0.11552168041253975,1.4968306639877385,-0.42976797307022835,1.5728373919343384,1.0289614708651007,0.09051904629685395,0.5043640755853311,1
-0.035255065933592886,0.04757958704637132,-1.2972456021116876,1.2247037937338392,-1.046961187032039,1.345409653091283,1.2351209743007259,-0.9110144579406858,0.8442247542290168,-1.0542844233461457,0.8032551786720421,1
1.4241507541543146,-1.294522149566216,-0.8436320476301042,1.2436847195894065,-0.8896276089790403,-0.7010622798539036,-0.49219437431498014,-0.7456537797190065,-0.35591561275637223,-0.25312287376721826,-0.8660204396953036,1
-0.3235470577099423,0.900258095461457,-0.3982138842354901,0.5068267010956723,-0.5977534883511733,1.7355919189474411,1.590863431676287,0.7999711359115468,0.41865365830921025,1.1030020205150615,-1.224830214860412,1
1.5252208583666613,-0.291213789572644,1.073746332404718,-0.5386711678887016,-0.9297488490301269,-1.3377170503087414,-1.4587956502993955,-0.021331830179222782,1.589713526358328,-0.3067714662061668,-1.1407344697336221,1
-0.9465887707574691,0.5255693036516087,1.1017338079286243,0.1503254934003331,-1.5143196412809135,-1.6332782105501804,-1.5450441302953393,0.1339892245951864,-0.6714632265011999,0.23134227215661182,1.1238397398486022,2
0.18307502609105028,1.2508431375316174,-1.048164375050951,1.1059075744679319,-1.5724997077569127,-1.0686350661492423,0.11517747709462743,0.9001265415025989,-0.11268775983522587,-1.432855075156299,-0.9032251655305328,1
-1.3299769166299336,-0.23242296455912667,-0.03734939237451416,-0.3606045100044112,0.6455263943008472,0.9870146659551741,-1.0059806916137923,-1.3908228179801474,1.4919575935708391,1.496517389973637,1.4954896625310428,2
0.9800245588063451,-0.2394519046686802,0.7271020934655013,1.2872876724218962,0.1744766798685101,0.05126878171277987,-0.9974045778242117,-0.5313218855309962,0.07629822309794036,0.9609665927602983,-0.4417368918558977,1
-1.286323717597223,-0.5127278391350367,0.5175496408992175,-1.3896539425287593,1.4990714728063244,-1.27057477206157,-0.4475236220403517,0.5185301892983549,-0.3161353970382388,1.6821055000989475,0.31949511222897253,1
0.1380154472842223,-0.15779700265906213,-0.10776397725505718,0.5614584020071444,-0.6260489466484715,-1.7351077219157047,-0.8390025777665769,0.5898311575913782,-0.8297576636759453,0.29830776827069,0.6562704928626723,1
0.6448773093999033,-0.7718159156171462,-0.8859658728915749,0.746112423492386,-0.21219793953079688,-1.2015929552284252,-0.01942354802653528,-0.712478757976343,1.1631126561286604,1.1907654377134447,-1.1061155741683186,1
0.4472127238115174,-1.6857677590327675,0.09376158279742655,0.23306956112709684,-0.027039580251601584,0.8825839126401362,-0.9804186419210504,0.08770964514291923,-1.278334687435033,-0.8209355585576266,-1.2084519843768151,1
-0.34674155515740995,-1.4000202086631617,0.13696225450517188,0.15032087948791603,-0.562568226747473,-1.7074544262131623,0.5808029296790909,-1.6544056794669488,0.3064895589048675,-1.2793210465689142,0.05705205405743908,1
0.8622625305659011,-0.3153124149798378,0.21894348716087786,0.9138625288727837,1.6314714780303161,-1.2062543358570317,1.2573628399478665,1.04357557716899,-1.3391699139210227,0.0699289312516926,0.9769530458658868,2
1.574796538076624,0.33730305975426417,1.6004522260207168,0.4508271702810376,0.11895392725623916,-1.270922245568983,-0.660575143176572,-0.0033402211423954405,-1.384097346006032,1.5479667018316474,0.962608555917159,2
-0.625752933390998,0.23460154794334437,0.35564173042134445,0.08130494080739241,-0.5237599808124715,-1.1198702694250429,1.054340820865718,0.9226079570653866,0.3010715709440588,0.563849251956564,-0.22466959929390148,1
-0.18790534604288173,0.9637300613396141,-1.3796075005288801,0.19940918651500703,1.0010366107830764,-0.14522037978621638,-1.5834234117997765,0.830202221408109,-0.2781543292915117,0.9021228493427556,0.755305286382904,1
-0.27380401910702445,1.0095790809643572,-0.8125957479318948,0.793684818444237,1.4556581821538797,0.18570733110056728,0.5787978415798832,-0.38539085138179313,-0.32903544056324,0.22391320625722222,-0.17927999391829316,1
0.03997395262779479,0.5444162673236882,1.0717510787834972,1.4831567740552374,0.5139197299521691,-0.21367107241254937,0.6615502100302436,1.510224224573078,-0.9866236674619647,0.9673739456338977,-0.38656627876107186,1
1.1138080156805852,0.8506094912386813,0.7390086440566941,1.0026570075787145,-1.2974165044341182,1.5732898028890778,0.2550353410150074,1.6499058287672792,0.638069038607022,-1.1029110365057866,-0.6909658286446135,1
0.02109077590052987,0.6386389388680983,-1.5605751223740403,0.7537451219660238,-1.6317829804283945,-0.3870422089353482,0.06952402485665703,-0.6389924856494001,-0.41793079070944006,-0.7345401977836064,-1.4616678174485622,1
1.0254473124555172,-1.504675983366626,-0.3914410825210869,0.5448877411939682,0.8973348792649071,-1.1030368384023892,0.09595776028576353,1.2441236115826781,0.27681762672062515,0.9895052888027086,-1.138259905598137,1
0.5603869606837929,1.5481406547406027,0.9335471225302778,1.1393423676415215,0.7634392499471441,0.42215567122212905,-0.0016778310158423381,0.36860893267445244,0.7697183564517286,-1.5797219933211546,-0.9370619799292017,1
1.1500850714032822,-0.1960310957078429,1.4486070006142409,-1.2453684050248919,1.1181187773420203,-0.993501236264816,1.6474251405740596,-0.26777560325232375,-0.09657356118229453,-1.5516681780367465,1.4653960807609523,2
1.507069247702799,-1.0929669968727598,1.3938758187580016,-1.6011326308627645,1.165941785842249,0.2624211216422318,0.020840073391647316,-0.3170850886869584,0.21394455269938045,-0.27523689976610055,1.4363572218038598,2
1.3792223424572911,-1.1902587803076743,-0.8042794992430092,-1.4538930216930468,-0.9632155829753101,-1.7140888998448693,1.7089876048814332,1.2531612912474548,-0.3847873753469433,-0.8397593222700659,-1.7178063438378461,1
-0.7645515379206111,0.031224794487127887,0.22548151237730757,-0.12421224126704064,0.6586541476318188,0.24721537516332204,-1.1751987101590473,-1.5279323744295965,-1.5634256780250324,-0.2921211404465314,0.05582320848770254,1
-0.15670182654556336,0.8436842097310994,1.3421099387600544,-0.6628773842936868,1.4612512725594191,-0.7478691290670723,1.6413990352887782,-1.336138777212371,-0.62595073883166,0.4896798131521686,0.23307375933923066,1
1.001986371078402,0.6150942882256591,0.38403011559781175,1.1711932157414113,0.6437653120793543,1.5222338476876949,-0.9377116129031011,0.40363076304929446,1.5302621525033173,-1.5170857896892382,-0.12269877531964941,1
-0.19521124381437338,1.2203188683023474,0.19283082896432066,0.48277429248125225,-1.2755318103196864,1.4943171540441704,-0.971648186471874,0.5598240505374461,0.9798121969304127,1.492447855040405,-0.7772443649218524,1
0.660599412300009,-0.7129856732482012,1.0325339870228722,-0.49035848264504456,0.37049035738124764,1.6986257753412817,-1.2885162605691591,-0.8509517788752274,-1.252547669083696,1.5793107794024988,0.5945700233301193,1
-0.46482368746043257,-0.5484377829006007,-1.0653240736493537,-1.013019645642801,-1.4442049541476463,1.104643946116057,0.28543933828235296,-1.164822274008171,1.7659711945648113,-0.9862798970363487,0.2074746389829394,1
0.8417692421407867,-0.7633364349467165,-1.4443227438203436,-0.8864501805181633,0.024758694500447386,-1.1408986423648415,0.6975756176375618,-1.3788627486224752,0.5080695847037583,0.023207206784202843,-0.4289690043227286,1
0.9801973775498496,0.147726164407184,1.5059318035215619,0.41524904830784226,-0.8468909401758646,-1.1056479010917515,0.20931410719246224,1.10705527835674,-0.2658926474109136,0.09808664955567271,0.7147211968355833,1
1.3775161419141728,0.4602514890688048,1.5736954888764538,-0.030284949073579336,-1.1292846374013497,1.2668488869101235,0.6404325464992151,-0.4761209683787743,0.12797634445502265,-1.538039565302901,-1.2327299952197215,1
0.24504334729355667,0.33708320811600473,0.3145777576340695,0.9148327729660771,0.5264569409281188,-1.6046309612348297,1.4580661095538405,-0.11378832245380062,-0.9752472287255592,-0.8130735634100208,-1.5966477854531695,1
0.822537603806258,-0.9239175975774033,0.7733932488435794,-1.5739904156259623,0.7282486306300557,1.5268191965740192,-0.5601242974979604,-0.25429603867849304,0.9258780039817786,0.9907521250375712,1.494739414571614,2
-0.6696792724339196,0.8817325373681616,-0.10416936308434034,1.2690643161121233,-1.1971701553919982,-1.3317330134452303,0.9193778544255312,1.361653056073066,-1.450377444890342,-1.3400523615086795,-0.18120331301566706,0
1.7318079940055084,0.06947447088933299,-0.4721692106565078,1.3753541154602893,0.4557729904410133,-0.13774445544250657,-1.205890504719633,0.750440422438594,1.7507650017890353,-0.4456551690339162,1.3668025576231932,2
0.18169043775633376,0.46754541832860713,-1.3652079669374209,0.5744719054202397,-0.11475712974405107,1.174729949830494,-0.5525091391414945,1.2638574065952548,-0.7138706636517842,1.1542088919940707,-1.2354859725859684,1
-0.8905001249378427,-0.15403607485179568,0.11969550904535438,1.2016152923831933,-0.7806172436721831,-1.223957508883468,0.7734978136690821,-1.2975117701340162,1.6978696324229943,0.10056300485546925,-0.04084774949706396,0
0.680674071708263,-1.036938507141389,-0.19229857284917543,-0.5969344839040993,-1.6933184675061113,-0.684640677456777,1.3970093174637677,1.7260769848808213,-0.08887643506412467,-0.24055060839902048,1.483687120496869,2
1.0310326546472113,1.5600583684353941,0.10567243927028577,-0.29529157074768386,0.209053489484331,1.6370676192814746,1.155489119546278,-1.5304945624322608,-1.33318838280115,-0.6661546937353792,-0.780117528282125,1
-0.7211217410688665,0.7446732501373639,1.319799116663103,-1.209498254604645,0.4218282395559837,-0.6744007317614462,-0.9320292586689973,1.2108543025207177,-0.6306157194758634,0.896408183266302,0.22133555738273422,1
-0.03913401505418886,1.0965007624669942,-1.6565130299452244,-1.3216320691857146,-0.47812427352535003,-1.684809725233697,-1.6851888224094993,-0.49701226114192054,1.1215046007261087,-1.007701236238085,-1.607644545939467,1
0.6839170596412866,0.602901491873651,-0.5076684408308574,0.03139249403263584,-1.191553455708937,-0.4433974132087486,0.10441533222336566,-0.26503721330382923,-1.4065274949488673,-1.1592091559438182,-0.8089877410506924,1
-0.9235052122433428,1.0841376086778893,-0.13667829993823943,-0.9955499341515939,0.3545441962210969,1.0748731981588395,-1.4016487327733596,-0.4918748631860963,-1.347119130505842,1.541611300467834,0.9125762413233167,2
0.9974525923912778,0.6973695125784065,-1.56711083419948,0.45334979511101753,-0.4322920032964683,-1.159640044554703,-0.334833140453713,0.7415292483044593,-0.6417179769778605,0.7710665073227546,1.5961017042062344,2
0.5054901418858944,1.5444755727657316,-1.4445110572525155,-0.8887883425104178,1.1764558154483558,0.5178449927844968,1.5416370285286618,0.9313630428318075,1.317709525983755,-0.21963146712521484,-0.04244313769345421,1
1.1697775618156565,-1.4042649686647897,1.642816539795629,-1.4610189542143945,-1.5858056788474653,1.0253458865593348,0.1498148638880992,0.08866608809759637,1.5950860291287285,-1.582250300130737,-0.7773848952678291,1
1.672510911221101,0.8627680331243419,-1.4257301331283365,-0.5706593226589332,-1.2521477650685555,1.3333748650835722,-0.27535811642523134,0.7278673215737911,0.3148004941470313,-0.04810489898196574,-1.123747411709801,1
-1.331927146461901,1.0011895458107134,0.9255941481361022,0.5025556086982508,0.19557787651227931,1.6136996776662582,-1.2215187210478975,0.21399237171498028,-1.056897354652699,-0.29717775406569635,-1.4013091141092449,0
1.6376671937708902,-0.6454914785178877,-1.5278279747848804,0.9226159904287885,1.6902719348456525,-0.17929734475830836,1.3868133500004278,1.6232975154433724,-0.7280454463664401,-1.3457323932452756,-0.09714250413568924,1
0.48140784926569624,0.9555906068319439,-1.4441977931187193,-0.3087401885867938,-0.27039578398843567,0.09956729132893367,0.4390349125472097,-0.26373355622076566,0.8414397937343928,-0.6784845187245759,1.3049074901591795,2
-0.6204692479595935,-1.1396685342672244,1.2488312176424492,-1.4469731588101022,0.08553888080571058,-0.9267033571271437,0.7214313560157981,1.1822276075031775,0.7588123802684592,-0.4368580467101635,1.6749751942385183,2
1.2328247307347044,1.127108705227113,-1.5681050977778452,0.18998579118747264,-0.3181442383771107,1.656785778661632,-0.12242188783090178,-0.4348913919084225,0.3261903131874177,-1.1422729637536013,-0.20685155843316574,1
-1.18900876573476,-0.1678796928521262,-0.30555604241997414,0.7346862162398036,-0.6840838514191614,-1.2430111389596215,-1.4832288286183726,0.06744794994797096,-0.6091672398714201,-0.7629749908064448,-0.09510205140153805,0
-0.783433302961515,1.6900033207286644,0.3518250128082302,0.7343493281026469,-1.1571217333636261,-0.4927981382927684,1.4782835986263427,-1.557599278943178,0.9635111103398493,1.550010127883228,0.05378967738182876,1
0.7791485226322487,-0.18504547427929183,-1.6864642511377426,-1.6089577094216667,-1.1953354452851535,-0.5835195193940547,-0.5116800854080888,-0.29242468353435824,-1.2598731973841644,1.018234473714334,-1.0792452931138972,1
-1.1882890862370434,-1.3598718791183546,-1.5941831685113728,-0.25667114315771017,0.42105534930293426,1.2690937025920321,-0.21947163303571332,-0.9523604857317705,-0.8094220110901564,1.082914103397831,1.6691632045471447,2
0.5382421332199315,0.6437341200924823,-0.3540047713529403,1.1550698459891628,1.7326847138383934,0.38647786772631987,0.8640357776239298,-1.4217174512406632,-0.32672255823525254,0.9824745178116779,0.7525918789503282,1
0.7233932939316158,0.7150014967333523,1.0125779406394022,1.44571053736387,-0.03314778378582648,0.1914722871861845,1.05592191966912,-0.3072186072833478,-1.3635836063896551,1.2717924758095842,-0.8814801948889358,1
0.4775158170209852,-0.4013326299826433,-0.8123296117844114,1.0964723516289803,-0.43988638303169864,1.4323074079705005,0.0888927639252105,1.597387348477191,0.009514907243032958,1.4272313930891203,0.22794417657491267,1
0.2914918161607347,0.943824143607291,-1.4722369435426046,1.5645391458047888,1.4644674749869666,1.1603073146379677,-0.6887278242774764,-0.9990120183360511,-1.175219874894108,-0.004829291330276743,-1.6217546045619282,1
0.9805864206030206,-0.6528448866581672,0.6499188757597837,-0.7480600689831493,-0.870198702440212,-1.2223883843890795,1.1617217514012665,-0.38496974154447017,0.011031552139662934,1.5489018290077945,-0.27260545984038975,1
-0.6267621857883703,0.7141765715889262,-0.25147798041403063,0.30643774611791175,0.7071802062967354,1.3810486434917038,-1.500356843527992,-1.6229821465179184,0.809031274424454,0.4707867807600147,-0.7672270898821805,1
1.0243140411823772,1.7063485609400724,1.0978099404834876,-0.0804460971135037,0.32625950231460893,-0.16724454883452977,0.15228568181156643,0.6168320741083714,0.19737525342338758,-0.8310314686260278,-0.6401765294586772,1
0.23410185316934845,-0.5340523259238267,-1.3118902815209041,0.6484157850169378,0.3541657455565854,1.388855505063237,-0.22355639288137077,-0.9127144622812194,-0.6241904659197639,-1.5701975498603988,0.9153232865429364,2
-1.711777454904881,-1.0235245271846696,-0.29872759230495016,0.010092993439133963,1.2517996699187455,0.5811700647176951,-0.12510506513765263,0.3916006276748102,-1.197429944386503,-0.04349853178094562,0.04258243377481656,1
1.4094253036118047,1.6414205713879344,1.0092625146912966,-0.7976009713800744,-1.1533947006801002,0.9113958066918391,1.5349099871553329,-1.3605755821975027,0.5333442059163362,-0.6675747016695283,-1.6116275922194778,1
1.3194371056562615,-0.3729047390131953,0.15497468715317408,-0.15248451411397412,-0.11976385371067018,0.635985614388641,-1.5859541786725593,0.6768798274676114,0.878554826932165,-0.06642646476647432,0.7441981288924945,1
1.3389496460114216,-0.2934084372986469,1.1340682504823318,-1.4425200985357138,-0.8326493297261368,-1.2914848190231467,0.22728300582635527,-1.1867217689444158,-1.1146332115873878,-0.9938994518049534,-1.0839685382520712,1
-1.3624003838368084,-1.582609509673151,-1.2638228429509928,0.8752528972925774,0.0006908933245615695,1.723771222171091,-1.6187821472002184,-1.5377190277380768,-1.480311705754292,0.33536651191799466,0.8311106556036802,1
0.6122519745830047,-0.3441435399026903,0.1727384048378978,-0.5700988828402892,-1.695891058049393,-1.713644393070481,0.8162913110663872,0.33211703389161545,-1.121445128830884,0.41400378056398096,1.3731012917127705,2
-0.35878653324232535,0.7220328281241736,1.24888637859675,1.5212884424956419,-0.6927934183850163,-1.186301442561218,-0.7419454263954013,0.5565818988324163,0.26588337606456797,0.768347711643957,-1.6882489037848607,1
-1.6358264925446007,-1.228169774329096,-0.9615003194355729,-1.400977816285151,-0.4273975863486121,0.4973776179312826,1.1516570937391961,0.33997295615999207,1.5617226023955466,1.3685781385407927,-0.6331535340574388,0
1.5448413628296405,-0.33288591282285995,1.2228147747433775,-0.051928145859765004,1.5184963421773217,0.23412823187568532,-0.37835477568659187,-0.5690776459901773,0.040056262419064695,1.164304802062472,-0.8992690657811829,1
-0.4706098487345111,1.4699603584137042,-1.250475960517216,-0.3887570801221979,-0.21700383254511021,-0.2235913092321869,1.5548766180000753,-0.6285119732163222,0.476314022673592,-1.638877445797413,0.4082831488885083,1
-0.5999718387134104,0.11311528734039723,0.8719345508702896,0.5165173877521053,-0.9325079821870979,-1.255153641565191,1.0102217527020765,-1.024032758262962,0.4651109421274723,-1.081056768055834,-1.3321775104599547,1
-0.5203934681564439,0.9120107221189071,-0.3317089038526505,1.2107755553334316,-0.38740992977463873,0.9183421894205678,-1.4140654677039017,-1.6753598162347152,1.3798756851912028,-0.34175214946203386,0.6934262960847226,1
1.4513427188539079,-1.4618487525521513,-0.6852422074897111,-0.7053018251339149,-1.101656772066554,1.3423547218119865,1.266716874575476,-0.8734886870603393,0.020200728618249935,-1.2664543893119293,-0.4728100219013124,1
0.8247376037422873,0.3114583697991346,1.3172790183860255,-1.2796625708770473,1.487242210492842,-0.1779445446094994,-1.5478333979017496,-0.39374986620355523,1.5893050570114373,-0.6334598769100935,1.1453845173140946,2
0.5617411058491842,-1.171766698224781,-0.5659105519889926,0.943217584627729,1.262822266974428,-1.4820332492585053,-1.5883422155347167,-0.6989141917067735,-0.6983326292330737,0.8718524363074804,-0.9452778828846733,1
-1.229277747408008,-0.6307735549575585,0.4624748375163833,0.013293760542206793,1.6463468953456333,1.3151058274175618,-0.3702785727296836,-1.4642041655463618,-1.1298593354446491,0.8090084266364204,-0.026714671137593758,0
-0.8024215869763613,1.1080023678112272,-0.6581291005907023,-1.1335586617498208,-0.8717990747438739,-1.0764948965196601,-1.2515149859449748,-0.3462551015227413,0.10303540448728114,0.3346218736110629,-0.22371327320361478,1
0.0316441026010473,-1.4973508047375146,0.9732249563156913,-0.4301159697565689,-0.31609939414577176,0.20100750885035706,0.02785071904550999,1.0223813528873102,1.5518076084867194,-1.0662332705969122,-1.5294110395008635,1
1.642414480881665,-0.9730337082416142,0.8825855401641427,-1.5146063723675232,-0.8564405847195418,-1.3461427532216892,-1.2894224837058224,-0.2989863191112543,-1.0849354952998234,-0.197985004714406,-0.621373264796859,1
-0.7334415252567993,-0.49758839838010416,-1.4063195793618728,1.4032531687295993,0.3968320671893313,1.688891078201161,0.8255881317278588,1.1082031337014961,1.538320259600942,0.11767236874497253,-1.04845532503135,0
-1.3929278299060088,-1.0788981524970247,-1.4580613776604763,0.9606525734571749,0.09325282251292943,-0.2873325554667753,1.6166873678264146,-0.4401079138517469,-1.2312471309919848,0.17097461778534817,0.556286333275747,1
-0.36104683355854994,-1.7289175686413036,-1.6693338614648618,-0.7099424774796246,1.5795945149570894,0.727832753957603,-1.3814052787652589,-0.6016113730369291,-0.09003687975582182,-1.0781474835078213,0.21717388562259737,1
-1.3915060168063116,-0.9764863934955387,-1.1222694682161007,1.1652160208438436,-1.6166279339129335,-0.8872452809227106,0.8557246548423463,0.4517586963877752,-0.5711581368319489,1.2428901191986723,-1.24503518429377,0
0.2754047817287748,-0.6639524896854482,-0.44295755847070994,1.4600536505710566,-1.5817953365292747,-0.21668688085045956,1.1540536489935118,-1.4275592061445934,0.2631851796322957,-0.3715376817393068,-1.545852475655083,1
-0.8393545686579812,0.39158922097746746,-1.656330042660167,0.5150705842072199,0.014847401830028997,1.3465133408101622,0.20158077760545448,-0.5316544050448995,0.649965278818015,-0.12620533536016396,-0.0412034855875872,0
-1.7184390951109412,1.0689679868946274,-0.9122788883390756,-1.5912931826489194,0.886408826848878,0.85751219290878,0.6427233006361422,-1.0926400734914237,0.7128838458021362,0.4121335262116871,-0.25056187486659415,0
-1.4873354316310816,1.4861152866573957,0.7264496796372378,1.5912540362342518,0.875654410676697,-0.7571282768697527,-0.23546282158855664,0.7338160286213724,1.7429346432008803,0.41862746493492975,1.2773415243794337,2
-0.9388119027008357,0.5971536207722034,0.6313314983459322,1.07126846125673,0.9837133423243529,0.3770196744100533,0.9670373720413707,0.601903971001256,-0.36833504924407995,-0.6969446218685137,-0.3550532710360003,0
0.6581601970257629,-1.6635437489059035,-1.1077166252403232,-0.14351555601023117,-0.5257706862128887,1.1091062258455493,-1.6983475415225737,-1.656410213985627,0.3044380353585464,0.5189631475015107,-1.516404842714541,1
-1.5738589292719467,-0.6930359130069249,0.44713479921645033,-1.0701787005758774,-1.512621193499458,0.23899117850540225,1.7184133015789378,0.016855082806992796,-1.5699186045538327,0.4282731285851861,-0.982361471498842,0
-0.1843205276762204,-0.42144052464216697,-1.3149987390074422,-0.05028520301044567,1.0864928133576612,0.8715357648342442,-1.1742425815579958,1.2922590313304938,-1.3695638292618146,1.327640348829471,0.956776454061321,2
-1.6218284644785381,0.17286006964947548,0.45373229028855044,-0.9179663748912258,-0.3867192221918237,0.2552283415432127,-0.951219123517453,-1.4954398855654187,-1.0609114239427322,0.4279960538663278,1.219804998911611,2
0.0008388934575827673,-0.9995114644334505,-0.5211536982320332,-1.6942775781824808,-1.4567122690459888,0.7696227695911981,0.7040988082017451,0.6633878528893308,-1.1913673729205088,1.7330352968590985,-1.6946023162944903,1
0.5642557535053833,0.4527635187096546,0.25024264128182133,-0.08099015156418166,-1.664206581685065,1.3295244182825183,0.30569599263612063,1.231915970588602,0.20064700819327458,-0.8617694452493764,0.9839747881836398,2
-1.5980349873926296,-1.2296242115829932,0.21915958574009964,-1.6025105230156582,0.8073856457233156,0.9252641160395868,0.5858528085100095,-0.8043489476505166,0.3575662583324789,0.519932909017515,-0.6483947256616416,0
-0.21133100680194014,-1.3965839415830958,-0.8603427532660505,-0.8648176823737315,1.351373732847778,-0.4269581758053967,1.4823535085625086,-0.4078518586557251,-0.7617519653902546,0.5801620260293495,0.03300467689502724,1
1.6985363569289211,-0.5108381586940216,0.3337681192283433,0.05224491178376165,1.0621555605087492,-0.7139519140022541,1.2164659297904628,-0.24537629626806107,0.9043293157114934,1.5724531801107544,-1.7424668313634255,1
0.9449298011638664,1.1235572960973972,-1.6654149470400663,-0.1412412458309724,-0.8463192203355109,-0.13754222809167133,0.6816587145319571,1.539146283714544,-0.21275685052002866,0.5235348803626736,0.7788933613263933,1
-0.9073516308940155,-0.39104791206968353,-1.6002698245106932,0.07059462837782289,1.6321081112940465,1.6559982627249423,0.5604827124026255,1.0405007950286533,0.821492828857375,-0.9947826274713144,1.590548418661622,2
-0.23681736236524206,-0.21585748837896468,-0.9095088802385805,1.1068569261278354,1.1603277347137124,1.510487880120575,-0.6926035848794924,-0.2864472722797394,-1.3908425447359203,-0.14489056171317413,0.3035054528117962,1
0.877269948325744,-0.5283398177160185,-1.5629147953612388,0.49386577522854497,-0.924797044403976,-1.107715002913514,0.20329530269164733,-0.31449495749810485,-1.1942459814112385,-0.42440700153146627,-0.9345448318981122,1
1.3888767379627986,0.0640749266381739,-1.4311908218001903,-0.30964634358762433,-1.4692651186709482,-1.446498699919574,0.9883617657335033,0.39105731793790055,1.2489314831872023,-1.2288068618870507,0.4059613946190599,1
0.01237523261558068,1.4116417498395273,1.2383258052611823,-0.6499825670285911,-1.5557442604075395,0.35607587024096665,-0.13681253847538935,-0.8165541238380281,1.64980513820222,-1.6125553475058694,-1.1391654277047747,1
0.9166920202364702,-1.3307753342688753,0.42491888005589246,0.5813572585323066,-1.6276477234660525,0.5541966807955595,1.2320233708273571,1.6066267141415502,-1.3379531054098104,1.1251160465139436,0.029642276931512754,1
1.3789146551489286,0.27790444816972293,0.2709155853187037,-0.09074394775753601,0.629305813431664,-1.6937521033560365,1.6263383224369985,0.8150070474397249,0.047861569282376726,-1.3136956288772785,1.140745961770924,2
1.052708257084017,0.5452087892154378,-0.3925128095763359,1.6866190166096462,-0.10563496529787128,1.5799823049167985,1.0500916972104952,-0.4524222103873589,1.6026014692102466,-1.066475710975913,-1.1179534817787438,1
0.7242614340983196,-0.44443200396406085,-1.0656733300649315,1.398643587955871,-0.14489220043266043,0.6906758961807555,1.2648718165798025,-0.5111593066816696,-0.022643832143071467,0.7509612730355953,1.0918075995312846,2
0.3053622487627924,0.7931665256132657,1.0425831539694317,0.276780614379402,-0.2551730806421463,-1.2935205863883983,-1.271554041185519,-1.213577376732199,1.2281589772605928,-1.6396220841043447,0.4062933430662601,1
-0.17176336063283457,-0.17080776730430677,-0.14981025626111596,0.309658579481972,-1.6414192506768472,-0.7741955075007348,0.49240715583059824,1.5466987519288333,0.019654359787523223,-1.2692597708403701,0.24364908585934417,1
0.25884792002280355,-0.7121600503687233,-1.327786175371852,-1.7105742999958238,0.8710308457340915,-0.6767778794130015,-1.0596057384081352,1.3888879151443325,1.1019418928977023,0.6124239136064189,1.6838235657772411,2
1.6530269799694826,-0.27661064517459866,0.0036568071352199353,0.5417952360180106,0.9390131045541908,0.8020064023434454,-1.4900958668649729,0.9517373539812362,1.3496491644378337,-0.80962744659422,-1.477301213712245,1
0.9091492670339852,0.29341255778253117,-0.41429337184046233,1.3804145977587936,0.13727750062822114,-0.8528876421694757,0.16808819949836024,-0.6416187484780892,0.10586213917204855,0.9069889740927054,-1.7200705016432487,1
-0.872257251619605,-0.3849006569867731,0.3358292255776337,-0.8018657233614036,1.2043272103571636,1.4995706385387424,-0.7375087774672687,-1.2420720652385304,0.6302630594252121,0.3370635945710021,1.6276729436633028,2
-1.5254323538993924,-1.1784872479753261,-1.3057683923449903,0.9742915661940689,0.5668321858316081,0.5688520369075121,-0.7800647724883071,0.7422188662767222,-0.7535205001023444,0.2927489567235943,1.5264571670629432,2
1.1817713839387518,-1.411473329627459,1.5790346504839234,-1.3215523482078595,-0.23107867364644089,-0.10220358205990482,1.4795046009015067,-1.5947967459799655,0.9765824608301232,0.7264228432467025,0.3077082529360236,1
-0.17546616992692973,0.29034876725100794,-1.6880242686035425,0.16060516058353547,0.7562003144071291,0.580532413184833,-1.1159901248951374,1.412916085806972,0.38403189335412624,1.4019656421632243,-0.22099872787350086,1
0.5453950470862836,1.0469051446798023,-0.5332447647325667,-1.2077464025446032,-1.1853334726237106,1.5160619168534364,-0.18636590132965813,-1.6233331206326342,0.6740797595250372,-0.7132747131112278,-0.570938539370525,1
-0.055064810356751724,-1.6854807756515553,0.9865355761528016,0.4499981152069647,0.9562429458641751,0.17071231030592682,-0.940173821759105,-1.704093812285966,-0.31973831194691754,-0.5828591063785868,0.49497699333383405,1
-0.1531561237342008,1.1686430116349904,0.5464397059411619,-1.6015976239661094,-0.7284564000014095,1.6961179018906614,0.44633465592566873,-1.4170249588650905,0.022308473606600727,-0.551151368239234,-0.8556045828832609,1
0.8961998117846103,-1.1337741126019591,0.42313173796211556,0.24143746028179613,0.6362293888236913,1.038861388369503,0.11751931878235625,-1.3831599020158267,0.6726447110592977,-1.6355179148312555,-0.18123918122150548,1
-1.6492355653764015,-0.07898241275224088,-1.1864399777249386,-0.831164422202414,0.15439080383964604,-0.4472059925889365,0.34400102952676326,0.6801442131549819,1.0113976970033918,1.0619430106142391,1.264509610912079,2
-1.4303975173585866,-1.331360081696524,0.8881376028887478,0.5595482964067704,0.6133587963721903,-1.1635115192585122,-1.3334155552053375,1.2364552209451087,1.2784190527793848,0.7384063248373263,-0.36131706538828295,0
0.42611976797357104,1.5070722690336382,-1.0495772591413248,1.430951245903265,0.8190015699162437,0.34663271471256923,0.4870105074426295,1.1654595688516272,-0.8746535978336338,-0.8691811939788373,-1.061232067920515,1
-1.5816276541256105,-0.0923291030755253,-1.0953658628969258,0.6675563758731915,-1.2926967050187446,-0.6279545533509872,-0.9468950017008111,-0.4793953429376173,-0.34245292909179254,-0.7305399315300889,-0.8463024869178429,0
-0.19400013900803442,1.294917099828358,-0.0732862072194482,1.4109383526846817,-1.045863134902915,-1.0877858063706645,1.1298554825394735,0.48494371542713066,-1.5903947227391586,1.472775550001462,-1.4510518198176636,1
0.9642375308144912,1.5713985087136457,-0.39911123802527465,0.5776570567048397,-1.3218101695191584,-1.346938918294764,0.29946925780727285,0.04784995743784961,0.961487755278114,-1.5715482891148331,-0.9100680694486816,1
-1.517540591486059,-1.1235448893497049,0.5711992517603333,-0.7012554894186118,1.0102615026315547,-1.565923254884716,1.5908816894407383,-1.314661850880027,-0.3207358404060422,-1.306214611468103,-0.04016546473692246,0
1.1081725013601744,1.026650004924324,0.9933075176085726,1.0092964942570293,1.5770404252607635,0.9619692381125154,-0.13432129518085129,-0.5149499585746565,-0.4079780653538078,1.059345435124942,0.14357159075041442,1
1.4812218374958823,-1.2868859884098502,0.4823630937522772,-0.4214883997938607,-1.3131162260320879,-1.6816174604248781,-1.4086905021542226,0.8930594140761327,1.5128718424668024,1.6180666057028108,0.9914253642920587,2
1.1461845317402641,1.4263190708508344,0.42333857092261956,0.12836635347231545,0.7920857434993145,0.2242773145235991,0.5822683148223001,0.3119025715088938,-0.08142443104158244,0.18008344916781652,1.4300942512056236,2
1.2752514749426083,0.055271238428049096,-0.8803636098136038,-0.6396298930254238,-1.52588619262802,0.825884341807594,0.07813942752572237,1.4174756323453328,-1.6726808730941887,0.34212020819016703,0.5094886250728082,1
0.9563229404399143,1.0818773806928412,1.1877269736025324,-0.4462087967600116,-1.702092777028489,-1.1829122556185834,-1.2611327841654487,-0.6625297921910265,-1.034111791124817,0.23463253444305476,-1.378082674172965,1
-1.2028617747000816,-1.5177597392736015,1.31002165616546,-0.11127621615938196,-1.4192685740796098,0.9327756482625581,0.18240683058555962,1.5692721605720634,1.596696195895503,-0.5799498218305741,1.4418355108254437,2
-0.136613490777611,0.5673862264321042,-0.7453113058588371,1.4569427858597555,-1.0293826289796868,0.7153022078757109,-0.8130712756682523,-0.6028994383056037,0.35764462706930833,1.1550920676604317,-0.6200204233002832,1
-0.4676826322507753,-0.3459448127643718,-1.5666945202249036,0.8620212923649052,-1.7204496519862662,-1.4698750709523007,-1.2073025264189365,0.29965728525850605,0.07344312597017716,1.6958899673621506,1.293355920851376,2
-0.11492473066015994,0.9228860868889347,-0.3642705025609514,-0.7929490992408667,0.014720610413068602,1.699986335753051,0.9087654747056167,1.59759471032363,-0.8909642131168981,1.167491161329343,-1.1769329730205598,1
-1.3500405406176572,-0.6942616040425703,0.20400292067659007,-0.19756184037778163,1.3884246765464878,-1.4935180774931642,0.6421390328522297,-0.9971403111169048,1.3374925267581714,1.1683570198257753,0.3752808985625647,1
0.9788846342671275,1.300467511383022,1.7265379527700169,1.0661866299038782,-1.501173896767813,-0.4746908380835038,-0.5537254268915335,-1.4622688257392433,1.0590068132653077,1.649116291384875,-1.6495188891282753,1
-1.5567511874754023,-0.6535718782639983,-0.6703209581698452,-1.4228704815766016,0.21900979879428845,1.447972311597515,-0.5013219189293818,-0.7720004337517178,0.9405523002625891,1.534649798156518,1.4426013333211174,2
-1.1534154425903314,-0.35896396413246234,-0.12501929454072244,0.010473706970597844,-1.3099131215132944,-0.13562570203517366,1.450346646559325,1.0180718685834058,0.28728427049901706,1.4579174182026828,-1.3215536941465844,0
-1.5321489722841704,-1.485159259091733,-0.0221041868476415,-0.3452298852284029,0.7355057513062954,-0.520347471864851,1.2528580929970057,1.0642327538871184,0.20212461904809018,-0.9285790868340966,1.0021427709327102,2
1.0465863987016397,1.2142897427856627,0.2742172510802433,-0.18408036917660675,-0.9750490952237464,0.8762464036468911,-1.1013262840249247,1.4293141971419427,1.2698606831323083,-0.8362958882843365,1.0791557531136364,2
0.28343448048577274,-1.5267309688352402,1.1162331096564317,0.6610108887077679,-0.073686108835996,-1.1941979082494831,-0.7608726862316574,0.931987148704375,-0.5759530286291643,1.3913155826571062,0.3334239030754902,1
-1.308848129303073,0.6463542750865656,0.03279988791205023,-1.0689801573401985,1.3311050563024287,-0.5924130553288075,-0.032093861820545105,1.5887878025794993,0.45897545289790453,1.5679333987593775,0.5497024301954352,1
-1.0383913848424766,0.34455384305711856,-1.6420784508625317,-0.17165463123706304,1.0977857678899692,-1.5414570427495717,-1.39239828254079,-0.35005575827792323,1.1368043408091981,0.8594879769784265,1.67005520801217,2
-1.3833361748123698,-0.03251989269464608,1.396926162538576,1.2249108412547034,-1.743757347604437,-1.1020122823405032,1.0869016604750712,-1.2408531079188494,-1.5004815481349678,1.2886940336599437,-1.2845159425584054,0
0.7842782821065227,0.6417212769343732,0.08250957286639977,-0.17959253849070422,1.7343977457354502,1.3561038782494288,0.24311740138497012,-1.0546238960310663,1.662440747521211,-0.08817683019685503,-1.3270293269104176,1
0.11987456926120196,-1.6401441903414837,-1.3421787024476328,0.09363996682966495,-1.3544861996248165,0.3155351006106608,-0.22987920943416415,-0.6501150546589541,-0.9460397181202029,0.7550134907988988,-0.9356571476846733,1
-1.728219761486076,-1.2150192037327137,1.375528958480323,-0.10141238946525508,0.2668140270178392,0.46856147767569023,1.4020805324264882,-1.4381036352159013,-1.058019600842912,-1.717289591234327,1.1747122172502962,2
-0.24725211495111524,1.4487292028055507,-1.0482901467578931,-0.3472450805516384,1.4165497685347619,1.2286256058666711,0.696519348218082,-1.066542212923888,-0.24607721283334832,0.6031592276945927,-1.2769370109095726,1
0.8829334602531667,-1.6451821984983122,0.8666869295019903,1.3788368703205707,-1.356133619180236,-0.034696381972030316,-0.592870900581161,1.3404615863223355,-1.0549159560808152,0.6950268141660654,-0.5309266412512765,1
1.059572831313058,-1.0619341095858732,0.7646311095476569,0.412651975329922,1.058857637099086,-1.6257552157961022,-0.8635713700905678,0.4160073107807655,-0.7549653577762275,-0.5640526598360761,-0.6771672432946302,1
0.9979257812538593,1.2292856728212471,1.469096824946972,-0.8070541199513058,-1.4228881178702701,0.09664510150483796,1.0002294894565489,-0.9100934370160296,-1.0424174103520363,-0.6353301312623875,0.6651146793119831,1
-0.4935316442463879,-0.42698260170402264,0.49716924048568106,-1.0843149458164243,-0.9975680228226546,0.9858653960911227,-0.5531823483386642,-0.09791807846003946,1.0521968235939214,0.9089284971247138,0.25009756168018515,1
-0.2411539219744132,0.5793466915592888,-0.5275886815409051,1.1002020216999608,-0.393452643692522,-0.8288926603743704,0.8253398929065452,-1.1982276715142206,-0.8073211913709587,0.970300547351839,1.4257521040092398,2
-0.49022111729098583,-0.37244233491846473,0.8274862381206014,0.9620952881328831,-0.5308154796725486,0.7959283611071456,1.6920657315443914,-1.7034017495385276,-0.7254915235485044,-0.009574195890726037,-1.6479129003342663,1
1.212820165772182,-0.6266146635551428,-0.4189729602400684,0.6409819466531748,-1.2337334135829803,-0.16705545468100258,-0.07774084466766788,-0.22869725269435343,-1.370550305977768,-1.636626213706689,-0.9986886466839962,1
-0.7718295346937727,-1.3265509812105802,1.563414013124857,0.6579093650122961,1.2041122487072582,-0.5866754731252201,1.582248128043735,-1.1801221511024276,-1.2219911303910644,0.6210305470609565,1.3569303505577182,2
-0.14867056162300635,0.5699983489872054,-1.6467945126302939,-0.82120337606421,1.3022725149226886,-1.729462388420142,-0.3806467873632305,1.0782630896754217,-0.6738165687656197,0.3939504977866077,0.674315254572184,1
0.5737526695079368,-1.1223849252992906,0.7812821037918727,-1.165565370561224,0.47200894336739485,-0.04552921955209038,1.3375261732190238,-0.1080132540219994,1.2469987127092252,-0.8338888016642546,-1.1179538412985182,1
-1.4055859992821318,1.5034475932913856,1.4731749500394393,0.30001862031769855,-1.678279341159114,1.08945113212651,1.5021288465187463,0.1709579701690358,-1.6242451431114124,0.28575282007242087,0.2368445388615881,1
1.0816819956304884,1.0492508041593842,-0.891561821503488,1.5310869803217406,1.0612139835409673,1.2884443778349177,1.2680300951933092,-1.4061520798328453,-1.6221755615424511,-1.0545095465552181,-0.7136260214457896,1
-0.5005994766977642,1.4050522206984242,-0.05731352656964086,0.8800065854200935,0.7872356412598684,-1.5401902010907045,-0.1653811983677581,-0.6380816093768059,1.1503306975930332,1.1604603903383124,1.0506397755277965,2
-1.2634632090787232,-0.4038524673636847,0.652834572565933,1.5111095891421849,1.4182893291452667,1.619278486126524,1.6891343973371742,-0.8018361037513103,0.10403307497059698,1.7173459409037444,-1.0399428671287951,0
-0.060912177081837215,1.4789549422662713,-0.30072312146486385,-1.1781653849449156,1.5019801372894004,0.24138443380383443,1.2893337005330456,-1.4434057618599605,0.734658361369073,0.25151677512348564,0.906454244362429,2
-0.07265931807917114,1.5473042918804827,-1.4243556463014821,1.597715958918434,1.6028876660950622,-1.2752325006821428,1.4884931145876337,0.4452769308601638,1.5117761081655694,0.5933750266849072,-0.36667370059728527,1
0.810992703902456,1.0280107949643322,-1.1960518365804096,1.3328771425145578,-0.6270520460308608,-0.675827744098673,-0.9414016648467215,1.5019357618517102,1.5660281703323988,1.1020322589990572,0.725019040409071,1
0.5898953861024665,-1.3582671138739046,0.06751041439767688,1.6824846891602199,-0.6263274092797981,1.3954227947431392,-1.3629198488432555,1.010109559864688,-1.4937462705720945,1.5040676760625271,-1.4027847822207726,1
-0.024859072409085498,-1.053904183731888,1.089429762169036,-1.5413793073051765,1.5837715061910902,0.23617897856021294,-0.4256654705235437,0.7483425221476897,0.979041312230393,-1.1410780790285246,0.3751032050414651,1
1.2691050698671293,-0.8333221131294293,1.5321557364500826,1.5640358289141032,0.7042778635721214,0.03612128268508101,-0.23761619721952995,-0.1951327571258495,0.316579390952581,-0.7887083053204144,1.1018951170558038,2
1.666862041258427,1.545713986156252,0.2797248780963373,0.37361351759828365,0.8176976251899205,-1.4091608300354217,-1.1566965252822172,0.5201188865164673,-1.423311979811367,0.5978082221866409,-0.08389623191169053,1
-1.0870571161313132,1.4309946295439813,0.8651534019771581,-1.3923612769059013,1.7393590631542863,0.022912228596144855,-0.388901106090078,0.34224710344585946,-1.4672216615241391,-1.372903032863323,-0.2954447947132125,1
-0.5159463870407524,0.5307700093759866,0.684700327959303,-1.5427522047505198,1.036920842014558,-1.2051737540385752,0.866627407408524,0.749204260476789,1.1404443159060662,-1.1343763342661384,0.629641439105398,1
1.7120799577494543,1.5584273899439276,0.2344558139124219,-1.602915498919659,0.8333390701894734,-1.6445625697140391,-0.6117973850376368,-1.1338166248971084,0.2381987717855526,-0.16513433335976255,-0.3942759813647248,1
-1.015104183794678,0.879582914288763,-0.7044954985145788,0.396078758058847,0.536343379756593,-1.5700748831394082,-0.8988068895048783,1.1410104432725379,-1.5625070872474085,1.433275085394218,-0.3200469178684317,0
-0.9769128222534471,0.8822271081285775,-1.0450833126263235,0.5794347482493036,1.5655913093384997,-1.4043025638699753,0.9101039020509881,-1.4195973900433019,-1.6526598299887678,-1.429114566451711,1.255677340972571,2
-0.015860642697923664,-0.09560380499993208,-1.6292284036085873,0.14164655373016508,-0.4912142295130821,0.5246879971055395,-1.0687603817008928,0.8230500336532542,-1.210458473876486,0.9644300267460276,0.7632065467071104,1
0.22330625539990082,0.28022431124122354,-0.530311023571122,-0.7412015194857045,-1.0957282836536875,1.0541573601480743,0.05430075503882107,0.584453993363224,1.7341448493734704,-1.4530468952931015,-0.7784842718329964,1
1.337535590788583,-0.8751461981050174,1.0725666276365449,0.3836657337479281,0.18159147559558703,-0.12773916607395383,1.3549162930831922,-0.3526951622137837,1.3900160057790716,-1.2210141354191595,-1.4732844737974582,1
0.08114246227004034,0.37266979825470264,-0.11910733617019552,0.33469769566465923,0.11609988032260261,-1.6394763374598007,-0.5972707985389927,1.6476268292427478,0.10648033832739096,-1.0075280645387985,0.14695135237759566,1
-0.695453447454956,-1.1233082154348404,-0.666487802935411,-1.5413197354041337,-1.4042935720564849,-0.35833218711095377,0.5030765721773386,-0.8186384306390561,0.6493725299031571,1.3599888222561838,-0.022869638565139003,1
0.03308149869776839,1.4171008206798648,1.3355427683142513,0.5281631186435665,0.16558917427070163,1.151144469530031,0.23789179052458997,0.8761318069253817,0.2835541436035506,-1.3030628865410894,-1.1050067802793533,1
-0.4654313795114388,0.16996674846341964,0.2610335989840745,-0.6455327447762681,1.4571550468818195,-0.3112594898873865,1.37169374223855,0.5323851653188926,0.5567987577929167,1.619330759107602,1.5493167676814936,2
-0.8628919480856431,1.5353673461074155,-0.4087774935691068,-0.015027625870419855,1.3948374381671256,0.9841778723871932,0.8786292249041309,-1.268218960067778,-0.10461018235150318,0.087523175899198,-0.2712824131088038,1
0.44142831107262814,1.5414322826771916,0.33211956292898653,-1.0687118912275222,-0.56752784860393,0.38142001584946156,1.6228238303024125,1.504408225049357,0.3259346251278803,0.6290137623980628,-1.0863713275805642,1
1.11497241983546,0.32142798859865757,1.062890631005433,-0.5202205763824916,1.6118705039227748,-0.19210570284491413,-1.256467243420061,-0.866703233291927,-0.1854533176375509,-1.0370192049272846,-1.731771952301645,1
-0.9175848282700172,-0.5884190884187466,0.4575940376877175,-0.3406569353093645,1.0771498796768693,-1.4299629803689005,1.5439215755359184,1.6249312875858575,-0.8441223164829581,-0.447577374895996,0.5411231539720975,1
1.4806569513241867,-1.3184585568997522,-1.6118451589697664,1.4643933908941462,1.4897164569191974,-0.958146594552337,-1.3122322483056708,-0.3212245353826775,-1.406490425751681,0.5718151501237416,-0.6926694567264695,1
0.3923082988680268,-0.902922614227323,0.1521306580863833,-0.029579745895020482,0.7413223420798403,0.6040834081343219,-1.0548971443800341,1.3466714889301532,-0.3066948822821293,-1.350719738184726,-0.18899549922891187,1
0.4735790104622682,-1.704655513823286,-1.1958844034134535,0.9777855938265776,0.3153323048210383,-0.8412761189627352,-0.4438447889068345,1.4248497592958096,1.628607634068536,0.1781266089658794,-1.276348169876416,1
-1.4934177473595267,0.5697259167275682,-1.4609040279281111,0.36061801656725384,0.7051152724543336,-0.1959480713309793,-1.6919333490830393,-1.0605531222517108,1.7776403811956494,0.1272314465455857,-0.06962652207602972,0
1.5222392874714317,0.7093259299077351,-1.4748337983552697,1.0414035020704124,-0.07460606445333076,0.5675297123990292,0.024504637137865947,0.5144448708552288,1.639770182252952,-0.5803134823990758,-1.585539818170647,1
0.7265842701050167,-1.3439565101409459,0.8181740283003062,-0.5924974610068741,0.8729184031096281,1.4597928653389773,-1.2122959019760995,-1.5743225768592668,-0.014221888390522094,1.5265626797998397,0.7327944757932171,1
0.3254499156672423,-1.3276385923121028,-0.3940813305819209,1.6624013429088398,0.571498867309316,-0.2162881382217361,-0.4150841299684494,1.0244204864124233,-0.34357422774747476,-0.1519386498741335,1.6849580426419326,2
1.3785369336628868,-0.6125189321453354,0.5923981392048541,1.1460917261998314,0.11503186419732717,-0.17139390177445588,0.2516403180588926,1.5293706235980906,-0.9494847918647402,0.2980826450616176,1.2987122279549534,2
0.5222479754286892,-0.10501448262713471,1.0332909641025858,-0.20190545255729372,1.2429442218358466,1.5181319195999121,0.3648250908232309,1.2950956703428307,-1.6624508342347992,0.778651427751502,1.6778115644148919,2
0.7553266259810849,0.19784233094415876,0.058929471343505783,-0.5998293669448164,1.4199098494638331,0.44008001640016925,1.4016743934664688,0.38501087318571814,0.3104574579674104,-1.1387056267483,0.9495615100054057,2
-1.6067198044132636,1.2817896719055326,-0.30002733540050047,-1.5267403281235914,1.284434039095282,0.9858791275004304,-1.397527417518173,-0.9623152940417338,-0.7346646314828171,-1.66042000518865,-0.3275504620601122,0
1.0344280377470936,0.6926145403410012,1.5639342577930924,-1.3287653489870648,0.5139871835115625,0.49353070203757604,-1.2466498391999967,0.030826125683144554,-0.8507668264204467,-0.42406065813289334,0.22698990986974113,1
-0.726216700226251,0.4095733103440418,0.9735003877831806,-0.13400517500950776,1.1234973074496875,1.2411106044203326,-0.8961375422389359,0.1826407904844424,-0.7080257608639053,0.7165174220475163,0.8702151991125864,2
-0.2771177244819924,-0.5710341936753692,-1.0475227788873982,0.4637020433999344,0.16535287619496805,0.4976156933339315,1.2267407031493598,1.3813797034045205,-1.5939092273060653,-1.254592127910806,0.6290815341783527,1
-1.728161097946781,-1.5446442928550594,-0.5365974505448416,0.8445205553035879,-0.1577026858290403,0.4248849644189081,1.6088539948524423,1.4510779198377448,1.5615125751135392,0.13493758716383364,-0.8678101535654614,0
0.24185738872527418,-0.015431065089227832,1.4830379267347178,-0.563345881462773,-1.0785960145578262,-0.416185738373505,1.478646838659513,1.0702970566657943,-1.674447621708612,-0.841179330204215,0.4744295062700062,1
-1.1785765060975364,1.375059582528453,1.1463614881933017,-1.580908579343373,-0.6180873205229055,0.6454735986878561,0.8562101352998045,-0.7460494431581506,1.0769599478608733,-0.36523423188527926,1.4312497966271889,2
0.9875502833410907,0.2335455909065071,-0.6264198843438803,-0.225261807631921,-0.3807125148041753,-1.0575543346970073,-0.34252799504923476,-0.11371104049439436,0.745341454254663,-0.18207052554997938,1.0449441969431683,2
1.182451798749658,-1.14102419248371,1.4091664143717153,-1.2018692781431808,0.6063776630296518,-1.0122405788701234,-1.3776250098073302,0.9453937465786778,0.30847897336450825,-0.3242098563243144,1.172578830399714,2
-0.4722588973624334,-1.150783336732197,-0.6529074292090272,0.02318948490525502,0.5264972091613441,0.1699677165371974,-0.1337700342944705,0.056300022747127886,1.592303261530015,0.7264574775865598,-1.0552917855174264,1
-1.5216678863905944,-0.9472357852801203,-1.3917143244814225,0.6679694315733025,0.745424774794501,0.9023666440009479,-1.0166559922526843,1.3136780215549135,-0.7276767328410232,0.1202699442342696,-0.06547153110082593,0
-1.592420002144757,0.13349804748890232,-0.7772540995530268,0.11389300469168236,1.1448191320671404,-0.04670371660248961,-1.4717710748823023,-0.9298421508570943,0.8909031912641989,0.8533750159936141,1.1658844046578936,2
-0.7742106386732038,1.550424100765802,-0.7670356165460095,-0.9317481382382685,0.24491076245221904,0.3160615313560478,0.8596337301061605,-0.5234441742694236,-0.5558490637810389,-0.9920465146225881,-1.2865411279188375,1
-1.539975253003034,-1.0625397236979428,-1.4125794030799523,-0.2393676514177584,-1.1803261092145594,0.3271434135033844,1.3131433341155032,-1.0330811664990958,1.1896429375945563,-0.8144935713441699,0.6131345110140293,1
0.8221287739298196,1.1753098891200506,-1.0696394410598693,0.2872973494234745,-0.5236736509638467,-0.5549405412976545,-1.7226498187427302,-1.4363482562061172,-1.1033124424477714,-1.53190928714816,-1.2245976893379975,1
1.6309962727061231,-0.5082230372676744,1.358938253363816,-1.1654907243050028,-0.3924871149935952,0.03052972386692724,1.5261339842936334,1.2808457664563953,1.3587234684032823,-1.191938607108961,-1.688127951559412,1
0.337209656031699,1.3985658890721133,0.3306997844538343,-0.26138934498067984,-1.3600875083144668,-1.4592769440575364,-1.1561723976918163,0.23302879755334596,-1.6979806468263898,-0.034008722660047036,-1.2241136116689932,1
0.7173082967105835,-0.9230019184861894,-1.4487630280080759,-1.3479735207556622,1.391226213115951,0.6010125344439475,1.412945140860635,0.6912109109231642,-0.07805828777134817,-1.5949611028583641,0.8000857745081783,1
-0.8699084708786208,0.9000243057898628,0.8905805123593693,0.2534871443000499,0.7320592215887647,-1.1273097963324032,1.3783286028960346,-0.24294287880454074,-0.08236060822967485,1.0274472081163744,-1.3444861865267659,1
-0.8138142820674542,-0.3872887223280547,-1.3490167548035754,-0.7288755340470595,-0.8732300352109496,0.9302828669809623,0.7482711478775574,-1.0721859060481707,-1.0725046467090558,1.309197562855462,0.49683072266672784,1
1.334896887896726,-1.6355401235051605,-0.12610742133263694,0.577363818450159,0.8962037328745809,1.2774986116294011,1.4349860552893445,-1.621773133020577,-0.9851773626958231,0.676255001963412,-1.6382978965077561,1
-1.4770841575377998,-1.0269656142201031,-0.35388492633704505,-0.40881902666913617,1.4198556292000823,-0.5392503737769617,1.4742691550746145,0.27167135053724034,-0.4254779442276239,-0.021471091631706563,-1.3041516839839673,0
-1.5781836182617928,0.8973888604061945,-0.6244526930854603,1.3218765203718796,-0.182325476497867,1.4668181576109125,-1.4654208383573448,0.8773688578338165,1.062671392110216,0.6306415763713556,-1.0120987761535063,0
0.5392069043775245,-0.8617038715551872,-1.0384039848274615,-1.514042204521025,0.6420589584815656,-0.5081990657063983,-0.6956564306377879,-0.6921445305824726,-0.06394690331320883,1.710990539539931,-1.218383201552051,1
-0.6845834808458313,-1.4373854699494943,-0.11220533484311716,-0.9317482934747456,-0.7553561321278325,0.1761448401183775,-0.5329961745473895,-0.10319895876381646,-1.4214917435792807,-0.13798101091164397,1.522756092491013,2
-1.1836870404474424,0.14103452892018833,0.7636278532258979,1.1556881620677075,0.6566838083462695,0.11020669992878399,0.16941657694620849,0.774573194780585,-0.5810966180797497,-1.0601203096120997,-1.5843984126967119,0
0.05735188413425649,1.5222207267018826,0.7925541908273236,-0.29028396156602887,-0.4100550447471825,0.03882861562493646,1.6991259037137076,0.5219581222518531,-1.4048658607702285,-0.24278452331981595,0.35059056740522976,1
0.9581475450037436,0.8178368840524296,1.2382270481101738,1.1919618752139034,0.7376328878511351,-0.06694700398603219,-1.202617801109849,0.4322302772770392,-0.31395352920045166,0.8886327739683395,0.1145380792136551,1
-0.024297100380781787,0.9680019943097119,-0.11540978180632823,0.08756877448623768,0.2134386631147574,0.962962634076895,0.8400825634011637,0.33110075124523486,0.24873834357304433,-1.6054553078351241,0.8109515371582448,1
0.26771960818473656,-0.9472290341664825,0.5627493457310708,-0.6981578891945941,1.0483541848949047,1.303125105715498,-1.4422647716762083,-0.22256355155452587,-1.370833210041244,-1.140420026571236,-0.8826647950930432,1
0.33597804437490686,-0.22203333484558033,0.30594537899367885,-0.8397475570888623,0.41302025377972207,1.2741141777550211,0.2865941440857627,-0.8214079904608684,-0.771809020233043,-1.5152848040166589,-1.2302111228899086,1
1.6176130218897284,-0.5033446066144744,-1.3312907298935501,-0.8983247230809059,-1.5920504134460873,0.40342644319777166,-0.7107126583315051,-0.21065474260789172,-0.655471149574983,-1.5553221008916909,0.38709592605531046,1
0.33595702603742983,0.25393884905338826,-0.3094968120290143,0.42791644758105996,0.06686086266799202,-1.1059998232317048,1.4127233690675243,-0.6598611713133418,-0.3855195287781135,-0.177671964388103,-1.4712989961744352,1
1.6756615751576946,0.636939680580289,1.6742214269380695,1.2228165749255018,0.5630968270563226,-1.1039533063078848,0.5834951673633033,0.061857142786261844,0.04231379170169505,1.038114584792421,1.4969105126031883,2
-1.1751441878821254,-0.1898620940842779,-1.596449439959595,0.994980853437785,-0.1875096696232438,0.43424599347143483,1.1738076831107043,-0.5646136335316577,0.9264740992974844,-0.7732094382342752,-0.20773078323902633,0
-0.7998282135938951,-1.1224011131455716,0.6065173018577897,1.6270417801598922,-0.0790732688413749,0.9554885272868636,0.2737293903380148,-1.341992331206365,-1.7265406629535125,-0.8468766791107398,0.9829928384558425,2
-0.9077711029399571,-1.4437590556495457,1.4937617319552772,1.2711439975578942,1.7632186336416868,0.004161634721199853,-0.3702475622332236,0.44826530635642287,-0.23748810024824704,0.4801034181816268,0.9171898399112769,2
-1.6444251937457046,-0.11502523966428392,-0.7385334290463398,-0.21894992552535933,-1.356433542666409,-1.591620669942153,-1.5650218948053818,1.6504891754911821,-0.06733397183426788,-0.5554979778913245,0.309231615010628,1
-0.7580310428969421,0.641240849990897,-0.7628434889013911,0.8674071783658501,-0.7045084870366864,-1.5398939681642412,-0.6468556579226067,-1.242309860525325,1.567801548332243,-0.15346256082785442,-0.9218051195457068,0
-0.9782315641751991,-0.1475406143935533,-1.0483721036432287,1.178733070273753,0.8564040465302927,-1.2833840951079385,-1.4843299759202793,-1.0097115354092134,-0.6371856070061875,1.61820514306224,-1.5637624593350081,0
0.3019060193170068,-0.04752366061074166,-1.6448203923108629,0.5765264065729289,-1.5441883810752104,-1.2142942473239926,-0.6156703191919021,-0.9375477666936025,-1.046675505113095,0.7998476437441661,1.4591773694902783,2
-1.6363936643930854,0.11328531737588456,-1.1152019199944745,-0.6550826545296636,1.6464112318450679,-1.0682087583175799,0.029535379553927568,1.6588657574114498,1.4443278509448294,-0.14021492583243944,-0.7366822828713994,0
0.6524283360484817,0.5183785548007358,-0.30811380950077294,-0.5672355024130823,-0.9335902869846455,-1.280283828734647,-0.8225781030826989,-0.7474811983102867,-1.6001961525147315,-0.8272563255815828,-1.4488205982121727,1
0.6260672863919322,1.0229073859219793,0.9972672015870403,1.1997447464022957,-0.6769216679353145,-1.5150101660058162,0.4436860259545894,-1.1533325700405033,-1.6765202420653278,1.0104244300765142,1.3857929715252246,2
1.3826863714183117,-0.7376458236538299,1.4969225340417975,0.209159067769133,-0.9591668269074676,0.2892214976192632,1.6124131915837754,0.36393081062838306,0.03560566199234637,1.148355688558188,0.08875003296117853,1
1.059696299772784,-0.03511884445706762,1.6920017577435642,-1.1854684703019256,0.9879679649658598,0.20594124010417322,-1.052112362513367,1.3745818563101542,-0.5959928119679561,1.4634935469197072,-1.3255028199104084,1
1.7227872320499287,0.6731194599382394,-0.9678262709587357,-1.3504522632651161,-0.1571824888094754,-0.7620502531626284,-0.6007717728718852,0.4151028204806724,-0.12258127452822301,-1.4662252616088018,1.6515456291202069,2
0.030736993182478297,0.27560915084149434,0.08350127421996924,-0.6467883284257359,0.7922032152695492,-0.9588023004846815,-0.5410175948724382,-0.24905560183556427,-0.9615313879997184,-0.32154301215530273,1.2366403814764506,2
0.14356706419973111,-1.3194704134207442,-0.36054294917143065,-0.8621098111061541,-0.339720836252079,1.7398639674872234,0.42751929495346763,1.6424140307306165,-0.7649957852028955,1.192514471876238,0.6383217683091975,1
0.7618364782675501,1.4285544052281538,0.25191601675344377,-1.433570060201278,1.1217057550509484,1.1848703587912142,-1.7236167572985202,1.400480544344613,1.4851836582595999,-0.5038408599941703,-0.3966902543830981,1
-0.6143648232570874,-1.6664084896542444,-0.09193944702916883,1.2601214036600845,-1.1570168340295974,0.19700398786900145,0.37812289462638643,0.8616655416825253,0.7749298684419028,-0.76316547967566,0.5947175730379044,1
-0.044634576709563556,-1.5323060030518327,0.6058001376333657,-0.48823882406331875,-0.3884825863776197,-0.6278168681756598,-1.2726838210645983,-0.4928545874294818,-1.5133252821064134,1.5606082358795599,-0.47169659614107906,1
1.256255941982564,-1.4755057740353754,-0.6157336709592489,0.05527133397409428,-1.6257324649186613,-0.7272986436691196,-1.5325929156402256,1.1743292788697504,0.08652885517329943,-0.029662113007956622,-1.1648720235307004,1
-0.9046086963937745,1.515060245125351,0.7914269005864915,1.2722346866404952,-1.2556589685115949,-0.8364484959261058,-0.3395040510901839,1.6943409591646605,-1.154137761882984,-1.4213045228138914,-1.1313738732689975,0
-1.247870431256016,0.027686443405190938,0.6250227729845975,-0.5190149866327932,0.55835512899524,-0.3149992367379075,-0.2221768785854916,1.1978561180218248,-0.24075523075285757,1.0007960835961864,0.1804309507208448,1
-0.07261854626712022,0.43023718103164743,0.703454733160878,-1.1234821643547632,1.2768573606802867,1.680731747571944,0.11027056429762247,-0.6553729416789751,-1.4311013672819892,-0.20307625267342824,1.5421771342920991,2
0.03257270238471576,0.013780827263776546,1.4616951762382366,1.143505713924016,-1.5878016567737876,-0.4706099217240552,-1.6294023249861196,0.1406515580517663,0.956224755985623,1.535238581934092,0.18716240699942482,1
0.5504576893465519,1.6596481825467282,0.0922452406188521,-0.46137501683923005,1.2025709971310377,0.5914745080546149,-0.824824812072328,1.3072371406945433,1.7208004584351417,-0.930622512885677,0.3920310225836314,1
-0.4492844952854295,1.0331247558918693,0.4890245712487607,0.1746945631970306,1.3119515583281278,1.3171158587921017,0.3252225501031106,0.6026774525768513,-1.678744802869657,-0.4978664363687871,0.05429277120355815,1
-0.698919905617885,1.450680680226168,-1.6561281732142386,-0.2880620447956414,1.3356453866085864,-0.319374645071599,-0.7576433485606014,-0.9638788419796122,1.5806829785624104,-0.4147959722210672,1.2648773507744862,2
1.5278194694564962,0.1697828626140704,1.614040199187575,1.202081596178933,0.8484806305010301,-0.6012287903687501,-0.8077272210711436,1.6042349817411246,1.063070235255259,0.9327049714367462,-0.7626104091975141,1
0.7265659050812249,0.2649662301676904,1.4365894623615048,-0.5128070352431583,1.218523280435373,0.6157911888292724,0.33017656834487624,-1.548433884608399,-1.4719896665521024,-0.6695834933812513,0.701571223553865,1
-1.3149720567282674,-0.12798248750473443,-0.4846775698007293,0.13669716364995418,0.42727296357441935,1.505226368633177,0.2818910090721832,1.3241295751329933,1.612717434769057,1.7105402931217861,-0.4060338207799643,0
-1.4278764959283228,0.5105441546755592,-1.6871634084825329,0.2885897369766605,-0.8129620440672832,0.989278602406103,-0.47180163531088787,1.017548258385254,0.8949301148034347,-1.235318117780222,0.08997607916335171,1
0.5986833772848617,-1.674356497265612,-1.619109649147262,0.24437308937365382,-1.5455058725704096,1.505248866383251,-0.6014051419145559,-0.29730160551246987,-0.3840203903061889,1.4139318065839193,-0.8044519872200898,1
1.0228622479794618,-0.3563028293116914,-1.195469705609554,0.1461453344015303,1.4557332129704785,1.2407773710781655,-0.5921646372484625,-1.2323823788130377,1.617216058803634,-1.615914878472027,-1.1306730365904023,1
-1.6580720174636576,1.6309455859906763,-1.5925890532440876,-1.153064859763605,0.0011747653682475027,0.09230064784079707,0.33836800572745873,-0.3235956512709648,1.7077332050954839,-1.569400960043681,0.8731163945438095,2
-1.7047978606193586,1.423258112740829,1.645804208842537,-1.6045742997716124,0.7725848513690294,-1.0714751566474825,-0.03784721757282165,0.03334385810104175,0.5307266442486636,-1.1965449743099812,-1.443224466985713,0
0.7554963911401321,1.2999250935027038,0.1401561038418663,1.0766626530478087,0.6734423291910923,-0.14102526891849806,-0.764690110587435,1.4904254023407855,-1.393726210983674,-0.12826607858167297,0.7843674268632488,1
1.5888503797245843,-0.630691152863866,-0.41997886795900186,0.2422159774944915,0.15311832371823875,1.6779797523787379,-0.407657355756993,0.019738406132571416,0.7006332637126944,0.7003951368439459,1.7111049664198543,2
-1.3934425192443818,0.06972186955070646,-0.3615146584521019,-0.3284706160079793,-0.2354889679206012,0.6795230193518711,1.1196544725554995,-0.7536471563486921,-0.7351726212788213,0.2283983532687418,0.5785389004624614,1
-0.5248608596643386,0.8640745266586832,-1.3631602997482626,0.8364945106261727,0.1671790538128671,0.4366619649852369,0.6894173369319611,-1.3955503836848193,-1.2474640643629182,-0.8003973950222512,1.4067940957536664,2
-0.6728609920693059,-0.415335461810535,-0.33504293872329843,0.8905780721089089,1.519367036714605,0.8634765295334876,0.38799619060127716,-1.2122390526219484,0.9943694670439917,1.438331699013383,1.073330070256488,2
-1.4126083894470178,0.827614185327776,0.03962278433725529,1.6427602198263445,-0.9205602852522748,-1.3385473870333051,0.962602213017786,1.5885853755044868,0.5027015528690344,1.637877448101183,1.6656607000766097,2
-0.4079679746953344,-0.03505591009675398,-0.17406190642437283,1.0653961412467885,-0.8991060942761644,-0.6532430712979743,-0.9050696151264194,-1.6559137439126903,0.9514802774769389,0.2463216241448915,1.3596256354012792,2
-0.9515493829410957,0.5551723044799938,1.554535857625761,1.0220799011400366,-0.3480221236508136,-1.6424318905153437,-1.4998822814158106,-1.5790520064632143,0.45286361316926005,1.4016366159345799,-1.4284247656644273,0
0.9055367185812353,-0.30267697448389796,0.9631990039276512,0.028635249578703267,-1.6878147092516533,1.5503575432382932,-0.9671516127093769,0.12641368847376805,-0.07972142037586516,0.7839158474098107,0.8489071915971359,1
0.4907228039616822,1.421622565601274,-1.246806019490504,1.6832830530347898,-0.07608699962261582,1.5398478115963499,0.016796779129410862,1.053724646452943,-0.5896444235293866,0.3351933402187082,0.8346935947701418,1
-1.46418101342109,1.7004495687104275,0.7535254959512493,-1.7025501522041966,-1.1537281272713211,-1.564547723401215,-1.6006207947736215,-0.48280685548217933,1.172216236861998,0.09593932048452047,0.5910736062623656,1
-0.23458549278062435,-1.1244057486089887,0.9124102540953465,-1.0578068193611179,-0.1667255748604041,-1.3335316508563513,0.04199165161055051,0.33595337850109114,0.8673417449859608,0.5704817280392358,0.45402315340575655,1
1.4265831123084676,0.11827162619862279,-1.0106588000472436,-0.21819368751008342,1.535206563326588,0.46056250636672974,0.5430595323291648,-1.5877578303150535,-1.375362633894181,0.0018205019223237265,0.8055621332925265,1
-1.0227776209498718,0.5313828126532852,-0.8211022798567496,-0.799360081047857,1.429608272053913,0.5351569217291571,-0.10534173042060219,1.6667486988429614,0.7314354477293802,-0.8456644772157346,1.3775733896004114,2
-0.16080620712498392,1.0016504068538548,-0.6657094749600495,-0.12107794461179311,1.6471011981419434,0.6424457720859346,1.106145685676471,-0.4024165662590302,0.8912965505796432,-0.9092704423636552,1.130449968153557,2
0.38853393230697203,-1.2494125681876131,-1.2646997916260703,-1.4505764020675878,0.7929280744278621,-1.1437531592373684,-1.314398345412319,0.871213163776092,-0.32567245362167696,-1.1618760001128299,-0.5808580040886708,1
-1.3198585420003932,0.30230433014068636,-0.6891107606054601,1.723192290932974,-1.5203701583738152,-1.4495529298226733,1.4353147573893705,0.12260742361737179,1.6148243382110798,-1.0888668116936537,0.07944969270883337,1
-0.9454292487837392,-0.23335144360677754,-1.6009893529967134,0.22990008687685856,-0.244763696217244,1.0901178556205906,0.27750169548264947,-1.0102534671928753,-1.7193681626526696,0.9470782224775233,-0.6189147010365742,0
-0.8366229736454729,-1.0707525944016532,1.3800848118436266,0.1798359528374065,0.8830938820876927,1.6502511235788901,-1.3941401630620462,0.9025417063298542,0.6718428958221354,-0.3211620344168725,0.5757535471892142,1
-0.21557793562503982,-1.1508470269190854,-0.15111985396140828,-1.295434380177231,0.8215778048519264,-0.11798430499841349,-0.6803301455016023,0.6628470844737339,1.4537484953860236,-1.159070618584389,1.1308385287485279,2
0.5652175764355538,-1.0143720186140812,-1.5725592408116615,-0.8310857462637631,0.1898823930025831,-1.063497095250831,-0.5519561113138548,0.4351175742112475,0.5568148944967513,-1.0681901107988492,-0.7757210168091812,1
1.5978929247280953,-1.5194597294309609,-0.6746212382497593,0.5071658453150514,-1.6165215220105775,-0.8662344078627572,0.263963878376976,-1.1063069903592466,1.1245154828468844,-1.5977491672168762,1.0336268600040868,2
0.9194246833688331,1.3091161657004333,-0.07842623012955542,1.462473154835294,0.23455015198682808,-0.9353825477799871,1.7193152256753204,-0.4433196450121652,0.1851582773666151,-0.9883406402578576,0.5769998800800143,1
1.5146397096354827,1.4682024869838635,-0.5656907239720433,1.2545899104791802,-0.16226526749249776,-0.1309863541292161,-1.5164780953258539,1.190970994250509,-0.36341521148784683,1.3827609007123547,-0.32954778987375605,1
0.6988098391138767,-1.091770461705942,-1.7011007563916987,-1.0203549827584137,0.8553028101841711,0.6695535967865621,0.5624831293637709,0.9777775874228772,-0.5070803044515312,0.37207891216672645,-1.3137347498887741,1
-0.9272435863651775,-0.16258966737200042,0.17408972611308318,1.012793191695001,-0.8178997657927716,-0.0714993702456144,0.8713312801349338,-0.659544476424995,-1.107641791664212,0.12685046880715548,-0.6426599524406416,0
1.3901265088696095,-0.31502718465512936,1.3567829755564647,0.18587197782520462,1.6136544083706739,0.4248263370140022,-0.10016613782021498,-0.01654600012695198,1.0872291737737123,0.13647881528748323,-0.44762144520347696,1
1.4634798310206765,-0.2647155608370341,-1.0967195778313263,0.7845485620909903,1.4060592257659026,-0.7392863064026456,0.7931836318044917,-0.7487288809860252,0.3202440072466543,-0.09995250574833503,0.9517449224618729,2
1.5223686941045234,-0.905383159169891,-1.6389692429555363,0.7661855565834707,-0.7442161418489988,0.16116470520658124,1.000160251390536,-0.2412671043636551,-0.8724866291107698,-1.531130014501371,-0.839299341894826,1
-0.02664123874844002,0.7862837473103022,-0.21998529430977495,0.9841137060945464,1.5293282344347414,-0.9086151086617067,-1.3481535846066246,0.7640730947438082,1.6837429990888637,0.4291736214214758,1.1518875284451748,2
-1.2607494830524864,-0.6577192038283467,-0.9640977605051685,-0.6383512438829241,1.6538563775367212,-0.253959111752969,1.674409487000924,0.6045157340271703,-1.700045549828786,0.7871368410165391,1.1203370224585887,2
0.33601401397724034,0.16152617806942407,1.615974485505815,-0.7462212816364195,0.11732808002393602,1.6906572136468403,0.6135764682891884,-0.05425490656489817,1.682690553195894,-1.296897974046491,-1.4067205568861798,1
0.9508174592562262,-1.533545873977032,-1.1595589962821535,0.9758440197381578,-0.7792305905502753,1.7411068510786007,0.5511691758070988,0.08112406715549784,0.7843789032363193,-1.5006691125968807,-1.2990402098467309,1
1.4881577561789927,1.3751700177342667,0.2148279127015449,-0.97773948112683,-0.6585368231158554,0.5188951430044418,0.8548186596393301,1.2408057704566726,1.5984321876167884,0.3553332088457247,-0.6929523778459932,1
-0.6019581533214265,0.09940428705072733,-1.367708908529561,0.20865614615854713,0.4576707133198336,0.9525036389275474,-1.1053783598042561,0.2861071422769629,-0.02645907533763435,-1.1339260878479935,1.5688466183168146,2
-0.6113949337401872,1.0116864371422014,-0.4679770525669182,0.3927158517544817,-0.32425671693476976,0.17515394508200477,0.6910783800511442,-0.3307446288452433,-0.7385342720624445,-0.8523315876382637,0.042858028370006566,1
0.3731796184625392,0.25403169671924497,1.5087913943807103,-0.3188732572060636,-0.1422277464237949,0.27462583450375916,0.8207332139483161,0.28073376595872235,-1.0446304443740702,-0.6337196344590232,-1.116207838750053,1
-0.6335206042027094,0.6635866638387062,0.0741424811427768,-1.321879819956299,0.23049320411087282,0.1772297004244604,-0.4168820122128139,-0.8981524660834947,0.9281315675391644,-0.9098419089713006,-1.095463443054855,1
0.9539801511199107,0.6270093195644932,0.04800697397692167,-1.6988890200193818,-1.3150557428885223,-1.0021048749517143,0.5842671707009541,-1.6995861445009781,0.22395920590186655,1.5434469204802705,-0.10577967700463224,1
0.7587152676544909,0.1270358834681174,-0.615466651226735,-0.4773986369383246,0.6706546854319599,1.1984755220869097,-0.06440353280737365,0.295516685339374,0.9289486228199683,0.9116126584636541,1.7026287187904956,2
-1.240476743983894,-1.0188364608451528,0.6751823836214175,0.8745848905387595,0.15109139239259295,-0.55415478165826,0.7864709433864175,1.2577659333433788,-1.185424180206548,0.8692029093083975,-0.6978265095939354,0
0.19538841784164054,-0.025523768490324533,0.8823261436989805,-1.7416860102480718,-1.7038151212340746,1.3900396972877462,0.49554443853213836,1.648197522662494,-0.7987617219196339,1.328921819404191,1.158920702095559,2
0.14813584211770522,-1.055765937210501,0.06274093167976191,1.0178749704166399,0.3163052915975892,1.1864695297599084,-1.6614914063427444,0.7396565369367023,-0.8636007993730512,0.0902419715779956,0.9284181450941968,2
0.8937018127645415,-0.4903296573256742,1.6707426078489793,0.7623611018830548,1.0742676749849682,-1.0295415985469345,-1.4973482739543635,1.5503533679923673,0.058499321828102295,-1.5607423750793574,0.2749833110325435,1
-1.1455947052769713,-0.6104406063445534,0.23506856800166198,-0.8384688393064292,-1.1772704263428375,-1.1567786253332777,0.08889769238180957,-1.353713784935972,1.1315768952592442,-0.6317281599172289,1.2032548830710368,2
-0.644012082763264,-0.8618194154639072,-0.22340973210723544,-1.4574919872882584,0.12362844496980938,1.5100137033317802,-1.4658514866998655,-1.6016115307401633,0.6394331590610434,0.8833510371401021,-1.0394653061920116,1
1.653456357818361,-0.1540687420277458,-0.6404062810057204,0.994526459896318,-0.6647291777527957,0.5756085261784417,-0.24583629414002897,-0.35731468238764386,-0.7296715788427495,0.8755929450120683,-1.6809301841715514,1
-1.2558445094477564,1.148333991841491,-1.4854507582106036,-1.2938203477871586,-0.7354579520528117,-0.8729993181021849,1.3765351187704553,0.47291069828368815,-1.5913951910283861,1.4413102522411103,1.2733673020410694,2
0.7137574883319912,-1.7593587202947174,0.13408926310376182,-0.3175582739051897,0.3885126997525275,0.24420210236300816,0.6274204832730829,0.2876469422721377,1.3383529485252141,1.5377495715737457,-1.0481094809703466,1
0.11934100887551012,-0.22298954322020884,1.1986777274353673,0.23805423521621538,1.093730475947746,1.1738463354533704,-1.3580662656089066,0.04361493144121341,-1.4835588258629127,0.023640136032419018,1.2357308976713286,2
-1.2589964696994451,0.09048684742139838,-0.23450291918965305,0.9530795698931215,1.0502975222667104,0.10622173594963637,1.1407410141371703,1.1996501705085871,0.40952452699988934,0.5545326145349518,-0.7380338049653082,0
-0.3802964631359903,1.1011398647604569,0.5725938390633737,1.4345376812794564,1.2224616001480146,-0.14149424753587939,0.39220446446947604,0.8428926945379138,0.9113329627870069,-1.3959521860383521,-0.25404690597799867,1
-1.6031282375578038,-0.09720060932469056,0.09218215523431843,0.4741157643473272,-0.9996817427388074,0.15659736680845482,0.5269609117138383,0.3644788316104878,1.0011091572137005,0.9839984287653988,0.30551082618932296,1
0.8329627852526365,-0.9864759251626943,-0.6471007633181097,-0.8162874543328436,-0.21324499713428055,-1.0028285229781042,-1.7343530114771917,0.955253210118324,-0.4143663788416807,-0.8109435515087973,1.190775609635566,2
-0.03866048658577098,-1.1018290664328592,-0.37917027425352295,-0.805770401251743,-0.5785765798596557,-0.4688345355302816,0.9697135137419264,1.5390535048534257,-0.38902425586267836,0.8344646664315315,-1.2485866567537667,1
-1.7123638791156959,0.2258556807462458,0.48437105079365617,0.35291895910874627,0.1822158155911552,0.1885801974734364,1.2095646625605816,1.6202512621279523,-0.4490900479205534,-0.16400871731440048,0.6168299938317989,1
-0.7615796487453884,-0.06699170108320707,1.6595685605341273,0.8526328673711174,-0.2054614528063622,-0.03383851760396411,0.2019216263645761,1.4379643940837759,-1.7147203610002841,-1.4511593237708789,0.27311930920745586,1
-1.1310559700005498,-1.2313433885773164,0.048494943476177985,0.9947983784260652,0.20010245157734033,-0.8682717639986065,-0.20915197491735862,-1.0900219430628797,-0.09215970015280565,0.006167111574414137,-0.051240918168006265,0
-1.7209570526840647,0.3655307686344411,0.14189056432254632,-1.2204428301214147,-0.07321994128532341,1.4456798473609942,-0.36444301261741335,-0.12791074795465535,-0.032714315691119954,-0.7999991001138923,0.035980589610619264,1
-1.4269695282845303,-1.3286304308014167,0.821099961231773,1.4149438434425312,-1.2605674000897986,-1.385453803438756,1.0746590192803107,1.11185816070941,-0.42588312829353003,-0.8165369973957503,-0.2818419312302952,0
-1.1612755177264351,-0.9641505267268453,-1.1498320685526653,0.7692512911932287,-1.2821056515960467,-1.3502797490997143,-0.4469333253547,1.3074012227041951,-0.7584467363663641,0.5682997646282263,1.1718589810588764,2
-0.5828034241211374,1.6628727750229817,-0.29823582539514554,-0.12732737489786444,0.1765333934873024,-0.2554154937797632,-0.9642033997590502,-0.38107875061737345,-0.7044416652204671,0.5750188265605413,1.0913027116011662,2
0.1870029375068356,-1.3628280569565137,-0.7564994253697344,0.3428901215717656,-1.638345256596779,0.060803428927557045,-1.7438909838283139,0.5101873890694527,1.6031362030093939,-1.0186803219728473,1.5270029041184923,2
1.5044390717841694,1.5752221294617403,0.8164222572842733,-1.6041739093037957,0.8922058298269712,-0.6784284569008293,-0.6730558353689671,-1.4561277444510126,0.25176347510106184,1.5253331607349059,0.839664503656569,1
0.22214606331728334,1.3238487422933,0.38873571439891597,-1.2591392267451786,-0.29365897026642473,1.101969456162104,0.9363017714786821,1.4391066629921678,-0.7183996109111037,0.6505390046193711,-1.4075514629324628,1
-0.29023464361721146,1.5958137208506322,1.269096245361574,-0.802182516538379,-0.18196260953227003,1.715712566263257,0.020737498363206954,-0.7298305697710687,-0.4593641104283675,-0.895693781139596,-1.3478134652478568,1
0.5565866734791253,-0.1235702198587143,0.39407850081605367,0.858503311823017,0.5563448522852164,1.5735790360884532,1.0069059740630217,0.2098073519752782,-0.8016818470491749,1.1301380257932514,-0.3847894971313412,1
0.07483808678075866,1.616436066103523,1.3538058958530708,1.4192636139075372,-0.3080632348045802,-0.46451099112192495,-0.25978282636392525,-1.1579689024819786,1.6210630108420405,0.11348161362223995,-0.4828038723079188,1
0.16321652076264126,1.3220797511547973,0.7483767054885312,0.21815262291665147,1.610509327129429,-1.5729067595538588,-0.7758019341225453,0.7050891663410347,-1.5102632204730608,-1.2694848940494425,-0.99257995195476,1
-0.47545774114928485,1.5238014576702266,-0.058466078560925464,0.9697910905980259,0.4961791726149376,-1.0288841944682874,-0.5115260227040954,0.828340615855211,0.23825114055642055,-0.23225568400319854,-0.29179110345134973,1
-1.5472017607337583,-0.4804054973353779,-1.0068683434611683,-0.9498203754180341,-0.8697068532457274,-1.1487909299154644,-1.5929871335678252,0.32621492002735064,0.8331587136024105,0.9610012271001556,-0.31896622236959826,0
-0.6731137556066867,0.49956751431239904,1.4071249355432862,-0.2862682182032953,0.6163605667001986,-1.1841597529238992,-0.45753138529148607,1.1905838983998893,1.2910841950044218,0.20297674781348793,-1.4099541021701762,1
-0.724843536112906,0.018415064537731726,-0.7228963589600024,1.1880151517811328,1.1555392636110424,1.256571940298824,1.198411087241687,0.028466670470600842,-1.1919981334443208,-0.24328672124774672,-0.6957815855507458,0
-1.1337405961187346,1.679392942227458,0.9027278430955376,-0.3410804302747108,-0.5645007757809062,0.44518739143772024,-0.12705344309126135,0.35632991115737794,0.5783543865239975,-1.241985228202751,-1.2647127242562057,0
0.856840866446873,-1.2147664235087432,-0.03465727572651546,0.5057236357011446,0.7405691253177318,1.6961598081115417,1.112947727614468,0.9825650069185999,-0.9318619723286983,0.5306868715432048,0.1210518654665166,1
-0.14926220856805458,-1.7178767279569855,-1.5459343432620887,1.559498261651688,1.1630243125602826,0.3330114704053411,-0.49912871980501183,0.7613326786159935,1.627785580737395,-0.6576000117906275,-0.11600133380030417,1
0.820036825705961,-0.006593182916209889,-0.6835516098818933,-0.4145905997123985,-1.2526990864704752,-0.5910105703909287,-0.8766370365587053,-0.3316702944730544,1.2290802281301234,-0.13510636070348855,0.9625397200970599,2
1.2268016092043217,0.7788116821876474,0.38775439370243847,0.22932222746193806,-1.0483490463264842,-0.4378312714095194,-1.4769962497582785,0.7089563163041268,-1.512747487349685,-0.7296221215238706,-0.6761402837853724,1
0.9209674045985713,1.2912175659004734,0.4941751416723674,-1.5993004075782755,0.42982115912535873,0.8007639814086104,-0.5492869768685,-1.5337926539840212,-0.9152846356140139,0.9618324512567306,-0.7086134536418184,1
-0.10539866677574537,-0.600504355392924,1.5598248617178192,1.401612078891272,-1.67640850998823,-1.370940419767135,1.698326782562489,1.473968678988954,0.4236823763327221,1.6742954564611279,1.1011710058349224,2
0.5070766143842816,-0.7381062015603325,-0.9138676207694244,-0.651067927573274,-1.2453904260403863,-0.8011661591126628,1.5016620867173696,-0.8109769325188183,-0.9712730141793218,1.4453624700044136,-0.08627344297895519,1
-0.6522375646226752,-1.6277893431304196,1.26039633147539,-1.7395488985895071,0.49541722858429454,-0.6513265317420878,1.0254435239517787,-1.3513300800503056,-1.4560476076490803,-1.4055978496886086,0.18880675969479307,1
0.41677989915571445,1.6829261800014048,0.10433400278185362,-1.7137181974250029,-1.4566013907240547,-1.123054526213001,-0.22625990957692294,-0.17139090155749734,-0.9587819734751638,0.7108373903109202,-1.7521323773873407,1
-0.45136198296521474,1.3191825062656495,1.6175254082411838,-0.6427302788706667,-0.7946693145974317,0.9026487968274007,-0.9666323745426139,0.5394509429908042,0.4102571870546679,-0.0716042985751398,-0.5235371590711164,1
0.5069199628414741,0.158593953788023,0.8608131035540659,-0.39951759643144863,-0.8670900711557993,1.69017366526871,-1.1511922247858184,0.8765367951911465,-0.6248635122034437,0.2292815289351028,-1.1669829211977274,1
-1.3257109820161843,-1.0627328883417462,-0.34521466268235346,1.5509732389354451,-1.217737857571268,-1.1046370539661645,1.3047078761876632,-0.45621187051164913,0.5600026624484865,-1.540550554942555,0.25680333149255563,1
1.3812153422036846,0.10465580260372535,1.0236216149281685,0.8674238610782878,-0.7405205537713141,-0.6089033240736244,1.0572323025546804,0.15316343028344326,-0.4247325193070274,0.39150877682666846,1.0202648224127433,2
-0.06465885772968051,-0.9950193549010713,1.3381026558057492,1.299664069232694,0.5384802920496566,-1.3495979661117725,-0.5913463336465574,-1.1640603021421414,1.2810795237708497,-1.6887162608520592,-0.9181015248448726,1
-1.384252186753645,-0.9742714713872521,-1.5088295605679016,-0.26154001342804006,1.0446982827864069,-1.3567520849808488,-1.4294856962356346,-0.9412803996020158,-0.9997631934503372,-1.1519186274038578,-0.27273487299722726,0
0.25798345979648674,-0.9078437729568308,-1.0989294912832952,0.5659073234215807,1.591484637394367,-0.880717457077348,0.7567360017651868,-0.39759219787717975,-1.0114100632052512,1.4254823589263268,0.7043435643055701,1
1.5198372285673662,-1.0291897382398152,1.6841799035880531,-0.12586616620519753,-1.3908980391532078,-0.01879578047745028,-1.3031150708231642,-0.6383662181062273,-0.6882459457415631,0.025562341894498842,-0.7240830450172386,1
-0.15883722229050262,0.23060849849182619,0.442622176400063,-1.6496494384180826,-1.1529608255850496,1.077774747377022,1.198351644213988,-0.18342708022157478,-1.2800681792479145,1.1458966504283201,0.18387893733355729,1
-0.1965190757470944,-1.1697007257256289,-1.4555458520589777,-0.4873579823061902,-1.1798678110608285,0.5062570230823213,-0.29057885942892925,1.1761974990796793,-0.8167133316982594,0.8705709657327606,0.31090888296300817,1
0.13807517247667975,-0.4286628068206784,-0.15193246196484234,-1.4757855257379258,0.18759830859660212,-1.1938162875808438,1.5726731964005465,0.9410080742183571,-1.2038087931278905,-0.3976519739917066,0.14408395878612912,1
1.6795284669222936,-0.8928047683803628,0.9835327589584488,-1.232940606427066,1.4592257284640329,0.7116414954210462,-1.5311248070806978,0.8822202161484486,-0.020242195294288997,0.8304297658381568,0.07692558465415102,1
1.456856394991612,0.73700139451993,0.24863042039886077,-1.3214356362162447,0.8774933059786789,-1.2415624318529161,0.8242535648915671,-0.13961858601370603,-1.1723091219480224,-0.32750011861075734,0.9949261898401527,2
-1.3378103862436974,1.048490297614109,-1.0158001237388357,-1.2226262093175615,-1.3007401779222487,1.6231469983063913,0.4220148526005544,0.35925830768789674,0.8404554028662655,1.1243367738671546,1.1784100177489414,2
1.2710703859078647,1.6359561396267475,-1.6475827307529285,-0.6743535757539723,-0.5778995431582397,1.4062588081209728,0.35706046738797104,-0.7731115903877828,-0.46207030861663606,0.2387367037161441,-1.4065699704579706,1
0.7375849587570945,-0.7534104218632995,1.0093952785570401,-1.2866292486901483,-0.9024158903585884,-1.3306168477007394,-0.42242257208871675,-0.5429075855900319,0.6104017354888933,-0.7382807064881942,0.8934252337776094,2
1.0437386668800586,0.8726955122671457,0.5224637954501641,-0.15974972710933305,0.823673705405106,-0.00791252157296407,-1.1950910298837532,0.27628954520054566,0.1788996054684257,-1.5731587859181975,-0.04222770855797976,1
-1.7006155969630907,-0.11980089725245581,0.9637632980283787,0.7696960693239373,1.4813486365996216,1.2781652729108492,-1.6002461500195797,-1.6162970021577936,1.6627029499689698,-0.00143512602426192,-0.778518345930446,0
0.35015732190895665,1.0699318459861868,-1.2631991219168508,-0.15928556345402556,-0.5110538540579589,-1.118999090605702,1.3050283107725513,0.863099154681535,-1.620576933216674,-0.5589787290469825,-0.34128886449796386,1
0.9745031398678294,0.9713229452984996,-1.6962884675303016,-1.1390625391151479,-1.7200660217563088,0.9699084541691142,0.579020651048423,0.9634813981315516,1.6548580084640294,1.310911962678398,-1.2929859841085523,1
0.43161386581328026,-1.2986407291988256,-0.3811229135540726,-0.1987823629886677,-1.5441214307769242,-0.4676090967347686,-1.1460332911409647,0.1571387566261643,0.7630610307740848,-1.2254300137509646,-1.092046347218872,1
-0.11594805384688867,0.6493790120706852,-1.0087759915859693,-1.1361720175059802,-0.8295152862640166,1.6490218458681454,0.5839060468552737,0.7972837470836613,-0.043443399330844075,0.7651959867169432,1.120072314680644,2
-1.5798817679820705,-1.4986902787279508,0.2447018376566001,-1.1167026729295595,0.6401484198253992,0.21349176657323152,1.3676469662767108,0.36580527753677666,1.3540393321579423,-0.5335398064218,0.2878796553301407,1
0.8134357255785108,1.0510163110220794,-0.8771857998412054,-0.31701608721315605,1.1228834040863491,-0.6900332951763098,-0.0831611058547334,1.077868712027941,1.0800091305851018,-0.19578572413346784,-1.1484177528695845,1
0.6509780257378883,0.5494175088603133,-1.5891313133626481,0.10353505049155888,-0.6945066709550312,1.6964958251256672,-1.562359935467484,-0.9860625092532965,-1.4466697650949711,1.6683729843455306,0.5353132201753563,1
-0.6744460884770833,0.4410442791511564,-0.9522750997484372,0.7400929198810202,0.009153273061980336,1.0759210437079598,-1.3622866424760993,-1.6883522941776856,-1.2678365909509537,0.8163682238560953,0.2349961534585443,1
-1.3276462876893471,0.3240948129675005,1.619236924300165,0.05007006966301993,-0.8048365147832066,-1.227218625665533,1.6276029422855751,-0.12949357485808907,1.4172496616995058,1.0996944410586897,-1.5997254178315232,0
-0.3018256119006312,-0.7287422694647987,-0.09210138928500004,-0.23604127579906484,1.7734207084514042,-1.5322462533051748,-0.37708092540584065,-1.0426084160680031,-0.5427554988701039,1.0716752601141388,-1.682785013006668,1
-0.6578519505569161,1.6603685881580488,-1.3314003022669971,1.3664093906102752,0.07098847457304236,0.36196864123400385,-0.6457658671125545,-1.625938159370498,-0.16431495527417048,0.49245056034075213,1.1127839797239933,2
1.2734680834391272,0.22456727311967034,-1.5471474044025417,0.3924254362261468,-0.8827517595929176,0.47445897128654285,-1.7412235865439194,1.698748358274718,-1.1514836727944873,-1.1797126851393362,0.34316613152584197,1
0.14346282116340733,-0.8224443752264381,-0.11113293603754841,1.1576362540773784,0.032795861575011506,0.25248489984621975,0.9219988274756813,0.3361583778472028,0.12053487989933943,-1.2483579467364931,-0.3802811470847049,1
-1.4494668547054432,-1.5815694385666643,-0.3359111101162166,-0.47196813584937797,0.05205324839320093,-1.5772853977347019,-0.82331312906923,0.3076306103815902,-0.5267131743502456,-1.4270884575700595,-1.6776024098018396,0
-0.16460082327253978,0.6447223906608375,-1.7049676885776774,-0.21729994562583269,-1.323143490545312,1.6370809035433513,0.4463745110763869,1.4414083796595873,1.07766215609189,1.0495958684551139,-0.21562807139329834,1
0.07679284784458168,0.9784083446531757,-1.4126637305613399,-0.06814032069999273,0.6414845534012004,1.50030988816735,0.5456095629067075,-0.7126150334946937,-0.9799798125315679,-1.6042084716002616,-1.2546880563730183,1
0.049570723680578486,-0.057452714617245645,-0.09288150384124606,-0.05006839852145849,-1.0588816826104313,1.5428082504146428,-0.7890642891568767,-0.019534474490582855,0.9364225236518584,1.4512156734402963,0.2518206910919376,1
0.11695168785109727,-0.08809334127420702,0.6647709875252619,-1.3040881648298206,-1.1182332245961026,1.2973681354906463,0.6374064818474159,-0.058852995387533226,-1.6826577306563482,0.6627822437589246,1.1979334144807403,2
-0.3773570017515967,0.6858618699033832,-1.100718294173501,0.548751351641282,0.11410466707512687,1.456965082813471,1.3983432196914918,-0.06559759715792272,-1.1897823479685492,-1.090927554915163,1.568628847067082,2
-1.2643565115720958,1.0043256594479375,-0.8417275889799875,-1.3448206324332386,-0.5743629473633332,0.99660210217443,1.440073422267881,1.4162719882919672,-1.6579090418059332,0.5494586837458583,0.2517332091103374,1
-1.3327174979211929,0.8756917879281383,-1.1429828681939465,-0.8656257395041311,-0.5525747578525297,1.072840230146028,0.6704638533001627,-0.4811991774481161,-0.7934377469076418,-1.1969259520484115,-0.39855225965176866,0
0.3057432310985008,-0.5383319572079898,-0.1890976015944958,0.1371196557062344,0.40203548515432075,0.4323547456367413,-0.4038429282869802,1.0650441781808568,-1.0025352940430543,1.4835295125271517,-0.809624153880012,1
1.0258908465152585,-0.564341084513753,1.3516360064862938,1.4412106778509195,0.1804256932744344,1.3117246795913664,-0.10382199484009742,0.6567817001719823,1.7183413530164797,0.6328408569522939,1.0141693810483936,2
-0.5217266567455123,-1.18819868172657,0.743217093834576,-1.6691698635358758,-0.17159672677044,0.7655319045277753,-1.0624965018144856,1.5389430450673665,0.9600293198088993,1.2877589064837969,-0.20482169582518348,1
1.1520539966688843,1.7158963372068927,1.0274832616852114,0.2398465225245299,0.5951935223586459,-0.7601971658374691,1.0148236323266455,-1.382463190008737,-0.041361735212782816,-1.4602681551533472,0.8399641302289094,1
1.5740931305006032,-1.380227249302413,-0.6307987049288233,-0.12356794233049848,0.1939172393792255,-1.1937179557933693,-0.6312815506408049,-0.6365241585467597,0.8329765813554258,0.7490390671735155,-1.323941704769013,1
0.3284144314743446,-1.6994505749809927,1.5111696678333435,0.36720670898823227,0.6780781844881494,1.214299198921981,-1.309406291288094,1.4048097316261403,1.6409754588944354,1.0275857454758035,-0.17290503465558427,1
-1.0634401876871484,-0.7356948395091307,-1.0130054224294962,0.38808474900827844,1.2947062121361754,-0.7658465918231775,-0.2264985210670777,-1.0823373710174993,1.2169800644977065,0.9574685244347115,0.06611235377694046,1
1.151266534400246,-0.3379853614273344,0.05575451416925108,-1.2251003388987152,-1.3198381870154159,1.4933129980787507,0.4636354598805434,-1.3271124079749264,-0.22215380942431023,1.3489577850116354,0.39382886229878683,1
-0.6825701318497961,1.2745890330893437,0.2072406171878808,0.19525619360372215,1.3209465881125364,0.368936875995177,-0.6177317948223381,0.7262719856265919,0.6074266406379942,-1.273589063322532,-0.6119211129566855,1
-0.08354601802515677,0.8810225775021528,-0.6107333503569308,0.7549767945405198,-1.6496954492370675,-1.1896711278260341,0.9410501971576536,1.3986463069996584,-0.980224072236521,0.6469370332742125,1.4720787016884342,2
1.0788334460169697,-1.3657612610208967,-0.5673008357368967,0.2986876604857866,0.6142958109695136,0.7248449203223295,0.2645472256874866,0.5339685219794957,-1.5587264796195845,-0.36241153318690983,1.6960020084236522,2
-1.1458692111132653,0.06765655400850104,0.1758877652377861,1.6946359554169577,-1.707177537055729,-0.6694896877478079,-1.1995980711961556,1.2389369983088938,1.0846046250104355,1.4554410629028862,0.850340157136629,1
0.1296343483684518,0.36508243883234504,0.18873190246331994,-0.9933914635694636,0.531101084469512,-1.5561361628411907,-0.672586598798336,-0.21491789731748936,1.0918538986854203,-0.9895701593227916,-1.4625523373175076,1
0.5841580562694204,0.4356439708334308,1.1652974926080355,0.1978404273725759,-1.3976261466047948,-1.2385004209628843,0.5112629966278434,0.5527256638271696,0.3760400090986159,-0.8926979107419399,-0.47194823904023303,1
1.1760103209926964,0.3998467213873495,1.2252145407098571,1.3981477986809832,1.0217145285536264,-0.4697441479365853,-1.1123964639777808,-0.671188754971957,-1.0082490374901893,1.514336757830215,-0.9371427636734525,1
1.6514374423934304,-0.7095118604157177,-1.3995388665728705,-0.7979815626486909,-0.0558626862562175,-0.2925703906241604,-1.333885296456175,0.8421233550753388,-1.4183452413922815,1.4275084678079786,1.3282258170669163,2
1.3924673670938086,-0.14646416828813608,-0.6260900207612976,0.7167101625860197,-0.038818229450499134,-1.0443558119917469,1.665308979426683,-1.6925836560463574,-0.7174363233539811,0.7648669604882989,0.6356954623955484,1
-0.4701051299994677,-0.8356681758591993,0.11015445150940578,-0.3943553924143308,1.62289388828963,-1.266104079619364,-0.630051926011336,-1.3844024128103893,-0.31409414198227253,-0.8086576850782158,-0.9915963512283871,1
0.5133726903628344,0.4925286546357274,-0.42015388742999293,0.4969263292683268,-0.41442089266104193,-0.05404555537699217,-0.9339748987999898,-1.2810389083601872,0.8269049270537695,-0.9927218842498053,0.8601941962368077,1
0.3672277573506372,-1.5706459463663318,-0.7313129583657638,-1.4341130385980565,-1.4496694444778613,0.7215547076495265,-0.6366769683090516,0.01624098575131527,-1.6299828056227996,1.3968051255244873,1.5171514270330162,2
0.25095791615827057,0.7482949316179766,-0.04755777707594151,1.2518738440425472,-1.2349521715960445,1.1284071746196946,0.7523455920635782,1.3681440962198672,0.22366996692352586,-1.262211682679411,-0.24316389685021264,1
0.02272934675083558,-1.5196077492559794,-1.6927680494028727,-0.31871272680095436,-0.8138420940468458,-0.940309501687556,-1.3091837162898743,-1.2767095597958866,-1.6607721964041584,-0.513815549873071,-0.5819637472952792,1
1.2825119277411148,1.326221658492315,0.7618521695086623,-0.12192632860997057,0.6102927429087185,-1.1135151320282248,0.8920191299998356,0.5299444136158181,-0.3603474942533486,0.9792881585448068,1.1370154728966777,2
0.7060237349795958,-0.1258425535610584,-0.8840478984803214,-0.3727309721475457,-0.045147627157646655,0.4728966875645435,0.644655886432242,-1.483036461211771,0.16789590745583904,1.5705309742486746,1.355028539818107,2
0.40299061599461133,-0.04846631617327575,0.781519103444081,0.3675079756936943,-0.3208889611592528,0.9426780462275464,0.6649971414408717,1.416671195825489,0.7672775929981018,-0.06112741076830833,0.853724205077237,1
0.9362956804897307,1.6285073405560562,-0.2670400014780325,-0.7359356413685934,-0.35423381802901477,-0.9561659118463502,1.3197393756019753,-1.576724309616974,-1.5448233958249746,0.5158287397444257,-0.6133353660154957,1
-1.2088020282192935,0.6091570178624327,-1.3565888750203292,-0.6657305402777213,0.047621080670217364,1.5833523768590312,1.0249433250673636,0.6227205683473855,-0.6773022123210256,0.22093465302949494,-1.1521140978367161,0
-1.042711846461261,-1.1751979136062012,0.8240373255404146,1.554700663349318,-0.17173032499463203,-1.127848688934096,0.016301221309397807,-0.061360221384759654,-0.266527125294282,0.8211304455864733,1.6833687558102566,2
-1.045678995301032,-1.1262248742707748,1.156886632119738,-1.0292067096655868,0.5083315937419955,1.59310775271842,1.3898325363456618,-1.6185674978503597,1.0998172325455227,-0.6871950551986854,-0.36121072083522,1
1.5708582147747652,0.0700074092573807,-0.16288990606794337,-1.0255589888813958,-0.10797872147126913,0.045581170493141705,1.1207516965242708,-0.2286027688439156,-0.993220204665932,-1.438794864441825,0.3510087307886123,1
0.6560636867359549,1.2926388137498022,-1.4707860422365284,0.19619361875820845,-0.8221054951204071,1.35451792054606,1.583495648878096,1.0093789265483093,0.11277686355881839,-0.6071550957884787,-1.2496178886145175,1
1.7169272751758888,1.704334129484108,-1.6078761583430283,0.2695267615147425,1.5144202770113933,0.12986514791694917,0.2696183437247543,-1.438203014290817,0.17850599460764713,-1.4832826739885192,-0.27343020169326,1
1.2425947142807554,-1.6085124869877905,-1.5167135977906505,-0.8385253912477966,0.4376441750693684,-1.165499084834972,-0.36668349326088906,-1.1462179195615962,1.2322864408554501,-1.330597186727638,1.0137180685456215,2
0.9910703942493324,0.8573937309475989,1.5844823039525882,-0.1712616087852672,-1.188426037599329,1.2294573130826612,-1.3284477904461214,0.9413588745672192,-1.4973572859471163,0.7587886338433438,-0.9562522170161138,1
0.20893365959840382,-0.7606222753464791,1.6804439526365713,0.17254988757950745,-0.3547386750165175,1.7053240921210722,0.9628524681333954,-1.360421130385693,0.8041034289062261,-0.8769219689369425,0.7958739026179941,1
-1.2075301538646095,0.6609030529920735,1.5192450895658751,1.4629739805728923,1.5248270871338607,-1.0082126560488178,-0.1666992410306911,-1.5706096343078413,-1.7086807424807466,-1.6117068061793658,-0.19205349414852219,0
0.09339304965340003,1.3119216173437958,-0.950169283918383,-0.25311809584733685,-0.2920456619646203,0.7977757168753898,-0.934629286060847,-1.6198410058184347,0.5608662352447906,0.6392308926559646,1.3304782259057122,2
-0.6821518462627654,0.1199690493517946,0.1308898758019544,-0.6970551639330272,-1.2429252887962765,-1.4736873091832874,1.118656438011342,0.10681740679903684,1.2383616952230525,-1.519163850080676,-1.333404509564054,1
0.812741256110571,1.4736515759494322,-1.7003201604493245,1.2031381586906944,-0.1966027887631065,1.003444696855411,-1.558799741678522,-0.921653204249417,-0.48028371420161664,1.6370981754543938,1.429761803619319,2
1.5240749211854345,-1.0593634939562293,0.4186851411853296,0.32163418803202687,1.59096823787425,-1.3422233390914875,-1.5277572162011976,-1.6132252949130794,0.03025336410628723,-1.3013484867181533,1.0796012155664871,2
-1.1337602873456634,0.5598910315464457,1.6104457094310192,-1.0116580704631182,0.5963777173048151,0.31923866932583506,-0.3894416803002902,-0.9345852755349937,-0.07686435752023893,-0.2166009623877016,-0.2196156867158786,1
-1.432720783162537,0.5295259893366452,0.4389176230833631,0.5088666667090148,-0.08979848508142625,-0.5275805992575526,0.7827812733874543,0.557789683279369,-0.4119011087958656,-0.6989360964103081,1.1061950294049077,2
0.16029131427290755,0.05513748874686926,-1.6187654374777893,1.4032625167865906,1.485689462025648,1.1790523035926654,1.6026649677421725,0.6083689634643147,-0.23780840189569036,0.31834373387813464,-0.8229720480332415,1
-0.7843333880697153,0.10757394780413353,1.4471947102732876,0.007407712667820707,-0.43342718858305285,0.5424530652360322,1.7054473511607786,0.560625844289456,-0.7288143112846135,1.7034402534510409,0.6850811126107768,1
-1.5436909119470832,-1.6502774018922846,0.9455937885071926,-0.020980576379051416,0.1261220174011963,1.2885865385675526,-0.14883105131464908,1.0796060335570552,-1.0431009745516406,1.4999808239593666,1.4219078184001999,2
1.5481038851667306,-1.5161449771919204,-1.6406112701669902,-0.49573748278153695,-1.7297870189388678,-0.5857292400933671,-0.15663428159860396,-0.9547626198394245,-1.6353865718746168,0.7826863283448768,-0.7540525505793753,1
1.7335172326561965,1.1483450396921713,-1.671407061342351,-0.06966559233358624,-1.4150234795057575,-1.6988123280737266,0.16287846306371043,-0.11369423888726099,-0.6320959189158787,-0.9322156925191125,0.8732409070621692,2
0.3752734932788042,0.002143718773573593,0.07484163565015996,-0.9560419148755323,-0.9576881116157888,-0.12367730817911408,1.2262227065927693,1.5818304815547228,-0.29834538075941824,1.1912503184714467,0.7801734995474334,1
0.13489975900025566,-1.539779209619215,1.519463245942418,-0.4894598975156096,1.7446158571318815,1.1607546885249547,-1.344210967445581,0.24129091340970635,-0.9197922689990994,-1.0064544000032225,-1.263874722057483,1
-1.0350044456644283,-0.9879343640003537,0.4648656373562844,0.867904092694029,0.4558972915866157,1.6644007043006548,0.7347390316335874,-0.7540125080833053,1.6079619232417839,-0.6256671504422023,-1.2651278125238479,0
0.9870939102047762,1.5170149456189586,0.5322834026376126,-1.687732668873484,1.1078241748364,0.19810106749766476,-0.11274917434685842,0.9031072276964817,-0.2212545161306967,-0.01255274911845333,-0.33887865440208925,1
-0.5500157389550848,0.5264221451578706,-1.0187144842399427,0.5748008280397489,-0.5631301754257213,-0.4792943758409785,-1.5156453498734301,0.47486219577044875,1.1029353613020823,-1.6584285306468556,-1.0429060465615048,1
0.21489705081430002,0.25387380511262614,0.9123352517469115,0.7866087932203693,1.6918391038507496,0.4170097161977136,1.1044509287685595,-1.5593390357905885,1.6731850485937598,-0.582114468071655,-0.8392904237101318,1
-0.003453754705284403,-0.9979247982153808,-0.3035693486505818,-0.7573544649687912,1.0760060664179991,-0.4454866759041194,-0.6615519294657455,0.2590771518749338,-1.226174604864723,-1.453756899260176,-0.5394281111125724,1
-0.6807396050177151,-1.0250131402070657,0.2734268352032763,0.9536636277598385,1.086740649484452,-1.5353761535593462,-1.316761315582821,-1.2553809701134784,-0.11778586727504925,1.40329906424773,-1.6886456844678763,0
-1.1187273377344942,1.1058415644431066,0.8262973850410258,-0.029047830303755334,-1.383420215458552,-1.7093594481521148,0.13958761557112798,0.33231674254376214,1.357806238372861,-1.0085151432247315,0.5636411375048556,1
-0.4038756907691484,-0.16628803462108988,-1.2296619167749225,1.4027771280528891,1.1605659643969883,-0.45057041594779096,-1.1999184593240086,-0.13223223011502686,1.1350565190380408,1.1837693010622712,0.6647861445573977,1
-1.5284175872133279,-0.7771664288524142,-1.5044556170547347,0.41864115333339236,1.6156937018908062,1.1558345621577004,0.6695325265778997,0.8541997105162757,-0.5615804263536678,1.3004004405317091,0.007155592562023632,1
1.3077398267778657,-0.6394414877948925,-0.802223490542966,-0.15023297165589053,-0.7450331303407333,0.16461045695798748,-1.7440130019521531,1.6902316787094782,-0.19879891966774058,-0.5022130460208775,0.9307565175543806,2
1.0441554553918526,0.25392460223929714,0.4141141092005184,-0.9306757059483542,0.9197212997889185,1.5198574184676694,0.10879129790722354,-0.742837781978637,-0.32178474982598726,1.4935042024060525,0.7199432634439937,1
1.3512351857982463,0.7788911501134375,-1.375769920938392,0.9144332637056628,1.2504382904961815,1.0768686090424346,0.7067001062228628,-1.340972941201475,0.0738006376024693,0.4382824528039441,-1.4040601280083154,1
-0.7793309601400359,0.3968662674202615,0.13213506178809833,0.5544645222268348,0.049910266129160205,1.4344248916844797,-1.069837821142333,-0.18140077847771652,-1.3830603860493338,-0.6804067245866557,-1.300819947915771,0
0.07593788612822037,-1.5265312528120305,0.18553581271922345,-1.730621894366455,-1.1252007379334819,-0.9080145506596611,-0.7265705287545433,-0.4812993926830823,1.6012268788882862,0.054378112655767544,-1.1057445183468275,1
-0.8243333420172332,-1.3449050216976206,0.24229792773205344,-1.666858422904343,-0.5920756660900284,-1.4033189697932094,0.7855945247865781,0.19459663777548136,-0.08401416020727136,1.705050750254405,1.015643701833388,2
-1.6349710851183599,-1.402089196797757,1.6236944639792492,0.7935628226278774,1.7388743582151842,0.5049127156884303,1.6452091059545946,0.5211149503554591,-0.5945375748693995,1.3918524149248943,0.5914743451533828,1
-0.5614879122402985,0.6761148312889047,1.1024954929703252,-0.9195403167421884,-1.0357976676101768,0.9799165416463677,1.7005695149918134,-0.6476456718247262,-0.23803936078781432,0.343055335366314,0.705756012784542,1
-0.3269242985542745,1.3919589748692114,0.6160996648745439,1.1494970614423112,-0.34824619898554715,0.4409620955965228,-0.692679486493675,-0.13250590136203644,0.9704784059349546,-0.7270764975443595,0.791084984037542,1
-0.1640017799658207,-0.27432879305606706,-1.6933692032279173,-0.9613110084188382,0.5520841213253098,0.5238310032243223,-0.20720530702649365,0.29208271889704757,0.01489398764128246,0.966473452797608,-0.353792833102402,1
-0.6573404552406831,0.9403999699003133,-1.4491787996437546,0.24214195568601427,-1.514030180370588,0.01251776786136965,-0.4315370214738987,1.1120198974130602,-0.15307921411014802,-0.18394077990227325,0.14191414176190623,1
-1.0812111068886932,-0.08544523855006737,1.2982008134661198,0.3840544315916894,-0.16841493664764268,1.0687337987703618,-1.6780645398663312,-0.9923310752890087,1.2421838555610063,-1.5712538972260461,0.9944944554579089,2
-0.5384098250096572,-0.9166876271077602,-1.2003797427048217,0.1488034588174806,0.41566825906765126,-0.6484852077973814,-1.7085709625713643,1.1403252012561216,-1.0155355480003678,-1.5774361268905732,-1.548851107926125,1
-1.0948571759325012,-0.10592998626311578,-1.606140801903731,1.550351321824305,-0.004513203440474888,-0.696077092001459,-0.7930024507415439,0.9297857643652788,-0.20467323170876198,-1.3866355486167399,-0.11976938376476333,0
1.5897250666163036,0.17362101655771636,-1.3866819082310333,1.5644131341651706,0.8855313861649725,-0.11643072378771253,1.196641236921694,-0.9676939840943355,-0.6524746786701048,-0.7518227333723961,-1.3347517523255028,1
-0.22163741524331407,1.4468503536130393,-1.1230439138761263,1.0318584294522983,-1.1842039381328007,-0.4787695789796992,-0.6170572272145692,-0.6364224592695573,-1.1327542519868072,1.2897157466857339,-1.7539770175018614,1
0.33270015337040854,1.5059887707592716,-1.1457614049376303,-1.3139193404566543,-1.1614353545237723,-1.1161480817458223,-0.6151380520073254,1.1760540227497405,-1.7085347891300473,-0.6786403732539337,-0.766804839142917,1
-0.8033523678114222,-0.07121102119532614,-0.7265556415978187,0.7408449359897237,-1.4210756063356247,0.4541442710946892,-0.27574189379569247,-1.1670117282364432,-0.15448943801909182,0.29212553860616297,0.6620438359235433,1
0.5441479823349552,0.7495861535288255,-0.5761014509242479,0.848975080998111,-1.5527242926017617,0.9013245214521199,0.6277186893461867,-1.0351205238943275,-1.511884750305687,0.8555050278948376,1.2489420486529033,2
0.8544034759653951,0.5160841597787569,1.072623164546911,-0.7536377613659276,-0.6416031719961867,-0.26077640911046857,0.9681842861666994,-1.24875394038996,-0.5122179783472395,0.05865545362814337,-0.12118783238443535,1
-0.044414814323724,-0.36949640185442867,-0.700122887081933,1.609419165211361,1.201806297955704,0.169229368287868,-0.8251631943130063,1.5790927683748808,-0.19246226094354457,-0.9726686014724321,-1.0651592141113375,1
-0.6448984355743731,1.488054432621371,0.9708666937109665,0.22200701908842083,1.6793353870264327,-0.6802270592474251,0.7184361587732753,0.31019708699292786,-0.8035983596434723,1.6729793515465505,-0.8017249808647868,1
-0.5528628431956453,0.29122473918647473,-1.2204827463264813,0.38543617738329816,-0.3749298711998357,-0.3659748090737034,-1.2366020755401053,-1.2866279128688078,1.3647246483227273,-0.9896740623423634,-1.3746792121645417,1
1.5955063742960707,-0.7985678316642102,-0.9054706609485326,1.6405795113750317,-1.5854743380057001,1.2457634623648497,-0.8470169666906803,-0.5763145462322152,-1.2375708672812344,1.1875271269367877,0.9538725988818643,2
-0.31756130229187424,-1.452560622130309,0.6569160441727002,0.9232529863116793,0.9559677621076649,-1.1497042308869063,-1.0086425376142278,0.40354908484473695,-1.5465026813848504,0.038758025380127896,0.2929294875332489,1
0.24145717437688136,-1.2370242321074805,-0.625742961187508,-0.5868118896419448,-0.49143860202489037,0.7864973159503009,0.035170494971989534,-0.140265863303242,1.5414881070700124,0.004608566280835903,-0.4001713656818171,1
0.9733165955277188,0.7894270557288051,0.45666179760641223,-1.593682646793967,-1.4141284976390631,1.300185252663526,0.09547842311288549,-0.8779314705448451,0.7903529226189852,-1.4916122327241985,-0.6351182782099793,1
0.8803936761329723,1.4844171592210862,-1.247333676243771,-1.49165831746674,1.1816834878188696,0.9793306400118054,-0.30735074399599177,0.11588969692166971,-1.5746524344631383,-0.02337598032385774,-1.0419694905683248,1
0.2599094886602467,-0.1429921117913335,-0.9644163705374074,-1.53029977636979,-0.5012605763462773,-0.40695634681063136,-0.3420597218099514,-1.2921642136747056,1.305387662235293,-0.4039207895058768,0.5710258272515187,1
1.3984675872701307,-1.5020051324302919,0.17398639240221359,-0.44251844308692667,-0.4114515428288885,-0.15345811827225778,1.641864948710782,-0.8297463579926495,-0.5275287980837271,-0.0016429320634056847,-0.44967962959251895,1
1.689032143286147,-0.04127927138189658,-0.22654430440900652,0.20944457675550904,0.7919433236605056,0.7323041598394487,-1.2129591265343664,1.3613747040148179,0.2412289967532894,-0.2650717210179847,-0.5861575698965974,1
-1.4256205029950264,-1.721470296996635,1.3448689805221659,1.4152511530520597,0.30969935008302363,1.0426373628378625,1.7235571471846325,1.2875920924737485,1.1519886795242016,-0.6215456639991843,-0.18298192714910208,0
1.5164967842097996,1.4545641776202152,-1.0427238563339285,-1.3152646814075821,0.6965799910267108,-0.4213028435403833,-1.2460373306980774,0.3569552670574113,-0.12868325735403233,-1.462484752904214,0.2605971272614392,1
-0.07844184308258811,1.211368106164039,-1.6406006675815819,0.9581203793544352,-0.3667654861188839,1.262350534226471,1.1071131928574895,-1.643368291403977,1.3649135800661978,1.5334549134314412,-0.28828747853569253,1
-1.22523422306576,-1.6151517544924778,-0.5488067598166881,-1.4361957476080347,-0.43820599633987634,1.0844660958073502,0.7047950136474221,-0.27833087162644465,0.8478799566509414,1.4419683046983989,1.7075635849469224,2
1.3979147244949226,0.8356703438894816,0.44860676957237544,-0.9301335485071911,0.24115024047531275,1.2186753305173164,-1.700199921749764,1.0319158316384425,-1.554601504875028,-1.0592544511156674,1.0909796150194784,2
0.3863892044355942,-0.7502314864499732,-1.2556962055115848,0.24122127126729478,0.2892664372868646,0.9371493656345903,0.16959127618664277,0.739878328261125,0.2248139357491402,-1.6977731407247416,0.00627945334335264,1
-0.7356381190788209,0.1834738099731174,0.43883111109570094,-0.7452424657567602,1.1720332503281679,-0.30700302483169295,-1.263336125245165,0.7384520744334414,1.6559305437141996,-0.3233266806579534,-1.3167547369363164,1
0.7305414719097643,1.2582077480418643,0.7523707658485932,-1.011015604137959,-0.06671883606840659,0.06747880647933262,1.6426478819563115,-0.6950854806900595,1.1211813490736948,-0.041420471389507975,-0.29645212025420997,1
-0.9235465799861071,0.7407636905992562,-1.1596019943681755,-1.6319825779949622,-0.07551774549509051,-0.2632544231671741,0.8369709966225357,1.1525776575402547,1.6758686960254714,0.9724825107628485,-0.16853908236346138,1
-0.9038686599434993,-1.0579622288757744,-1.0963172359228628,1.3906844290461733,-0.5710384518200323,-0.974097643787229,-0.8453352894335794,0.19172923811477455,0.6914362607381224,-1.687746499336055,1.7141211383692083,2
-0.4241985795518055,-1.7143674237500859,-0.13596825852257458,0.7614340591910542,1.4530200865297815,1.598152861636991,-0.21139012426272005,1.141059809900562,-0.09080638660920823,-1.2514750373236496,-0.15073601567585185,1
0.6953260657727808,-0.5435604870008259,1.4814114114760697,-0.22168600574228237,-0.5119998651661296,-1.0254702172120327,1.2739036623405915,-1.337040235808987,-0.45144112839673095,1.385289207521937,1.445404840597728,2
0.026810410475768338,-0.1108263409977831,1.3134483381398947,-1.4364493295116252,-1.4024406782436885,1.625128197728892,0.7590979516170835,-0.3153936239081985,0.4117599856525199,1.3455116681958348,-0.39649643831988435,1
0.46177787267632436,1.5709534638388272,-0.5835139799146093,-0.31127913147319547,-0.23441123679416617,-0.27663875319795833,0.17523061190790634,-1.2046342299216872,0.012479321662763327,1.1529101042494223,-0.21200493233128995,1
-1.4886420934996898,1.5596197278060948,-1.0857395891281203,-0.5441535592084863,0.4864545437766641,1.5060259983381052,0.9702775880480746,-0.12922526101902762,0.5805595841316307,-0.013972757052602388,-1.2852283816033112,0
-1.4858597066688237,-0.8553066767531452,1.0707273877824837,-1.3221016156071799,-0.2595464992749538,-1.3359811310337122,0.6392670617854477,-1.1999359820895306,0.5518943427333274,-0.058893495847512856,0.45528663504074557,1
-0.0563246795003394,-1.1373525480182216,-1.3271198032162297,-1.426447122689502,-0.36629177440998745,1.6987545916850484,0.7433016698108329,0.2351768055477048,-1.2197854063753586,1.6126463315151442,0.3283940678509,1
-0.3055502361541161,-0.0907349183005257,-1.017786757326093,-0.15356479660676176,-1.431845603890276,-0.3959688295304372,-0.974811231474201,1.4508785275611884,-0.5759016921833887,0.7853358553439598,1.2886169475956943,2
-0.3484203450913719,1.0145630252036115,0.2413303703058615,0.9110374048194347,0.6029725205827544,-0.3609616869351752,0.623431676200379,-0.2403968491692917,0.5344885948085264,-1.269623431408872,-1.0700341765942922,1
0.9477650168587959,-1.4424036918607426,0.4358080242531048,1.2497253289897665,0.883414971974132,0.12436709670404374,1.4391339410614292,0.9706675429598922,-0.3399503413064563,-0.9402854937058621,0.051573901164702375,1
0.19886412677219487,0.6250589154703794,1.6495283330030521,-0.3999310016492835,-0.9472417805484535,0.48015782832705395,-0.1660425367949937,-1.6729400939655068,-0.45610192815963874,-0.00496782868970592,-1.4194708907791036,1
-1.1546501051623572,-0.26721733072447157,-0.42651364307456274,-1.49143314977508,0.9840261106824992,-0.3215788365904258,-0.7357511657726976,-1.3561689936279504,0.43141255911137777,0.5251626943359664,-0.6875602618747928,1
-0.968019038814259,-1.2157199981860292,1.2241590760992893,-0.553279187096893,1.7611520054440302,-0.2348935654118972,0.6922990215835629,-1.0261288806606066,1.6740931654052338,-1.3338701318441524,-0.4261163859468435,1
1.500600554897699,-0.0036075185012008236,0.45086772969428374,-0.3805060952416755,-1.1748572677339872,-0.19081149648021703,1.5546808126315503,-0.204529193297797,-0.0002502921259881166,1.114846964746256,1.596215588203109,2
1.3800253505086855,-1.3637190288394234,-0.043259128047986276,-0.6565506550811583,-0.7833742078423335,1.6480646246775401,1.6195742369308939,-0.9027475942152171,0.9743375547424138,-0.5509955137098762,1.5857005178952752,2
0.7734566948079421,0.1797550256722227,1.1224387071290776,1.1451279416367977,-1.6799560814193282,-0.8224499613219028,0.5677549263897149,-1.4515500479265109,0.012609907607331359,-1.2581767820860361,0.9285806201083423,2
-1.043423422929108,0.04204517768253826,0.010343622794484163,1.5927315788032375,0.9861828607115825,-1.1606555177687823,-0.6308329208845648,1.5725681494297548,1.3538180786055232,-1.223732931097957,0.4043334437044657,1
-0.28919026474996196,-0.5338098379851047,-0.20903611067867184,0.4934837411851583,0.6851323658575201,-0.25044257589119817,0.03792978878928532,-1.6958849581397748,-0.6194004389810446,-1.0533146618301414,1.109848804438368,2
0.6239817270024268,1.0292004611802954,1.2524391348295518,1.0963729271478524,1.459181274525292,-1.1405767780402214,-0.6164680376259436,-0.23420769512603246,0.4135812325174469,0.4722760573738783,-0.38770555154974357,1
-0.5511420099758818,0.6978064974119318,-0.9335980174528495,1.3863239501256677,1.0329411976968812,-0.38390926637468015,-1.5325201895561176,0.9957893913669806,1.3249041397762271,-0.059759354343945206,-1.4639398078983692,0
1.395892579271554,0.07298650391434384,1.430627024920263,-0.39308795058052926,0.018504797693244587,-0.6703614316839418,0.6047386552592194,-1.011338248593296,-1.0839425610759843,0.057356665883494834,0.06872071511622047,1
-0.9346973723452404,-1.0595232623354667,0.19929761336711477,1.6531118594031349,0.017260012976718912,-0.511257651038012,0.37598438211697566,-1.0027882658547698,-1.067376031271723,-0.07797701710888191,1.721144807433713,2
0.30517400963969565,-1.1814950813482317,-1.2356052939713322,-0.6070650660272685,1.5293888619645999,-0.8696326030302372,-0.9829464581078307,1.5761432228239622,1.4614767551853913,-1.49389809915478,1.4877596732387632,2
-0.19391871687945553,0.3524427223153976,0.6906577092987969,1.3923356408621215,-1.3024878934357769,1.617317914922516,0.4022232894911441,0.2821357637513829,-0.1987802862351484,1.3060977894382342,-0.9074744693630498,1
1.155455495205926,-0.143338571355015,0.0012357272308456332,-0.6614575681848834,0.4637705153099577,-0.6181356389164648,-0.5681830307474737,-0.9279890300160714,-0.11369017717683896,-1.3702188715243826,-0.5448100034583445,1
0.5000990350287898,0.7669045240661619,0.05163709654085909,-0.44142931957435894,0.6944740654511293,0.879275596106581,1.6988219516890661,0.9775477508735396,1.365237592713905,0.676843785740986,0.13594978549586803,1
1.6181040947099221,-1.162625474319558,0.6683620108580708,0.22788769690962205,-0.9890930989366513,-0.4703872661000083,-1.3659045390220843,-1.030898730134788,1.677510414420256,1.1895012843086534,-0.8612923637283167,1
0.6231324865459058,1.2052554024452533,-0.5929535328513593,1.338606744527108,0.5189794053264946,-0.15811402548449738,0.7929983470715566,0.6716972445437317,0.823373858014643,0.766044528043447,-0.4398185048113508,1
-1.323395632453064,-0.547405779844973,-1.0480157825345966,0.629128202564129,0.131477851811323,-0.7863457070172248,-0.30122452253822724,0.5805730226012723,-0.8887345908812868,-0.5778890786090651,-0.8861242270003199,0
-0.0762516867520752,-1.5053923239969436,-1.6638388162756457,-1.1824365918961617,0.25648755046409616,-0.7874532086385745,1.658584737408587,-1.2859804651835056,1.3345472460353487,-0.6360055008896046,1.3610894603031523,2
-0.07148837354793809,-0.9041841647822754,-1.2188902827750243,1.7292435476954657,0.9107643600739685,-0.6661565488710695,-1.435860892001735,1.274907981244389,0.7702964065693666,0.6500021723515831,0.06394839378360458,1
-0.24589012312116648,1.4198204811761912,0.31239104532871065,0.8132584831861673,-1.2589723474678645,1.3992289320883642,-0.782831222398417,-1.5990150051707834,-0.9374557399569261,-1.1927871484354649,-0.018134640969874927,1
0.05850234092716399,-0.08015221960061122,-0.3500102506230641,-0.742279350217484,1.518314196741166,-0.805783557426742,-1.5321379402796091,1.2896673426796341,1.2909350529986499,0.33775628136814795,-0.6479396818322796,1
-0.762570655755265,0.16365002857541774,0.7008362675285418,-0.9592845227871336,-1.4141494841506632,0.44271345498494724,-0.9362581939541956,-1.651884922515608,0.5420991225592346,0.2126050942938157,0.00118595519483441,1
-0.7530439680834491,0.30578787227026993,1.4745384974612155,0.8903195894294508,0.6200044058813674,1.4445542517879113,1.2884680271224684,0.974267462154488,1.4088877765152121,-1.3688334979300907,0.26445625789572536,1
1.4142477102466238,0.03588596330606584,-0.3434836403498304,1.292582806943865,1.4213078840649427,-0.33515188839217913,-1.0235728072231642,0.8459160759615163,0.7233208125305264,-0.7600483890885035,1.0873855551733946,2
-1.2780137845223174,-0.7263423896100387,-1.1618186549008573,-0.20864158443871136,-1.141285666562648,1.5220508095230187,0.8021422636980989,0.44019011861004376,-1.5204253054203536,-0.6391052743068325,-1.6141722696919305,0
0.6938632186091658,-0.21427930113906116,-1.334158721932208,-0.4233735966806159,-0.5603374695982528,-0.7536491889895902,1.5854736582412723,-1.6070027066929677,0.7862805573445044,0.623905197269112,1.4892222206237682,2
-0.7658002654830618,-1.1667888635454282,-1.408548060743499,1.5587403137540135,-1.0557038350731491,0.9442469775039458,-1.2129990139561009,-0.17798609908227864,-1.521700474038876,1.4125810673294847,1.3629577693845656,2
-0.11775614745443214,0.8587224325989572,-0.9825692917791872,0.6884384673058356,-0.03530246431920279,-0.01402721246370995,-0.46148577106547634,-0.8211752083516247,-1.6960101455022079,-0.3591039537305382,-0.7852312956668543,1
-1.1113084207236348,-1.0310598825642157,-0.22415777513158971,1.716039072834317,-0.3642932017986659,-1.5308990286161916,-0.31360299209312525,0.6341590177500857,-1.5102924907403406,1.1341382920467689,-1.5212730964886965,0
-0.9974868121416103,-0.24486373399652658,1.6365186945443542,0.7225376348413983,1.7302837749757503,1.5258671537125263,-1.310833434486733,0.37975577663278703,0.6385033044225252,0.7838292615601675,1.6061887993822808,2
-1.4944941832112706,1.7012794963417186,-0.47496088680772236,0.37162261458950047,-1.6332582670503066,0.05028296174162397,-0.23447751494971938,-0.42311806650950523,-0.3248873265802962,1.0467039010770298,-0.20859727476200476,0
0.4983341899241687,0.9210913679593064,-1.4906393927314519,0.8054466181607101,1.4309343362848064,1.5914612406963553,-1.3064875002331444,-0.2846887871150484,1.0013463563378953,-1.0626486164216822,0.9445601361812052,2
-1.246640929248641,1.2610000624621704,0.23937295100873465,-0.06924173280383276,1.1053723181453055,-1.072228853632765,0.5294392949705807,1.5585281641859645,1.460382436886544,-1.4187069473245943,-0.46651242919975633,0
0.39400476977069354,1.5286023736351662,0.6960534241952557,-1.399808277861364,1.552826666738621,-0.6289510362097072,0.030973801118423367,0.21961214443747454,-0.25351660779273016,-0.2209822063796493,-0.6074833335003216,1
1.698549696831135,1.0922433144502206,-1.3850211212690655,-1.49569438612544,-1.4145977958894116,-1.5527556173882968,0.4507260149386778,-1.0004373495162266,-0.12153956453358147,-0.7542644543323354,1.6876796317672373,2
1.35486660036139,-0.7397781462922675,0.9679594938174383,0.2861917675787057,0.7431091441965413,-0.8404002759443288,-0.9059546093292183,-1.443630001312452,-1.2513780659514186,-1.3025953229530158,-0.17872314316408822,1
-1.1275437904013543,0.6973618812562614,0.4371025553746237,0.5987782706508072,-1.4083846052239715,0.7173552691513575,0.7316064458997367,0.9816712166472832,0.3146004809836926,-1.4179449918477338,-0.8106966781575659,0
0.5280506705544009,-1.4858655792594817,-1.0271388134760902,0.6991175277370661,1.23744832366246,0.717798608516375,0.25645568802770885,-1.4032468449185296,-1.4914585913907623,-1.612728519205156,0.7123307114605334,1
-1.3046459653274607,0.556190251552065,-1.5116388633717905,0.8735945041849618,0.7170658685089165,1.155533745669775,1.0268161174482984,-1.1864174058263384,0.956969623761568,-0.5566755454464725,-0.9607943793739566,0
0.5598421844385072,-1.254754187767769,-1.2983165105973806,1.6299250502142384,-0.5874928075548129,1.2099600727662747,0.9184100829679044,0.8412794042759986,0.35372384682866864,-0.800553249551609,-0.12928984785254888,1
1.7340861458903964,-1.1959815390076027,1.2584145452301967,1.6791377473581677,1.3960611367181253,-0.4256714580822921,0.15068948571130036,0.37158005538447636,1.0214045130848892,0.8261351076958523,-1.1839942031752775,1
-0.7844149299990276,0.5931681999452595,-0.8292227640177482,1.7298760753420876,0.9330496757952883,-0.4873615415500277,1.4477168382575518,-1.4933521610483056,0.48032072225060984,1.5273939039564148,0.12981959637080145,1
1.4311800694760732,-0.9674070749199265,0.4064730222411907,1.0107781772680593,-0.6945979513434587,1.70495986017446,0.8683228659787802,-0.75676198648039,0.9963320643686294,0.916184391324817,0.9229227666666396,2
-1.2198686286401408,0.799239266103403,-0.21675258880771384,-0.14440581102575467,0.12115019190381396,0.7990691286756127,0.6377007817633747,0.7270538305221241,0.8624671730245563,-1.271424417081451,-0.004309269651459656,1
-0.8258703344536784,0.6482671334415644,0.5202750327349314,-1.0501628768684563,0.6421342071755167,0.27518725366791885,0.010708242991108625,-1.3656237890601737,-0.374952811998779,-0.9338954580021913,0.9520963687484866,2
1.1884150385085515,1.0551777047876094,0.35091682270389457,-0.46460966380287,-0.6779517253288024,1.3565291109923976,1.5506083963310502,0.16490837025811886,1.5710175066727918,-0.8072723114839241,-1.0431643493026928,1
0.39137027765864296,0.13851678568395506,0.9042643400235278,-0.8652508479830879,0.6290203615286892,0.33382891958495575,0.5673698312955,-1.3498527803967668,0.9803282510154526,-0.9182926878964803,0.3330146753292184,1
1.6728742789001416,-0.7262012262104649,-1.655943137700787,-0.389815983667486,-1.698699814767032,-1.4987451278753854,-1.6189531524121377,1.2765380170599367,-1.7288622152860478,0.7176603552628071,0.5799326957989652,1
0.25437591231313833,-0.5098727210032672,-1.2859441302115053,1.2859412374893282,1.7516683629471659,1.4816000254066342,-1.2586386446115265,-0.37583531903876727,-0.4587613466882527,0.805441089631119,0.9838446141014549,2
0.5081932589218813,0.3593009496144013,1.3598204992985992,-0.7944208790352264,-0.2751082244166608,-1.1099979130361772,-0.7956681394650665,0.33861940681837266,1.040022814801159,-0.2465943007041183,1.391419208169683,2
0.06487745385858416,0.569111669205406,-0.6381413885914113,-0.5437669627495695,-0.3877040138965355,1.2574503086124171,-0.6874943237681397,-1.1729571730046422,0.647335465620719,0.8128182040207227,1.4266315312631288,2
1.3614699818646738,-1.3589286668321172,-0.9886986788241904,1.2115278281820088,-0.7114149384733292,1.2267583912432756,-1.5848965878944505,-0.9062711241797881,0.7690414476046549,-0.5221277914388216,1.2229370025474915,2
0.25653697568659906,0.8418102563982048,0.9162085859119504,1.1665988318466565,-0.5276048609118099,1.4740689460814478,-1.4919227332539595,1.6179893142160473,-1.6545675317484598,0.39183780305531274,-1.6159714323002359,1
0.0043869330653545,0.9515050294528408,-1.506096974334685,-1.1273050642431317,-1.5591539268390515,-0.8216208978811125,1.7216241966744692,1.5175192748204502,-1.1152011324125104,1.5129340670659945,-1.2905733830316537,1
-1.5900924170854924,0.7221773754414992,1.2789228445267047,-1.0004137386201963,-0.37842644723095004,-1.1699690263222275,1.135853401170244,-1.5146627503352046,1.4152087655902523,1.228482233818038,0.6536579569054296,1
-0.05341529743340531,-0.0910691461103445,-0.33213830011420287,1.0500613082753023,-0.7594166775337194,-0.25215066382929824,-1.4343150961429303,1.6565336566513889,1.7321779976823835,-1.01864568763299,-1.1211910306470236,1
0.7563015366019521,-0.8782588801325396,-1.2347340828381608,-0.8925948202421844,0.19373010216223926,0.23292440097325354,0.5978365210387852,-1.6839648613935405,-1.620959347625055,-1.5666475300250262,-0.01436497840215608,1
-1.1672365924675618,1.4693676280174688,0.7179636263372615,-1.2375310545757916,0.3407880981618986,-1.7096989917287742,-1.2485046900456402,-1.1165426719314102,0.60431519585078,0.7870329379969672,0.5098290135084979,1
0.08889194067835457,-1.1612067182801227,0.453059817077713,-1.5935812337253117,0.8979946803646289,0.6566804526182342,1.172971700902404,1.5364667492545598,1.5232191244512736,-1.6398472073134172,-1.6468943808134981,1
0.35659051319946056,1.1757764690160666,1.4183996780985497,0.05644324354255599,0.040771351322600395,0.27757637820191616,-1.260720699239676,0.8083909804742766,-1.2337160940200695,-0.5543896790158911,-1.222266863302592,1
-1.125225619231858,-0.8690991578853681,-1.4703266333314722,0.8705382693452947,0.6042405853761804,0.5945714568343847,-0.09759733443316732,-1.5305778541523258,-0.2412847089503359,-0.34405533306254393,0.7414122764801433,1
1.1797890665097006,1.5348027297307367,-0.4229095741161733,-0.74705184295295,0.14770286645648345,-0.4800115537601555,0.1838199415945093,-0.7201015980944954,-0.2609561211056048,0.9513209291100418,-1.2440295900324627,1
1.5826346353850993,0.6846730723750472,-0.7027761131327837,-1.1130983294501902,-0.9795509264863306,0.2187250710730555,-1.5275992047630256,1.152163284611617,-0.29028415478228736,-1.0775067482204614,0.2407956611818289,1
-0.17448254681349507,0.23913064606824466,-0.039612682353291254,0.5081684486843667,-1.403027894770767,-1.1825576258274177,-0.42878836378561747,0.9096674492120461,-0.0012755863145285256,-0.5549265112836791,0.5582454542597777,1
-1.4085535001907308,-0.3248643558310212,-0.022274288338982602,-1.1512977606391905,-0.2810179528212041,1.7303202069064871,0.7327372246340803,0.7784931949420534,1.422190007819634,-1.4442324557994202,-0.5705520730655018,0
-1.7269333128695696,0.5345345866374799,-1.3510585162629134,-0.7890644725751619,-1.5839352853340005,-0.9176661907420234,0.4594245806102452,-1.3445674230345088,0.5521510065909162,0.05316591076076225,-0.9251484998660126,0
1.6333235055913529,-0.43937933569153964,1.0742104567720725,-0.004421894265747371,-1.3898635469091474,-0.8572225823368309,-0.880573130771811,-0.19708743625060599,-1.1258198650219986,1.1881851793940763,0.24872628345110273,1
-1.1256713116885544,-1.5441287787490479,-1.6568263936868188,-0.19120654145816912,0.5465432678182657,-1.6015752679832824,-0.355144099580055,-0.42477965924263816,1.6027891029515302,-1.1120545022281123,-0.36230284766668475,0
1.7045290116129357,0.9880515394127455,-1.439538211763933,0.1835413820344631,0.36975955362756313,0.26259773709678014,0.6969702851604833,-1.4622130088319403,-0.024301909110327882,0.17052437136720336,1.0257501098532356,2
-0.20444750657779476,-0.7629414372247433,0.15568382506719763,-1.1470666847738886,-1.3420596814885288,-1.7469739132319904,0.4956358269407739,1.5685565103909505,1.1968484865431774,-0.05785446565179403,1.4811861787794918,2
-1.1456666579646204,0.10393235106312576,0.06659053364721566,-0.13851163039515993,-1.6864179403624697,-0.27792033002217637,1.278668045008266,1.2729455877135412,-0.694180698261663,0.818151892358746,0.7161484484540024,1
-1.3228106078333628,-1.601745015802706,-1.3545731480683842,-1.6566122267668415,1.2888561693648692,-1.48867271678677,0.026924406518352866,1.6581211743387703,0.5137194366959407,-0.006197347754639861,-1.5498055945317408,1
-0.533504834831366,1.315663823745639,1.0813990866274283,0.13585969612499751,-1.2814918065083818,-1.3708692839062844,0.5988884518039269,-1.1336315991673034,-1.5198502990012572,1.6658273603660194,-0.6831798554915472,1
-1.3570628705512733,-0.7934761918793314,-0.45506789060653785,0.1652790064953709,0.8348563193221537,0.22371730958028704,-0.8300574986274342,1.4462535015923506,-1.1833683704973168,-0.7857297520926871,-1.0410327530700156,0
0.4712356334131423,0.7880425651393661,0.9489638900383167,0.31404702627712194,0.10471967333550256,-0.8383109123667933,0.8560658528956421,0.544104919045534,-1.0095924450230847,0.7339904465055213,0.9614474990225474,2
-0.6406025856346489,0.48954936324117304,1.0349255424171682,1.1048125766404548,-0.7709892312615534,-0.09933510791078926,-0.6737346467123922,-0.9961479272074625,-0.7881922921956088,0.5153784933262808,-0.14709881345684453,0
-1.5631448972109074,-0.8916392872052469,-0.6346695527642188,0.7779297188623615,-1.392216439629713,1.4078577737479554,0.8564498685615656,1.2319158330339977,0.5614513279251923,1.2696797810782894,1.3769490712955403,2
-0.9075325532203129,1.0614371753610472,-1.1758053234789692,-1.503696760641864,-1.4162086290731721,-0.3696821814697944,-0.7059840648232644,-0.23803989332390685,1.2941692911244884,-0.2319786092843402,-0.6426820890853892,1
0.3458555865528463,-1.014791356418191,-1.0577465126686234,-0.4786055288149224,0.7554154270650809,0.3382352491809435,1.2100930364935127,1.256511614173816,1.0739178910767946,-0.30000045276406584,0.03036969364002816,1
-0.24580062171430198,0.42964326656350355,1.4539977264574397,1.6814880507578294,1.0141076277505385,0.47571732856136306,1.614501237427855,-1.0492355408761418,0.8776048864693867,-1.6183912337718236,0.851080422313974,1
-1.4349276723349556,-0.10715093184996997,0.14606042808121572,0.2934732252282728,-0.8452116967714312,0.357946768303687,0.4451037175791665,-0.10384053957330489,-1.4386605436425852,-1.036447738319639,-0.5398836087047564,0
0.2463227691978066,-0.5047750112594757,-0.12177482067553629,0.3756871090087523,0.6652307247806833,-0.7969687883831067,-1.6817689137946796,0.9144539574085156,1.574628996380349,0.745973928096145,-0.21679706564681173,1
-1.6646791438283421,0.3408241664971151,-1.6748741885112146,0.07316263999752942,1.1030654864808682,-0.14730231244494982,1.6014215935085758,1.6192323865772817,1.2510191723812831,0.010842747455148842,0.6492732921326235,1
-1.344513023750451,1.430671171791134,-0.4833520876724419,1.4756590293885494,0.38591505645328533,0.45226533803465196,0.08589862050354254,-0.45369219616662665,-0.3863782430752139,1.6422240577532734,0.7905561723352543,1
-0.8868672089693979,-0.6630858707508054,0.5414012851115225,-0.5593680409771639,-0.07612611125845388,0.0015340609061835794,0.9765472492798373,-0.07077996343330126,1.5815383224346704,0.07652677299450712,-0.817306969291219,1
-1.203547597197151,1.339340992860779,-0.6372694422082926,-1.6098304416758002,-0.4283994774752819,0.3835340501041306,0.16418446048078422,0.8915775090944444,-0.7463439336277042,-0.7548532381099095,-0.6946161271567608,1
1.6973767426028965,-0.3452287610178322,-1.6115232430061197,0.28637208601183595,-1.5985417425191009,-0.9791511436415388,-0.9075533968529805,-0.8925553439618488,1.2387308397671597,1.5428061851929107,0.2593869173817543,1
-0.024897753322877754,0.638843215603865,0.1531610159369735,-0.5712096615857312,-1.0065026588705912,0.6880770206533088,-1.3750488490992223,1.3246098934583301,-0.9604576893523786,0.9616246452175868,0.7808538680322727,1
-1.4910409890597252,-0.30761559899494284,0.049114397768113105,1.3090164634029353,-1.0469564905081892,-0.7750098391258419,0.6435895026069092,0.5041729842234597,0.7118614987922139,-0.9003867341902593,-1.078952839484628,0
0.9887508275204124,-0.8877782502745385,0.6226320378828318,1.1110998552607916,-1.3117536763671311,-0.048673910891991114,-1.1139160084507809,-0.37330426583299686,0.1786238736266143,-0.3247466885921025,-1.453438668109171,1
0.8782468729479056,0.01670942789256821,0.20419737648194844,-0.04548329601859409,-0.5443321496424711,1.6175160221969271,0.7631024993208904,-1.2715859135177334,-0.6052874166518822,1.5619936094738516,0.1310530005116577,1
-0.6949823093787132,-0.0660514006180444,-1.4248011174127018,0.6658573407892725,1.1548297668695984,-0.6118484769434293,1.4774786071201,-1.4172113847288232,1.322920992045708,-1.265882922704284,1.2188212306420423,2
-1.7302644875707798,-1.436415780028089,1.3146378985032143,1.007286661889431,-0.9386788317188186,0.2592005343545635,-1.4629558309079804,1.6916703709122487,0.4001485678914684,1.3696691202462974,1.495019476985359,2
1.6228366856636736,0.5700207617375398,-0.6858637903369605,-0.05617587898672568,0.18296698325562516,0.22147443588347152,-0.4792211254088156,0.47731907918973376,0.39822200372933775,1.3153797925199888,-0.033071071500882426,1
1.116903241414014,1.6705437301259638,1.2679590225458763,0.7086808954029656,-0.7935249486166422,0.8163137119384893,0.4283893275748026,0.26114322546928503,-0.43844329097043533,-0.5490559906778678,0.3218137878921976,1
-0.23821690769432,-1.6549243333108747,0.47971535553753675,-1.619660484690559,-0.4669272447920406,1.1596847941743638,-0.21568770664650558,1.3389781338513496,1.5806948029595782,-1.020273501606283,1.5412651547914555,2
1.694733749859037,1.598813431071982,-1.471832343824561,0.7934469822970882,-0.17652577709359749,-0.27258046626919896,0.8598918224701922,-1.0242813921647966,1.2368027423090324,-1.2741951642700347,-1.6276718776994576,1
-0.039116018476359274,0.7366907609346834,-1.4614694701903177,-0.8657374458500688,-0.7849603560470236,-1.4307769778626616,-1.444490467237421,0.16155396196001212,1.030170101326606,-0.048468559550467326,-1.0746562326231581,1
1.4949499427815356,-0.9578072234749112,1.369321139015455,0.45034039265353604,-0.2561405117577117,-0.30416216007987396,0.33241925425460916,-0.23588763936280185,-1.0613388164233015,0.7781838641634286,-0.09773565242517157,1
-1.2881067059599527,0.7900214591878539,-0.45462529517155076,-1.5387960100976967,0.585780618759123,-0.08200432373566253,-0.18019841477058784,-0.27413485336447524,-1.3536553017757669,0.47766169722168755,-0.6355432515261749,1
